"feature","positive_samples","prevalence","nonzero_mean_relative_abundance","prevalence_pass","abundance_pass","retained","transformed_sd","dataset"
"k__Bacteria|p__Bacteroidetes|c__Bacteroidia|o__Bacteroidales|f__Bacteroidaceae|g__Bacteroides|s__Bacteroides_cellulosilyticus|t__SGB1844",16,0.0124610591900312,0.00033711261453323,FALSE,TRUE,FALSE,NA,"HMP1-2 taxonomy oral"
"k__Bacteria|p__Bacteroidetes|c__Bacteroidia|o__Bacteroidales|f__Bacteroidales_unclassified|g__Phocaeicola|s__Phocaeicola_vulgatus|t__SGB1814",397,0.309190031152648,0.00112500049114713,TRUE,TRUE,TRUE,0.0291632276920192,"HMP1-2 taxonomy oral"
"k__Bacteria|p__Bacteroidetes|c__Bacteroidia|o__Bacteroidales|f__Tannerellaceae|g__Parabacteroides|s__Parabacteroides_merdae|t__SGB1949",69,0.0537383177570093,0.00150681451621024,FALSE,TRUE,FALSE,NA,"HMP1-2 taxonomy oral"
"k__Bacteria|p__Firmicutes|c__Clostridia|o__Clostridiales|f__Ruminococcaceae|g__Ruminococcaceae_unclassified|s__Ruminococcaceae_bacterium|t__SGB4247",2,0.00155763239875389,0.000287450204455173,FALSE,TRUE,FALSE,NA,"HMP1-2 taxonomy oral"
"k__Bacteria|p__Bacteroidetes|c__Bacteroidia|o__Bacteroidales|f__Bacteroidales_unclassified|g__Bacteroidales_unclassified|s__Bacteroidales_bacterium|t__SGB2118",0,0,NA,FALSE,FALSE,FALSE,NA,"HMP1-2 taxonomy oral"
"k__Bacteria|p__Bacteroidetes|c__Bacteroidia|o__Bacteroidales|f__Tannerellaceae|g__Parabacteroides|s__Parabacteroides_distasonis|t__SGB1934",39,0.0303738317757009,0.00115382307123214,FALSE,TRUE,FALSE,NA,"HMP1-2 taxonomy oral"
"k__Bacteria|p__Bacteroidetes|c__Bacteroidia|o__Bacteroidales|f__Bacteroidaceae|g__Bacteroides|s__Bacteroides_ovatus|t__SGB1871",158,0.123052959501558,0.00128651196113435,TRUE,TRUE,TRUE,0.0324731362292067,"HMP1-2 taxonomy oral"
"k__Bacteria|p__Bacteroidetes|c__Bacteroidia|o__Bacteroidales|f__Muribaculaceae|g__GGB1511|s__GGB1511_SGB2091|t__SGB2091",0,0,NA,FALSE,FALSE,FALSE,NA,"HMP1-2 taxonomy oral"
"k__Bacteria|p__Bacteroidetes|c__Bacteroidia|o__Bacteroidales|f__Bacteroidaceae|g__Bacteroides|s__Bacteroides_caccae|t__SGB1877",37,0.028816199376947,0.00243351367955905,FALSE,TRUE,FALSE,NA,"HMP1-2 taxonomy oral"
"k__Bacteria|p__Firmicutes|c__Clostridia|o__Clostridia_unclassified|f__Clostridia_unclassified|g__GGB4569|s__GGB4569_SGB6310|t__SGB6310",6,0.00467289719626168,0.000910400183951722,FALSE,TRUE,FALSE,NA,"HMP1-2 taxonomy oral"
"k__Bacteria|p__Bacteroidetes|c__Bacteroidia|o__Bacteroidales|f__Rikenellaceae|g__Alistipes|s__Alistipes_putredinis|t__SGB2318",171,0.133177570093458,0.000971695280565514,TRUE,TRUE,TRUE,0.0281686622579036,"HMP1-2 taxonomy oral"
"k__Bacteria|p__Proteobacteria|c__Betaproteobacteria|o__Burkholderiales|f__Sutterellaceae|g__Parasutterella|s__Parasutterella_excrementihominis|t__SGB9262",6,0.00467289719626168,0.000369250096530143,FALSE,TRUE,FALSE,NA,"HMP1-2 taxonomy oral"
"k__Bacteria|p__Bacteroidetes|c__Bacteroidia|o__Bacteroidales|f__Bacteroidales_unclassified|g__Bacteroidales_unclassified|s__Bacteroidales_bacterium|t__SGB1964",0,0,NA,FALSE,FALSE,FALSE,NA,"HMP1-2 taxonomy oral"
"k__Bacteria|p__Firmicutes|c__Negativicutes|o__Acidaminococcales|f__Acidaminococcaceae|g__GGB4239|s__GGB4239_SGB5731|t__SGB5731",0,0,NA,FALSE,FALSE,FALSE,NA,"HMP1-2 taxonomy oral"
"k__Bacteria|p__Bacteroidetes|c__Bacteroidia|o__Bacteroidales|f__Bacteroidales_unclassified|g__Bacteroidales_unclassified|s__Bacteroidales_bacterium|t__SGB2120",0,0,NA,FALSE,FALSE,FALSE,NA,"HMP1-2 taxonomy oral"
"k__Bacteria|p__Bacteroidetes|c__Bacteroidia|o__Bacteroidales|f__Rikenellaceae|g__Alistipes|s__Alistipes_finegoldii|t__SGB2301",16,0.0124610591900312,0.00561701166957081,FALSE,TRUE,FALSE,NA,"HMP1-2 taxonomy oral"
"k__Bacteria|p__Bacteroidetes|c__Bacteroidia|o__Bacteroidales|f__Rikenellaceae|g__Alistipes|s__Alistipes_shahii|t__SGB2295",35,0.0272585669781931,0.0013883171619972,FALSE,TRUE,FALSE,NA,"HMP1-2 taxonomy oral"
"k__Bacteria|p__Firmicutes|c__Clostridia|o__Clostridiales|f__Ruminococcaceae|g__Ruminococcaceae_unclassified|s__Ruminococcaceae_bacterium|t__SGB15356",3,0.00233644859813084,0.000168066759236728,FALSE,TRUE,FALSE,NA,"HMP1-2 taxonomy oral"
"k__Bacteria|p__Bacteroidetes|c__Bacteroidia|o__Bacteroidales|f__Bacteroidales_unclassified|g__Bacteroidales_unclassified|s__Bacteroidales_bacterium|t__SGB2093",0,0,NA,FALSE,FALSE,FALSE,NA,"HMP1-2 taxonomy oral"
"k__Bacteria|p__Firmicutes|c__Clostridia|o__Clostridiales|f__Oscillospiraceae|g__Oscillibacter|s__Oscillibacter_sp_ER4|t__SGB15254",19,0.014797507788162,0.00271734184540849,FALSE,TRUE,FALSE,NA,"HMP1-2 taxonomy oral"
"k__Bacteria|p__Bacteroidetes|c__Bacteroidia|o__Bacteroidales|f__Bacteroidales_unclassified|g__Bacteroidales_unclassified|s__Bacteroidales_bacterium|t__SGB2161",0,0,NA,FALSE,FALSE,FALSE,NA,"HMP1-2 taxonomy oral"
"k__Bacteria|p__Firmicutes|c__Clostridia|o__Clostridia_unclassified|f__Clostridia_unclassified|g__Clostridia_unclassified|s__Clostridia_bacterium|t__SGB4406",0,0,NA,FALSE,FALSE,FALSE,NA,"HMP1-2 taxonomy oral"
"k__Bacteria|p__Firmicutes|c__Clostridia|o__Clostridiales|f__Ruminococcaceae|g__Ruminococcaceae_unclassified|s__Ruminococcaceae_unclassified_SGB4191|t__SGB4191",4,0.00311526479750779,0.000330575219822678,FALSE,TRUE,FALSE,NA,"HMP1-2 taxonomy oral"
"k__Bacteria|p__Firmicutes|c__Clostridia|o__Clostridiales|f__Ruminococcaceae|g__Ruminococcus|s__Ruminococcus_bicirculans|t__SGB4262",33,0.0257009345794393,0.00134098503610431,FALSE,TRUE,FALSE,NA,"HMP1-2 taxonomy oral"
"k__Bacteria|p__Firmicutes|c__Clostridia|o__Clostridiales|f__Clostridiaceae|g__Clostridium|s__Clostridium_sp_AF36_4|t__SGB4644",16,0.0124610591900312,0.000776675306746469,FALSE,TRUE,FALSE,NA,"HMP1-2 taxonomy oral"
"k__Bacteria|p__Bacteroidetes|c__Bacteroidia|o__Bacteroidales|f__Bacteroidales_unclassified|g__Bacteroidales_unclassified|s__Bacteroidales_bacterium|t__SGB48240",0,0,NA,FALSE,FALSE,FALSE,NA,"HMP1-2 taxonomy oral"
"k__Bacteria|p__Firmicutes|c__Clostridia|o__Clostridia_unclassified|f__Clostridia_unclassified|g__GGB4596|s__GGB4596_SGB6358|t__SGB6358",0,0,NA,FALSE,FALSE,FALSE,NA,"HMP1-2 taxonomy oral"
"k__Bacteria|p__Firmicutes|c__Clostridia|o__Clostridia_unclassified|f__Clostridia_unclassified|g__Clostridia_unclassified|s__Clostridia_unclassified_SGB6293|t__SGB6293",4,0.00311526479750779,0.00148452632512869,FALSE,TRUE,FALSE,NA,"HMP1-2 taxonomy oral"
"k__Bacteria|p__Firmicutes|c__Clostridia|o__Clostridia_unclassified|f__Clostridia_unclassified|g__GGB4585|s__GGB4585_SGB6340|t__SGB6340",5,0.00389408099688474,0.00100996074938065,FALSE,TRUE,FALSE,NA,"HMP1-2 taxonomy oral"
"k__Bacteria|p__Firmicutes|c__Clostridia|o__Clostridiales|f__Ruminococcaceae|g__Ruminococcaceae_unclassified|s__Ruminococcaceae_bacterium|t__SGB15249",8,0.00623052959501558,0.000193087548782555,FALSE,TRUE,FALSE,NA,"HMP1-2 taxonomy oral"
"k__Bacteria|p__Firmicutes|c__Clostridia|o__Clostridia_unclassified|f__Clostridia_unclassified|g__Clostridia_unclassified|s__Clostridia_bacterium|t__SGB14109",0,0,NA,FALSE,FALSE,FALSE,NA,"HMP1-2 taxonomy oral"
"k__Bacteria|p__Firmicutes|c__Clostridia|o__Clostridia_unclassified|f__Clostridia_unclassified|g__Clostridia_unclassified|s__Clostridia_bacterium|t__SGB14005",0,0,NA,FALSE,FALSE,FALSE,NA,"HMP1-2 taxonomy oral"
"k__Bacteria|p__Bacteroidetes|c__Bacteroidia|o__Bacteroidales|f__Bacteroidales_unclassified|g__Bacteroidales_unclassified|s__Bacteroidales_bacterium|t__SGB48260",0,0,NA,FALSE,FALSE,FALSE,NA,"HMP1-2 taxonomy oral"
"k__Bacteria|p__Bacteroidetes|c__Bacteroidia|o__Bacteroidales|f__Bacteroidales_unclassified|g__Bacteroidales_unclassified|s__Bacteroidales_bacterium|t__SGB2111",0,0,NA,FALSE,FALSE,FALSE,NA,"HMP1-2 taxonomy oral"
"k__Bacteria|p__Bacteroidetes|c__Bacteroidia|o__Bacteroidales|f__Bacteroidales_unclassified|g__Bacteroidales_unclassified|s__Bacteroidales_bacterium|t__SGB48242",0,0,NA,FALSE,FALSE,FALSE,NA,"HMP1-2 taxonomy oral"
"k__Bacteria|p__Firmicutes|c__Clostridia|o__Clostridiales|f__Lachnospiraceae|g__GGB3746|s__GGB3746_SGB5089|t__SGB5089",0,0,NA,FALSE,FALSE,FALSE,NA,"HMP1-2 taxonomy oral"
"k__Bacteria|p__Firmicutes|c__Clostridia|o__Clostridiales|f__Lachnospiraceae|g__Lachnospira|s__Lachnospira_pectinoschiza|t__SGB5075_group",7,0.00545171339563863,0.000334642917754301,FALSE,TRUE,FALSE,NA,"HMP1-2 taxonomy oral"
"k__Bacteria|p__Firmicutes|c__Clostridia|o__Clostridia_unclassified|f__Clostridia_unclassified|g__GGB9176|s__GGB9176_SGB14114|t__SGB14114",10,0.00778816199376947,0.000254140057468056,FALSE,TRUE,FALSE,NA,"HMP1-2 taxonomy oral"
"k__Bacteria|p__Firmicutes|c__Clostridia|o__Clostridiales|f__Lachnospiraceae|g__Roseburia|s__Roseburia_intestinalis|t__SGB4951",3,0.00233644859813084,0.000390033381900008,FALSE,TRUE,FALSE,NA,"HMP1-2 taxonomy oral"
"k__Bacteria|p__Bacteroidetes|c__Bacteroidia|o__Bacteroidales|f__Bacteroidales_unclassified|g__Bacteroidales_unclassified|s__Bacteroidales_bacterium|t__SGB2103",0,0,NA,FALSE,FALSE,FALSE,NA,"HMP1-2 taxonomy oral"
"k__Bacteria|p__Bacteroidetes|c__Bacteroidia|o__Bacteroidales|f__Bacteroidales_unclassified|g__GGB1548|s__GGB1548_SGB2132|t__SGB2132",0,0,NA,FALSE,FALSE,FALSE,NA,"HMP1-2 taxonomy oral"
"k__Bacteria|p__Bacteroidetes|c__CFGB640|o__OFGB640|f__FGB640|g__GGB1566|s__GGB1566_SGB2153|t__SGB2153",0,0,NA,FALSE,FALSE,FALSE,NA,"HMP1-2 taxonomy oral"
"k__Bacteria|p__Bacteroidetes|c__Bacteroidia|o__Bacteroidales|f__Bacteroidales_unclassified|g__Bacteroidales_unclassified|s__Bacteroidales_bacterium|t__SGB2122",0,0,NA,FALSE,FALSE,FALSE,NA,"HMP1-2 taxonomy oral"
"k__Bacteria|p__Firmicutes|c__Bacilli|o__Bacilli_unclassified|f__Bacilli_unclassified|g__Bacilli_unclassified|s__Bacilli_unclassified_SGB6473|t__SGB6473",3,0.00233644859813084,0.000108066703533348,FALSE,TRUE,FALSE,NA,"HMP1-2 taxonomy oral"
"k__Bacteria|p__Bacteroidetes|c__Bacteroidia|o__Bacteroidales|f__Bacteroidales_unclassified|g__GGB1573|s__GGB1573_SGB2160|t__SGB2160",0,0,NA,FALSE,FALSE,FALSE,NA,"HMP1-2 taxonomy oral"
"k__Bacteria|p__Firmicutes|c__Clostridia|o__Clostridiales|f__Ruminococcaceae|g__Faecalibacterium|s__Faecalibacterium_prausnitzii|t__SGB15322",9,0.00700934579439252,0.00119935583659899,FALSE,TRUE,FALSE,NA,"HMP1-2 taxonomy oral"
"k__Bacteria|p__Bacteroidetes|c__Bacteroidia|o__Bacteroidales|f__Odoribacteraceae|g__Butyricimonas|s__Butyricimonas_paravirosa|t__SGB1785",2,0.00155763239875389,0.000167799981100007,FALSE,TRUE,FALSE,NA,"HMP1-2 taxonomy oral"
"k__Bacteria|p__Firmicutes|c__Clostridia|o__Clostridiales|f__Ruminococcaceae|g__Faecalibacterium|s__Faecalibacterium_prausnitzii|t__SGB15332_group",27,0.0210280373831776,0.00411148867842449,FALSE,TRUE,FALSE,NA,"HMP1-2 taxonomy oral"
"k__Bacteria|p__Firmicutes|c__CFGB1677|o__OFGB1677|f__FGB1677|g__GGB4197|s__GGB4197_SGB5684|t__SGB5684",1,0.000778816199376947,6.68000267200107e-05,FALSE,FALSE,FALSE,NA,"HMP1-2 taxonomy oral"
"k__Bacteria|p__Firmicutes|c__Bacilli|o__Bacilli_unclassified|f__Bacilli_unclassified|g__Bacilli_unclassified|s__Bacilli_unclassified_SGB6540|t__SGB6540",0,0,NA,FALSE,FALSE,FALSE,NA,"HMP1-2 taxonomy oral"
"k__Bacteria|p__Bacteroidetes|c__Bacteroidia|o__Bacteroidales|f__Odoribacteraceae|g__Odoribacter|s__Odoribacter_splanchnicus|t__SGB1790",20,0.0155763239875389,0.0011544700273742,FALSE,TRUE,FALSE,NA,"HMP1-2 taxonomy oral"
"k__Bacteria|p__Firmicutes|c__Firmicutes_unclassified|o__Firmicutes_unclassified|f__Firmicutes_unclassified|g__Firmicutes_unclassified|s__Firmicutes_bacterium_AF16_15|t__SGB4993",10,0.00778816199376947,0.000724629992557032,FALSE,TRUE,FALSE,NA,"HMP1-2 taxonomy oral"
"k__Bacteria|p__Firmicutes|c__Clostridia|o__Clostridiales|f__Clostridiales_unclassified|g__Clostridiales_unclassified|s__Clostridiales_bacterium_KLE1615|t__SGB5090_group",1,0.000778816199376947,0.000193300173970157,FALSE,TRUE,FALSE,NA,"HMP1-2 taxonomy oral"
"k__Bacteria|p__Bacteroidetes|c__Bacteroidia|o__Bacteroidales|f__Rikenellaceae|g__Alistipes|s__Alistipes_communis|t__SGB2290",15,0.0116822429906542,0.000447913382672695,FALSE,TRUE,FALSE,NA,"HMP1-2 taxonomy oral"
"k__Bacteria|p__Bacteroidetes|c__Bacteroidia|o__Bacteroidales|f__Bacteroidales_unclassified|g__Bacteroidales_unclassified|s__Bacteroidales_bacterium|t__SGB2133",1,0.000778816199376947,2.6499978800017e-05,FALSE,FALSE,FALSE,NA,"HMP1-2 taxonomy oral"
"k__Bacteria|p__Bacteroidetes|c__Bacteroidia|o__Bacteroidales|f__Bacteroidales_unclassified|g__Bacteroidales_unclassified|s__Bacteroidales_bacterium|t__SGB2128",0,0,NA,FALSE,FALSE,FALSE,NA,"HMP1-2 taxonomy oral"
"k__Bacteria|p__Firmicutes|c__Clostridia|o__Clostridia_unclassified|f__Clostridia_unclassified|g__Clostridia_unclassified|s__Clostridia_bacterium|t__SGB13981",0,0,NA,FALSE,FALSE,FALSE,NA,"HMP1-2 taxonomy oral"
"k__Bacteria|p__Firmicutes|c__Clostridia|o__Clostridia_unclassified|f__Clostridia_unclassified|g__Clostridia_unclassified|s__Clostridia_bacterium|t__SGB5184",1,0.000778816199376947,0.0001574,FALSE,TRUE,FALSE,NA,"HMP1-2 taxonomy oral"
"k__Bacteria|p__Bacteroidetes|c__CFGB636|o__OFGB636|f__FGB636|g__GGB1554|s__GGB1554_SGB2141|t__SGB2141",0,0,NA,FALSE,FALSE,FALSE,NA,"HMP1-2 taxonomy oral"
"k__Bacteria|p__Bacteroidetes|c__Bacteroidia|o__Bacteroidales|f__Bacteroidales_unclassified|g__Bacteroidales_unclassified|s__Bacteroidales_bacterium|t__SGB2124",0,0,NA,FALSE,FALSE,FALSE,NA,"HMP1-2 taxonomy oral"
"k__Bacteria|p__Firmicutes|c__Clostridia|o__Clostridia_unclassified|f__Clostridia_unclassified|g__Clostridia_unclassified|s__Clostridia_unclassified_SGB4367|t__SGB4367",2,0.00155763239875389,0.00273860002016002,FALSE,TRUE,FALSE,NA,"HMP1-2 taxonomy oral"
"k__Bacteria|p__Bacteroidetes|c__Bacteroidia|o__Bacteroidales|f__Rikenellaceae|g__Alistipes|s__Alistipes_ihumii|t__SGB2328",5,0.00389408099688474,0.000695639961660034,FALSE,TRUE,FALSE,NA,"HMP1-2 taxonomy oral"
"k__Bacteria|p__Proteobacteria|c__Alphaproteobacteria|o__Alphaproteobacteria_unclassified|f__Alphaproteobacteria_unclassified|g__Alphaproteobacteria_unclassified|s__Alphaproteobacteria_bacterium|t__SGB9305",0,0,NA,FALSE,FALSE,FALSE,NA,"HMP1-2 taxonomy oral"
"k__Bacteria|p__Firmicutes|c__Clostridia|o__Clostridiales|f__Clostridiales_unclassified|g__Clostridiales_unclassified|s__Clostridiales_bacterium|t__SGB15143",3,0.00233644859813084,0.000636099996220001,FALSE,TRUE,FALSE,NA,"HMP1-2 taxonomy oral"
"k__Bacteria|p__Verrucomicrobia|c__Verrucomicrobiae|o__Verrucomicrobiales|f__Akkermansiaceae|g__Akkermansia|s__Akkermansia_muciniphila|t__SGB9226",12,0.00934579439252336,0.000362808382315036,FALSE,TRUE,FALSE,NA,"HMP1-2 taxonomy oral"
"k__Bacteria|p__Firmicutes|c__Clostridia|o__Clostridiales|f__Lachnospiraceae|g__Anaerotignum|s__Anaerotignum_faecicola|t__SGB5190",5,0.00389408099688474,0.000383160052190081,FALSE,TRUE,FALSE,NA,"HMP1-2 taxonomy oral"
"k__Bacteria|p__Firmicutes|c__Clostridia|o__Clostridiales|f__Ruminococcaceae|g__GGB9707|s__GGB9707_SGB15229|t__SGB15229",2,0.00155763239875389,8.39999937000013e-06,FALSE,FALSE,FALSE,NA,"HMP1-2 taxonomy oral"
"k__Bacteria|p__Firmicutes|c__Clostridia|o__Clostridiales|f__Lachnospiraceae|g__Lachnospiraceae_unclassified|s__Eubacterium_rectale|t__SGB4933_group",46,0.0358255451713396,0.000824206568073538,FALSE,TRUE,FALSE,NA,"HMP1-2 taxonomy oral"
"k__Bacteria|p__Firmicutes|c__Clostridia|o__Clostridiales|f__Lachnospiraceae|g__Coprococcus|s__Coprococcus_eutactus|t__SGB5117",7,0.00545171339563863,4.03999940671442e-05,FALSE,FALSE,FALSE,NA,"HMP1-2 taxonomy oral"
"k__Bacteria|p__Firmicutes|c__Clostridia|o__Clostridia_unclassified|f__Clostridia_unclassified|g__Clostridia_unclassified|s__Clostridia_bacterium|t__SGB3952",0,0,NA,FALSE,FALSE,FALSE,NA,"HMP1-2 taxonomy oral"
"k__Bacteria|p__Firmicutes|c__Clostridia|o__Clostridiales|f__Lachnospiraceae|g__Lachnospiraceae_unclassified|s__Lachnospiraceae_bacterium|t__SGB4963",0,0,NA,FALSE,FALSE,FALSE,NA,"HMP1-2 taxonomy oral"
"k__Bacteria|p__Firmicutes|c__Clostridia|o__Clostridiales|f__Lachnospiraceae|g__Roseburia|s__Roseburia_hominis|t__SGB4936",5,0.00389408099688474,0.00121590001468401,FALSE,TRUE,FALSE,NA,"HMP1-2 taxonomy oral"
"k__Bacteria|p__Firmicutes|c__Clostridia|o__Clostridiales|f__Ruminococcaceae|g__GGB9635|s__GGB9635_SGB15103|t__SGB15103",0,0,NA,FALSE,FALSE,FALSE,NA,"HMP1-2 taxonomy oral"
"k__Bacteria|p__Bacteroidetes|c__Bacteroidia|o__Bacteroidales|f__Bacteroidaceae|g__Bacteroides|s__Bacteroides_fragilis|t__SGB1855_group",30,0.0233644859813084,0.0008836466540215,FALSE,TRUE,FALSE,NA,"HMP1-2 taxonomy oral"
"k__Bacteria|p__Firmicutes|c__Clostridia|o__Clostridiales|f__Ruminococcaceae|g__GGB9615|s__GGB9615_SGB15053|t__SGB15053_group",14,0.0109034267912773,0.00102406418297505,FALSE,TRUE,FALSE,NA,"HMP1-2 taxonomy oral"
"k__Bacteria|p__Firmicutes|c__Clostridia|o__Clostridia_unclassified|f__Clostridia_unclassified|g__Clostridia_unclassified|s__Clostridia_bacterium|t__SGB14182",0,0,NA,FALSE,FALSE,FALSE,NA,"HMP1-2 taxonomy oral"
"k__Bacteria|p__Firmicutes|c__Clostridia|o__Clostridia_unclassified|f__Clostridia_unclassified|g__Candidatus_Heteroclostridium|s__Candidatus_Heteroclostridium_caecigallinarum|t__SGB61601",0,0,NA,FALSE,FALSE,FALSE,NA,"HMP1-2 taxonomy oral"
"k__Bacteria|p__Firmicutes|c__Clostridia|o__Clostridiales|f__Lachnospiraceae|g__Lachnospiraceae_unclassified|s__Lachnospiraceae_bacterium|t__SGB4638",1,0.000778816199376947,0.000562600168780051,FALSE,TRUE,FALSE,NA,"HMP1-2 taxonomy oral"
"k__Bacteria|p__Firmicutes|c__Clostridia|o__Clostridiales|f__Oscillospiraceae|g__Dysosmobacter|s__Dysosmobacter_welbionis|t__SGB15078",4,0.00311526479750779,0.00317969989662751,FALSE,TRUE,FALSE,NA,"HMP1-2 taxonomy oral"
"k__Bacteria|p__Firmicutes|c__Clostridia|o__Clostridiales|f__Ruminococcaceae|g__Gemmiger|s__Gemmiger_formicilis|t__SGB15300",14,0.0109034267912773,0.0025499354243145,FALSE,TRUE,FALSE,NA,"HMP1-2 taxonomy oral"
"k__Bacteria|p__Firmicutes|c__Bacilli|o__Bacilli_unclassified|f__Bacilli_unclassified|g__Bacilli_unclassified|s__Bacilli_bacterium|t__SGB6447",0,0,NA,FALSE,FALSE,FALSE,NA,"HMP1-2 taxonomy oral"
"k__Bacteria|p__Bacteroidetes|c__Bacteroidia|o__Bacteroidales|f__Bacteroidales_unclassified|g__Bacteroidales_unclassified|s__Bacteroidales_bacterium|t__SGB2127",0,0,NA,FALSE,FALSE,FALSE,NA,"HMP1-2 taxonomy oral"
"k__Bacteria|p__Firmicutes|c__Clostridia|o__Clostridia_unclassified|f__Clostridia_unclassified|g__Clostridia_unclassified|s__Clostridia_bacterium|t__SGB47298",0,0,NA,FALSE,FALSE,FALSE,NA,"HMP1-2 taxonomy oral"
"k__Bacteria|p__Firmicutes|c__Clostridia|o__Clostridiales|f__Eubacteriaceae|g__Eubacterium|s__Eubacterium_ventriosum|t__SGB5045",7,0.00545171339563863,0.000257942939512936,FALSE,TRUE,FALSE,NA,"HMP1-2 taxonomy oral"
"k__Bacteria|p__Firmicutes|c__Clostridia|o__Clostridia_unclassified|f__Clostridia_unclassified|g__Clostridia_unclassified|s__Clostridia_bacterium|t__SGB15385",0,0,NA,FALSE,FALSE,FALSE,NA,"HMP1-2 taxonomy oral"
"k__Bacteria|p__Firmicutes|c__Clostridia|o__Clostridia_unclassified|f__Clostridia_unclassified|g__Clostridia_unclassified|s__Clostridia_bacterium|t__SGB14311",2,0.00155763239875389,0.000190450116445088,FALSE,TRUE,FALSE,NA,"HMP1-2 taxonomy oral"
"k__Bacteria|p__Firmicutes|c__Clostridia|o__Clostridia_unclassified|f__Clostridia_unclassified|g__Clostridia_unclassified|s__Clostridia_bacterium|t__SGB14259",0,0,NA,FALSE,FALSE,FALSE,NA,"HMP1-2 taxonomy oral"
"k__Bacteria|p__Firmicutes|c__Clostridia|o__Clostridia_unclassified|f__Clostridia_unclassified|g__Clostridia_unclassified|s__Clostridia_bacterium|t__SGB14042",1,0.000778816199376947,0.000147100132390119,FALSE,TRUE,FALSE,NA,"HMP1-2 taxonomy oral"
"k__Bacteria|p__Candidatus_Melainabacteria|c__Candidatus_Melainabacteria_unclassified|o__Candidatus_Gastranaerophilales|f__Candidatus_Gastranaerophilales_unclassified|g__GGB6007|s__GGB6007_SGB8633|t__SGB8633",0,0,NA,FALSE,FALSE,FALSE,NA,"HMP1-2 taxonomy oral"
"k__Bacteria|p__Firmicutes|c__Clostridia|o__Clostridiales|f__Ruminococcaceae|g__Ruminococcus|s__Ruminococcus_sp_NSJ_71|t__SGB4290",5,0.00389408099688474,0.00025714004190001,FALSE,TRUE,FALSE,NA,"HMP1-2 taxonomy oral"
"k__Bacteria|p__Firmicutes|c__CFGB2897|o__OFGB2897|f__FGB2897|g__GGB9209|s__GGB9209_SGB14148|t__SGB14148",0,0,NA,FALSE,FALSE,FALSE,NA,"HMP1-2 taxonomy oral"
"k__Bacteria|p__Firmicutes|c__Clostridia|o__Clostridia_unclassified|f__Clostridia_unclassified|g__Clostridia_unclassified|s__Clostridia_bacterium|t__SGB14150",0,0,NA,FALSE,FALSE,FALSE,NA,"HMP1-2 taxonomy oral"
"k__Bacteria|p__Firmicutes|c__Clostridia|o__Clostridiales|f__Lachnospiraceae|g__Lachnospiraceae_unclassified|s__Lachnospiraceae_bacterium|t__SGB4767",5,0.00389408099688474,0.000386240050130048,FALSE,TRUE,FALSE,NA,"HMP1-2 taxonomy oral"
"k__Bacteria|p__Firmicutes|c__Negativicutes|o__Veillonellales|f__Veillonellaceae|g__Dialister|s__Dialister_invisus|t__SGB5825_group",572,0.445482866043614,0.000752864282523946,TRUE,TRUE,TRUE,0.02029077963546,"HMP1-2 taxonomy oral"
"k__Bacteria|p__Firmicutes|c__Clostridia|o__Clostridiales|f__Lachnospiraceae|g__Lacrimispora|s__Lacrimispora_amygdalina|t__SGB4716",2,0.00155763239875389,0.000371450008280007,FALSE,TRUE,FALSE,NA,"HMP1-2 taxonomy oral"
"k__Bacteria|p__Firmicutes|c__Clostridia|o__Clostridiales|f__Clostridiaceae|g__Clostridium|s__Clostridium_sp_AF34_10BH|t__SGB4914",18,0.014018691588785,0.00179438885218503,FALSE,TRUE,FALSE,NA,"HMP1-2 taxonomy oral"
"k__Bacteria|p__Bacteroidetes|c__Bacteroidia|o__Bacteroidales|f__Bacteroidales_unclassified|g__Bacteroidales_unclassified|s__Bacteroidales_unclassified_SGB2164|t__SGB2164",0,0,NA,FALSE,FALSE,FALSE,NA,"HMP1-2 taxonomy oral"
"k__Bacteria|p__Actinobacteria|c__Coriobacteriia|o__Eggerthellales|f__Eggerthellaceae|g__Slackia|s__Slackia_SGB14778|t__SGB14778",0,0,NA,FALSE,FALSE,FALSE,NA,"HMP1-2 taxonomy oral"
"k__Bacteria|p__Bacteroidetes|c__Bacteroidia|o__Bacteroidales|f__Bacteroidales_unclassified|g__Bacteroidales_unclassified|s__Bacteroidales_unclassified_SGB2166|t__SGB2166",0,0,NA,FALSE,FALSE,FALSE,NA,"HMP1-2 taxonomy oral"
"k__Bacteria|p__Bacteroidetes|c__Bacteroidia|o__Bacteroidales|f__Rikenellaceae|g__Alistipes|s__Alistipes_indistinctus|t__SGB2325",5,0.00389408099688474,0.000956499875942027,FALSE,TRUE,FALSE,NA,"HMP1-2 taxonomy oral"
"k__Bacteria|p__Firmicutes|c__Clostridia|o__Clostridia_unclassified|f__Clostridia_unclassified|g__Clostridia_unclassified|s__Clostridia_bacterium|t__SGB6388",0,0,NA,FALSE,FALSE,FALSE,NA,"HMP1-2 taxonomy oral"
"k__Bacteria|p__Firmicutes|c__Clostridia|o__Clostridiales|f__Clostridiaceae|g__Clostridiaceae_unclassified|s__Clostridiaceae_bacterium|t__SGB4269",5,0.00389408099688474,0.000266540072030064,FALSE,TRUE,FALSE,NA,"HMP1-2 taxonomy oral"
"k__Bacteria|p__Firmicutes|c__Clostridia|o__Clostridiales|f__Christensenellaceae|g__Christensenellaceae_unclassified|s__Christensenellaceae_bacterium|t__SGB14123",0,0,NA,FALSE,FALSE,FALSE,NA,"HMP1-2 taxonomy oral"
"k__Bacteria|p__Firmicutes|c__Clostridia|o__Clostridia_unclassified|f__Clostridia_unclassified|g__Clostridia_unclassified|s__Clostridia_bacterium|t__SGB14937",2,0.00155763239875389,0.000117899995140001,FALSE,TRUE,FALSE,NA,"HMP1-2 taxonomy oral"
"k__Bacteria|p__Firmicutes|c__Clostridia|o__Clostridiales|f__Ruminococcaceae|g__Faecalibacterium|s__Faecalibacterium_prausnitzii|t__SGB15316_group",22,0.0171339563862928,0.00121616367357099,FALSE,TRUE,FALSE,NA,"HMP1-2 taxonomy oral"
"k__Bacteria|p__Proteobacteria|c__Gammaproteobacteria|o__Pasteurellales|f__Pasteurellaceae|g__Haemophilus|s__Haemophilus_parainfluenzae|t__SGB9712_group",1277,0.994548286604361,0.0806100793598066,TRUE,TRUE,TRUE,0.152956509116563,"HMP1-2 taxonomy oral"
"k__Bacteria|p__Bacteroidetes|c__Bacteroidia|o__Bacteroidales|f__Bacteroidales_unclassified|g__Bacteroidales_unclassified|s__Bacteroidales_bacterium|t__SGB2169",0,0,NA,FALSE,FALSE,FALSE,NA,"HMP1-2 taxonomy oral"
"k__Bacteria|p__Firmicutes|c__Clostridia|o__Clostridiales|f__Eubacteriaceae|g__Eubacterium|s__Eubacterium_ramulus|t__SGB4959",0,0,NA,FALSE,FALSE,FALSE,NA,"HMP1-2 taxonomy oral"
"k__Bacteria|p__Firmicutes|c__Clostridia|o__Clostridiales|f__Clostridiales_unclassified|g__Intestinimonas|s__Intestinimonas_massiliensis|t__SGB15127",0,0,NA,FALSE,FALSE,FALSE,NA,"HMP1-2 taxonomy oral"
"k__Bacteria|p__Firmicutes|c__Clostridia|o__Clostridia_unclassified|f__Clostridia_unclassified|g__GGB3005|s__GGB3005_SGB3996|t__SGB3996",1,0.000778816199376947,2.26e-05,FALSE,FALSE,FALSE,NA,"HMP1-2 taxonomy oral"
"k__Bacteria|p__Firmicutes|c__Clostridia|o__Clostridiales|f__Ruminococcaceae|g__Ruthenibacterium|s__Ruthenibacterium_lactatiformans|t__SGB15271",4,0.00311526479750779,0.00144132498503501,FALSE,TRUE,FALSE,NA,"HMP1-2 taxonomy oral"
"k__Bacteria|p__Firmicutes|c__Clostridia|o__Clostridiales|f__Oscillospiraceae|g__Dysosmobacter|s__Dysosmobacter_sp_NSJ_60|t__SGB15124",2,0.00155763239875389,6.14999988700002e-05,FALSE,FALSE,FALSE,NA,"HMP1-2 taxonomy oral"
"k__Bacteria|p__Firmicutes|c__Clostridia|o__Clostridiales|f__Ruminococcaceae|g__Ruminococcaceae_unclassified|s__Ruminococcaceae_unclassified_SGB15265|t__SGB15265_group",2,0.00155763239875389,0.000374750034345003,FALSE,TRUE,FALSE,NA,"HMP1-2 taxonomy oral"
"k__Bacteria|p__Bacteroidetes|c__Bacteroidia|o__Bacteroidales|f__Rikenellaceae|g__GGB27782|s__GGB27782_SGB40196|t__SGB40196",0,0,NA,FALSE,FALSE,FALSE,NA,"HMP1-2 taxonomy oral"
"k__Bacteria|p__Firmicutes|c__Clostridia|o__Clostridia_unclassified|f__Clostridia_unclassified|g__Clostridia_unclassified|s__Clostridia_bacterium|t__SGB14020",0,0,NA,FALSE,FALSE,FALSE,NA,"HMP1-2 taxonomy oral"
"k__Bacteria|p__Firmicutes|c__Clostridia|o__Clostridiales|f__Lachnospiraceae|g__Anaerostipes|s__Anaerostipes_hadrus|t__SGB4540_group",3,0.00233644859813084,0.000149900006673336,FALSE,TRUE,FALSE,NA,"HMP1-2 taxonomy oral"
"k__Bacteria|p__Firmicutes|c__Erysipelotrichia|o__Erysipelotrichales|f__Erysipelotrichaceae|g__Erysipelatoclostridium|s__Clostridium_saccharogumia|t__SGB6749",0,0,NA,FALSE,FALSE,FALSE,NA,"HMP1-2 taxonomy oral"
"k__Bacteria|p__Firmicutes|c__Clostridia|o__Clostridiales|f__Lachnospiraceae|g__Lachnospira|s__Lachnospira_eligens|t__SGB5082_group",10,0.00778816199376947,0.00196679021277322,FALSE,TRUE,FALSE,NA,"HMP1-2 taxonomy oral"
"k__Bacteria|p__Firmicutes|c__Clostridia|o__Clostridiales|f__Ruminococcaceae|g__Ruminococcaceae_unclassified|s__Ruminococcaceae_bacterium|t__SGB4184",0,0,NA,FALSE,FALSE,FALSE,NA,"HMP1-2 taxonomy oral"
"k__Bacteria|p__Firmicutes|c__Clostridia|o__Clostridiales|f__Clostridiaceae|g__Clostridiaceae_unclassified|s__Clostridiaceae_bacterium|t__SGB4770",1,0.000778816199376947,0.0006239,FALSE,TRUE,FALSE,NA,"HMP1-2 taxonomy oral"
"k__Bacteria|p__Firmicutes|c__Clostridia|o__Clostridiales|f__Lachnospiraceae|g__Fusicatenibacter|s__Fusicatenibacter_saccharivorans|t__SGB4874",8,0.00623052959501558,0.000394912560461276,FALSE,TRUE,FALSE,NA,"HMP1-2 taxonomy oral"
"k__Bacteria|p__Firmicutes|c__Clostridia|o__Clostridiales|f__Lachnospiraceae|g__Blautia|s__Blautia_faecis|t__SGB4820",3,0.00233644859813084,0.000198666655980005,FALSE,TRUE,FALSE,NA,"HMP1-2 taxonomy oral"
"k__Bacteria|p__Firmicutes|c__Clostridia|o__Clostridia_unclassified|f__Clostridia_unclassified|g__Candidatus_Pseudoscilispira|s__Candidatus_Pseudoscilispira_faecavium|t__SGB63239",0,0,NA,FALSE,FALSE,FALSE,NA,"HMP1-2 taxonomy oral"
"k__Bacteria|p__Firmicutes|c__Clostridia|o__Clostridiales|f__Eubacteriaceae|g__Eubacterium|s__Eubacterium_sp_AM28_29|t__SGB6796_group",0,0,NA,FALSE,FALSE,FALSE,NA,"HMP1-2 taxonomy oral"
"k__Bacteria|p__Firmicutes|c__Clostridia|o__Clostridiales|f__Ruminococcaceae|g__Candidatus_Cibiobacter|s__Candidatus_Cibiobacter_qucibialis|t__SGB15286",18,0.014018691588785,0.000991300107388376,FALSE,TRUE,FALSE,NA,"HMP1-2 taxonomy oral"
"k__Bacteria|p__Firmicutes|c__Clostridia|o__Clostridiales|f__Ruminococcaceae|g__GGB9633|s__GGB9633_SGB15091|t__SGB15091",4,0.00311526479750779,0.00275852480253006,FALSE,TRUE,FALSE,NA,"HMP1-2 taxonomy oral"
"k__Bacteria|p__Firmicutes|c__Clostridia|o__Clostridiales|f__Lachnospiraceae|g__Dorea|s__Dorea_formicigenerans|t__SGB4575",3,0.00233644859813084,0.000162300007050006,FALSE,TRUE,FALSE,NA,"HMP1-2 taxonomy oral"
"k__Bacteria|p__Firmicutes|c__Clostridia|o__Clostridia_unclassified|f__Clostridia_unclassified|g__Clostridia_unclassified|s__Clostridia_unclassified_SGB6276|t__SGB6276",12,0.00934579439252336,0.000396250186122683,FALSE,TRUE,FALSE,NA,"HMP1-2 taxonomy oral"
"k__Bacteria|p__Firmicutes|c__Bacilli|o__Lactobacillales|f__Streptococcaceae|g__Streptococcus|s__Streptococcus_parasanguinis|t__SGB8071",1059,0.824766355140187,0.019928257925725,TRUE,TRUE,TRUE,0.100671618270174,"HMP1-2 taxonomy oral"
"k__Bacteria|p__Firmicutes|c__Clostridia|o__Clostridia_unclassified|f__Clostridia_unclassified|g__Clostridia_unclassified|s__Clostridia_bacterium|t__SGB15382",0,0,NA,FALSE,FALSE,FALSE,NA,"HMP1-2 taxonomy oral"
"k__Bacteria|p__Firmicutes|c__Clostridia|o__Clostridiales|f__Ruminococcaceae|g__Pseudoruminococcus|s__Pseudoruminococcus_massiliensis|t__SGB4280",1,0.000778816199376947,0.000313499937300012,FALSE,TRUE,FALSE,NA,"HMP1-2 taxonomy oral"
"k__Bacteria|p__Firmicutes|c__Clostridia|o__Clostridiales|f__Ruminococcaceae|g__Ruminococcaceae_unclassified|s__Ruminococcaceae_unclassified_SGB15236|t__SGB15236",1,0.000778816199376947,6.69000133800027e-05,FALSE,FALSE,FALSE,NA,"HMP1-2 taxonomy oral"
"k__Bacteria|p__Firmicutes|c__Clostridia|o__Clostridiales|f__Ruminococcaceae|g__Faecalibacterium|s__Faecalibacterium_prausnitzii|t__SGB15342",17,0.0132398753894081,0.000923782451082402,FALSE,TRUE,FALSE,NA,"HMP1-2 taxonomy oral"
"k__Bacteria|p__Firmicutes|c__Clostridia|o__Clostridia_unclassified|f__Clostridia_unclassified|g__Clostridia_unclassified|s__Clostridia_bacterium|t__SGB6320",1,0.000778816199376947,0.000139099972180006,FALSE,TRUE,FALSE,NA,"HMP1-2 taxonomy oral"
"k__Bacteria|p__Firmicutes|c__Clostridia|o__Clostridiales|f__Lachnospiraceae|g__Lachnospiraceae_unclassified|s__Lachnospiraceae_bacterium|t__SGB4706",0,0,NA,FALSE,FALSE,FALSE,NA,"HMP1-2 taxonomy oral"
"k__Bacteria|p__Firmicutes|c__Clostridia|o__Clostridia_unclassified|f__Clostridia_unclassified|g__Candidatus_Woodwardibium|s__Candidatus_Woodwardibium_gallinarum|t__SGB14953",0,0,NA,FALSE,FALSE,FALSE,NA,"HMP1-2 taxonomy oral"
"k__Bacteria|p__Firmicutes|c__CFGB9830|o__OFGB9830|f__FGB9830|g__GGB29535|s__GGB29535_SGB42321|t__SGB42321",0,0,NA,FALSE,FALSE,FALSE,NA,"HMP1-2 taxonomy oral"
"k__Bacteria|p__Bacteroidetes|c__Bacteroidia|o__Bacteroidales|f__Bacteroidales_unclassified|g__GGB1530|s__GGB1530_SGB2113|t__SGB2113",0,0,NA,FALSE,FALSE,FALSE,NA,"HMP1-2 taxonomy oral"
"k__Bacteria|p__Firmicutes|c__Clostridia|o__Clostridiales|f__Ruminococcaceae|g__GGB9730|s__GGB9730_SGB15291|t__SGB15291",0,0,NA,FALSE,FALSE,FALSE,NA,"HMP1-2 taxonomy oral"
"k__Bacteria|p__Firmicutes|c__Clostridia|o__Clostridia_unclassified|f__Clostridia_unclassified|g__Clostridia_unclassified|s__Clostridia_bacterium|t__SGB14048",0,0,NA,FALSE,FALSE,FALSE,NA,"HMP1-2 taxonomy oral"
"k__Bacteria|p__Firmicutes|c__Negativicutes|o__Veillonellales|f__Veillonellaceae|g__Veillonella|s__Veillonella_atypica|t__SGB6936",899,0.700155763239875,0.0148426368499801,TRUE,TRUE,TRUE,0.0848211227964568,"HMP1-2 taxonomy oral"
"k__Bacteria|p__Firmicutes|c__Clostridia|o__Clostridiales|f__Lachnospiraceae|g__Lachnospiraceae_unclassified|s__Lachnospiraceae_bacterium_WCA3_601_WT_6H|t__SGB4910",11,0.00856697819314642,0.00126624569376124,FALSE,TRUE,FALSE,NA,"HMP1-2 taxonomy oral"
"k__Bacteria|p__Firmicutes|c__Clostridia|o__Clostridiales|f__Ruminococcaceae|g__GGB9634|s__GGB9634_SGB15095|t__SGB15095_group",0,0,NA,FALSE,FALSE,FALSE,NA,"HMP1-2 taxonomy oral"
"k__Bacteria|p__Firmicutes|c__Erysipelotrichia|o__Erysipelotrichales|f__Erysipelotrichaceae|g__Catenibacterium|s__Catenibacterium_sp_AM22_15|t__SGB6783_group",0,0,NA,FALSE,FALSE,FALSE,NA,"HMP1-2 taxonomy oral"
"k__Bacteria|p__Firmicutes|c__Clostridia|o__Clostridiales|f__Ruminococcaceae|g__Agathobaculum|s__Agathobaculum_butyriciproducens|t__SGB14993_group",1,0.000778816199376947,0.0001938,FALSE,TRUE,FALSE,NA,"HMP1-2 taxonomy oral"
"k__Bacteria|p__Firmicutes|c__Negativicutes|o__Veillonellales|f__Veillonellaceae|g__Veillonella|s__Veillonella_dispar|t__SGB6952",1034,0.805295950155763,0.032246557982457,TRUE,TRUE,TRUE,0.131643245258237,"HMP1-2 taxonomy oral"
"k__Bacteria|p__Firmicutes|c__Clostridia|o__Clostridiales|f__Lachnospiraceae|g__Blautia|s__Blautia_obeum|t__SGB4811_group",1,0.000778816199376947,0.0004917,FALSE,TRUE,FALSE,NA,"HMP1-2 taxonomy oral"
"k__Bacteria|p__Firmicutes|c__Clostridia|o__Clostridiales|f__Clostridiales_unclassified|g__Intestinimonas|s__Intestinimonas_gabonensis|t__SGB79840",2,0.00155763239875389,2.92499995500001e-05,FALSE,FALSE,FALSE,NA,"HMP1-2 taxonomy oral"
"k__Bacteria|p__Firmicutes|c__Clostridia|o__Clostridia_unclassified|f__Clostridia_unclassified|g__Candidatus_Geddesella|s__Candidatus_Geddesella_stercoravicola|t__SGB14262",0,0,NA,FALSE,FALSE,FALSE,NA,"HMP1-2 taxonomy oral"
"k__Bacteria|p__Firmicutes|c__Clostridia|o__Clostridiales|f__Lachnospiraceae|g__Lachnospiraceae_unclassified|s__Lachnospiraceae_bacterium|t__SGB4780",2,0.00155763239875389,4.04000002400001e-05,FALSE,FALSE,FALSE,NA,"HMP1-2 taxonomy oral"
"k__Bacteria|p__Firmicutes|c__Clostridia|o__Clostridia_unclassified|f__Clostridia_unclassified|g__Clostridia_unclassified|s__Clostridia_bacterium|t__SGB54299",1,0.000778816199376947,0.000293300087990026,FALSE,TRUE,FALSE,NA,"HMP1-2 taxonomy oral"
"k__Bacteria|p__Firmicutes|c__Clostridia|o__Clostridia_unclassified|f__Clostridia_unclassified|g__GGB9532|s__GGB9532_SGB14933|t__SGB14933",0,0,NA,FALSE,FALSE,FALSE,NA,"HMP1-2 taxonomy oral"
"k__Bacteria|p__Firmicutes|c__Clostridia|o__Clostridiales|f__Lachnospiraceae|g__Blautia|s__Blautia_wexlerae|t__SGB4837_group",7,0.00545171339563863,0.000136985728024297,FALSE,TRUE,FALSE,NA,"HMP1-2 taxonomy oral"
"k__Bacteria|p__Firmicutes|c__Negativicutes|o__Veillonellales|f__Veillonellaceae|g__Veillonella|s__Veillonella_parvula|t__SGB6939",1233,0.960280373831776,0.02223431743969,TRUE,TRUE,TRUE,0.104010327231459,"HMP1-2 taxonomy oral"
"k__Bacteria|p__Firmicutes|c__Clostridia|o__Clostridia_unclassified|f__Clostridia_unclassified|g__Clostridia_unclassified|s__Clostridia_bacterium|t__SGB4314",0,0,NA,FALSE,FALSE,FALSE,NA,"HMP1-2 taxonomy oral"
"k__Bacteria|p__Bacteroidetes|c__Bacteroidia|o__Bacteroidales|f__Bacteroidaceae|g__Bacteroides|s__Bacteroides_intestinalis|t__SGB1846",11,0.00856697819314642,0.00146150904885638,FALSE,TRUE,FALSE,NA,"HMP1-2 taxonomy oral"
"k__Bacteria|p__Candidatus_Melainabacteria|c__Candidatus_Melainabacteria_unclassified|o__Candidatus_Gastranaerophilales|f__Candidatus_Gastranaerophilales_unclassified|g__GGB6016|s__GGB6016_SGB8648|t__SGB8648",1,0.000778816199376947,8.62000086200009e-05,FALSE,FALSE,FALSE,NA,"HMP1-2 taxonomy oral"
"k__Bacteria|p__Firmicutes|c__Clostridia|o__Clostridiales|f__Clostridiales_unclassified|g__Intestinimonas|s__Intestinimonas_butyriciproducens|t__SGB15126",3,0.00233644859813084,0.000288033335733334,FALSE,TRUE,FALSE,NA,"HMP1-2 taxonomy oral"
"k__Bacteria|p__Firmicutes|c__Clostridia|o__Clostridiales|f__Clostridiaceae|g__Clostridiaceae_unclassified|s__Clostridiaceae_bacterium_NSJ_31|t__SGB14839",0,0,NA,FALSE,FALSE,FALSE,NA,"HMP1-2 taxonomy oral"
"k__Bacteria|p__Firmicutes|c__CFGB1302|o__OFGB1302|f__FGB1302|g__GGB3123|s__GGB3123_SGB4135|t__SGB4135",0,0,NA,FALSE,FALSE,FALSE,NA,"HMP1-2 taxonomy oral"
"k__Bacteria|p__Firmicutes|c__Firmicutes_unclassified|o__Firmicutes_unclassified|f__Firmicutes_unclassified|g__Firmicutes_unclassified|s__Firmicutes_bacterium|t__SGB49188",3,0.00233644859813084,2.82000047633349e-05,FALSE,FALSE,FALSE,NA,"HMP1-2 taxonomy oral"
"k__Bacteria|p__Firmicutes|c__Clostridia|o__Clostridia_unclassified|f__Clostridia_unclassified|g__Clostridia_unclassified|s__Clostridia_bacterium|t__SGB6334",0,0,NA,FALSE,FALSE,FALSE,NA,"HMP1-2 taxonomy oral"
"k__Bacteria|p__Firmicutes|c__Clostridia|o__Clostridiales|f__Lachnospiraceae|g__Lachnospiraceae_unclassified|s__Lachnospiraceae_bacterium|t__SGB4782",0,0,NA,FALSE,FALSE,FALSE,NA,"HMP1-2 taxonomy oral"
"k__Bacteria|p__Firmicutes|c__Clostridia|o__Clostridiales|f__Clostridiaceae|g__Clostridium|s__Clostridium_sp_AM49_4BH|t__SGB4652",7,0.00545171339563863,0.000147257163724291,FALSE,TRUE,FALSE,NA,"HMP1-2 taxonomy oral"
"k__Bacteria|p__Bacteria_unclassified|c__Bacteria_unclassified|o__Bacteria_unclassified|f__Bacteria_unclassified|g__Bacteria_unclassified|s__bacterium_0_1xD8_71|t__SGB29428",0,0,NA,FALSE,FALSE,FALSE,NA,"HMP1-2 taxonomy oral"
"k__Bacteria|p__Firmicutes|c__Erysipelotrichia|o__Erysipelotrichales|f__Erysipelotrichaceae|g__Dielma|s__Dielma_fastidiosa|t__SGB4031",1,0.000778816199376947,0.0011875,FALSE,TRUE,FALSE,NA,"HMP1-2 taxonomy oral"
"k__Bacteria|p__Bacteroidetes|c__Bacteroidia|o__Bacteroidales|f__Rikenellaceae|g__Alistipes|s__Alistipes_inops|t__SGB2286",4,0.00311526479750779,1.7124997160001e-05,FALSE,FALSE,FALSE,NA,"HMP1-2 taxonomy oral"
"k__Bacteria|p__Firmicutes|c__Clostridia|o__Clostridiales|f__Clostridiales_unclassified|g__Clostridiales_unclassified|s__Clostridiales_bacterium|t__SGB59899",0,0,NA,FALSE,FALSE,FALSE,NA,"HMP1-2 taxonomy oral"
"k__Bacteria|p__Firmicutes|c__Clostridia|o__Clostridiales|f__Ruminococcaceae|g__Faecalibacterium|s__Faecalibacterium_prausnitzii|t__SGB15318_group",8,0.00623052959501558,0.000735737386178781,FALSE,TRUE,FALSE,NA,"HMP1-2 taxonomy oral"
"k__Bacteria|p__Firmicutes|c__Clostridia|o__Clostridiales|f__Christensenellaceae|g__Christensenellaceae_unclassified|s__Christensenellaceae_bacterium|t__SGB3813",0,0,NA,FALSE,FALSE,FALSE,NA,"HMP1-2 taxonomy oral"
"k__Bacteria|p__Firmicutes|c__Clostridia|o__Clostridiales|f__Lachnospiraceae|g__Lachnospiraceae_unclassified|s__Lachnospiraceae_bacterium|t__SGB5060",1,0.000778816199376947,2.93000087900026e-05,FALSE,FALSE,FALSE,NA,"HMP1-2 taxonomy oral"
"k__Bacteria|p__Firmicutes|c__Bacilli|o__Lactobacillales|f__Streptococcaceae|g__Streptococcus|s__Streptococcus_salivarius|t__SGB8007_group",1065,0.829439252336449,0.0232989139499613,TRUE,TRUE,TRUE,0.105152688215843,"HMP1-2 taxonomy oral"
"k__Bacteria|p__Actinobacteria|c__Actinobacteria|o__Micrococcales|f__Micrococcaceae|g__Rothia|s__Rothia_mucilaginosa|t__SGB16971",1148,0.894080996884735,0.0233590464037351,TRUE,TRUE,TRUE,0.113465700269496,"HMP1-2 taxonomy oral"
"k__Bacteria|p__Bacteroidetes|c__Bacteroidia|o__Bacteroidales|f__Prevotellaceae|g__Prevotella|s__Prevotella_melaninogenica|t__SGB1552",1144,0.890965732087227,0.0195452167120735,TRUE,TRUE,TRUE,0.0963744997275615,"HMP1-2 taxonomy oral"
"k__Bacteria|p__Actinobacteria|c__Actinobacteria|o__Actinomycetales|f__Actinomycetaceae|g__Actinomyces|s__Actinomyces_sp_ICM47|t__SGB17167",798,0.621495327102804,0.0220983840193893,TRUE,TRUE,TRUE,0.102829115269555,"HMP1-2 taxonomy oral"
"k__Bacteria|p__Firmicutes|c__Bacilli|o__Lactobacillales|f__Streptococcaceae|g__Streptococcus|s__Streptococcus_sp_263_SSPC|t__SGB8255_group",1038,0.808411214953271,0.00791597898921091,TRUE,TRUE,TRUE,0.0585586755140661,"HMP1-2 taxonomy oral"
"k__Bacteria|p__Actinobacteria|c__Actinobacteria|o__Actinomycetales|f__Actinomycetaceae|g__Trueperella|s__Trueperella_pyogenes|t__SGB17137",646,0.503115264797508,0.00414865379369744,TRUE,TRUE,TRUE,0.0427162723320396,"HMP1-2 taxonomy oral"
"k__Bacteria|p__Actinobacteria|c__Actinobacteria|o__Actinomycetales|f__Actinomycetaceae|g__Actinomyces|s__Actinomyces_graevenitzii|t__SGB17130",780,0.607476635514019,0.0134449143492125,TRUE,TRUE,TRUE,0.0761229426932571,"HMP1-2 taxonomy oral"
"k__Bacteria|p__Firmicutes|c__Bacilli|o__Lactobacillales|f__Streptococcaceae|g__Streptococcus|s__Streptococcus_infantis|t__SGB8095",1165,0.907320872274143,0.0111637888700592,TRUE,TRUE,TRUE,0.0683814999779109,"HMP1-2 taxonomy oral"
"k__Bacteria|p__Firmicutes|c__Bacilli|o__Bacillales|f__Bacillales_unclassified|g__Gemella|s__Gemella_sanguinis|t__SGB7298",952,0.741433021806854,0.00498025590682538,TRUE,TRUE,TRUE,0.0450410658586227,"HMP1-2 taxonomy oral"
"k__Bacteria|p__Firmicutes|c__Negativicutes|o__Veillonellales|f__Veillonellaceae|g__Veillonella|s__Veillonella_rogosae|t__SGB6956",1073,0.835669781931464,0.0178043584652852,TRUE,TRUE,TRUE,0.0966612787363125,"HMP1-2 taxonomy oral"
"k__Bacteria|p__Bacteroidetes|c__Bacteroidia|o__Bacteroidales|f__Prevotellaceae|g__Prevotella|s__Prevotella_salivae|t__SGB1522",762,0.593457943925234,0.0042692565662313,TRUE,TRUE,TRUE,0.0421264125794174,"HMP1-2 taxonomy oral"
"k__Bacteria|p__Bacteroidetes|c__Bacteroidia|o__Bacteroidales|f__Prevotellaceae|g__Prevotella|s__Prevotella_histicola|t__SGB1543",742,0.577881619937695,0.0126228118079771,TRUE,TRUE,TRUE,0.0823529849298767,"HMP1-2 taxonomy oral"
"k__Bacteria|p__Firmicutes|c__Clostridia|o__Clostridiales|f__Lachnospiraceae|g__Oribacterium|s__Oribacterium_sinus|t__SGB5273",743,0.578660436137072,0.00445401478924333,TRUE,TRUE,TRUE,0.0385507961476869,"HMP1-2 taxonomy oral"
"k__Bacteria|p__Proteobacteria|c__Epsilonproteobacteria|o__Campylobacterales|f__Campylobacteraceae|g__Campylobacter|s__Campylobacter_concisus|t__SGB19351",1133,0.882398753894081,0.00969518018540266,TRUE,TRUE,TRUE,0.0652727308349591,"HMP1-2 taxonomy oral"
"k__Bacteria|p__Bacteroidetes|c__Bacteroidia|o__Bacteroidales|f__Prevotellaceae|g__Prevotella|s__Prevotella_nanceiensis|t__SGB1536",1037,0.807632398753894,0.00674205520513585,TRUE,TRUE,TRUE,0.0575066150407748,"HMP1-2 taxonomy oral"
"k__Bacteria|p__Actinobacteria|c__Coriobacteriia|o__Coriobacteriales|f__Atopobiaceae|g__Lancefieldella|s__Lancefieldella_parvula|t__SGB969",680,0.529595015576324,0.00794015557157795,TRUE,TRUE,TRUE,0.0560675617575746,"HMP1-2 taxonomy oral"
"k__Bacteria|p__Candidatus_Saccharibacteria|c__Candidatus_Saccharibacteria_unclassified|o__Candidatus_Saccharibacteria_unclassified|f__Candidatus_Saccharibacteria_unclassified|g__Candidatus_Saccharibacteria_unclassified|s__Candidatus_Saccharibacteria_unclassified_SGB19850|t__SGB19850_group",901,0.701713395638629,0.0174720626535405,TRUE,TRUE,TRUE,0.0935296083486962,"HMP1-2 taxonomy oral"
"k__Bacteria|p__Firmicutes|c__Negativicutes|o__Veillonellales|f__Veillonellaceae|g__Megasphaera|s__Megasphaera_micronuciformis|t__SGB5868",681,0.530373831775701,0.00495599377139448,TRUE,TRUE,TRUE,0.0468381747022318,"HMP1-2 taxonomy oral"
"k__Bacteria|p__Fusobacteria|c__Fusobacteriia|o__Fusobacteriales|f__Leptotrichiaceae|g__Leptotrichia|s__Leptotrichia_wadei|t__SGB6055",883,0.687694704049844,0.0066136669538478,TRUE,TRUE,TRUE,0.0605849568280947,"HMP1-2 taxonomy oral"
"k__Bacteria|p__Fusobacteria|c__Fusobacteriia|o__Fusobacteriales|f__Fusobacteriaceae|g__Fusobacterium|s__Fusobacterium_pseudoperiodonticum|t__SGB5989",1172,0.912772585669782,0.0147657466645939,TRUE,TRUE,TRUE,0.0827750352849455,"HMP1-2 taxonomy oral"
"k__Bacteria|p__Actinobacteria|c__Actinobacteria|o__Actinomycetales|f__Actinomycetaceae|g__Actinomyces|s__Actinomyces_SGB17168|t__SGB17168",586,0.456386292834891,0.0120558611969815,TRUE,TRUE,TRUE,0.0791463373155259,"HMP1-2 taxonomy oral"
"k__Bacteria|p__Firmicutes|c__Clostridia|o__Clostridiales|f__Lachnospiraceae|g__GGB3887|s__GGB3887_SGB5270|t__SGB5270",385,0.299844236760125,0.00200771634528479,TRUE,TRUE,TRUE,0.0279337777911177,"HMP1-2 taxonomy oral"
"k__Bacteria|p__Firmicutes|c__Erysipelotrichia|o__Erysipelotrichales|f__Erysipelotrichaceae|g__Solobacterium|s__Solobacterium_SGB6833|t__SGB6833_group",806,0.627725856697819,0.00327598037149967,TRUE,TRUE,TRUE,0.0360978891472091,"HMP1-2 taxonomy oral"
"k__Bacteria|p__Firmicutes|c__Clostridia|o__Clostridiales|f__Lachnospiraceae|g__Stomatobaculum|s__Stomatobaculum_SGB5266|t__SGB5266",729,0.567757009345794,0.00269901610097496,TRUE,TRUE,TRUE,0.0326201092973234,"HMP1-2 taxonomy oral"
"k__Bacteria|p__Actinobacteria|c__Actinobacteria|o__Micrococcales|f__Promicromonosporaceae|g__Isoptericola|s__Isoptericola_variabilis|t__SGB17153_group",1102,0.858255451713396,0.00440497615908834,TRUE,TRUE,TRUE,0.0439842407436567,"HMP1-2 taxonomy oral"
"k__Bacteria|p__Bacteroidetes|c__Bacteroidia|o__Bacteroidales|f__Prevotellaceae|g__Prevotella|s__Prevotella_pallens|t__SGB1564",778,0.605919003115265,0.0073986796686315,TRUE,TRUE,TRUE,0.0541487441595956,"HMP1-2 taxonomy oral"
"k__Bacteria|p__Firmicutes|c__Bacilli|o__Lactobacillales|f__Streptococcaceae|g__Streptococcus|s__Streptococcus_mitis|t__SGB8163",1273,0.991433021806854,0.102024182676104,TRUE,TRUE,TRUE,0.269497430543218,"HMP1-2 taxonomy oral"
"k__Bacteria|p__Firmicutes|c__Bacilli|o__Lactobacillales|f__Streptococcaceae|g__Streptococcus|s__Streptococcus_sp_A12|t__SGB8059_group",1023,0.796728971962617,0.00692758068420228,TRUE,TRUE,TRUE,0.0631385042756746,"HMP1-2 taxonomy oral"
"k__Bacteria|p__Firmicutes|c__Clostridia|o__Clostridiales|f__Lachnospiraceae|g__Lachnoanaerobaculum|s__Lachnoanaerobaculum_orale|t__SGB4482",745,0.580218068535826,0.00305855530086841,TRUE,TRUE,TRUE,0.0372379803637053,"HMP1-2 taxonomy oral"
"k__Bacteria|p__Firmicutes|c__Clostridia|o__Clostridiales|f__Lachnospiraceae|g__Stomatobaculum|s__Stomatobaculum_longum|t__SGB5265",596,0.46417445482866,0.00263060124073561,TRUE,TRUE,TRUE,0.0359825684482424,"HMP1-2 taxonomy oral"
"k__Bacteria|p__Proteobacteria|c__Betaproteobacteria|o__Neisseriales|f__Neisseriaceae|g__Neisseria|s__Neisseria_subflava|t__SGB9450_group",1183,0.921339563862928,0.0390070559750675,TRUE,TRUE,TRUE,0.14831180303911,"HMP1-2 taxonomy oral"
"k__Bacteria|p__Firmicutes|c__Bacilli|o__Lactobacillales|f__Streptococcaceae|g__Streptococcus|s__Streptococcus_thermophilus|t__SGB8002",133,0.103582554517134,0.000392457177763711,TRUE,TRUE,TRUE,0.0160012628715299,"HMP1-2 taxonomy oral"
"k__Bacteria|p__Fusobacteria|c__Fusobacteriia|o__Fusobacteriales|f__Leptotrichiaceae|g__GGB4395|s__GGB4395_SGB6050|t__SGB6050",556,0.433021806853583,0.00332499337464875,TRUE,TRUE,TRUE,0.0408801453337116,"HMP1-2 taxonomy oral"
"k__Bacteria|p__Bacteroidetes|c__Bacteroidia|o__Bacteroidales|f__Porphyromonadaceae|g__Porphyromonas|s__Porphyromonas_pasteri|t__SGB2043",1182,0.920560747663551,0.0174734755503469,TRUE,TRUE,TRUE,0.084800493339274,"HMP1-2 taxonomy oral"
"k__Bacteria|p__Firmicutes|c__Clostridia|o__Clostridiales|f__Lachnospiraceae|g__Lachnoanaerobaculum|s__Lachnoanaerobaculum_sp_ICM7|t__SGB4494_group",955,0.743769470404984,0.00182585260448446,TRUE,TRUE,TRUE,0.0258637478464208,"HMP1-2 taxonomy oral"
"k__Bacteria|p__Fusobacteria|c__Fusobacteriia|o__Fusobacteriales|f__Leptotrichiaceae|g__Leptotrichia|s__Leptotrichia_sp_oral_taxon_215|t__SGB6067",990,0.771028037383178,0.00372097409733463,TRUE,TRUE,TRUE,0.04065546581274,"HMP1-2 taxonomy oral"
"k__Bacteria|p__Actinobacteria|c__Actinobacteria|o__Actinomycetales|f__Actinomycetaceae|g__Actinomyces|s__Actinomyces_sp_S6_Spd3|t__SGB17132_group",561,0.436915887850467,0.00193126051438422,TRUE,TRUE,TRUE,0.023043330234744,"HMP1-2 taxonomy oral"
"k__Bacteria|p__Firmicutes|c__Bacilli|o__Lactobacillales|f__Streptococcaceae|g__Streptococcus|s__Streptococcus_oralis|t__SGB8130",1260,0.981308411214953,0.0256758808133343,TRUE,TRUE,TRUE,0.107104067723835,"HMP1-2 taxonomy oral"
"k__Bacteria|p__Candidatus_Saccharibacteria|c__Candidatus_Saccharibacteria_unclassified|o__Candidatus_Saccharibacteria_unclassified|f__Candidatus_Saccharibacteria_unclassified|g__Candidatus_Saccharibacteria_unclassified|s__TM7_phylum_sp_oral_taxon_351|t__SGB76214",468,0.364485981308411,0.000885562838355889,TRUE,TRUE,TRUE,0.0167778911846077,"HMP1-2 taxonomy oral"
"k__Bacteria|p__Firmicutes|c__Bacilli|o__Lactobacillales|f__Streptococcaceae|g__Streptococcus|s__Streptococcus_sanguinis|t__SGB8047",1227,0.955607476635514,0.014939655023874,TRUE,TRUE,TRUE,0.0815928218185132,"HMP1-2 taxonomy oral"
"k__Bacteria|p__Bacteroidetes|c__Bacteroidia|o__Bacteroidales|f__Bacteroidaceae|g__Bacteroidaceae_unclassified|s__Bacteroidaceae_unclassified_SGB1468|t__SGB1468",866,0.674454828660436,0.00419923131914753,TRUE,TRUE,TRUE,0.0439584925533045,"HMP1-2 taxonomy oral"
"k__Bacteria|p__Fusobacteria|c__Fusobacteriia|o__Fusobacteriales|f__Fusobacteriaceae|g__Fusobacterium|s__Fusobacterium_nucleatum|t__SGB6001",1217,0.947819314641745,0.00605453133686159,TRUE,TRUE,TRUE,0.0526767911536532,"HMP1-2 taxonomy oral"
"k__Bacteria|p__Firmicutes|c__Clostridia|o__Clostridiales|f__Lachnospiraceae|g__Oribacterium|s__Oribacterium_asaccharolyticum|t__SGB5285",511,0.39797507788162,0.00122132732031266,TRUE,TRUE,TRUE,0.0180355701003112,"HMP1-2 taxonomy oral"
"k__Bacteria|p__Proteobacteria|c__Gammaproteobacteria|o__Pasteurellales|f__Pasteurellaceae|g__Haemophilus|s__Haemophilus_haemolyticus|t__SGB9649",1010,0.786604361370717,0.0239429586330704,TRUE,TRUE,TRUE,0.134054403302521,"HMP1-2 taxonomy oral"
"k__Bacteria|p__Bacteroidetes|c__Flavobacteriia|o__Flavobacteriales|f__Weeksellaceae|g__GGB1843|s__GGB1843_SGB2524|t__SGB2524_group",1231,0.958722741433022,0.00590186267113304,TRUE,TRUE,TRUE,0.0404902182953478,"HMP1-2 taxonomy oral"
"k__Bacteria|p__Firmicutes|c__Bacilli|o__Lactobacillales|f__Streptococcaceae|g__Streptococcus|s__Streptococcus_gordonii|t__SGB8053",985,0.767133956386293,0.0064223703543129,TRUE,TRUE,TRUE,0.0554114547329194,"HMP1-2 taxonomy oral"
"k__Bacteria|p__Proteobacteria|c__Betaproteobacteria|o__Neisseriales|f__Neisseriaceae|g__Kingella|s__Kingella_oralis|t__SGB9422",902,0.702492211838006,0.00574623548832413,TRUE,TRUE,TRUE,0.0536300737155202,"HMP1-2 taxonomy oral"
"k__Bacteria|p__Actinobacteria|c__Actinobacteria|o__Micrococcales|f__Micrococcaceae|g__Rothia|s__Rothia_dentocariosa|t__SGB16988_group",1214,0.945482866043614,0.031112049929017,TRUE,TRUE,TRUE,0.138000141192484,"HMP1-2 taxonomy oral"
"k__Bacteria|p__Proteobacteria|c__Gammaproteobacteria|o__Pasteurellales|f__Pasteurellaceae|g__Haemophilus|s__Haemophilus_sputorum|t__SGB9631",715,0.556853582554517,0.00153301919737194,TRUE,TRUE,TRUE,0.0283431275726998,"HMP1-2 taxonomy oral"
"k__Bacteria|p__Firmicutes|c__Bacilli|o__Lactobacillales|f__Lactobacillaceae|g__Lactobacillus|s__Lactobacillus_helveticus|t__SGB7048",8,0.00623052959501558,0.0012237124210213,FALSE,TRUE,FALSE,NA,"HMP1-2 taxonomy oral"
"k__Bacteria|p__Firmicutes|c__Bacilli|o__Bacillales|f__Staphylococcaceae|g__Staphylococcus|s__Staphylococcus_aureus|t__SGB7852",5,0.00389408099688474,0.00105375984233004,FALSE,TRUE,FALSE,NA,"HMP1-2 taxonomy oral"
"k__Bacteria|p__Actinobacteria|c__Actinobacteria|o__Actinomycetales|f__Actinomycetaceae|g__Actinomyces|s__Actinomyces_SGB17154|t__SGB17154",389,0.302959501557632,0.010155866630019,TRUE,TRUE,TRUE,0.0761442924660786,"HMP1-2 taxonomy oral"
"k__Bacteria|p__Bacteroidetes|c__Flavobacteriia|o__Flavobacteriales|f__Flavobacteriaceae|g__Capnocytophaga|s__Capnocytophaga_SGB2480|t__SGB2480",662,0.515576323987539,0.00426360811440061,TRUE,TRUE,TRUE,0.0490018097774328,"HMP1-2 taxonomy oral"
"k__Bacteria|p__Bacteroidetes|c__Bacteroidia|o__Bacteroidales|f__Prevotellaceae|g__Prevotella|s__Prevotella_nigrescens|t__SGB1561",706,0.549844236760125,0.00267175806925326,TRUE,TRUE,TRUE,0.040919014887012,"HMP1-2 taxonomy oral"
"k__Bacteria|p__Firmicutes|c__Bacilli|o__Bacillales|f__Bacillales_unclassified|g__Gemella|s__Gemella_haemolysans|t__SGB7285",983,0.765576323987539,0.0125175344988356,TRUE,TRUE,TRUE,0.0921436562455288,"HMP1-2 taxonomy oral"
"k__Bacteria|p__Bacteroidetes|c__Flavobacteriia|o__Flavobacteriales|f__Flavobacteriaceae|g__Capnocytophaga|s__Capnocytophaga_leadbetteri|t__SGB2492",1089,0.848130841121495,0.00725791307827908,TRUE,TRUE,TRUE,0.0606789139111102,"HMP1-2 taxonomy oral"
"k__Bacteria|p__Fusobacteria|c__Fusobacteriia|o__Fusobacteriales|f__Fusobacteriaceae|g__Fusobacterium|s__Fusobacterium_nucleatum|t__SGB6007",1186,0.923676012461059,0.0019321808424764,TRUE,TRUE,TRUE,0.0317335715797756,"HMP1-2 taxonomy oral"
"k__Bacteria|p__Candidatus_Saccharibacteria|c__Candidatus_Nanosyncoccalia|o__Candidatus_Nanogingivales|f__Candidatus_Nanogingivalaceae|g__GGB12785|s__GGB12785_SGB19823|t__SGB19823",431,0.335669781931464,0.00321112235558405,TRUE,TRUE,TRUE,0.0402854852921633,"HMP1-2 taxonomy oral"
"k__Bacteria|p__Fusobacteria|c__Fusobacteriia|o__Fusobacteriales|f__Leptotrichiaceae|g__Leptotrichia|s__Leptotrichia_sp_oral_taxon_212|t__SGB6070_group",925,0.720404984423676,0.00329193557661048,TRUE,TRUE,TRUE,0.0414945698122477,"HMP1-2 taxonomy oral"
"k__Bacteria|p__Firmicutes|c__Bacilli|o__Lactobacillales|f__Carnobacteriaceae|g__Granulicatella|s__Granulicatella_adiacens|t__SGB8249",1034,0.805295950155763,0.00189542378373275,TRUE,TRUE,TRUE,0.0268456421468726,"HMP1-2 taxonomy oral"
"k__Bacteria|p__Bacteroidetes|c__Bacteroidia|o__Bacteroidales|f__Prevotellaceae|g__Alloprevotella|s__Alloprevotella_SGB1466|t__SGB1466",474,0.369158878504673,0.00867250226198873,TRUE,TRUE,TRUE,0.082745861648701,"HMP1-2 taxonomy oral"
"k__Bacteria|p__Firmicutes|c__Bacilli|o__Lactobacillales|f__Streptococcaceae|g__Streptococcus|s__Streptococcus_peroris|t__SGB8084",381,0.296728971962617,0.000871867971323945,TRUE,TRUE,TRUE,0.0268568952976722,"HMP1-2 taxonomy oral"
"k__Bacteria|p__Actinobacteria|c__Actinobacteria|o__Actinomycetales|f__Actinomycetaceae|g__Actinomyces|s__Actinomyces_oris|t__SGB15878",1212,0.94392523364486,0.0316729261229468,TRUE,TRUE,TRUE,0.13326126898091,"HMP1-2 taxonomy oral"
"k__Bacteria|p__Bacteroidetes|c__Flavobacteriia|o__Flavobacteriales|f__Flavobacteriaceae|g__Capnocytophaga|s__Capnocytophaga_gingivalis|t__SGB2479",1117,0.86993769470405,0.00817517178371114,TRUE,TRUE,TRUE,0.0599732759653684,"HMP1-2 taxonomy oral"
"k__Bacteria|p__Fusobacteria|c__Fusobacteriia|o__Fusobacteriales|f__Fusobacteriaceae|g__Fusobacterium|s__Fusobacterium_nucleatum|t__SGB6011",1097,0.854361370716511,0.000960724324256267,TRUE,TRUE,TRUE,0.0236762114329581,"HMP1-2 taxonomy oral"
"k__Bacteria|p__Bacteroidetes|c__Flavobacteriia|o__Flavobacteriales|f__Flavobacteriaceae|g__Capnocytophaga|s__Capnocytophaga_sputigena|t__SGB2502_group",1026,0.799065420560748,0.00838726319594286,TRUE,TRUE,TRUE,0.0659909322948153,"HMP1-2 taxonomy oral"
"k__Bacteria|p__Proteobacteria|c__Betaproteobacteria|o__Neisseriales|f__Neisseriaceae|g__Neisseria|s__Neisseria_sicca|t__SGB9467_group",946,0.736760124610592,0.01733607101867,TRUE,TRUE,TRUE,0.101287711766602,"HMP1-2 taxonomy oral"
"k__Bacteria|p__Firmicutes|c__Negativicutes|o__Selenomonadales|f__Selenomonadaceae|g__Selenomonas|s__Selenomonas_SGB5880|t__SGB5880_group",684,0.532710280373832,0.00277714210093751,TRUE,TRUE,TRUE,0.0360302064299193,"HMP1-2 taxonomy oral"
"k__Bacteria|p__Proteobacteria|c__Gammaproteobacteria|o__Pasteurellales|f__Pasteurellaceae|g__Aggregatibacter|s__Aggregatibacter_sp_oral_taxon_458|t__SGB9733",880,0.685358255451713,0.0046403738549004,TRUE,TRUE,TRUE,0.0481950288183239,"HMP1-2 taxonomy oral"
"k__Bacteria|p__Firmicutes|c__Bacilli|o__Lactobacillales|f__Streptococcaceae|g__Streptococcus|s__Streptococcus_cristatus|t__SGB8031",834,0.649532710280374,0.00233756998712632,TRUE,TRUE,TRUE,0.0331425362277896,"HMP1-2 taxonomy oral"
"k__Bacteria|p__Actinobacteria|c__Actinobacteria|o__Micrococcales|f__Micrococcaceae|g__Rothia|s__Rothia_aeria|t__SGB16987",960,0.747663551401869,0.0119128600146446,TRUE,TRUE,TRUE,0.081269890819496,"HMP1-2 taxonomy oral"
"k__Bacteria|p__Firmicutes|c__Bacilli|o__Lactobacillales|f__Streptococcaceae|g__Streptococcus|s__Streptococcus_mutans|t__SGB8000",223,0.173676012461059,0.00406812445040509,TRUE,TRUE,TRUE,0.0473474989460096,"HMP1-2 taxonomy oral"
"k__Bacteria|p__Bacteroidetes|c__Flavobacteriia|o__Flavobacteriales|f__Flavobacteriaceae|g__Capnocytophaga|s__Capnocytophaga_granulosa|t__SGB2483",727,0.56619937694704,0.00517712285459023,TRUE,TRUE,TRUE,0.0551815319440105,"HMP1-2 taxonomy oral"
"k__Bacteria|p__Proteobacteria|c__Betaproteobacteria|o__Neisseriales|f__Neisseriaceae|g__GGB6688|s__GGB6688_SGB9473|t__SGB9473",223,0.173676012461059,0.000337931815048925,TRUE,TRUE,TRUE,0.0129713383508089,"HMP1-2 taxonomy oral"
"k__Bacteria|p__Actinobacteria|c__Actinobacteria|o__Corynebacteriales|f__Corynebacteriaceae|g__Corynebacterium|s__Corynebacterium_durum|t__SGB17008",916,0.713395638629283,0.00842608681789382,TRUE,TRUE,TRUE,0.0695261098718321,"HMP1-2 taxonomy oral"
"k__Bacteria|p__Actinobacteria|c__Actinobacteria|o__Propionibacteriales|f__Propionibacteriaceae|g__GGB10022|s__GGB10022_SGB15896|t__SGB15896",329,0.256230529595016,0.0132277499925696,TRUE,TRUE,TRUE,0.0912888675503475,"HMP1-2 taxonomy oral"
"k__Bacteria|p__Bacteroidetes|c__Bacteroidia|o__Bacteroidales|f__Prevotellaceae|g__Prevotella|s__Prevotella_oris|t__SGB1525",821,0.639408099688474,0.00171793999210667,TRUE,TRUE,TRUE,0.0314838758772542,"HMP1-2 taxonomy oral"
"k__Bacteria|p__Firmicutes|c__Bacilli|o__Lactobacillales|f__Aerococcaceae|g__Abiotrophia|s__Abiotrophia_defectiva|t__SGB8235",600,0.467289719626168,0.00356123731707964,TRUE,TRUE,TRUE,0.0422391408184651,"HMP1-2 taxonomy oral"
"k__Bacteria|p__Proteobacteria|c__Gammaproteobacteria|o__Pasteurellales|f__Pasteurellaceae|g__Haemophilus|s__Haemophilus_influenzae|t__SGB9648_group",725,0.564641744548287,0.0067562769142805,TRUE,TRUE,TRUE,0.0681170504208337,"HMP1-2 taxonomy oral"
"k__Bacteria|p__Firmicutes|c__Bacilli|o__Lactobacillales|f__Streptococcaceae|g__Streptococcus|s__Streptococcus_intermedius|t__SGB8025",567,0.441588785046729,0.00108191565480944,TRUE,TRUE,TRUE,0.0227811545383698,"HMP1-2 taxonomy oral"
"k__Bacteria|p__Proteobacteria|c__Gammaproteobacteria|o__Cardiobacteriales|f__Cardiobacteriaceae|g__Cardiobacterium|s__Cardiobacterium_hominis|t__SGB9418",804,0.626168224299065,0.00581151416808693,TRUE,TRUE,TRUE,0.054746174158003,"HMP1-2 taxonomy oral"
"k__Bacteria|p__Bacteroidetes|c__Bacteroidia|o__Bacteroidales|f__Prevotellaceae|g__Prevotella|s__Prevotella_sp_F0091|t__SGB1547",300,0.233644859813084,0.000625203405684857,TRUE,TRUE,TRUE,0.0209526495716699,"HMP1-2 taxonomy oral"
"k__Bacteria|p__Bacteroidetes|c__Bacteroidia|o__Bacteroidales|f__Prevotellaceae|g__Alloprevotella|s__Prevotella_sp_oral_taxon_473|t__SGB1464",372,0.289719626168224,0.00168479313771182,TRUE,TRUE,TRUE,0.0300731582256707,"HMP1-2 taxonomy oral"
"k__Bacteria|p__Bacteroidetes|c__CFGB524|o__OFGB524|f__FGB524|g__GGB1088|s__GGB1088_SGB1395|t__SGB1395",535,0.416666666666667,0.00466746886142615,TRUE,TRUE,TRUE,0.0572374132041185,"HMP1-2 taxonomy oral"
"k__Bacteria|p__Bacteroidetes|c__Bacteroidia|o__Bacteroidales|f__Prevotellaceae|g__Prevotella|s__Prevotella_pleuritidis|t__SGB1526",327,0.254672897196262,0.00170799683073793,TRUE,TRUE,TRUE,0.0327122043384596,"HMP1-2 taxonomy oral"
"k__Bacteria|p__Fusobacteria|c__Fusobacteriia|o__Fusobacteriales|f__Fusobacteriaceae|g__Fusobacterium|s__Fusobacterium_nucleatum|t__SGB6014",1101,0.857476635514019,0.00330214795123463,TRUE,TRUE,TRUE,0.0451765084193523,"HMP1-2 taxonomy oral"
"k__Bacteria|p__Firmicutes|c__Bacilli|o__Lactobacillales|f__Streptococcaceae|g__Streptococcus|s__Streptococcus_mitis|t__SGB8091",519,0.404205607476636,0.00422910854936317,TRUE,TRUE,TRUE,0.0480734066841341,"HMP1-2 taxonomy oral"
"k__Bacteria|p__Actinobacteria|c__Coriobacteriia|o__Coriobacteriales|f__Atopobiaceae|g__Lancefieldella|s__Lancefieldella_parvula|t__SGB964",377,0.293613707165109,0.000266677188461262,TRUE,TRUE,TRUE,0.0118477044951898,"HMP1-2 taxonomy oral"
"k__Bacteria|p__Proteobacteria|c__Betaproteobacteria|o__Burkholderiales|f__Burkholderiaceae|g__Lautropia|s__Lautropia_mirabilis|t__SGB13165",1036,0.806853582554517,0.0127043242818898,TRUE,TRUE,TRUE,0.0859427818778036,"HMP1-2 taxonomy oral"
"k__Bacteria|p__Actinobacteria|c__Actinobacteria|o__Actinomycetales|f__Actinomycetaceae|g__Actinomyces|s__Actinomyces_sp_ICM58|t__SGB17169",404,0.314641744548287,0.0121273713342567,TRUE,TRUE,TRUE,0.0855695221574642,"HMP1-2 taxonomy oral"
"k__Bacteria|p__Firmicutes|c__Clostridia|o__Clostridiales|f__Lachnospiraceae|g__Oribacterium|s__Oribacterium_SGB5283|t__SGB5283",271,0.211059190031153,0.000759343145884712,TRUE,TRUE,TRUE,0.0208477438840073,"HMP1-2 taxonomy oral"
"k__Bacteria|p__Candidatus_Saccharibacteria|c__Candidatus_Saccharibacteria_unclassified|o__Candidatus_Saccharibacteria_unclassified|f__Candidatus_Saccharibacteria_unclassified|g__Candidatus_Saccharibacteria_unclassified|s__Candidatus_Saccharibacteria_unclassified_SGB19782|t__SGB19782",466,0.362928348909657,0.00176885980785131,TRUE,TRUE,TRUE,0.0278740004201674,"HMP1-2 taxonomy oral"
"k__Bacteria|p__Proteobacteria|c__Gammaproteobacteria|o__Pasteurellales|f__Pasteurellaceae|g__Haemophilus|s__Haemophilus_parahaemolyticus|t__SGB9632",453,0.352803738317757,0.00398194622456417,TRUE,TRUE,TRUE,0.0524593387775975,"HMP1-2 taxonomy oral"
"k__Bacteria|p__Fusobacteria|c__Fusobacteriia|o__Fusobacteriales|f__Fusobacteriaceae|g__Fusobacterium|s__Fusobacterium_nucleatum|t__SGB6013",614,0.478193146417445,0.00125877328530921,TRUE,TRUE,TRUE,0.0301242383208051,"HMP1-2 taxonomy oral"
"k__Bacteria|p__Bacteroidetes|c__Bacteroidia|o__Bacteroidales|f__Prevotellaceae|g__Prevotella|s__Prevotella_jejuni|t__SGB1545",643,0.500778816199377,0.00860029875625513,TRUE,TRUE,TRUE,0.0661840463448665,"HMP1-2 taxonomy oral"
"k__Bacteria|p__Firmicutes|c__Negativicutes|o__Veillonellales|f__Veillonellaceae|g__Veillonella|s__Veillonella_tobetsuensis|t__SGB6935",357,0.27803738317757,0.00480233627501906,TRUE,TRUE,TRUE,0.050029222910153,"HMP1-2 taxonomy oral"
"k__Bacteria|p__Firmicutes|c__Bacilli|o__Lactobacillales|f__Carnobacteriaceae|g__Granulicatella|s__Granulicatella_elegans|t__SGB8245_group",745,0.580218068535826,0.00406692906482842,TRUE,TRUE,TRUE,0.0501027370830528,"HMP1-2 taxonomy oral"
"k__Bacteria|p__Fusobacteria|c__Fusobacteriia|o__Fusobacteriales|f__Leptotrichiaceae|g__Leptotrichia|s__Leptotrichia_massiliensis|t__SGB6063",453,0.352803738317757,0.00232051280641379,TRUE,TRUE,TRUE,0.0354215923064353,"HMP1-2 taxonomy oral"
"k__Bacteria|p__Firmicutes|c__Bacilli|o__Bacillales|f__Bacillales_unclassified|g__Gemella|s__Gemella_haemolysans|t__SGB7292",960,0.747663551401869,0.0045500630725563,TRUE,TRUE,TRUE,0.0522192301180752,"HMP1-2 taxonomy oral"
"k__Bacteria|p__Proteobacteria|c__Betaproteobacteria|o__Burkholderiales|f__Comamonadaceae|g__Curvibacter|s__Curvibacter_gracilis|t__SGB32622",1,0.000778816199376947,4.63e-05,FALSE,FALSE,FALSE,NA,"HMP1-2 taxonomy oral"
"k__Bacteria|p__Actinobacteria|c__Actinobacteria|o__Corynebacteriales|f__Corynebacteriaceae|g__Corynebacterium|s__Corynebacterium_matruchotii|t__SGB17007",954,0.742990654205608,0.0380510140322137,TRUE,TRUE,TRUE,0.150850754926996,"HMP1-2 taxonomy oral"
"k__Bacteria|p__Candidatus_Gracilibacteria|c__Candidatus_Gracilibacteria_unclassified|o__Candidatus_Gracilibacteria_unclassified|f__Candidatus_Gracilibacteria_unclassified|g__Candidatus_Gracilibacteria_unclassified|s__Candidatus_Gracilibacteria_bacterium_GN02_872|t__SGB5978",302,0.235202492211838,0.00356477940935144,TRUE,TRUE,TRUE,0.0408859406608358,"HMP1-2 taxonomy oral"
"k__Bacteria|p__Actinobacteria|c__Actinobacteria|o__Actinomycetales|f__Actinomycetaceae|g__Actinomyces|s__Actinomyces_naeslundii|t__SGB15888",725,0.564641744548287,0.00769600699759653,TRUE,TRUE,TRUE,0.0638380101733237,"HMP1-2 taxonomy oral"
"k__Bacteria|p__Candidatus_Saccharibacteria|c__CFGB4355|o__OFGB4355|f__FGB4355|g__GGB12788|s__GGB12788_SGB19831|t__SGB19831",578,0.450155763239875,0.00786155516400254,TRUE,TRUE,TRUE,0.0684381836903775,"HMP1-2 taxonomy oral"
"k__Bacteria|p__Candidatus_Absconditabacteria|c__Candidatus_Absconditabacteria_unclassified|o__Candidatus_Absconditabacteria_unclassified|f__Candidatus_Absconditabacteria_unclassified|g__Candidatus_Absconditabacteria_unclassified|s__candidate_division_SR1_bacterium_MGEHA|t__SGB6891",586,0.456386292834891,0.002866069963424,TRUE,TRUE,TRUE,0.0372242288301262,"HMP1-2 taxonomy oral"
"k__Bacteria|p__Actinobacteria|c__Actinobacteria|o__Actinomycetales|f__Actinomycetaceae|g__Actinobaculum|s__Actinobaculum_sp_oral_taxon_183|t__SGB15892",649,0.505451713395639,0.0137640821521484,TRUE,TRUE,TRUE,0.0921316276248785,"HMP1-2 taxonomy oral"
"k__Bacteria|p__Actinobacteria|c__Actinobacteria|o__Actinomycetales|f__Actinomycetaceae|g__Actinomyces|s__Actinomyces_massiliensis|t__SGB15873",617,0.480529595015576,0.01069235073624,TRUE,TRUE,TRUE,0.0683408852595444,"HMP1-2 taxonomy oral"
"k__Bacteria|p__Bacteroidetes|c__Flavobacteriia|o__Flavobacteriales|f__Flavobacteriaceae|g__Capnocytophaga|s__Capnocytophaga_sp_oral_taxon_863|t__SGB2486",233,0.181464174454829,0.00121232613443348,TRUE,TRUE,TRUE,0.0280068474292377,"HMP1-2 taxonomy oral"
"k__Bacteria|p__Proteobacteria|c__Epsilonproteobacteria|o__Campylobacterales|f__Campylobacteraceae|g__Campylobacter|s__Campylobacter_gracilis|t__SGB19300",698,0.543613707165109,0.00227994841687133,TRUE,TRUE,TRUE,0.033333015520017,"HMP1-2 taxonomy oral"
"k__Bacteria|p__Bacteroidetes|c__Bacteroidia|o__Bacteroidales|f__Prevotellaceae|g__Prevotella|s__Prevotella_loescheii|t__SGB1457",555,0.432242990654206,0.00349578956899211,TRUE,TRUE,TRUE,0.0444133196401104,"HMP1-2 taxonomy oral"
"k__Bacteria|p__Actinobacteria|c__Actinobacteria|o__Propionibacteriales|f__Propionibacteriaceae|g__Arachnia|s__Arachnia_SGB15899|t__SGB15899",319,0.248442367601246,0.00331575553319837,TRUE,TRUE,TRUE,0.0422171946846092,"HMP1-2 taxonomy oral"
"k__Bacteria|p__Candidatus_Saccharibacteria|c__Candidatus_Saccharibacteria_unclassified|o__Candidatus_Saccharibacteria_unclassified|f__Candidatus_Saccharibacteria_unclassified|g__GGB12796|s__GGB12796_SGB19893|t__SGB19893",551,0.429127725856698,0.00182541878140643,TRUE,TRUE,TRUE,0.0309553286608745,"HMP1-2 taxonomy oral"
"k__Bacteria|p__Proteobacteria|c__Betaproteobacteria|o__Neisseriales|f__Neisseriaceae|g__Eikenella|s__Eikenella_corrodens|t__SGB9434",756,0.588785046728972,0.00192333137579434,TRUE,TRUE,TRUE,0.0260171284957742,"HMP1-2 taxonomy oral"
"k__Bacteria|p__Actinobacteria|c__Actinobacteria|o__Propionibacteriales|f__Propionibacteriaceae|g__Arachnia|s__Pseudopropionibacterium_massiliense|t__SGB35138",84,0.0654205607476635,0.00135489136284447,FALSE,TRUE,FALSE,NA,"HMP1-2 taxonomy oral"
"k__Bacteria|p__Bacteroidetes|c__Flavobacteriia|o__Flavobacteriales|f__Flavobacteriaceae|g__GGB1832|s__GGB1832_SGB2476|t__SGB2476",325,0.253115264797508,0.00272704065176278,TRUE,TRUE,TRUE,0.0401553682356507,"HMP1-2 taxonomy oral"
"k__Bacteria|p__Firmicutes|c__Bacilli|o__Lactobacillales|f__Streptococcaceae|g__Streptococcus|s__Streptococcus_gordonii|t__SGB8054",400,0.311526479750779,0.00069836076929947,TRUE,TRUE,TRUE,0.0170579063841334,"HMP1-2 taxonomy oral"
"k__Bacteria|p__Firmicutes|c__Bacilli|o__Bacillales|f__Bacillales_unclassified|g__Gemella|s__Gemella_morbillorum|t__SGB7295",877,0.683021806853583,0.00124612876250344,TRUE,TRUE,TRUE,0.0226781578166487,"HMP1-2 taxonomy oral"
"k__Bacteria|p__Proteobacteria|c__Epsilonproteobacteria|o__Campylobacterales|f__Campylobacteraceae|g__Campylobacter|s__Campylobacter_SGB19317|t__SGB19317",593,0.46183800623053,0.00169193155853898,TRUE,TRUE,TRUE,0.0310680418651415,"HMP1-2 taxonomy oral"
"k__Bacteria|p__Actinobacteria|c__Actinobacteria|o__Actinomycetales|f__Actinomycetaceae|g__Actinomyces|s__Actinomyces_timonensis|t__SGB33750",61,0.0475077881619938,0.000553490001576703,FALSE,TRUE,FALSE,NA,"HMP1-2 taxonomy oral"
"k__Bacteria|p__Actinobacteria|c__Actinobacteria|o__Propionibacteriales|f__Propionibacteriaceae|g__Arachnia|s__Pseudopropionibacterium_propionicum|t__SGB15897",478,0.372274143302181,0.00408681446197154,TRUE,TRUE,TRUE,0.0405081349436025,"HMP1-2 taxonomy oral"
"k__Bacteria|p__Proteobacteria|c__Betaproteobacteria|o__Neisseriales|f__Neisseriaceae|g__Eikenella|s__Eikenella_halliae|t__SGB9430",332,0.258566978193146,0.00141641431779556,TRUE,TRUE,TRUE,0.0256198322509206,"HMP1-2 taxonomy oral"
"k__Bacteria|p__Actinobacteria|c__Actinobacteria|o__Actinomycetales|f__Actinomycetaceae|g__Peptidiphaga|s__Peptidiphaga_gingivicola|t__SGB15894",201,0.156542056074766,0.00174587502545213,TRUE,TRUE,TRUE,0.0292334401801713,"HMP1-2 taxonomy oral"
"k__Bacteria|p__Actinobacteria|c__Actinobacteria|o__Actinomycetales|f__Actinomycetaceae|g__Actinomyces|s__Actinomyces_johnsonii|t__SGB15887",570,0.44392523364486,0.00215452704741387,TRUE,TRUE,TRUE,0.0318668182948504,"HMP1-2 taxonomy oral"
"k__Bacteria|p__Firmicutes|c__Clostridia|o__Clostridiales|f__Clostridiales_Family_XIII_Incertae_Sedis|g__Clostridiales_Family_XIII_Incertae_Sedis_unclassified|s__Eubacterium_brachy|t__SGB3931",514,0.400311526479751,0.00103923129347177,TRUE,TRUE,TRUE,0.0251395430304446,"HMP1-2 taxonomy oral"
"k__Bacteria|p__Actinobacteria|c__Actinobacteria|o__Actinomycetales|f__Actinomycetaceae|g__Actinomyces|s__Actinomyces_gerencseriae|t__SGB15874",426,0.331775700934579,0.00385936336401393,TRUE,TRUE,TRUE,0.0456396585744016,"HMP1-2 taxonomy oral"
"k__Bacteria|p__Firmicutes|c__Tissierellia|o__Tissierellales|f__Peptoniphilaceae|g__Parvimonas|s__Parvimonas_micra|t__SGB6653",465,0.36214953271028,0.0008370599739741,TRUE,TRUE,TRUE,0.02249716750729,"HMP1-2 taxonomy oral"
"k__Bacteria|p__Bacteroidetes|c__Flavobacteriia|o__Flavobacteriales|f__Flavobacteriaceae|g__Capnocytophaga|s__Capnocytophaga_ochracea|t__SGB2497",775,0.603582554517134,0.00495542790078097,TRUE,TRUE,TRUE,0.0508606045853348,"HMP1-2 taxonomy oral"
"k__Bacteria|p__Firmicutes|c__Negativicutes|o__Selenomonadales|f__Selenomonadaceae|g__Selenomonas|s__Selenomonas_noxia|t__SGB5884",487,0.379283489096573,0.00428530465616028,TRUE,TRUE,TRUE,0.0447645833249824,"HMP1-2 taxonomy oral"
"k__Bacteria|p__Firmicutes|c__Negativicutes|o__Veillonellales|f__Veillonellaceae|g__Veillonella|s__Veillonella_sp_3627|t__SGB6934",449,0.349688473520249,0.00465986664314024,TRUE,TRUE,TRUE,0.0586246243829964,"HMP1-2 taxonomy oral"
"k__Bacteria|p__Firmicutes|c__Clostridia|o__Clostridiales|f__Lachnospiraceae|g__Oribacterium|s__Oribacterium_sp_oral_taxon_078|t__SGB7282",317,0.246884735202492,0.000409378496351929,TRUE,TRUE,TRUE,0.0156035734709213,"HMP1-2 taxonomy oral"
"k__Bacteria|p__Actinobacteria|c__Actinobacteria|o__Actinomycetales|f__Actinomycetaceae|g__Actinomyces|s__Actinomyces_sp_oral_taxon_448|t__SGB15872",337,0.262461059190031,0.0135487973843764,TRUE,TRUE,TRUE,0.0958621978890306,"HMP1-2 taxonomy oral"
"k__Bacteria|p__Candidatus_Saccharibacteria|c__Candidatus_Saccharimonia|o__Candidatus_Nanosynbacterales|f__Candidatus_Nanosynbacteraceae|g__Candidatus_Nanosynbacter|s__Candidatus_Nanosynbacter_lyticus|t__SGB19849",349,0.271806853582555,0.0010569104883844,TRUE,TRUE,TRUE,0.0241802897132433,"HMP1-2 taxonomy oral"
"k__Bacteria|p__Actinobacteria|c__Actinobacteria|o__Actinomycetales|f__Actinomycetaceae|g__Schaalia|s__Schaalia_meyeri|t__SGB17150",304,0.236760124610592,0.00023738747950141,TRUE,TRUE,TRUE,0.0115506105110806,"HMP1-2 taxonomy oral"
"k__Bacteria|p__Actinobacteria|c__Actinobacteria|o__Micrococcales|f__Kytococcaceae|g__Kytococcus|s__Kytococcus_sedentarius|t__SGB17151",669,0.521028037383178,0.00048340698640682,TRUE,TRUE,TRUE,0.016028723927446,"HMP1-2 taxonomy oral"
"k__Bacteria|p__Proteobacteria|c__Gammaproteobacteria|o__Pasteurellales|f__Pasteurellaceae|g__Aggregatibacter|s__Aggregatibacter_actinomycetemcomitans|t__SGB9729",22,0.0171339563862928,0.000402659036131848,FALSE,TRUE,FALSE,NA,"HMP1-2 taxonomy oral"
"k__Bacteria|p__Firmicutes|c__Negativicutes|o__Selenomonadales|f__Selenomonadaceae|g__Selenomonas|s__Selenomonas_infelix|t__SGB5894",288,0.224299065420561,0.000914689492500094,TRUE,TRUE,TRUE,0.021138392451378,"HMP1-2 taxonomy oral"
"k__Bacteria|p__Firmicutes|c__Bacilli|o__Lactobacillales|f__Aerococcaceae|g__Abiotrophia|s__Abiotrophia_sp_HMSC24B09|t__SGB8236",523,0.407320872274143,0.0021647735754225,TRUE,TRUE,TRUE,0.0332052516411172,"HMP1-2 taxonomy oral"
"k__Bacteria|p__Proteobacteria|c__Epsilonproteobacteria|o__Campylobacterales|f__Campylobacteraceae|g__Campylobacter|s__Campylobacter_showae|t__SGB19322",629,0.4898753894081,0.00119656899067443,TRUE,TRUE,TRUE,0.0256293327126606,"HMP1-2 taxonomy oral"
"k__Bacteria|p__Candidatus_Saccharibacteria|c__Candidatus_Saccharibacteria_unclassified|o__Candidatus_Saccharibacteria_unclassified|f__Candidatus_Saccharibacteria_unclassified|g__Candidatus_Saccharibacteria_unclassified|s__Candidatus_Saccharibacteria_bacterium_oral_taxon_488|t__SGB19903",289,0.225077881619938,0.0019864351237746,TRUE,TRUE,TRUE,0.0292758232586059,"HMP1-2 taxonomy oral"
"k__Bacteria|p__Fusobacteria|c__Fusobacteriia|o__Fusobacteriales|f__Fusobacteriaceae|g__Fusobacterium|s__Fusobacterium_hwasookii|t__SGB5997",531,0.413551401869159,0.00143385121175834,TRUE,TRUE,TRUE,0.029714627725886,"HMP1-2 taxonomy oral"
"k__Bacteria|p__Proteobacteria|c__Gammaproteobacteria|o__Cardiobacteriales|f__Cardiobacteriaceae|g__Cardiobacterium|s__Cardiobacterium_valvarum|t__SGB9416",400,0.311526479750779,0.00142656894131095,TRUE,TRUE,TRUE,0.0230276284643482,"HMP1-2 taxonomy oral"
"k__Bacteria|p__Actinobacteria|c__Actinobacteria|o__Actinomycetales|f__Actinomycetaceae|g__Actinomyces|s__Actinomyces_sp_ZJ308|t__SGB86822",262,0.20404984423676,1.62618312816817e-05,TRUE,FALSE,FALSE,NA,"HMP1-2 taxonomy oral"
"k__Bacteria|p__Fusobacteria|c__Fusobacteriia|o__Fusobacteriales|f__Leptotrichiaceae|g__Leptotrichia|s__Leptotrichia_hongkongensis|t__SGB6059",654,0.509345794392523,0.00248304314149826,TRUE,TRUE,TRUE,0.0359490444398533,"HMP1-2 taxonomy oral"
"k__Bacteria|p__Candidatus_Saccharibacteria|c__Candidatus_Saccharibacteria_unclassified|o__Candidatus_Saccharibacteria_unclassified|f__Candidatus_Saccharibacteria_unclassified|g__Candidatus_Saccharibacteria_unclassified|s__TM7_phylum_sp_oral_taxon_348|t__SGB19880",474,0.369158878504673,0.0090241174516989,TRUE,TRUE,TRUE,0.0711734662712422,"HMP1-2 taxonomy oral"
"k__Bacteria|p__Actinobacteria|c__Actinobacteria|o__Actinomycetales|f__Actinomycetaceae|g__Actinomyces|s__Actinomyces_dentalis|t__SGB15877",521,0.405763239875389,0.00481881973462306,TRUE,TRUE,TRUE,0.0499073447422242,"HMP1-2 taxonomy oral"
"k__Bacteria|p__Firmicutes|c__Clostridia|o__Clostridiales|f__Peptostreptococcaceae|g__Peptoanaerobacter|s__Eubacterium_yurii|t__SGB6622",387,0.301401869158879,0.00169705725091239,TRUE,TRUE,TRUE,0.0259754149093907,"HMP1-2 taxonomy oral"
"k__Bacteria|p__Proteobacteria|c__Betaproteobacteria|o__Neisseriales|f__Neisseriaceae|g__Kingella|s__Kingella_denitrificans|t__SGB9437",378,0.294392523364486,0.00266520525236777,TRUE,TRUE,TRUE,0.0383855141519433,"HMP1-2 taxonomy oral"
"k__Bacteria|p__Firmicutes|c__CFGB1395|o__OFGB1395|f__FGB1395|g__GGB3388|s__GGB3388_SGB4476|t__SGB4476",289,0.225077881619938,0.00124996560386811,TRUE,TRUE,TRUE,0.0260750836171014,"HMP1-2 taxonomy oral"
"k__Bacteria|p__Proteobacteria|c__Epsilonproteobacteria|o__Campylobacterales|f__Campylobacteraceae|g__Campylobacter|s__Campylobacter_rectus|t__SGB19315",370,0.28816199376947,0.00058740674810432,TRUE,TRUE,TRUE,0.0194977264000833,"HMP1-2 taxonomy oral"
"k__Bacteria|p__Firmicutes|c__Bacilli|o__Lactobacillales|f__Streptococcaceae|g__Streptococcus|s__Streptococcus_oralis|t__SGB8121",145,0.112928348909657,7.6972405778634e-06,TRUE,FALSE,FALSE,NA,"HMP1-2 taxonomy oral"
"k__Bacteria|p__Firmicutes|c__Bacilli|o__Bacillales|f__Staphylococcaceae|g__Staphylococcus|s__Staphylococcus_epidermidis|t__SGB7865",44,0.0342679127725857,0.00460305242695412,FALSE,TRUE,FALSE,NA,"HMP1-2 taxonomy oral"
"k__Bacteria|p__Bacteroidetes|c__Bacteroidia|o__Bacteroidales|f__Bacteroidales_unclassified|g__Phocaeicola|s__Phocaeicola_dorei|t__SGB1815",97,0.0755451713395639,0.00126974769754321,FALSE,TRUE,FALSE,NA,"HMP1-2 taxonomy oral"
"k__Bacteria|p__Actinobacteria|c__Actinobacteria|o__Corynebacteriales|f__Corynebacteriaceae|g__Corynebacterium|s__Corynebacterium_accolens|t__SGB17097",14,0.0109034267912773,0.0339169500129929,FALSE,TRUE,FALSE,NA,"HMP1-2 taxonomy oral"
"k__Bacteria|p__Actinobacteria|c__Actinobacteria|o__Propionibacteriales|f__Propionibacteriaceae|g__Cutibacterium|s__Cutibacterium_acnes|t__SGB16955",276,0.214953271028037,0.00728973542863708,TRUE,TRUE,TRUE,0.0901824414686673,"HMP1-2 taxonomy oral"
"k__Bacteria|p__Bacteroidetes|c__Bacteroidia|o__Bacteroidales|f__Rikenellaceae|g__Alistipes|s__Alistipes_onderdonkii|t__SGB2303",25,0.0194704049844237,0.00130473983754646,FALSE,TRUE,FALSE,NA,"HMP1-2 taxonomy oral"
"k__Bacteria|p__Actinobacteria|c__Actinobacteria|o__Corynebacteriales|f__Lawsonellaceae|g__GGB2722|s__GGB2722_SGB3663|t__SGB3663",37,0.028816199376947,0.00525742701929947,FALSE,TRUE,FALSE,NA,"HMP1-2 taxonomy oral"
"k__Bacteria|p__Firmicutes|c__Clostridia|o__Clostridia_unclassified|f__Clostridia_unclassified|g__GGB9758|s__GGB9758_SGB15368|t__SGB15368",19,0.014797507788162,0.000833116017530643,FALSE,TRUE,FALSE,NA,"HMP1-2 taxonomy oral"
"k__Bacteria|p__Firmicutes|c__Clostridia|o__Clostridiales|f__Lachnospiraceae|g__Lachnospira|s__Lachnospira_sp_NSJ_43|t__SGB5087",5,0.00389408099688474,0.00163110008187406,FALSE,TRUE,FALSE,NA,"HMP1-2 taxonomy oral"
"k__Bacteria|p__Firmicutes|c__Clostridia|o__Clostridiales|f__Lachnospiraceae|g__Lachnospiraceae_unclassified|s__Lachnospiraceae_unclassified_SGB4882|t__SGB4882",0,0,NA,FALSE,FALSE,FALSE,NA,"HMP1-2 taxonomy oral"
"k__Bacteria|p__Firmicutes|c__Bacilli|o__Bacillales|f__Staphylococcaceae|g__Staphylococcus|s__Staphylococcus_argenteus|t__SGB7853",0,0,NA,FALSE,FALSE,FALSE,NA,"HMP1-2 taxonomy oral"
"k__Bacteria|p__Firmicutes|c__Clostridia|o__Clostridiales|f__Lachnospiraceae|g__Dorea|s__Dorea_phocaeensis|t__SGB4572",0,0,NA,FALSE,FALSE,FALSE,NA,"HMP1-2 taxonomy oral"
"k__Bacteria|p__Firmicutes|c__Clostridia|o__Clostridiales|f__Lachnospiraceae|g__Mediterraneibacter|s__Ruminococcus_torques|t__SGB4608",7,0.00545171339563863,0.00163265728331869,FALSE,TRUE,FALSE,NA,"HMP1-2 taxonomy oral"
"k__Bacteria|p__Actinobacteria|c__Actinobacteria|o__Bifidobacteriales|f__Bifidobacteriaceae|g__Gardnerella|s__Gardnerella_vaginalis|t__SGB17307",6,0.00467289719626168,9.9016668508335e-05,FALSE,FALSE,FALSE,NA,"HMP1-2 taxonomy oral"
"k__Bacteria|p__Actinobacteria|c__Actinobacteria|o__Bifidobacteriales|f__Bifidobacteriaceae|g__Gardnerella|s__Gardnerella_vaginalis|t__SGB17302",0,0,NA,FALSE,FALSE,FALSE,NA,"HMP1-2 taxonomy oral"
"k__Bacteria|p__Firmicutes|c__Bacilli|o__Lactobacillales|f__Lactobacillaceae|g__Lactobacillus|s__Lactobacillus_iners|t__SGB7025",7,0.00545171339563863,0.0155123000038186,FALSE,TRUE,FALSE,NA,"HMP1-2 taxonomy oral"
"k__Bacteria|p__Actinobacteria|c__Actinobacteria|o__Actinomycetales|f__Actinomycetaceae|g__Fannyhessea|s__Fannyhessea_vaginae|t__SGB991",4,0.00311526479750779,1.6249998017501e-05,FALSE,FALSE,FALSE,NA,"HMP1-2 taxonomy oral"
"k__Bacteria|p__Fusobacteria|c__Fusobacteriia|o__Fusobacteriales|f__Leptotrichiaceae|g__Sneathia|s__Sneathia_amnii|t__SGB6044",3,0.00233644859813084,0.00035846688900682,FALSE,TRUE,FALSE,NA,"HMP1-2 taxonomy oral"
"k__Bacteria|p__Actinobacteria|c__Actinobacteria|o__Bifidobacteriales|f__Bifidobacteriaceae|g__Gardnerella|s__Gardnerella_vaginalis|t__SGB17305",2,0.00155763239875389,0.00015319999924,FALSE,TRUE,FALSE,NA,"HMP1-2 taxonomy oral"
"k__Bacteria|p__Firmicutes|c__Negativicutes|o__Veillonellales|f__Veillonellaceae|g__Veillonellaceae_unclassified|s__Veillonellaceae_bacterium_DNF00626|t__SGB5831",4,0.00311526479750779,1.1399994295003e-05,FALSE,FALSE,FALSE,NA,"HMP1-2 taxonomy oral"
"k__Bacteria|p__Actinobacteria|c__Coriobacteriia|o__Coriobacteriales|f__Coriobacteriales_unclassified|g__Coriobacteriales_unclassified|s__Coriobacteriales_bacterium_DNF00809|t__SGB963",0,0,NA,FALSE,FALSE,FALSE,NA,"HMP1-2 taxonomy oral"
"k__Bacteria|p__Bacteroidetes|c__Bacteroidia|o__Bacteroidales|f__Prevotellaceae|g__Prevotella|s__Prevotella_timonensis|t__SGB1507",4,0.00311526479750779,0.00591650000186751,FALSE,TRUE,FALSE,NA,"HMP1-2 taxonomy oral"
"k__Bacteria|p__Firmicutes|c__Tissierellia|o__Tissierellales|f__Peptoniphilaceae|g__Anaerococcus|s__Anaerococcus_tetradius|t__SGB6674",0,0,NA,FALSE,FALSE,FALSE,NA,"HMP1-2 taxonomy oral"
"k__Bacteria|p__Actinobacteria|c__Actinobacteria|o__Actinomycetales|f__Actinomycetaceae|g__Fannyhessea|s__Fannyhessea_vaginae|t__SGB990",0,0,NA,FALSE,FALSE,FALSE,NA,"HMP1-2 taxonomy oral"
"k__Bacteria|p__Bacteroidetes|c__Bacteroidia|o__Bacteroidales|f__Prevotellaceae|g__Prevotella|s__Prevotella_buccalis|t__SGB1517",1,0.000778816199376947,0.0046971,FALSE,TRUE,FALSE,NA,"HMP1-2 taxonomy oral"
"k__Bacteria|p__Firmicutes|c__Negativicutes|o__Veillonellales|f__Veillonellaceae|g__Dialister|s__Dialister_micraerophilus|t__SGB5840",57,0.044392523364486,0.000187138613938441,FALSE,TRUE,FALSE,NA,"HMP1-2 taxonomy oral"
"k__Bacteria|p__Firmicutes|c__Tissierellia|o__Tissierellales|f__Peptoniphilaceae|g__Peptoniphilus|s__Peptoniphilus_lacrimalis|t__SGB6705",7,0.00545171339563863,4.16428615442918e-05,FALSE,FALSE,FALSE,NA,"HMP1-2 taxonomy oral"
"k__Bacteria|p__Bacteroidetes|c__Bacteroidia|o__Bacteroidales|f__Prevotellaceae|g__Prevotella|s__Prevotella_colorans|t__SGB1502",1,0.000778816199376947,1.15999918800057e-05,FALSE,FALSE,FALSE,NA,"HMP1-2 taxonomy oral"
"k__Bacteria|p__Firmicutes|c__Tissierellia|o__Tissierellia_unclassified|f__Tissierellia_unclassified|g__Tissierellia_unclassified|s__Tissierellia_bacterium_KA00581|t__SGB6647",0,0,NA,FALSE,FALSE,FALSE,NA,"HMP1-2 taxonomy oral"
"k__Bacteria|p__Firmicutes|c__Bacilli|o__Lactobacillales|f__Lactobacillaceae|g__Lactobacillus|s__Lactobacillus_jensenii|t__SGB7034",0,0,NA,FALSE,FALSE,FALSE,NA,"HMP1-2 taxonomy oral"
"k__Bacteria|p__Firmicutes|c__Bacilli|o__Lactobacillales|f__Aerococcaceae|g__Aerococcus|s__Aerococcus_christensenii|t__SGB7881",0,0,NA,FALSE,FALSE,FALSE,NA,"HMP1-2 taxonomy oral"
"k__Bacteria|p__Bacteroidetes|c__Bacteroidia|o__Bacteroidales|f__Prevotellaceae|g__Prevotella|s__Prevotella_bivia|t__SGB1557",2,0.00155763239875389,9.64499966150022e-05,FALSE,FALSE,FALSE,NA,"HMP1-2 taxonomy oral"
"k__Bacteria|p__Actinobacteria|c__Actinobacteria|o__Actinomycetales|f__Actinomycetaceae|g__Mobiluncus|s__Mobiluncus_curtisii|t__SGB15487",0,0,NA,FALSE,FALSE,FALSE,NA,"HMP1-2 taxonomy oral"
"k__Bacteria|p__Bacteroidetes|c__Bacteroidia|o__Bacteroidales|f__Prevotellaceae|g__Prevotella|s__Prevotella_disiens|t__SGB1559",5,0.00389408099688474,0.000125279969228013,FALSE,TRUE,FALSE,NA,"HMP1-2 taxonomy oral"
"k__Bacteria|p__Firmicutes|c__Bacilli|o__Lactobacillales|f__Lactobacillaceae|g__Limosilactobacillus|s__Lactobacillus_coleohominis|t__SGB7100",0,0,NA,FALSE,FALSE,FALSE,NA,"HMP1-2 taxonomy oral"
"k__Bacteria|p__Firmicutes|c__Clostridia|o__Clostridiales|f__Hungateiclostridiaceae|g__Mageeibacillus|s__Mageeibacillus_indolicus|t__SGB4002",15,0.0116822429906542,5.54666812400105e-06,FALSE,FALSE,FALSE,NA,"HMP1-2 taxonomy oral"
"k__Bacteria|p__Fusobacteria|c__Fusobacteriia|o__Fusobacteriales|f__Leptotrichiaceae|g__Sneathia|s__Sneathia_sanguinegens|t__SGB6045",1,0.000778816199376947,4.27999957200004e-05,FALSE,FALSE,FALSE,NA,"HMP1-2 taxonomy oral"
"k__Bacteria|p__Bacteroidetes|c__Bacteroidia|o__Bacteroidales|f__Porphyromonadaceae|g__Porphyromonas|s__Porphyromonas_uenonis|t__SGB1973",5,0.00389408099688474,3.53999980600037e-05,FALSE,FALSE,FALSE,NA,"HMP1-2 taxonomy oral"
"k__Bacteria|p__Tenericutes|c__Mollicutes|o__Mycoplasmatales|f__Mycoplasmataceae|g__Mycoplasma|s__Mycoplasma_hominis|t__SGB5926",1,0.000778816199376947,5.41000054100005e-05,FALSE,FALSE,FALSE,NA,"HMP1-2 taxonomy oral"
"k__Bacteria|p__Firmicutes|c__Bacilli|o__Bacillales|f__Bacillales_unclassified|g__Gemella|s__Gemella_asaccharolytica|t__SGB7308",0,0,NA,FALSE,FALSE,FALSE,NA,"HMP1-2 taxonomy oral"
"k__Bacteria|p__Firmicutes|c__Tissierellia|o__Tissierellia_unclassified|f__Tissierellia_unclassified|g__Ezakiella|s__Ezakiella_coagulans|t__SGB6728",0,0,NA,FALSE,FALSE,FALSE,NA,"HMP1-2 taxonomy oral"
"k__Bacteria|p__Firmicutes|c__Tissierellia|o__Tissierellales|f__Peptoniphilaceae|g__Peptoniphilus|s__Peptoniphilus_sp_BV3C26|t__SGB6713",0,0,NA,FALSE,FALSE,FALSE,NA,"HMP1-2 taxonomy oral"
"k__Bacteria|p__Firmicutes|c__Tissierellia|o__Tissierellales|f__Peptoniphilaceae|g__Peptoniphilus|s__Peptoniphilus_duerdenii|t__SGB6715",0,0,NA,FALSE,FALSE,FALSE,NA,"HMP1-2 taxonomy oral"
"k__Bacteria|p__Firmicutes|c__Clostridia|o__Clostridiales|f__Peptococcaceae|g__Peptococcus|s__Peptococcus_niger|t__SGB4050",0,0,NA,FALSE,FALSE,FALSE,NA,"HMP1-2 taxonomy oral"
"k__Bacteria|p__Firmicutes|c__Bacilli|o__Lactobacillales|f__Lactobacillaceae|g__Lactobacillus|s__Lactobacillus_gasseri|t__SGB7038_group",4,0.00311526479750779,0.000145924999960001,FALSE,TRUE,FALSE,NA,"HMP1-2 taxonomy oral"
"k__Bacteria|p__Firmicutes|c__Clostridia|o__Clostridiales|f__Clostridiales_unclassified|g__Levyella|s__Levyella_massiliensis|t__SGB5300",1,0.000778816199376947,2.52999822900124e-05,FALSE,FALSE,FALSE,NA,"HMP1-2 taxonomy oral"
"k__Bacteria|p__Firmicutes|c__Tissierellia|o__Tissierellales|f__Peptoniphilaceae|g__Anaerococcus|s__Anaerococcus_vaginalis|t__SGB29499",0,0,NA,FALSE,FALSE,FALSE,NA,"HMP1-2 taxonomy oral"
"k__Bacteria|p__Firmicutes|c__Bacilli|o__Lactobacillales|f__Lactobacillaceae|g__Lactobacillus|s__Lactobacillus_jensenii|t__SGB7035",2,0.00155763239875389,0.0104047,FALSE,TRUE,FALSE,NA,"HMP1-2 taxonomy oral"
"k__Bacteria|p__Actinobacteria|c__Actinobacteria|o__Actinobacteria_unclassified|f__Actinobacteria_unclassified|g__GGB39918|s__GGB39918_SGB47522|t__SGB47522",34,0.0264797507788162,5.21529417503015e-05,FALSE,FALSE,FALSE,NA,"HMP1-2 taxonomy oral"
"k__Bacteria|p__Firmicutes|c__Tissierellia|o__Tissierellales|f__Peptoniphilaceae|g__Peptoniphilus|s__Peptoniphilus_harei|t__SGB6697",1,0.000778816199376947,1.16999918100057e-05,FALSE,FALSE,FALSE,NA,"HMP1-2 taxonomy oral"
"k__Bacteria|p__Firmicutes|c__Clostridia|o__Clostridiales|f__Clostridiales_unclassified|g__Fenollaria|s__Fenollaria_massiliensis|t__SGB6716",0,0,NA,FALSE,FALSE,FALSE,NA,"HMP1-2 taxonomy oral"
"k__Bacteria|p__Bacteroidetes|c__Bacteroidia|o__Bacteroidales|f__Porphyromonadaceae|g__Porphyromonas|s__Porphyromonas_asaccharolytica|t__SGB1981",0,0,NA,FALSE,FALSE,FALSE,NA,"HMP1-2 taxonomy oral"
"k__Bacteria|p__Actinobacteria|c__Actinobacteria|o__Actinomycetales|f__Actinomycetaceae|g__Mobiluncus|s__Mobiluncus_mulieris|t__SGB15486",0,0,NA,FALSE,FALSE,FALSE,NA,"HMP1-2 taxonomy oral"
"k__Bacteria|p__Firmicutes|c__Tissierellia|o__Tissierellales|f__Peptoniphilaceae|g__Anaerococcus|s__Anaerococcus_lactolyticus|t__SGB6669",1,0.000778816199376947,3.00000030000003e-07,FALSE,FALSE,FALSE,NA,"HMP1-2 taxonomy oral"
"k__Bacteria|p__Actinobacteria|c__Actinobacteria|o__Actinomycetales|f__Actinomycetaceae|g__Winkia|s__Winkia_neuii|t__SGB17191",0,0,NA,FALSE,FALSE,FALSE,NA,"HMP1-2 taxonomy oral"
"k__Bacteria|p__Tenericutes|c__Mollicutes|o__Mycoplasmatales|f__Mycoplasmataceae|g__Ureaplasma|s__Ureaplasma_parvum|t__SGB5568",0,0,NA,FALSE,FALSE,FALSE,NA,"HMP1-2 taxonomy oral"
"k__Bacteria|p__Actinobacteria|c__Actinobacteria|o__Actinomycetales|f__Actinomycetaceae|g__Varibaculum|s__Varibaculum_cambriense|t__SGB15482_group",0,0,NA,FALSE,FALSE,FALSE,NA,"HMP1-2 taxonomy oral"
"k__Bacteria|p__Bacteroidetes|c__Bacteroidia|o__Bacteroidales|f__Prevotellaceae|g__Prevotella|s__Prevotella_bergensis|t__SGB1505",0,0,NA,FALSE,FALSE,FALSE,NA,"HMP1-2 taxonomy oral"
"k__Bacteria|p__Firmicutes|c__Tissierellia|o__Tissierellales|f__Peptoniphilaceae|g__Peptoniphilus|s__Peptoniphilus_coxii|t__SGB6734",0,0,NA,FALSE,FALSE,FALSE,NA,"HMP1-2 taxonomy oral"
"k__Bacteria|p__Actinobacteria|c__Coriobacteriia|o__Coriobacteriales|f__Coriobacteriaceae|g__Olegusella|s__Olegusella_massiliensis|t__SGB960",0,0,NA,FALSE,FALSE,FALSE,NA,"HMP1-2 taxonomy oral"
"k__Bacteria|p__Actinobacteria|c__Coriobacteriia|o__Coriobacteriales|f__Atopobiaceae|g__Atopobium|s__Atopobium_deltae|t__SGB988",0,0,NA,FALSE,FALSE,FALSE,NA,"HMP1-2 taxonomy oral"
"k__Bacteria|p__Candidatus_Absconditabacteria|c__Candidatus_Absconditabacteria_unclassified|o__Candidatus_Absconditabacteria_unclassified|f__Candidatus_Absconditabacteria_unclassified|g__GGB4936|s__GGB4936_SGB6889|t__SGB6889",371,0.288940809968847,0.00369177823002135,TRUE,TRUE,TRUE,0.0442022149714402,"HMP1-2 taxonomy oral"
"k__Bacteria|p__Bacteroidetes|c__Flavobacteriia|o__Flavobacteriales|f__Flavobacteriaceae|g__Capnocytophaga|s__Capnocytophaga_SGB2499|t__SGB2499",354,0.275700934579439,0.00328524561254552,TRUE,TRUE,TRUE,0.0447982789651119,"HMP1-2 taxonomy oral"
"k__Bacteria|p__Firmicutes|c__Tissierellia|o__Tissierellales|f__Peptoniphilaceae|g__Parvimonas|s__Parvimonas_SGB6649|t__SGB6649",345,0.268691588785047,0.00332413760020978,TRUE,TRUE,TRUE,0.0396300287911344,"HMP1-2 taxonomy oral"
"k__Bacteria|p__Firmicutes|c__Bacilli|o__Lactobacillales|f__Streptococcaceae|g__Streptococcus|s__Streptococcus_rubneri|t__SGB8056",309,0.240654205607477,0.00674006863730684,TRUE,TRUE,TRUE,0.0575763307193536,"HMP1-2 taxonomy oral"
"k__Bacteria|p__Bacteroidetes|c__Bacteroidia|o__Bacteroidales|f__Prevotellaceae|g__Prevotella|s__Prevotella_shahii|t__SGB1456",378,0.294392523364486,0.00335048173784243,TRUE,TRUE,TRUE,0.0395850848339894,"HMP1-2 taxonomy oral"
"k__Bacteria|p__Firmicutes|c__Clostridia|o__Clostridiales|f__Lachnospiraceae|g__GGB3394|s__GGB3394_SGB4498|t__SGB4498",589,0.458722741433022,0.00266217328832244,TRUE,TRUE,TRUE,0.0269711941514915,"HMP1-2 taxonomy oral"
"k__Bacteria|p__Firmicutes|c__Clostridia|o__Clostridiales|f__Lachnospiraceae|g__Lachnospiraceae_unclassified|s__Lachnospiraceae_bacterium_oral_taxon_096|t__SGB4479",556,0.433021806853583,0.00676164816652313,TRUE,TRUE,TRUE,0.0606390844105456,"HMP1-2 taxonomy oral"
"k__Bacteria|p__Firmicutes|c__CFGB1394|o__OFGB1394|f__FGB1394|g__GGB3385|s__GGB3385_SGB4471|t__SGB4471",182,0.141744548286604,0.00260098898146813,TRUE,TRUE,TRUE,0.0357573441801411,"HMP1-2 taxonomy oral"
"k__Bacteria|p__Firmicutes|c__Clostridia|o__Clostridiales|f__Clostridiales_Family_XIII_Incertae_Sedis|g__Clostridiales_Family_XIII_Incertae_Sedis_unclassified|s__Eubacterium_sulci|t__SGB3934",563,0.438473520249221,0.00362725832954217,TRUE,TRUE,TRUE,0.033999299008396,"HMP1-2 taxonomy oral"
"k__Bacteria|p__Firmicutes|c__Bacilli|o__Bacilli_unclassified|f__Bacilli_unclassified|g__GGB4721|s__GGB4721_SGB6537|t__SGB6537",202,0.157320872274143,0.00172532818266842,TRUE,TRUE,TRUE,0.0283810132465485,"HMP1-2 taxonomy oral"
"k__Bacteria|p__Bacteroidetes|c__CFGB497|o__OFGB497|f__FGB497|g__GGB1026|s__GGB1026_SGB1321|t__SGB1321",329,0.256230529595016,0.00147775101292076,TRUE,TRUE,TRUE,0.0243616638850773,"HMP1-2 taxonomy oral"
"k__Bacteria|p__Firmicutes|c__Clostridia|o__Clostridiales|f__Lachnospiraceae|g__Oribacterium|s__Oribacterium_parvum|t__SGB5286",432,0.336448598130841,0.00186560455045251,TRUE,TRUE,TRUE,0.0259746079662093,"HMP1-2 taxonomy oral"
"k__Bacteria|p__Firmicutes|c__Clostridia|o__Clostridiales|f__Peptostreptococcaceae|g__Peptostreptococcus|s__Peptostreptococcus_SGB749|t__SGB749",536,0.417445482866044,0.00192402233771782,TRUE,TRUE,TRUE,0.0239397283659737,"HMP1-2 taxonomy oral"
"k__Bacteria|p__Fusobacteria|c__CFGB1781|o__OFGB1781|f__FGB1781|g__GGB4733|s__GGB4733_SGB6555|t__SGB6555",120,0.0934579439252336,0.0022867461871464,FALSE,TRUE,FALSE,NA,"HMP1-2 taxonomy oral"
"k__Bacteria|p__Firmicutes|c__Clostridia|o__Clostridiales|f__Clostridiales_Family_XIII_Incertae_Sedis|g__Mogibacterium|s__Mogibacterium_diversum|t__SGB3922",729,0.567757009345794,0.00339287259943396,TRUE,TRUE,TRUE,0.0358532706526521,"HMP1-2 taxonomy oral"
"k__Bacteria|p__Bacteroidetes|c__Bacteroidia|o__Bacteroidales|f__Tannerellaceae|g__Tannerella|s__Tannerella_sp_oral_taxon_HOT_286|t__SGB2048",840,0.654205607476635,0.00253943481778146,TRUE,TRUE,TRUE,0.0363440173091635,"HMP1-2 taxonomy oral"
"k__Bacteria|p__Firmicutes|c__CFGB1764|o__OFGB1764|f__FGB1764|g__GGB4538|s__GGB4538_SGB6256|t__SGB6256",348,0.271028037383178,0.00170166753290197,TRUE,TRUE,TRUE,0.0270419375540399,"HMP1-2 taxonomy oral"
"k__Bacteria|p__Bacteroidetes|c__Bacteroidia|o__Bacteroidales|f__Prevotellaceae|g__Prevotellaceae_unclassified|s__Prevotellaceae_bacterium_Marseille_P2826|t__SGB1465",332,0.258566978193146,0.00351425875336886,TRUE,TRUE,TRUE,0.0436945564953425,"HMP1-2 taxonomy oral"
"k__Bacteria|p__Spirochaetes|c__Spirochaetia|o__Spirochaetales|f__Spirochaetaceae|g__Treponema|s__Treponema_SGB3601|t__SGB3601",247,0.192367601246106,0.00140036028577939,TRUE,TRUE,TRUE,0.0257582805018372,"HMP1-2 taxonomy oral"
"k__Bacteria|p__Firmicutes|c__Clostridia|o__Clostridiales|f__Peptostreptococcaceae|g__GGB4783|s__GGB4783_SGB6619|t__SGB6619",178,0.138629283489097,0.000755929259686366,TRUE,TRUE,TRUE,0.0165047741582623,"HMP1-2 taxonomy oral"
"k__Bacteria|p__Firmicutes|c__CFGB1764|o__OFGB1764|f__FGB1764|g__GGB4538|s__GGB4538_SGB6253|t__SGB6253",436,0.339563862928349,0.000862194018643577,TRUE,TRUE,TRUE,0.0189879860951256,"HMP1-2 taxonomy oral"
"k__Bacteria|p__Tenericutes|c__Mollicutes|o__Mycoplasmatales|f__Mycoplasmataceae|g__Mycoplasma|s__Mycoplasma_orale|t__SGB5933",131,0.10202492211838,0.00050122978460532,TRUE,TRUE,TRUE,0.0130657257690339,"HMP1-2 taxonomy oral"
"k__Bacteria|p__Candidatus_Absconditabacteria|c__Candidatus_Absconditabacteria_unclassified|o__Candidatus_Absconditabacteria_unclassified|f__Candidatus_Absconditabacteria_unclassified|g__Candidatus_Absconditabacteria_unclassified|s__SR1_bacterium_human_oral_taxon_HOT_345|t__SGB6893",292,0.227414330218069,0.00111406772367188,TRUE,TRUE,TRUE,0.0228689409544364,"HMP1-2 taxonomy oral"
"k__Bacteria|p__Bacteroidetes|c__Bacteroidia|o__Bacteroidales|f__Prevotellaceae|g__Alloprevotella|s__Alloprevotella_tannerae|t__SGB1411",575,0.447819314641745,0.00227750889782868,TRUE,TRUE,TRUE,0.0360047023156696,"HMP1-2 taxonomy oral"
"k__Bacteria|p__Bacteroidetes|c__Bacteroidia|o__Bacteroidales|f__Bacteroidaceae|g__Bacteroidaceae_unclassified|s__Bacteroidaceae_bacterium|t__SGB1469",673,0.524143302180685,0.0034460721652002,TRUE,TRUE,TRUE,0.0446002759991256,"HMP1-2 taxonomy oral"
"k__Bacteria|p__Proteobacteria|c__CFGB4196|o__OFGB4196|f__FGB4196|g__GGB12441|s__GGB12441_SGB19290|t__SGB19290",339,0.264018691588785,0.00100606182532393,TRUE,TRUE,TRUE,0.0216038567142025,"HMP1-2 taxonomy oral"
"k__Bacteria|p__Bacteroidetes|c__CFGB570|o__OFGB570|f__FGB570|g__GGB1203|s__GGB1203_SGB1568|t__SGB1568",498,0.38785046728972,0.00118310617316689,TRUE,TRUE,TRUE,0.0199661875674726,"HMP1-2 taxonomy oral"
"k__Bacteria|p__Spirochaetes|c__Spirochaetia|o__Spirochaetales|f__Spirochaetaceae|g__GGB2672|s__GGB2672_SGB3600|t__SGB3600",155,0.120716510903427,0.00205199349659997,TRUE,TRUE,TRUE,0.0312765673235713,"HMP1-2 taxonomy oral"
"k__Bacteria|p__Candidatus_Saccharibacteria|c__Candidatus_Saccharibacteria_unclassified|o__Candidatus_Saccharibacteria_unclassified|f__Candidatus_Saccharibacteria_unclassified|g__GGB12763|s__GGB12763_SGB19797|t__SGB19797",262,0.20404984423676,0.000675836192804597,TRUE,TRUE,TRUE,0.0173528084985274,"HMP1-2 taxonomy oral"
"k__Bacteria|p__Firmicutes|c__CFGB1534|o__OFGB1534|f__FGB1534|g__GGB3886|s__GGB3886_SGB5269|t__SGB5269",392,0.305295950155763,0.000914399198064486,TRUE,TRUE,TRUE,0.0194550803113892,"HMP1-2 taxonomy oral"
"k__Bacteria|p__Firmicutes|c__CFGB1762|o__OFGB1762|f__FGB1762|g__GGB4533|s__GGB4533_SGB6246|t__SGB6246",600,0.467289719626168,0.00146164410209087,TRUE,TRUE,TRUE,0.0287015231793998,"HMP1-2 taxonomy oral"
"k__Bacteria|p__Firmicutes|c__Clostridia|o__Clostridiales|f__Lachnospiraceae|g__Lachnoanaerobaculum|s__Lachnoanaerobaculum_umeaense|t__SGB4490",98,0.0763239875389408,0.00138529387258041,FALSE,TRUE,FALSE,NA,"HMP1-2 taxonomy oral"
"k__Bacteria|p__Firmicutes|c__Clostridia|o__Clostridiales|f__Peptostreptococcaceae|g__GGB4786|s__GGB4786_SGB6625|t__SGB6625",187,0.145638629283489,0.000681511752303458,TRUE,TRUE,TRUE,0.0152742963186891,"HMP1-2 taxonomy oral"
"k__Bacteria|p__Bacteroidetes|c__Bacteroidia|o__Bacteroidales|f__Prevotellaceae|g__Alloprevotella|s__Alloprevotella_rava|t__SGB1485",480,0.373831775700935,0.000576648966078557,TRUE,TRUE,TRUE,0.0172553772091399,"HMP1-2 taxonomy oral"
"k__Bacteria|p__Candidatus_Saccharibacteria|c__Candidatus_Nanosyncoccalia|o__Candidatus_Nanogingivales|f__Candidatus_Nanogingivalaceae|g__GGB12785|s__GGB12785_SGB19825|t__SGB19825",305,0.237538940809969,0.00244874949440924,TRUE,TRUE,TRUE,0.0429861258259866,"HMP1-2 taxonomy oral"
"k__Bacteria|p__Proteobacteria|c__Betaproteobacteria|o__Neisseriales|f__Neisseriaceae|g__Neisseria|s__Neisseria_sp_oral_taxon_014|t__SGB9463",469,0.365264797507788,0.00509610566977861,TRUE,TRUE,TRUE,0.0548558936823631,"HMP1-2 taxonomy oral"
"k__Bacteria|p__Proteobacteria|c__Betaproteobacteria|o__Burkholderiales|f__Burkholderiaceae|g__Lautropia|s__Lautropia_dentalis|t__SGB13164",308,0.2398753894081,0.00887732680011123,TRUE,TRUE,TRUE,0.0763342874322814,"HMP1-2 taxonomy oral"
"k__Bacteria|p__Candidatus_Saccharibacteria|c__Candidatus_Saccharibacteria_unclassified|o__Candidatus_Saccharibacteria_unclassified|f__Candidatus_Saccharibacteria_unclassified|g__GGB12762|s__GGB12762_SGB19792|t__SGB19792",302,0.235202492211838,0.00124198191100452,TRUE,TRUE,TRUE,0.0308081129321957,"HMP1-2 taxonomy oral"
"k__Bacteria|p__Bacteroidetes|c__Bacteroidia|o__Bacteroidales|f__Prevotellaceae|g__Prevotella|s__Prevotella_sp_HJM029|t__SGB1521",285,0.22196261682243,0.00201625543284691,TRUE,TRUE,TRUE,0.0318899130073749,"HMP1-2 taxonomy oral"
"k__Bacteria|p__Bacteroidetes|c__CFGB570|o__OFGB570|f__FGB570|g__GGB1202|s__GGB1202_SGB1567|t__SGB1567",316,0.246105919003115,0.0011298866817265,TRUE,TRUE,TRUE,0.0182197457513539,"HMP1-2 taxonomy oral"
"k__Bacteria|p__Actinobacteria|c__Actinobacteria|o__Bifidobacteriales|f__Bifidobacteriaceae|g__Alloscardovia|s__Alloscardovia_omnicolens|t__SGB17300",125,0.0973520249221184,0.000414251208622033,FALSE,TRUE,FALSE,NA,"HMP1-2 taxonomy oral"
"k__Bacteria|p__Spirochaetes|c__Spirochaetia|o__Spirochaetales|f__Spirochaetaceae|g__Treponema|s__Treponema_denticola|t__SGB3613",184,0.143302180685358,0.00146560204079421,TRUE,TRUE,TRUE,0.0295659339509564,"HMP1-2 taxonomy oral"
"k__Bacteria|p__Firmicutes|c__Bacilli|o__Bacillales|f__Bacillales_unclassified|g__Gemella|s__Gemella_SGB7284|t__SGB7284",415,0.323208722741433,0.0145432239290508,TRUE,TRUE,TRUE,0.10187775967618,"HMP1-2 taxonomy oral"
"k__Bacteria|p__Bacteroidetes|c__Bacteroidia|o__Bacteroidales|f__Porphyromonadaceae|g__Porphyromonas|s__Porphyromonas_endodontalis|t__SGB2016",576,0.448598130841121,0.00222455784753605,TRUE,TRUE,TRUE,0.0390951782992883,"HMP1-2 taxonomy oral"
"k__Bacteria|p__Proteobacteria|c__Betaproteobacteria|o__Neisseriales|f__Neisseriaceae|g__Neisseria|s__Neisseria_elongata|t__SGB9447",916,0.713395638629283,0.00875940169832148,TRUE,TRUE,TRUE,0.0696882327817187,"HMP1-2 taxonomy oral"
"k__Bacteria|p__Fusobacteria|c__CFGB1781|o__OFGB1781|f__FGB1781|g__GGB4733|s__GGB4733_SGB6557|t__SGB6557",190,0.14797507788162,0.000771112625980347,TRUE,TRUE,TRUE,0.0198407371494444,"HMP1-2 taxonomy oral"
"k__Bacteria|p__Spirochaetes|c__Spirochaetia|o__Spirochaetales|f__Spirochaetaceae|g__Treponema|s__Treponema_sp_OMZ_804|t__SGB3607",310,0.241433021806854,0.00230529318460275,TRUE,TRUE,TRUE,0.0363537126634102,"HMP1-2 taxonomy oral"
"k__Bacteria|p__Bacteroidetes|c__Bacteroidia|o__Bacteroidales|f__Prevotellaceae|g__Prevotella|s__Prevotella_veroralis|t__SGB1541",270,0.210280373831776,0.000974545199272939,TRUE,TRUE,TRUE,0.0264944191321052,"HMP1-2 taxonomy oral"
"k__Bacteria|p__Spirochaetes|c__Spirochaetia|o__Spirochaetales|f__Spirochaetaceae|g__Treponema|s__Treponema_socranskii|t__SGB3585",375,0.292056074766355,0.00149022205455844,TRUE,TRUE,TRUE,0.0290202708254614,"HMP1-2 taxonomy oral"
"k__Bacteria|p__Firmicutes|c__Clostridia|o__Clostridiales|f__Peptostreptococcaceae|g__Peptostreptococcus|s__Peptostreptococcus_stomatis|t__SGB748",232,0.180685358255452,0.000368211623577458,TRUE,TRUE,TRUE,0.0138181239479226,"HMP1-2 taxonomy oral"
"k__Bacteria|p__Bacteroidetes|c__Bacteroidetes_unclassified|o__Bacteroidetes_unclassified|f__Bacteroidetes_unclassified|g__Bacteroidetes_unclassified|s__Bacteroidetes_oral_taxon_274|t__SGB1341",440,0.342679127725857,0.00352088952504569,TRUE,TRUE,TRUE,0.0477787714630074,"HMP1-2 taxonomy oral"
"k__Bacteria|p__Firmicutes|c__Negativicutes|o__Selenomonadales|f__Selenomonadaceae|g__Selenomonas|s__Selenomonas_sputigena|t__SGB5898",590,0.459501557632399,0.000926551629076778,TRUE,TRUE,TRUE,0.0215611822945169,"HMP1-2 taxonomy oral"
"k__Bacteria|p__Bacteroidetes|c__Flavobacteriia|o__Flavobacteriales|f__Flavobacteriaceae|g__Capnocytophaga|s__Capnocytophaga_sp_oral_taxon_332|t__SGB2489",317,0.246884735202492,0.00197207755650911,TRUE,TRUE,TRUE,0.0348797072442396,"HMP1-2 taxonomy oral"
"k__Bacteria|p__Bacteroidetes|c__Bacteroidia|o__Bacteroidales|f__Porphyromonadaceae|g__Porphyromonas|s__Porphyromonas_SGB2042|t__SGB2042",280,0.218068535825545,0.00154427195196783,TRUE,TRUE,TRUE,0.0342278224208701,"HMP1-2 taxonomy oral"
"k__Bacteria|p__Proteobacteria|c__Epsilonproteobacteria|o__Campylobacterales|f__Campylobacteraceae|g__Campylobacter|s__Campylobacter_SGB19337|t__SGB19337_group",637,0.496105919003115,0.00215023337212049,TRUE,TRUE,TRUE,0.0344144914744448,"HMP1-2 taxonomy oral"
"k__Bacteria|p__Firmicutes|c__Bacilli|o__Lactobacillales|f__Streptococcaceae|g__Streptococcus|s__Streptococcus_anginosus|t__SGB8028_group",262,0.20404984423676,0.00077621795267706,TRUE,TRUE,TRUE,0.022678600600825,"HMP1-2 taxonomy oral"
"k__Bacteria|p__Bacteroidetes|c__Bacteroidia|o__Bacteroidales|f__Prevotellaceae|g__Prevotella|s__Prevotella_denticola|t__SGB1540",359,0.279595015576324,0.000815397724686073,TRUE,TRUE,TRUE,0.0209848054836065,"HMP1-2 taxonomy oral"
"k__Bacteria|p__Firmicutes|c__Clostridia|o__Clostridiales|f__Clostridiales_Family_XIII_Incertae_Sedis|g__Mogibacterium|s__Mogibacterium_pumilum|t__SGB3924",42,0.0327102803738318,4.61119039245305e-05,FALSE,FALSE,FALSE,NA,"HMP1-2 taxonomy oral"
"k__Bacteria|p__Fusobacteria|c__Fusobacteriia|o__Fusobacteriales|f__Leptotrichiaceae|g__Leptotrichia|s__Leptotrichia_buccalis|t__SGB6058",427,0.332554517133956,0.00248156227197306,TRUE,TRUE,TRUE,0.0374102790514317,"HMP1-2 taxonomy oral"
"k__Bacteria|p__Candidatus_Saccharibacteria|c__Candidatus_Saccharimonia|o__Candidatus_Saccharimonales|f__Candidatus_Sacchiramonaceaea|g__Candidatus_Nanosynsacchari|s__Candidatus_Nanosynsacchari_sp_TM7_ANC_38_39_G1_1|t__SGB19882",580,0.451713395638629,0.0052470285248408,TRUE,TRUE,TRUE,0.0574668759106484,"HMP1-2 taxonomy oral"
"k__Bacteria|p__Tenericutes|c__Mollicutes|o__Mycoplasmatales|f__Mycoplasmataceae|g__Mycoplasma|s__Mycoplasma_salivarium|t__SGB5934",176,0.137071651090343,0.000689099438716362,TRUE,TRUE,TRUE,0.0192484764641404,"HMP1-2 taxonomy oral"
"k__Bacteria|p__Bacteroidetes|c__Bacteroidia|o__Bacteroidales|f__Porphyromonadaceae|g__Porphyromonas|s__Porphyromonas_catoniae|t__SGB2036",606,0.47196261682243,0.00331623048724491,TRUE,TRUE,TRUE,0.0417991509659716,"HMP1-2 taxonomy oral"
"k__Bacteria|p__Bacteroidetes|c__Bacteroidetes_unclassified|o__Bacteroidetes_unclassified|f__Bacteroidetes_unclassified|g__Bacteroidetes_unclassified|s__Bacteroidetes_unclassified_SGB1343|t__SGB1343",268,0.208722741433022,0.00278681539938188,TRUE,TRUE,TRUE,0.0372164897290922,"HMP1-2 taxonomy oral"
"k__Bacteria|p__Proteobacteria|c__Gammaproteobacteria|o__Pasteurellales|f__Pasteurellaceae|g__Aggregatibacter|s__Aggregatibacter_segnis|t__SGB9738_group",589,0.458722741433022,0.00258924906162687,TRUE,TRUE,TRUE,0.0383239750561765,"HMP1-2 taxonomy oral"
"k__Bacteria|p__Firmicutes|c__Erysipelotrichia|o__Erysipelotrichales|f__Erysipelotrichaceae|g__Bulleidia|s__Bulleidia_extructa|t__SGB6820",82,0.0638629283489097,0.00118333310090947,FALSE,TRUE,FALSE,NA,"HMP1-2 taxonomy oral"
"k__Bacteria|p__Bacteroidetes|c__Bacteroidia|o__Bacteroidales|f__Prevotellaceae|g__GGB1138|s__GGB1138_SGB1455|t__SGB1455",180,0.14018691588785,0.000776563829549746,TRUE,TRUE,TRUE,0.0192083765489422,"HMP1-2 taxonomy oral"
"k__Bacteria|p__Firmicutes|c__Clostridia|o__Clostridiales|f__Lachnospiraceae|g__Lachnospiraceae_unclassified|s__Lachnospiraceae_bacterium_oral_taxon_500|t__SGB4480",391,0.304517133956386,0.000860144427893676,TRUE,TRUE,TRUE,0.0215030513425489,"HMP1-2 taxonomy oral"
"k__Bacteria|p__Bacteroidetes|c__Bacteroidia|o__Bacteroidales|f__Porphyromonadaceae|g__Porphyromonas|s__Porphyromonas_sp_oral_taxon_278|t__SGB2041",514,0.400311526479751,0.00208838490207106,TRUE,TRUE,TRUE,0.0358894814577197,"HMP1-2 taxonomy oral"
"k__Bacteria|p__Firmicutes|c__CFGB1394|o__OFGB1394|f__FGB1394|g__GGB3385|s__GGB3385_SGB4472|t__SGB4472_group",501,0.39018691588785,0.00110729653471984,TRUE,TRUE,TRUE,0.0236170017705023,"HMP1-2 taxonomy oral"
"k__Bacteria|p__Candidatus_Saccharibacteria|c__Candidatus_Nanosyncoccalia|o__Candidatus_Nanogingivales|f__Candidatus_Nanogingivalaceae|g__GGB12785|s__GGB12785_SGB19827|t__SGB19827",467,0.363707165109034,0.00176569186037649,TRUE,TRUE,TRUE,0.0311153633225103,"HMP1-2 taxonomy oral"
"k__Bacteria|p__Fusobacteria|c__Fusobacteriia|o__Fusobacteriales|f__Leptotrichiaceae|g__GGB4400|s__GGB4400_SGB6074|t__SGB6074",408,0.317757009345794,0.00125857731522266,TRUE,TRUE,TRUE,0.0252274649072757,"HMP1-2 taxonomy oral"
"k__Bacteria|p__Fusobacteria|c__Fusobacteriia|o__Fusobacteriales|f__Leptotrichiaceae|g__Pseudoleptotrichia|s__Pseudoleptotrichia_goodfellowii|t__SGB6073",263,0.204828660436137,0.000713078275635593,TRUE,TRUE,TRUE,0.0202512605546717,"HMP1-2 taxonomy oral"
"k__Bacteria|p__Bacteroidetes|c__CFGB494|o__OFGB494|f__FGB494|g__GGB1022|s__GGB1022_SGB1315|t__SGB1315",198,0.154205607476636,0.00178493175793314,TRUE,TRUE,TRUE,0.0327719879484867,"HMP1-2 taxonomy oral"
"k__Bacteria|p__Actinobacteria|c__Coriobacteriia|o__Eggerthellales|f__Eggerthellaceae|g__Slackia|s__Slackia_exigua|t__SGB14784",94,0.073208722741433,4.22797836414989e-05,FALSE,FALSE,FALSE,NA,"HMP1-2 taxonomy oral"
"k__Bacteria|p__Proteobacteria|c__Gammaproteobacteria|o__Pasteurellales|f__Pasteurellaceae|g__Haemophilus|s__Haemophilus_pittmaniae|t__SGB9656",166,0.129283489096573,0.0009922440896234,TRUE,TRUE,TRUE,0.0249778524823133,"HMP1-2 taxonomy oral"
"k__Bacteria|p__Firmicutes|c__Bacilli|o__Lactobacillales|f__Streptococcaceae|g__Streptococcus|s__Streptococcus_constellatus|t__SGB8026",113,0.088006230529595,0.000614513333600881,FALSE,TRUE,FALSE,NA,"HMP1-2 taxonomy oral"
"k__Bacteria|p__Actinobacteria|c__Actinobacteria|o__Actinomycetales|f__Actinomycetaceae|g__Actinomyces|s__Actinomyces_bouchesdurhonensis|t__SGB17152",290,0.225856697819315,0.00428039082479229,TRUE,TRUE,TRUE,0.0540988976687077,"HMP1-2 taxonomy oral"
"k__Bacteria|p__Actinobacteria|c__Coriobacteriia|o__Coriobacteriales|f__Atopobiaceae|g__Lancefieldella|s__Lancefieldella_rimae|t__SGB985",291,0.226635514018692,0.000278918889269599,TRUE,TRUE,TRUE,0.011939679803035,"HMP1-2 taxonomy oral"
"k__Bacteria|p__Candidatus_Saccharibacteria|c__Candidatus_Saccharibacteria_unclassified|o__Candidatus_Saccharibacteria_unclassified|f__Candidatus_Saccharibacteria_unclassified|g__GGB12761|s__GGB12761_SGB19791|t__SGB19791",153,0.119158878504673,0.00133872019055778,TRUE,TRUE,TRUE,0.0274944090940328,"HMP1-2 taxonomy oral"
"k__Bacteria|p__Firmicutes|c__Negativicutes|o__Veillonellales|f__Veillonellaceae|g__Anaeroglobus|s__Anaeroglobus_geminatus|t__SGB5870",86,0.0669781931464174,0.000634740718452095,FALSE,TRUE,FALSE,NA,"HMP1-2 taxonomy oral"
"k__Bacteria|p__Firmicutes|c__Clostridia|o__Clostridiales|f__Clostridiales_Family_XIII_Incertae_Sedis|g__Clostridiales_Family_XIII_Incertae_Sedis_unclassified|s__Eubacterium_infirmum|t__SGB3936",149,0.116043613707165,0.000273308723746152,TRUE,TRUE,TRUE,0.012669326625771,"HMP1-2 taxonomy oral"
"k__Bacteria|p__Bacteroidetes|c__Bacteroidia|o__Bacteroidales|f__Tannerellaceae|g__Tannerella|s__Tannerella_forsythia|t__SGB2053",269,0.209501557632399,0.000958181282089221,TRUE,TRUE,TRUE,0.0240108077913078,"HMP1-2 taxonomy oral"
"k__Bacteria|p__Firmicutes|c__Clostridia|o__Clostridiales|f__Lachnospiraceae|g__Catonella|s__Catonella_morbi|t__SGB4503",436,0.339563862928349,0.000694170825394481,TRUE,TRUE,TRUE,0.016920196357964,"HMP1-2 taxonomy oral"
"k__Bacteria|p__Proteobacteria|c__Betaproteobacteria|o__Burkholderiales|f__Comamonadaceae|g__Ottowia|s__Ottowia_sp_Marseille_P4747|t__SGB12664",320,0.249221183800623,0.00308662090527064,TRUE,TRUE,TRUE,0.044635296377362,"HMP1-2 taxonomy oral"
"k__Bacteria|p__Bacteroidetes|c__Bacteroidia|o__Bacteroidales|f__Porphyromonadaceae|g__GGB1472|s__GGB1472_SGB2037|t__SGB2037",418,0.325545171339564,0.00346786897611258,TRUE,TRUE,TRUE,0.0421297082726155,"HMP1-2 taxonomy oral"
"k__Bacteria|p__Proteobacteria|c__Epsilonproteobacteria|o__Campylobacterales|f__Campylobacteraceae|g__GGB12443|s__GGB12443_SGB19313|t__SGB19313",251,0.195482866043614,0.000942796346617042,TRUE,TRUE,TRUE,0.0203691679345068,"HMP1-2 taxonomy oral"
"k__Bacteria|p__Firmicutes|c__Negativicutes|o__Selenomonadales|f__Selenomonadaceae|g__Selenomonas|s__Selenomonas_sp_oral_taxon_892|t__SGB5885",268,0.208722741433022,0.00104831673609012,TRUE,TRUE,TRUE,0.0214673603366122,"HMP1-2 taxonomy oral"
"k__Bacteria|p__Firmicutes|c__Clostridia|o__Clostridiales|f__Peptostreptococcaceae|g__Peptoanaerobacter|s__Peptoanaerobacter_SGB6621|t__SGB6621",113,0.088006230529595,0.00145964340766482,FALSE,TRUE,FALSE,NA,"HMP1-2 taxonomy oral"
"k__Bacteria|p__Spirochaetes|c__Spirochaetia|o__Spirochaetales|f__Spirochaetaceae|g__Treponema|s__Treponema_maltophilum|t__SGB3589",217,0.169003115264797,0.000894476446341743,TRUE,TRUE,TRUE,0.0196179539090676,"HMP1-2 taxonomy oral"
"k__Bacteria|p__Bacteroidetes|c__Bacteroidia|o__Bacteroidales|f__Prevotellaceae|g__Prevotella|s__Prevotella_saccharolytica|t__SGB1454",343,0.267133956386293,0.00129832119115618,TRUE,TRUE,TRUE,0.0230515804442493,"HMP1-2 taxonomy oral"
"k__Bacteria|p__Proteobacteria|c__Gammaproteobacteria|o__Pasteurellales|f__Pasteurellaceae|g__Aggregatibacter|s__Aggregatibacter_aphrophilus|t__SGB9731",554,0.431464174454829,0.00600527415257796,TRUE,TRUE,TRUE,0.0621753634324619,"HMP1-2 taxonomy oral"
"k__Bacteria|p__Actinobacteria|c__Coriobacteriia|o__Coriobacteriales|f__Atopobiaceae|g__Olsenella|s__Olsenella_sp_oral_taxon_807|t__SGB14348",315,0.245327102803738,0.000978005950212454,TRUE,TRUE,TRUE,0.022193920684813,"HMP1-2 taxonomy oral"
"k__Bacteria|p__Firmicutes|c__Negativicutes|o__Selenomonadales|f__Selenomonadaceae|g__Selenomonas|s__Selenomonas_artemidis|t__SGB5878",371,0.288940809968847,0.00180960992136033,TRUE,TRUE,TRUE,0.0281464709474988,"HMP1-2 taxonomy oral"
"k__Bacteria|p__Bacteroidetes|c__Bacteroidia|o__Bacteroidales|f__Prevotellaceae|g__Alloprevotella|s__Alloprevotella_sp_Lung230|t__SGB1467",382,0.297507788161994,0.000618029523800473,TRUE,TRUE,TRUE,0.0174466969995623,"HMP1-2 taxonomy oral"
"k__Bacteria|p__Firmicutes|c__Clostridia|o__Clostridiales|f__Lachnospiraceae|g__Johnsonella|s__Johnsonella_ignava|t__SGB6631",160,0.124610591900312,0.000661489959920691,TRUE,TRUE,TRUE,0.0171875062722132,"HMP1-2 taxonomy oral"
"k__Bacteria|p__Bacteroidetes|c__Bacteroidia|o__Bacteroidales|f__Prevotellaceae|g__Prevotella|s__Prevotella_oulorum|t__SGB1520",501,0.39018691588785,0.00103306881861419,TRUE,TRUE,TRUE,0.0222120501532584,"HMP1-2 taxonomy oral"
"k__Bacteria|p__Bacteroidetes|c__Bacteroidia|o__Bacteroidales|f__Prevotellaceae|g__Prevotella|s__Prevotella_micans|t__SGB1565",149,0.116043613707165,0.000683102553571636,TRUE,TRUE,TRUE,0.0163453446820185,"HMP1-2 taxonomy oral"
"k__Bacteria|p__Actinobacteria|c__Actinobacteria|o__Actinomycetales|f__Actinomycetaceae|g__Pauljensenia|s__Pauljensenia_hongkongensis|t__SGB17148",427,0.332554517133956,0.00156571117528235,TRUE,TRUE,TRUE,0.0252229227397598,"HMP1-2 taxonomy oral"
"k__Bacteria|p__Bacteroidetes|c__Bacteroidia|o__Bacteroidales|f__Prevotellaceae|g__Prevotella|s__Prevotella_maculosa|t__SGB1524",357,0.27803738317757,0.000773235253430116,TRUE,TRUE,TRUE,0.0185166018098054,"HMP1-2 taxonomy oral"
"k__Bacteria|p__Proteobacteria|c__Epsilonproteobacteria|o__Campylobacterales|f__Campylobacteraceae|g__Campylobacter|s__Campylobacter_curvus|t__SGB19334",162,0.126168224299065,0.000450522189773983,TRUE,TRUE,TRUE,0.0146359626202081,"HMP1-2 taxonomy oral"
"k__Bacteria|p__Bacteroidetes|c__Bacteroidia|o__Bacteroidales|f__Prevotellaceae|g__Prevotella|s__Prevotella_enoeca|t__SGB1527",71,0.0552959501557632,0.000378405620768493,FALSE,TRUE,FALSE,NA,"HMP1-2 taxonomy oral"
"k__Bacteria|p__Actinobacteria|c__Actinobacteria|o__Actinomycetales|f__Actinomycetaceae|g__Schaalia|s__Schaalia_georgiae|t__SGB17149",250,0.194704049844237,0.000573787946737318,TRUE,TRUE,TRUE,0.0158283430883484,"HMP1-2 taxonomy oral"
"k__Bacteria|p__Firmicutes|c__Negativicutes|o__Selenomonadales|f__Selenomonadaceae|g__Centipeda|s__Centipeda_periodontii|t__SGB5887",170,0.132398753894081,0.000635093466823733,TRUE,TRUE,TRUE,0.0175654405735628,"HMP1-2 taxonomy oral"
"k__Bacteria|p__Firmicutes|c__Negativicutes|o__Selenomonadales|f__Selenomonadaceae|g__Selenomonas|s__Selenomonas_SGB5892|t__SGB5892",181,0.140965732087227,0.000542582237868225,TRUE,TRUE,TRUE,0.0170197192923395,"HMP1-2 taxonomy oral"
"k__Bacteria|p__Proteobacteria|c__Betaproteobacteria|o__Neisseriales|f__Neisseriaceae|g__Eikenella|s__Eikenella_exigua|t__SGB9429",79,0.0615264797507788,0.000616513843555313,FALSE,TRUE,FALSE,NA,"HMP1-2 taxonomy oral"
"k__Bacteria|p__Fusobacteria|c__Fusobacteriia|o__Fusobacteriales|f__Leptotrichiaceae|g__Leptotrichia|s__Leptotrichia_trevisanii|t__SGB6066",226,0.17601246105919,0.000770569793978585,TRUE,TRUE,TRUE,0.0222226656211551,"HMP1-2 taxonomy oral"
"k__Bacteria|p__Spirochaetes|c__Spirochaetia|o__Spirochaetales|f__Spirochaetaceae|g__Treponema|s__Treponema_SGB69443|t__SGB69443",146,0.113707165109034,0.000364065738106444,TRUE,TRUE,TRUE,0.0128855721083733,"HMP1-2 taxonomy oral"
"k__Bacteria|p__Proteobacteria|c__Gammaproteobacteria|o__Pasteurellales|f__Pasteurellaceae|g__GGB6814|s__GGB6814_SGB9728|t__SGB9728",267,0.207943925233645,0.0023871427225903,TRUE,TRUE,TRUE,0.0377882770526496,"HMP1-2 taxonomy oral"
"k__Bacteria|p__Spirochaetes|c__Spirochaetia|o__Spirochaetales|f__Spirochaetaceae|g__Treponema|s__Treponema_sp_Marseille_Q4130|t__SGB80266",97,0.0755451713395639,0.000130340195937865,FALSE,TRUE,FALSE,NA,"HMP1-2 taxonomy oral"
"k__Bacteria|p__Actinobacteria|c__Actinobacteria|o__Propionibacteriales|f__Propionibacteriaceae|g__Arachnia|s__Arachnia_SGB15898|t__SGB15898",171,0.133177570093458,0.00516744221440971,TRUE,TRUE,TRUE,0.0529071076411732,"HMP1-2 taxonomy oral"
"k__Bacteria|p__Proteobacteria|c__Betaproteobacteria|o__Neisseriales|f__Neisseriaceae|g__Eikenella|s__Eikenella_longinqua|t__SGB9436",44,0.0342679127725857,4.74318093431908e-06,FALSE,FALSE,FALSE,NA,"HMP1-2 taxonomy oral"
"k__Bacteria|p__Fusobacteria|c__Fusobacteriia|o__Fusobacteriales|f__Fusobacteriaceae|g__Fusobacterium|s__Fusobacterium_canifelinum|t__SGB29027",77,0.0599688473520249,1.74077877829923e-05,FALSE,FALSE,FALSE,NA,"HMP1-2 taxonomy oral"
"k__Bacteria|p__Actinobacteria|c__Actinobacteria|o__Corynebacteriales|f__Corynebacteriaceae|g__Corynebacterium|s__Corynebacterium_aurimucosum|t__SGB17100",9,0.00700934579439252,0.00770688889898891,FALSE,TRUE,FALSE,NA,"HMP1-2 taxonomy oral"
"k__Bacteria|p__Firmicutes|c__Tissierellia|o__Tissierellales|f__Peptoniphilaceae|g__GGB4812|s__GGB4812_SGB6657|t__SGB6657",4,0.00311526479750779,0.00630835042455755,FALSE,TRUE,FALSE,NA,"HMP1-2 taxonomy oral"
"k__Bacteria|p__Firmicutes|c__Tissierellia|o__Tissierellales|f__Peptoniphilaceae|g__Peptoniphilus|s__Peptoniphilus_lacydonensis|t__SGB6692",1,0.000778816199376947,0.2622036,FALSE,TRUE,FALSE,NA,"HMP1-2 taxonomy oral"
"k__Bacteria|p__Firmicutes|c__Bacilli|o__Bacilli_unclassified|f__Bacilli_unclassified|g__Bacilli_unclassified|s__Bacilli_unclassified_SGB6487|t__SGB6487",0,0,NA,FALSE,FALSE,FALSE,NA,"HMP1-2 taxonomy oral"
"k__Bacteria|p__Firmicutes|c__Clostridia|o__Clostridiales|f__Lachnospiraceae|g__Butyrivibrio|s__Butyrivibrio_crossotus|t__SGB5065",14,0.0109034267912773,0.00428670359699328,FALSE,TRUE,FALSE,NA,"HMP1-2 taxonomy oral"
"k__Bacteria|p__Bacteroidetes|c__Bacteroidia|o__Bacteroidales|f__Prevotellaceae|g__Prevotella|s__Prevotella_copri_clade_A|t__SGB1626",129,0.100467289719626,0.00232860296307896,TRUE,TRUE,TRUE,0.0440553701228028,"HMP1-2 taxonomy oral"
"k__Bacteria|p__Firmicutes|c__Bacilli|o__Bacilli_unclassified|f__Bacilli_unclassified|g__GGB4700|s__GGB4700_SGB6506|t__SGB6506",2,0.00155763239875389,0.00238975214834694,FALSE,TRUE,FALSE,NA,"HMP1-2 taxonomy oral"
"k__Bacteria|p__Bacteroidetes|c__Bacteroidia|o__Bacteroidales|f__Bacteroidales_unclassified|g__Phocaeicola|s__Phocaeicola_massiliensis|t__SGB1812",43,0.0334890965732087,0.00470943474175841,FALSE,TRUE,FALSE,NA,"HMP1-2 taxonomy oral"
"k__Bacteria|p__Bacteroidetes|c__Bacteroidia|o__Bacteroidales|f__Bacteroidaceae|g__Bacteroides|s__Bacteroides_uniformis|t__SGB1836_group",182,0.141744548286604,0.00103815061969655,TRUE,TRUE,TRUE,0.0282524529171885,"HMP1-2 taxonomy oral"
"k__Bacteria|p__Firmicutes|c__Clostridia|o__Clostridia_unclassified|f__Clostridia_unclassified|g__GGB9059|s__GGB9059_SGB13976|t__SGB13976",13,0.0101246105919003,0.00183225515918035,FALSE,TRUE,FALSE,NA,"HMP1-2 taxonomy oral"
"k__Bacteria|p__Firmicutes|c__Bacilli|o__Bacilli_unclassified|f__Bacilli_unclassified|g__Bacilli_unclassified|s__Bacilli_bacterium|t__SGB6499",0,0,NA,FALSE,FALSE,FALSE,NA,"HMP1-2 taxonomy oral"
"k__Bacteria|p__Firmicutes|c__Bacilli|o__Bacilli_unclassified|f__Bacilli_unclassified|g__GGB4750|s__GGB4750_SGB6579|t__SGB6579",3,0.00233644859813084,8.5433325240001e-05,FALSE,FALSE,FALSE,NA,"HMP1-2 taxonomy oral"
"k__Bacteria|p__Firmicutes|c__Bacilli|o__Bacilli_unclassified|f__Bacilli_unclassified|g__Bacilli_unclassified|s__Bacilli_bacterium|t__SGB6533",0,0,NA,FALSE,FALSE,FALSE,NA,"HMP1-2 taxonomy oral"
"k__Bacteria|p__Firmicutes|c__Clostridia|o__Clostridia_unclassified|f__Clostridia_unclassified|g__Clostridia_unclassified|s__Clostridia_bacterium|t__SGB6308",8,0.00623052959501558,0.00207622645621748,FALSE,TRUE,FALSE,NA,"HMP1-2 taxonomy oral"
"k__Bacteria|p__Firmicutes|c__Bacilli|o__Bacilli_unclassified|f__Bacilli_unclassified|g__GGB4669|s__GGB4669_SGB6458|t__SGB6458",0,0,NA,FALSE,FALSE,FALSE,NA,"HMP1-2 taxonomy oral"
"k__Bacteria|p__Firmicutes|c__Bacilli|o__Bacilli_unclassified|f__Bacilli_unclassified|g__GGB4706|s__GGB4706_SGB6513|t__SGB6513",0,0,NA,FALSE,FALSE,FALSE,NA,"HMP1-2 taxonomy oral"
"k__Bacteria|p__Firmicutes|c__Bacilli|o__Bacilli_unclassified|f__Bacilli_unclassified|g__GGB4674|s__GGB4674_SGB6463|t__SGB6463",0,0,NA,FALSE,FALSE,FALSE,NA,"HMP1-2 taxonomy oral"
"k__Bacteria|p__Firmicutes|c__Negativicutes|o__Veillonellales|f__Veillonellaceae|g__GGB4266|s__GGB4266_SGB5809|t__SGB5809_group",1,0.000778816199376947,0.0117130988286901,FALSE,TRUE,FALSE,NA,"HMP1-2 taxonomy oral"
"k__Bacteria|p__Firmicutes|c__Clostridia|o__Clostridiales|f__Lachnospiraceae|g__Lachnospiraceae_unclassified|s__Lachnospiraceae_unclassified_SGB4894|t__SGB4894",1,0.000778816199376947,0.00051780046602042,FALSE,TRUE,FALSE,NA,"HMP1-2 taxonomy oral"
"k__Bacteria|p__Bacteroidetes|c__Bacteroidia|o__Bacteroidales|f__Bacteroidaceae|g__Bacteroides|s__Bacteroides_finegoldii|t__SGB1862",11,0.00856697819314642,0.000946408980835483,FALSE,TRUE,FALSE,NA,"HMP1-2 taxonomy oral"
"k__Bacteria|p__Bacteroidetes|c__Bacteroidia|o__Bacteroidales|f__Bacteroidaceae|g__Bacteroides|s__Bacteroides_thetaiotaomicron|t__SGB1861",33,0.0257009345794393,0.000673481864707045,FALSE,TRUE,FALSE,NA,"HMP1-2 taxonomy oral"
"k__Bacteria|p__Firmicutes|c__Clostridia|o__Clostridiales|f__Ruminococcaceae|g__GGB9634|s__GGB9634_SGB15097|t__SGB15097",0,0,NA,FALSE,FALSE,FALSE,NA,"HMP1-2 taxonomy oral"
"k__Bacteria|p__Firmicutes|c__Clostridia|o__Clostridia_unclassified|f__Clostridia_unclassified|g__GGB3293|s__GGB3293_SGB4348|t__SGB4348",1,0.000778816199376947,0.000268000107200043,FALSE,TRUE,FALSE,NA,"HMP1-2 taxonomy oral"
"k__Bacteria|p__Firmicutes|c__Clostridia|o__Clostridia_unclassified|f__Clostridia_unclassified|g__GGB9288|s__GGB9288_SGB14243|t__SGB14243",0,0,NA,FALSE,FALSE,FALSE,NA,"HMP1-2 taxonomy oral"
"k__Bacteria|p__Firmicutes|c__Clostridia|o__Clostridia_unclassified|f__Clostridia_unclassified|g__GGB4550|s__GGB4550_SGB6272|t__SGB6272",0,0,NA,FALSE,FALSE,FALSE,NA,"HMP1-2 taxonomy oral"
"k__Bacteria|p__Firmicutes|c__Bacilli|o__Bacilli_unclassified|f__Bacilli_unclassified|g__Bacilli_unclassified|s__Bacilli_unclassified_SGB6478|t__SGB6478",6,0.00467289719626168,4.13333445483389e-05,FALSE,FALSE,FALSE,NA,"HMP1-2 taxonomy oral"
"k__Bacteria|p__Bacteroidetes|c__Bacteroidia|o__Bacteroidales|f__Bacteroidaceae|g__Bacteroides|s__Bacteroides_xylanisolvens|t__SGB1867",44,0.0342679127725857,0.000706377209993443,FALSE,TRUE,FALSE,NA,"HMP1-2 taxonomy oral"
"k__Bacteria|p__Firmicutes|c__Clostridia|o__Clostridia_unclassified|f__Clostridia_unclassified|g__GGB4584|s__GGB4584_SGB6338|t__SGB6338",1,0.000778816199376947,0.0007395006655506,FALSE,TRUE,FALSE,NA,"HMP1-2 taxonomy oral"
"k__Bacteria|p__Firmicutes|c__Clostridia|o__Clostridia_unclassified|f__Clostridia_unclassified|g__Clostridia_unclassified|s__Clostridia_bacterium|t__SGB14110",0,0,NA,FALSE,FALSE,FALSE,NA,"HMP1-2 taxonomy oral"
"k__Bacteria|p__Firmicutes|c__CFGB1798|o__OFGB1798|f__FGB1798|g__GGB4768|s__GGB4768_SGB6601|t__SGB6601",2,0.00155763239875389,0.000718700581040576,FALSE,TRUE,FALSE,NA,"HMP1-2 taxonomy oral"
"k__Bacteria|p__Bacteroidetes|c__Bacteroidia|o__Bacteroidales|f__Bacteroidales_unclassified|g__Bacteroidales_unclassified|s__Bacteroidales_bacterium|t__SGB2138",0,0,NA,FALSE,FALSE,FALSE,NA,"HMP1-2 taxonomy oral"
"k__Bacteria|p__Bacteroidetes|c__Bacteroidia|o__Bacteroidales|f__Bacteroidales_unclassified|g__Bacteroidales_unclassified|s__Bacteroidales_bacterium|t__SGB2171",0,0,NA,FALSE,FALSE,FALSE,NA,"HMP1-2 taxonomy oral"
"k__Bacteria|p__Firmicutes|c__Clostridia|o__Clostridiales|f__Ruminococcaceae|g__Ruminococcaceae_unclassified|s__Eubacterium_siraeum|t__SGB4198_group",14,0.0109034267912773,0.000435192927926458,FALSE,TRUE,FALSE,NA,"HMP1-2 taxonomy oral"
"k__Bacteria|p__Firmicutes|c__Clostridia|o__Clostridiales|f__Clostridiaceae|g__Clostridium|s__Clostridium_sp_AF15_49|t__SGB5111",22,0.0171339563862928,0.000689568300066471,FALSE,TRUE,FALSE,NA,"HMP1-2 taxonomy oral"
"k__Bacteria|p__Firmicutes|c__Clostridia|o__Clostridiales|f__Lachnospiraceae|g__Roseburia|s__Roseburia_faecis|t__SGB4925",24,0.0186915887850467,0.00074894611401604,FALSE,TRUE,FALSE,NA,"HMP1-2 taxonomy oral"
"k__Bacteria|p__Proteobacteria|c__Betaproteobacteria|o__Burkholderiales|f__Sutterellaceae|g__Parasutterella|s__Parasutterella_SGB9260|t__SGB9260",11,0.00856697819314642,7.68091045127333e-05,FALSE,FALSE,FALSE,NA,"HMP1-2 taxonomy oral"
"k__Bacteria|p__Bacteroidetes|c__Bacteroidia|o__Bacteroidales|f__Bacteroidaceae|g__Bacteroides|s__Bacteroides_eggerthii|t__SGB1829",2,0.00155763239875389,0.000269749811095132,FALSE,TRUE,FALSE,NA,"HMP1-2 taxonomy oral"
"k__Bacteria|p__Firmicutes|c__Clostridia|o__Clostridia_unclassified|f__Clostridia_unclassified|g__Clostridia_unclassified|s__Clostridia_bacterium|t__SGB4395",0,0,NA,FALSE,FALSE,FALSE,NA,"HMP1-2 taxonomy oral"
"k__Bacteria|p__Lentisphaerae|c__Lentisphaeria|o__Lentisphaeria_unclassified|f__Lentisphaeria_unclassified|g__Lentisphaeria_unclassified|s__Lentisphaeria_bacterium|t__SGB9208",0,0,NA,FALSE,FALSE,FALSE,NA,"HMP1-2 taxonomy oral"
"k__Bacteria|p__Firmicutes|c__CFGB3035|o__OFGB3035|f__FGB3035|g__GGB9524|s__GGB9524_SGB14923|t__SGB14923",1,0.000778816199376947,3.14999937000013e-05,FALSE,FALSE,FALSE,NA,"HMP1-2 taxonomy oral"
"k__Bacteria|p__Firmicutes|c__Clostridia|o__Clostridia_unclassified|f__Clostridia_unclassified|g__Clostridia_unclassified|s__Clostridia_bacterium|t__SGB14250",0,0,NA,FALSE,FALSE,FALSE,NA,"HMP1-2 taxonomy oral"
"k__Bacteria|p__Firmicutes|c__Clostridia|o__Clostridiales|f__Ruminococcaceae|g__GGB9631|s__GGB9631_SGB15086|t__SGB15086",0,0,NA,FALSE,FALSE,FALSE,NA,"HMP1-2 taxonomy oral"
"k__Bacteria|p__Bacteroidetes|c__Bacteroidia|o__Bacteroidales|f__Rikenellaceae|g__Alistipes|s__Alistipes_senegalensis|t__SGB2296",2,0.00155763239875389,0.000169200025865004,FALSE,TRUE,FALSE,NA,"HMP1-2 taxonomy oral"
"k__Bacteria|p__Firmicutes|c__Clostridia|o__Clostridia_unclassified|f__Clostridia_unclassified|g__Clostridia_unclassified|s__Clostridia_bacterium|t__SGB13987",0,0,NA,FALSE,FALSE,FALSE,NA,"HMP1-2 taxonomy oral"
"k__Bacteria|p__Candidatus_Melainabacteria|c__Candidatus_Melainabacteria_unclassified|o__Candidatus_Gastranaerophilales|f__Candidatus_Gastranaerophilales_unclassified|g__GGB6021|s__GGB6021_SGB8655|t__SGB8655",0,0,NA,FALSE,FALSE,FALSE,NA,"HMP1-2 taxonomy oral"
"k__Bacteria|p__Bacteroidetes|c__Bacteroidia|o__Bacteroidales|f__Bacteroidaceae|g__Bacteroides|s__Bacteroides_bouchesdurhonensis|t__SGB3321",0,0,NA,FALSE,FALSE,FALSE,NA,"HMP1-2 taxonomy oral"
"k__Bacteria|p__Proteobacteria|c__Betaproteobacteria|o__Burkholderiales|f__Sutterellaceae|g__Sutterella|s__Sutterella_wadsworthensis|t__SGB9283",7,0.00545171339563863,0.000102728581850006,FALSE,TRUE,FALSE,NA,"HMP1-2 taxonomy oral"
"k__Bacteria|p__Firmicutes|c__Clostridia|o__Clostridiales|f__Ruminococcaceae|g__GGB9697|s__GGB9697_SGB15213|t__SGB15213",0,0,NA,FALSE,FALSE,FALSE,NA,"HMP1-2 taxonomy oral"
"k__Bacteria|p__Firmicutes|c__Clostridia|o__Clostridia_unclassified|f__Clostridia_unclassified|g__Clostridia_unclassified|s__Clostridia_bacterium|t__SGB14215",0,0,NA,FALSE,FALSE,FALSE,NA,"HMP1-2 taxonomy oral"
"k__Bacteria|p__Bacteroidetes|c__Bacteroidia|o__Bacteroidales|f__Bacteroidales_unclassified|g__Bacteroidales_unclassified|s__Bacteroidales_unclassified_SGB2135|t__SGB2135",1,0.000778816199376947,7.65000229500069e-05,FALSE,FALSE,FALSE,NA,"HMP1-2 taxonomy oral"
"k__Bacteria|p__Firmicutes|c__Clostridia|o__Clostridia_unclassified|f__Clostridia_unclassified|g__Clostridia_unclassified|s__Clostridia_bacterium|t__SGB6331",0,0,NA,FALSE,FALSE,FALSE,NA,"HMP1-2 taxonomy oral"
"k__Bacteria|p__Firmicutes|c__Clostridia|o__Clostridia_unclassified|f__Clostridia_unclassified|g__Clostridia_unclassified|s__Clostridia_bacterium|t__SGB14861",5,0.00389408099688474,0.000502659999590003,FALSE,TRUE,FALSE,NA,"HMP1-2 taxonomy oral"
"k__Bacteria|p__Firmicutes|c__Bacilli|o__Bacilli_unclassified|f__Bacilli_unclassified|g__Bacilli_unclassified|s__Bacilli_bacterium|t__SGB6609",0,0,NA,FALSE,FALSE,FALSE,NA,"HMP1-2 taxonomy oral"
"k__Bacteria|p__Firmicutes|c__Clostridia|o__Clostridia_unclassified|f__Clostridia_unclassified|g__GGB4566|s__GGB4566_SGB6305|t__SGB6305",0,0,NA,FALSE,FALSE,FALSE,NA,"HMP1-2 taxonomy oral"
"k__Bacteria|p__Firmicutes|c__Clostridia|o__Clostridia_unclassified|f__Clostridia_unclassified|g__Clostridia_unclassified|s__Clostridia_bacterium|t__SGB4365",0,0,NA,FALSE,FALSE,FALSE,NA,"HMP1-2 taxonomy oral"
"k__Bacteria|p__Firmicutes|c__Clostridia|o__Clostridia_unclassified|f__Clostridia_unclassified|g__Clostridia_unclassified|s__Clostridia_unclassified_SGB4121|t__SGB4121",2,0.00155763239875389,7.99999996000001e-06,FALSE,FALSE,FALSE,NA,"HMP1-2 taxonomy oral"
"k__Bacteria|p__Firmicutes|c__Clostridia|o__Clostridiales|f__Lachnospiraceae|g__Mediterraneibacter|s__Ruminococcus_torques|t__SGB4563_group",4,0.00311526479750779,0.000202725012565033,FALSE,TRUE,FALSE,NA,"HMP1-2 taxonomy oral"
"k__Bacteria|p__Firmicutes|c__Clostridia|o__Clostridiales|f__Eubacteriaceae|g__Eubacterium|s__Eubacterium_sp_AF15_50|t__SGB5042",1,0.000778816199376947,3.55000106500032e-05,FALSE,FALSE,FALSE,NA,"HMP1-2 taxonomy oral"
"k__Bacteria|p__Firmicutes|c__Clostridia|o__Clostridiales|f__Lachnospiraceae|g__Lachnospiraceae_unclassified|s__Lachnospiraceae_bacterium|t__SGB5062",5,0.00389408099688474,0.000601020106504024,FALSE,TRUE,FALSE,NA,"HMP1-2 taxonomy oral"
"k__Bacteria|p__Firmicutes|c__Clostridia|o__Clostridia_unclassified|f__Clostridia_unclassified|g__Clostridia_unclassified|s__Clostridia_bacterium|t__SGB4342",0,0,NA,FALSE,FALSE,FALSE,NA,"HMP1-2 taxonomy oral"
"k__Bacteria|p__Firmicutes|c__Clostridia|o__Clostridiales|f__Lachnospiraceae|g__Dorea|s__Dorea_longicatena|t__SGB4582_group",1,0.000778816199376947,0.0002032,FALSE,TRUE,FALSE,NA,"HMP1-2 taxonomy oral"
"k__Bacteria|p__Firmicutes|c__Clostridia|o__Clostridia_unclassified|f__Clostridia_unclassified|g__Clostridia_unclassified|s__Clostridia_bacterium|t__SGB3940",0,0,NA,FALSE,FALSE,FALSE,NA,"HMP1-2 taxonomy oral"
"k__Bacteria|p__Firmicutes|c__Clostridia|o__Clostridia_unclassified|f__Clostridia_unclassified|g__Clostridia_unclassified|s__Clostridia_bacterium|t__SGB14223",2,0.00155763239875389,0.000125699987430001,FALSE,TRUE,FALSE,NA,"HMP1-2 taxonomy oral"
"k__Bacteria|p__Firmicutes|c__Clostridia|o__Clostridia_unclassified|f__Clostridia_unclassified|g__GGB4603|s__GGB4603_SGB6367|t__SGB6367",0,0,NA,FALSE,FALSE,FALSE,NA,"HMP1-2 taxonomy oral"
"k__Bacteria|p__Firmicutes|c__Firmicutes_unclassified|o__Firmicutes_unclassified|f__Firmicutes_unclassified|g__Firmicutes_unclassified|s__Firmicutes_bacterium|t__SGB4063",1,0.000778816199376947,0.000118200035460011,FALSE,TRUE,FALSE,NA,"HMP1-2 taxonomy oral"
"k__Bacteria|p__Proteobacteria|c__Alphaproteobacteria|o__Alphaproteobacteria_unclassified|f__Alphaproteobacteria_unclassified|g__Alphaproteobacteria_unclassified|s__Alphaproteobacteria_bacterium|t__SGB9344",0,0,NA,FALSE,FALSE,FALSE,NA,"HMP1-2 taxonomy oral"
"k__Bacteria|p__Firmicutes|c__Clostridia|o__Clostridia_unclassified|f__Clostridia_unclassified|g__Clostridia_unclassified|s__Clostridia_bacterium|t__SGB14209",0,0,NA,FALSE,FALSE,FALSE,NA,"HMP1-2 taxonomy oral"
"k__Bacteria|p__Firmicutes|c__Bacilli|o__Bacilli_unclassified|f__Bacilli_unclassified|g__Bacilli_unclassified|s__Bacilli_bacterium|t__SGB6510",1,0.000778816199376947,8.50000765000689e-05,FALSE,FALSE,FALSE,NA,"HMP1-2 taxonomy oral"
"k__Bacteria|p__Firmicutes|c__Clostridia|o__Clostridiales|f__Ruminococcaceae|g__GGB9677|s__GGB9677_SGB15180|t__SGB15180",0,0,NA,FALSE,FALSE,FALSE,NA,"HMP1-2 taxonomy oral"
"k__Bacteria|p__Tenericutes|c__Mollicutes|o__Acholeplasmatales|f__Acholeplasmatales_unclassified|g__Acholeplasmatales_unclassified|s__Acholeplasmatales_bacterium|t__SGB6583",0,0,NA,FALSE,FALSE,FALSE,NA,"HMP1-2 taxonomy oral"
"k__Bacteria|p__Bacteroidetes|c__Bacteroidia|o__Bacteroidales|f__Bacteroidaceae|g__Bacteroides|s__Bacteroides_nordii|t__SGB1858",3,0.00233644859813084,3.70666738033377e-05,FALSE,FALSE,FALSE,NA,"HMP1-2 taxonomy oral"
"k__Bacteria|p__Bacteroidetes|c__Bacteroidia|o__Bacteroidales|f__Bacteroidales_unclassified|g__GGB1582|s__GGB1582_SGB2173|t__SGB2173",0,0,NA,FALSE,FALSE,FALSE,NA,"HMP1-2 taxonomy oral"
"k__Bacteria|p__Firmicutes|c__Bacilli|o__Bacilli_unclassified|f__Bacilli_unclassified|g__GGB4711|s__GGB4711_SGB6524|t__SGB6524",0,0,NA,FALSE,FALSE,FALSE,NA,"HMP1-2 taxonomy oral"
"k__Bacteria|p__Bacteroidetes|c__Bacteroidia|o__Bacteroidales|f__Bacteroidales_unclassified|g__Bacteroidales_unclassified|s__Bacteroidales_bacterium|t__SGB2155",0,0,NA,FALSE,FALSE,FALSE,NA,"HMP1-2 taxonomy oral"
"k__Bacteria|p__Firmicutes|c__Clostridia|o__Clostridiales|f__Clostridiaceae|g__Clostridiaceae_unclassified|s__Clostridiaceae_unclassified_SGB4769|t__SGB4769",1,0.000778816199376947,2.00000060000018e-06,FALSE,FALSE,FALSE,NA,"HMP1-2 taxonomy oral"
"k__Bacteria|p__Firmicutes|c__Clostridia|o__Clostridia_unclassified|f__Clostridia_unclassified|g__GGB4588|s__GGB4588_SGB6347|t__SGB6347",2,0.00155763239875389,0.00058739989181503,FALSE,TRUE,FALSE,NA,"HMP1-2 taxonomy oral"
"k__Bacteria|p__Firmicutes|c__Clostridia|o__Clostridiales|f__Lachnospiraceae|g__Blautia|s__Blautia_sp_AF19_10LB|t__SGB4810",1,0.000778816199376947,0.000113800102420092,FALSE,TRUE,FALSE,NA,"HMP1-2 taxonomy oral"
"k__Bacteria|p__Bacteroidetes|c__Bacteroidia|o__Bacteroidales|f__Bacteroidales_unclassified|g__Bacteroidales_unclassified|s__Bacteroidales_bacterium|t__SGB2104",0,0,NA,FALSE,FALSE,FALSE,NA,"HMP1-2 taxonomy oral"
"k__Bacteria|p__Bacteroidetes|c__Bacteroidia|o__Bacteroidales|f__Barnesiellaceae|g__Coprobacter|s__Coprobacter_fastidiosus|t__SGB1963",5,0.00389408099688474,0.00111511981157606,FALSE,TRUE,FALSE,NA,"HMP1-2 taxonomy oral"
"k__Bacteria|p__Firmicutes|c__Clostridia|o__Clostridia_unclassified|f__Clostridia_unclassified|g__Clostridia_unclassified|s__Clostridia_bacterium|t__SGB58517",0,0,NA,FALSE,FALSE,FALSE,NA,"HMP1-2 taxonomy oral"
"k__Bacteria|p__Proteobacteria|c__Deltaproteobacteria|o__Desulfovibrionales|f__Desulfovibrionaceae|g__Desulfovibrionaceae_unclassified|s__Desulfovibrionaceae_bacterium|t__SGB15460",0,0,NA,FALSE,FALSE,FALSE,NA,"HMP1-2 taxonomy oral"
"k__Bacteria|p__Firmicutes|c__Clostridia|o__Clostridia_unclassified|f__Clostridia_unclassified|g__Clostridia_unclassified|s__Clostridia_bacterium|t__SGB13979",0,0,NA,FALSE,FALSE,FALSE,NA,"HMP1-2 taxonomy oral"
"k__Bacteria|p__Firmicutes|c__Clostridia|o__Clostridiales|f__Ruminococcaceae|g__Faecalibacterium|s__Faecalibacterium_prausnitzii|t__SGB15317",4,0.00311526479750779,0.000798124850970034,FALSE,TRUE,FALSE,NA,"HMP1-2 taxonomy oral"
"k__Bacteria|p__Firmicutes|c__Erysipelotrichia|o__Erysipelotrichales|f__Erysipelotrichaceae|g__Faecalibacillus|s__Faecalibacillus_intestinalis|t__SGB6754",3,0.00233644859813084,0.000103066700776696,FALSE,TRUE,FALSE,NA,"HMP1-2 taxonomy oral"
"k__Bacteria|p__Firmicutes|c__Clostridia|o__Clostridiales|f__Ruminococcaceae|g__GGB9593|s__GGB9593_SGB15015|t__SGB15015",0,0,NA,FALSE,FALSE,FALSE,NA,"HMP1-2 taxonomy oral"
"k__Bacteria|p__Proteobacteria|c__Alphaproteobacteria|o__Alphaproteobacteria_unclassified|f__Alphaproteobacteria_unclassified|g__Alphaproteobacteria_unclassified|s__Alphaproteobacteria_bacterium|t__SGB9343",0,0,NA,FALSE,FALSE,FALSE,NA,"HMP1-2 taxonomy oral"
"k__Bacteria|p__Bacteroidetes|c__Bacteroidia|o__Bacteroidales|f__Muribaculaceae|g__GGB1503|s__GGB1503_SGB2083|t__SGB2083",0,0,NA,FALSE,FALSE,FALSE,NA,"HMP1-2 taxonomy oral"
"k__Bacteria|p__Firmicutes|c__Clostridia|o__Clostridiales|f__Lachnospiraceae|g__Lachnospiraceae_unclassified|s__Lachnospiraceae_bacterium|t__SGB4771",0,0,NA,FALSE,FALSE,FALSE,NA,"HMP1-2 taxonomy oral"
"k__Bacteria|p__Bacteroidetes|c__Bacteroidia|o__Bacteroidales|f__Bacteroidaceae|g__Bacteroides|s__Bacteroides_salyersiae|t__SGB1857",8,0.00623052959501558,0.000259662530156263,FALSE,TRUE,FALSE,NA,"HMP1-2 taxonomy oral"
"k__Bacteria|p__Firmicutes|c__Clostridia|o__Clostridiales|f__Lachnospiraceae|g__Lacrimispora|s__Lacrimispora_celerecrescens|t__SGB4868",2,0.00155763239875389,0.000350550295965261,FALSE,TRUE,FALSE,NA,"HMP1-2 taxonomy oral"
"k__Bacteria|p__Firmicutes|c__Clostridia|o__Clostridiales|f__Ruminococcaceae|g__GGB9705|s__GGB9705_SGB15225|t__SGB15225",1,0.000778816199376947,0.0003723,FALSE,TRUE,FALSE,NA,"HMP1-2 taxonomy oral"
"k__Bacteria|p__Firmicutes|c__Clostridia|o__Clostridia_unclassified|f__Clostridia_unclassified|g__Clostridia_unclassified|s__Clostridia_bacterium|t__SGB3989",0,0,NA,FALSE,FALSE,FALSE,NA,"HMP1-2 taxonomy oral"
"k__Bacteria|p__Firmicutes|c__Clostridia|o__Clostridia_unclassified|f__Clostridia_unclassified|g__Clostridia_unclassified|s__Clostridia_bacterium|t__SGB14198",3,0.00233644859813084,0.000260300044360011,FALSE,TRUE,FALSE,NA,"HMP1-2 taxonomy oral"
"k__Bacteria|p__Firmicutes|c__Clostridia|o__Clostridia_unclassified|f__Clostridia_unclassified|g__Clostridia_unclassified|s__Clostridia_bacterium|t__SGB15370",4,0.00311526479750779,0.000176749979402503,FALSE,TRUE,FALSE,NA,"HMP1-2 taxonomy oral"
"k__Bacteria|p__Bacteroidetes|c__Bacteroidia|o__Bacteroidales|f__Odoribacteraceae|g__Butyricimonas|s__Butyricimonas_faecihominis|t__SGB1786",0,0,NA,FALSE,FALSE,FALSE,NA,"HMP1-2 taxonomy oral"
"k__Bacteria|p__Firmicutes|c__Clostridia|o__Clostridiales|f__Lachnospiraceae|g__Mediterraneibacter|s__Ruminococcus_lactaris|t__SGB4557",3,0.00233644859813084,0.000128000032736713,FALSE,TRUE,FALSE,NA,"HMP1-2 taxonomy oral"
"k__Bacteria|p__Firmicutes|c__Clostridia|o__Clostridiales|f__Ruminococcaceae|g__Ruminococcus|s__Ruminococcus_bromii|t__SGB4285_group",28,0.0218068535825545,0.00132958922849506,FALSE,TRUE,FALSE,NA,"HMP1-2 taxonomy oral"
"k__Bacteria|p__Firmicutes|c__Clostridia|o__Clostridiales|f__Lachnospiraceae|g__Lachnospiraceae_unclassified|s__Lachnospiraceae_bacterium|t__SGB4964",2,0.00155763239875389,0.000657799984550003,FALSE,TRUE,FALSE,NA,"HMP1-2 taxonomy oral"
"k__Bacteria|p__Firmicutes|c__Clostridia|o__Clostridiales|f__Lachnospiraceae|g__Faecalicatena|s__Faecalicatena_fissicatena|t__SGB4871_group",3,0.00233644859813084,0.000322533569920209,FALSE,TRUE,FALSE,NA,"HMP1-2 taxonomy oral"
"k__Bacteria|p__Firmicutes|c__Clostridia|o__Clostridia_unclassified|f__Clostridia_unclassified|g__Clostridia_unclassified|s__Clostridia_bacterium|t__SGB5180",0,0,NA,FALSE,FALSE,FALSE,NA,"HMP1-2 taxonomy oral"
"k__Archaea|p__Euryarchaeota|c__Methanobacteria|o__Methanobacteriales|f__Methanobacteriaceae|g__Methanobrevibacter|s__Methanobrevibacter_smithii|t__SGB714_group",0,0,NA,FALSE,FALSE,FALSE,NA,"HMP1-2 taxonomy oral"
"k__Bacteria|p__Firmicutes|c__Clostridia|o__Clostridiales|f__Ruminococcaceae|g__Phocea|s__Phocea_massiliensis|t__SGB14837",0,0,NA,FALSE,FALSE,FALSE,NA,"HMP1-2 taxonomy oral"
"k__Bacteria|p__Firmicutes|c__Clostridia|o__Clostridiales|f__Lachnospiraceae|g__Blautia|s__Blautia_faecicola|t__SGB4867",0,0,NA,FALSE,FALSE,FALSE,NA,"HMP1-2 taxonomy oral"
"k__Bacteria|p__Firmicutes|c__Clostridia|o__Clostridiales|f__Lachnospiraceae|g__Lachnospiraceae_unclassified|s__Lachnospiraceae_bacterium_OM04_12BH|t__SGB4893",1,0.000778816199376947,8.13000081300008e-05,FALSE,FALSE,FALSE,NA,"HMP1-2 taxonomy oral"
"k__Bacteria|p__Firmicutes|c__Clostridia|o__Clostridia_unclassified|f__Clostridia_unclassified|g__Clostridia_unclassified|s__Clostridia_unclassified_SGB6302|t__SGB6302",2,0.00155763239875389,1.80500000950002e-05,FALSE,FALSE,FALSE,NA,"HMP1-2 taxonomy oral"
"k__Bacteria|p__Firmicutes|c__Clostridia|o__Clostridiales|f__Ruminococcaceae|g__GGB9615|s__GGB9615_SGB15051|t__SGB15051",1,0.000778816199376947,6.04999879000024e-05,FALSE,FALSE,FALSE,NA,"HMP1-2 taxonomy oral"
"k__Bacteria|p__Bacteroidetes|c__Bacteroidia|o__Bacteroidales|f__Odoribacteraceae|g__Butyricimonas|s__Butyricimonas_synergistica|t__SGB27742",0,0,NA,FALSE,FALSE,FALSE,NA,"HMP1-2 taxonomy oral"
"k__Bacteria|p__Firmicutes|c__Clostridia|o__Clostridiales|f__Ruminococcaceae|g__GGB9614|s__GGB9614_SGB15049|t__SGB15049",1,0.000778816199376947,4.96000148800045e-05,FALSE,FALSE,FALSE,NA,"HMP1-2 taxonomy oral"
"k__Bacteria|p__Firmicutes|c__Clostridia|o__Clostridia_unclassified|f__Clostridia_unclassified|g__Clostridia_unclassified|s__Clostridia_bacterium|t__SGB14007",0,0,NA,FALSE,FALSE,FALSE,NA,"HMP1-2 taxonomy oral"
"k__Bacteria|p__Firmicutes|c__Clostridia|o__Clostridiales|f__Ruminococcaceae|g__GGB9705|s__GGB9705_SGB15224|t__SGB15224",0,0,NA,FALSE,FALSE,FALSE,NA,"HMP1-2 taxonomy oral"
"k__Bacteria|p__Firmicutes|c__Clostridia|o__Clostridia_unclassified|f__Clostridia_unclassified|g__Clostridia_unclassified|s__Clostridia_bacterium|t__SGB4394",0,0,NA,FALSE,FALSE,FALSE,NA,"HMP1-2 taxonomy oral"
"k__Bacteria|p__Firmicutes|c__Clostridia|o__Clostridia_unclassified|f__Clostridia_unclassified|g__Clostridia_unclassified|s__Clostridia_bacterium|t__SGB53517",1,0.000778816199376947,0.0002274,FALSE,TRUE,FALSE,NA,"HMP1-2 taxonomy oral"
"k__Bacteria|p__Firmicutes|c__Clostridia|o__Clostridiales|f__Lachnospiraceae|g__Roseburia|s__Roseburia_inulinivorans|t__SGB4940",17,0.0132398753894081,0.00169115279556593,FALSE,TRUE,FALSE,NA,"HMP1-2 taxonomy oral"
"k__Bacteria|p__Firmicutes|c__Clostridia|o__Clostridiales|f__Ruminococcaceae|g__GGB58485|s__GGB58485_SGB80143|t__SGB80143",0,0,NA,FALSE,FALSE,FALSE,NA,"HMP1-2 taxonomy oral"
"k__Bacteria|p__Bacteroidetes|c__Bacteroidia|o__Bacteroidales|f__Tannerellaceae|g__Parabacteroides|s__Parabacteroides_goldsteinii|t__SGB1941",0,0,NA,FALSE,FALSE,FALSE,NA,"HMP1-2 taxonomy oral"
"k__Bacteria|p__Firmicutes|c__Clostridia|o__Clostridiales|f__Ruminococcaceae|g__Ruminococcaceae_unclassified|s__Ruminococcaceae_bacterium|t__SGB4393",0,0,NA,FALSE,FALSE,FALSE,NA,"HMP1-2 taxonomy oral"
"k__Bacteria|p__Firmicutes|c__Clostridia|o__Clostridia_unclassified|f__Clostridia_unclassified|g__Clostridia_unclassified|s__Clostridia_bacterium|t__SGB15374",1,0.000778816199376947,1.91000171900155e-05,FALSE,FALSE,FALSE,NA,"HMP1-2 taxonomy oral"
"k__Bacteria|p__Firmicutes|c__Clostridia|o__Clostridia_unclassified|f__Clostridia_unclassified|g__Candidatus_Neoclostridium|s__Candidatus_Neoclostridium_roslinense|t__SGB14018",0,0,NA,FALSE,FALSE,FALSE,NA,"HMP1-2 taxonomy oral"
"k__Bacteria|p__Bacteroidetes|c__Bacteroidia|o__Bacteroidales|f__Bacteroidales_unclassified|g__Bacteroidales_unclassified|s__Bacteroidales_bacterium|t__SGB2168",0,0,NA,FALSE,FALSE,FALSE,NA,"HMP1-2 taxonomy oral"
"k__Bacteria|p__Firmicutes|c__Clostridia|o__Clostridia_unclassified|f__Clostridia_unclassified|g__Clostridia_unclassified|s__Clostridia_bacterium|t__SGB4402",0,0,NA,FALSE,FALSE,FALSE,NA,"HMP1-2 taxonomy oral"
"k__Bacteria|p__Firmicutes|c__Clostridia|o__Clostridiales|f__Lachnospiraceae|g__Lachnospiraceae_unclassified|s__Lachnospiraceae_bacterium|t__SGB4905",0,0,NA,FALSE,FALSE,FALSE,NA,"HMP1-2 taxonomy oral"
"k__Bacteria|p__Firmicutes|c__Clostridia|o__Clostridia_unclassified|f__Clostridia_unclassified|g__Candidatus_Pararuminococcus|s__Candidatus_Pararuminococcus_gallinarum|t__SGB63327",1,0.000778816199376947,9.00000270000081e-07,FALSE,FALSE,FALSE,NA,"HMP1-2 taxonomy oral"
"k__Bacteria|p__Firmicutes|c__Clostridia|o__Clostridia_unclassified|f__Clostridia_unclassified|g__Clostridia_unclassified|s__Clostridia_bacterium|t__SGB14185",0,0,NA,FALSE,FALSE,FALSE,NA,"HMP1-2 taxonomy oral"
"k__Bacteria|p__Firmicutes|c__Clostridia|o__Clostridiales|f__Clostridiaceae|g__GGB3478|s__GGB3478_SGB4643|t__SGB4643",1,0.000778816199376947,2.50000225000203e-05,FALSE,FALSE,FALSE,NA,"HMP1-2 taxonomy oral"
"k__Bacteria|p__Firmicutes|c__Clostridia|o__Clostridia_unclassified|f__Clostridia_unclassified|g__GGB9347|s__GGB9347_SGB14313|t__SGB14313",2,0.00155763239875389,0.00102880092502083,FALSE,TRUE,FALSE,NA,"HMP1-2 taxonomy oral"
"k__Bacteria|p__Firmicutes|c__Clostridia|o__Clostridiales|f__Lachnospiraceae|g__Lachnospiraceae_unclassified|s__Lachnospiraceae_bacterium|t__SGB4906",1,0.000778816199376947,0.0002657,FALSE,TRUE,FALSE,NA,"HMP1-2 taxonomy oral"
"k__Bacteria|p__Bacteroidetes|c__Bacteroidia|o__Bacteroidales|f__Bacteroidales_unclassified|g__GGB1543|s__GGB1543_SGB2126|t__SGB2126",4,0.00311526479750779,0.000373600049705009,FALSE,TRUE,FALSE,NA,"HMP1-2 taxonomy oral"
"k__Bacteria|p__Firmicutes|c__Clostridia|o__Clostridia_unclassified|f__Clostridia_unclassified|g__Clostridia_unclassified|s__Clostridia_bacterium|t__SGB14205",0,0,NA,FALSE,FALSE,FALSE,NA,"HMP1-2 taxonomy oral"
"k__Bacteria|p__Candidatus_Melainabacteria|c__Candidatus_Melainabacteria_unclassified|o__Candidatus_Gastranaerophilales|f__Candidatus_Gastranaerophilales_unclassified|g__Candidatus_Gastranaerophilales_unclassified|s__Candidatus_Gastranaerophilales_bacterium|t__SGB8601",2,0.00155763239875389,0.000712600640890577,FALSE,TRUE,FALSE,NA,"HMP1-2 taxonomy oral"
"k__Bacteria|p__Firmicutes|c__Clostridia|o__Clostridiales|f__Clostridiales_unclassified|g__Lawsonibacter|s__Lawsonibacter_sp_NSJ_51|t__SGB15131",2,0.00155763239875389,0.000139449993320001,FALSE,TRUE,FALSE,NA,"HMP1-2 taxonomy oral"
"k__Bacteria|p__Firmicutes|c__Clostridia|o__Clostridiales|f__Lachnospiraceae|g__Blautia|s__Blautia_massiliensis|t__SGB4826_group",1,0.000778816199376947,9.46e-05,FALSE,FALSE,FALSE,NA,"HMP1-2 taxonomy oral"
"k__Bacteria|p__Firmicutes|c__Clostridia|o__Clostridiales|f__Ruminococcaceae|g__GGB9694|s__GGB9694_SGB15207|t__SGB15207",0,0,NA,FALSE,FALSE,FALSE,NA,"HMP1-2 taxonomy oral"
"k__Bacteria|p__Firmicutes|c__Bacilli|o__Bacilli_unclassified|f__Bacilli_unclassified|g__GGB4773|s__GGB4773_SGB6607|t__SGB6607",0,0,NA,FALSE,FALSE,FALSE,NA,"HMP1-2 taxonomy oral"
"k__Bacteria|p__Firmicutes|c__Clostridia|o__Clostridiales|f__Lachnospiraceae|g__Lachnospiraceae_unclassified|s__Lachnospiraceae_bacterium_NSJ_46|t__SGB47656",0,0,NA,FALSE,FALSE,FALSE,NA,"HMP1-2 taxonomy oral"
"k__Bacteria|p__Firmicutes|c__Clostridia|o__Clostridia_unclassified|f__Clostridia_unclassified|g__Clostridia_unclassified|s__Clostridia_bacterium|t__SGB3957",2,0.00155763239875389,5.18999996000001e-05,FALSE,FALSE,FALSE,NA,"HMP1-2 taxonomy oral"
"k__Bacteria|p__Firmicutes|c__Clostridia|o__Clostridia_unclassified|f__Clostridia_unclassified|g__Clostridia_unclassified|s__Clostridia_bacterium|t__SGB14136",0,0,NA,FALSE,FALSE,FALSE,NA,"HMP1-2 taxonomy oral"
"k__Bacteria|p__Firmicutes|c__Clostridia|o__Clostridiales|f__Lachnospiraceae|g__Dorea|s__Dorea_longicatena|t__SGB4581",2,0.00155763239875389,0.000139250110915103,FALSE,TRUE,FALSE,NA,"HMP1-2 taxonomy oral"
"k__Bacteria|p__Firmicutes|c__Clostridia|o__Clostridia_unclassified|f__Clostridia_unclassified|g__GGB9551|s__GGB9551_SGB14958|t__SGB14958",0,0,NA,FALSE,FALSE,FALSE,NA,"HMP1-2 taxonomy oral"
"k__Bacteria|p__Firmicutes|c__Clostridia|o__Clostridia_unclassified|f__Clostridia_unclassified|g__Candidatus_Allochristensenella|s__Candidatus_Allochristensenella_caecavium|t__SGB63369",0,0,NA,FALSE,FALSE,FALSE,NA,"HMP1-2 taxonomy oral"
"k__Bacteria|p__Firmicutes|c__Clostridia|o__Clostridiales|f__Ruminococcaceae|g__GGB3344|s__GGB3344_SGB4424|t__SGB4424",0,0,NA,FALSE,FALSE,FALSE,NA,"HMP1-2 taxonomy oral"
"k__Bacteria|p__Firmicutes|c__Clostridia|o__Clostridiales|f__Lachnospiraceae|g__Lachnospiraceae_unclassified|s__Lachnospiraceae_bacterium|t__SGB4957",0,0,NA,FALSE,FALSE,FALSE,NA,"HMP1-2 taxonomy oral"
"k__Bacteria|p__Firmicutes|c__Clostridia|o__Clostridiales|f__Clostridiaceae|g__Clostridium|s__Clostridium_fessum|t__SGB4705",3,0.00233644859813084,0.000372933543373519,FALSE,TRUE,FALSE,NA,"HMP1-2 taxonomy oral"
"k__Bacteria|p__Firmicutes|c__Clostridia|o__Clostridiales|f__Lachnospiraceae|g__Coprococcus|s__Coprococcus_comes|t__SGB4577_group",2,0.00155763239875389,0.00043830036585033,FALSE,TRUE,FALSE,NA,"HMP1-2 taxonomy oral"
"k__Bacteria|p__Firmicutes|c__Clostridia|o__Clostridiales|f__Clostridiaceae|g__Clostridiaceae_unclassified|s__Clostridiaceae_bacterium_OM08_6BH|t__SGB4768",1,0.000778816199376947,0.0002853,FALSE,TRUE,FALSE,NA,"HMP1-2 taxonomy oral"
"k__Bacteria|p__Firmicutes|c__Bacilli|o__Bacilli_unclassified|f__Bacilli_unclassified|g__GGB4651|s__GGB4651_SGB6438|t__SGB6438",4,0.00311526479750779,2.96999972725005e-05,FALSE,FALSE,FALSE,NA,"HMP1-2 taxonomy oral"
"k__Bacteria|p__Actinobacteria|c__Coriobacteriia|o__Coriobacteriales|f__Coriobacteriaceae|g__Collinsella|s__Collinsella_aerofaciens|t__SGB14546_group",7,0.00545171339563863,9.62714432942948e-05,FALSE,FALSE,FALSE,NA,"HMP1-2 taxonomy oral"
"k__Bacteria|p__Firmicutes|c__Clostridia|o__Clostridiales|f__Lachnospiraceae|g__Lachnospiraceae_unclassified|s__Lachnospiraceae_bacterium|t__SGB4669",0,0,NA,FALSE,FALSE,FALSE,NA,"HMP1-2 taxonomy oral"
"k__Bacteria|p__Firmicutes|c__Clostridia|o__Clostridia_unclassified|f__Clostridia_unclassified|g__Clostridia_unclassified|s__Clostridia_bacterium|t__SGB15377",0,0,NA,FALSE,FALSE,FALSE,NA,"HMP1-2 taxonomy oral"
"k__Bacteria|p__Bacteroidetes|c__Bacteroidia|o__Bacteroidales|f__Bacteroidaceae|g__Bacteroides|s__Bacteroides_stercoris|t__SGB1830_group",110,0.0856697819314642,0.000768781814362397,FALSE,TRUE,FALSE,NA,"HMP1-2 taxonomy oral"
"k__Bacteria|p__Lentisphaerae|c__Lentisphaeria|o__Lentisphaeria_unclassified|f__Lentisphaeria_unclassified|g__Lentisphaeria_unclassified|s__Lentisphaeria_bacterium|t__SGB9203",3,0.00233644859813084,0.000176699990530004,FALSE,TRUE,FALSE,NA,"HMP1-2 taxonomy oral"
"k__Bacteria|p__Firmicutes|c__Clostridia|o__Clostridiales|f__Ruminococcaceae|g__Gemmiger|s__Gemmiger_SGB15299|t__SGB15299",4,0.00311526479750779,0.00119864996239501,FALSE,TRUE,FALSE,NA,"HMP1-2 taxonomy oral"
"k__Bacteria|p__Firmicutes|c__Clostridia|o__Clostridia_unclassified|f__Clostridia_unclassified|g__Clostridia_unclassified|s__Clostridia_bacterium|t__SGB3988",0,0,NA,FALSE,FALSE,FALSE,NA,"HMP1-2 taxonomy oral"
"k__Bacteria|p__Firmicutes|c__Clostridia|o__Clostridia_unclassified|f__Clostridia_unclassified|g__Clostridia_unclassified|s__Clostridia_bacterium|t__SGB14932",2,0.00155763239875389,6.75999985000003e-05,FALSE,FALSE,FALSE,NA,"HMP1-2 taxonomy oral"
"k__Bacteria|p__Firmicutes|c__Clostridia|o__Clostridiales|f__Ruminococcaceae|g__Ruminococcaceae_unclassified|s__Ruminococcaceae_unclassified_SGB15257|t__SGB15257",0,0,NA,FALSE,FALSE,FALSE,NA,"HMP1-2 taxonomy oral"
"k__Bacteria|p__Firmicutes|c__Clostridia|o__Clostridiales|f__Lachnospiraceae|g__Anaerobutyricum|s__Anaerobutyricum_hallii|t__SGB4532",0,0,NA,FALSE,FALSE,FALSE,NA,"HMP1-2 taxonomy oral"
"k__Bacteria|p__Firmicutes|c__Clostridia|o__Clostridia_unclassified|f__Clostridia_unclassified|g__GGB9239|s__GGB9239_SGB14181|t__SGB14181",0,0,NA,FALSE,FALSE,FALSE,NA,"HMP1-2 taxonomy oral"
"k__Bacteria|p__Firmicutes|c__Clostridia|o__Clostridia_unclassified|f__Clostridia_unclassified|g__Candidatus_Avimicrobium|s__Candidatus_Avimicrobium_caecorum|t__SGB15350",1,0.000778816199376947,0.0004876,FALSE,TRUE,FALSE,NA,"HMP1-2 taxonomy oral"
"k__Bacteria|p__Actinobacteria|c__Actinobacteria|o__Bifidobacteriales|f__Bifidobacteriaceae|g__Bifidobacterium|s__Bifidobacterium_adolescentis|t__SGB17244",2,0.00155763239875389,3.005001599501e-05,FALSE,FALSE,FALSE,NA,"HMP1-2 taxonomy oral"
"k__Bacteria|p__Firmicutes|c__Clostridia|o__Clostridiales|f__Ruminococcaceae|g__GGB9602|s__GGB9602_SGB15031|t__SGB15031",9,0.00700934579439252,0.000954988982539022,FALSE,TRUE,FALSE,NA,"HMP1-2 taxonomy oral"
"k__Bacteria|p__Firmicutes|c__Clostridia|o__Clostridia_unclassified|f__Clostridia_unclassified|g__Clostridia_unclassified|s__Clostridia_bacterium|t__SGB15373",0,0,NA,FALSE,FALSE,FALSE,NA,"HMP1-2 taxonomy oral"
"k__Bacteria|p__Firmicutes|c__Clostridia|o__Clostridia_unclassified|f__Clostridia_unclassified|g__Clostridia_unclassified|s__Clostridia_bacterium|t__SGB3986",0,0,NA,FALSE,FALSE,FALSE,NA,"HMP1-2 taxonomy oral"
"k__Bacteria|p__Firmicutes|c__Clostridia|o__Clostridia_unclassified|f__Clostridia_unclassified|g__GGB9537|s__GGB9537_SGB14940|t__SGB14940",0,0,NA,FALSE,FALSE,FALSE,NA,"HMP1-2 taxonomy oral"
"k__Bacteria|p__Firmicutes|c__CFGB11737|o__OFGB11737|f__FGB11737|g__GGB34228|s__GGB34228_SGB72916|t__SGB72916",0,0,NA,FALSE,FALSE,FALSE,NA,"HMP1-2 taxonomy oral"
"k__Bacteria|p__Firmicutes|c__Clostridia|o__Clostridia_unclassified|f__Clostridia_unclassified|g__Candidatus_Neoruminococcus|s__Candidatus_Neoruminococcus_faecicola|t__SGB63342",0,0,NA,FALSE,FALSE,FALSE,NA,"HMP1-2 taxonomy oral"
"k__Bacteria|p__Firmicutes|c__Clostridia|o__Clostridia_unclassified|f__Clostridia_unclassified|g__Clostridia_unclassified|s__Clostridia_bacterium|t__SGB4435",0,0,NA,FALSE,FALSE,FALSE,NA,"HMP1-2 taxonomy oral"
"k__Bacteria|p__Proteobacteria|c__Gammaproteobacteria|o__Enterobacterales|f__Enterobacteriaceae|g__Escherichia|s__Escherichia_coli|t__SGB10068",122,0.0950155763239875,0.00446389639892649,FALSE,TRUE,FALSE,NA,"HMP1-2 taxonomy oral"
"k__Bacteria|p__Firmicutes|c__Clostridia|o__Clostridia_unclassified|f__Clostridia_unclassified|g__Clostridia_unclassified|s__Clostridia_bacterium|t__SGB4155",0,0,NA,FALSE,FALSE,FALSE,NA,"HMP1-2 taxonomy oral"
"k__Bacteria|p__Firmicutes|c__Clostridia|o__Clostridia_unclassified|f__Clostridia_unclassified|g__Clostridia_unclassified|s__Clostridia_unclassified_SGB6371|t__SGB6371",0,0,NA,FALSE,FALSE,FALSE,NA,"HMP1-2 taxonomy oral"
"k__Bacteria|p__Firmicutes|c__Erysipelotrichia|o__Erysipelotrichales|f__Erysipelotrichaceae|g__Erysipelatoclostridium|s__Clostridium_spiroforme|t__SGB6747",2,0.00155763239875389,7.89499961700008e-05,FALSE,FALSE,FALSE,NA,"HMP1-2 taxonomy oral"
"k__Bacteria|p__Firmicutes|c__Bacilli|o__Bacilli_unclassified|f__Bacilli_unclassified|g__Bacilli_unclassified|s__Bacilli_bacterium|t__SGB6503",0,0,NA,FALSE,FALSE,FALSE,NA,"HMP1-2 taxonomy oral"
"k__Bacteria|p__Firmicutes|c__Clostridia|o__Clostridia_unclassified|f__Clostridia_unclassified|g__Candidatus_Alloruminococcus|s__Candidatus_Alloruminococcus_vanvlietii|t__SGB63325",0,0,NA,FALSE,FALSE,FALSE,NA,"HMP1-2 taxonomy oral"
"k__Bacteria|p__Firmicutes|c__Clostridia|o__Clostridiales|f__Ruminococcaceae|g__GGB9694|s__GGB9694_SGB15201|t__SGB15201",0,0,NA,FALSE,FALSE,FALSE,NA,"HMP1-2 taxonomy oral"
"k__Bacteria|p__Firmicutes|c__Clostridia|o__Clostridia_unclassified|f__Clostridia_unclassified|g__Clostridia_unclassified|s__Clostridia_bacterium|t__SGB14307",0,0,NA,FALSE,FALSE,FALSE,NA,"HMP1-2 taxonomy oral"
"k__Bacteria|p__Firmicutes|c__Clostridia|o__Clostridiales|f__Lachnospiraceae|g__Blautia|s__Blautia_sp_OF03_15BH|t__SGB4779",0,0,NA,FALSE,FALSE,FALSE,NA,"HMP1-2 taxonomy oral"
"k__Bacteria|p__Firmicutes|c__Clostridia|o__Clostridiales|f__Lachnospiraceae|g__Blautia|s__Blautia_obeum|t__SGB4809",0,0,NA,FALSE,FALSE,FALSE,NA,"HMP1-2 taxonomy oral"
"k__Bacteria|p__Firmicutes|c__Clostridia|o__Clostridiales|f__Lachnospiraceae|g__Lachnospiraceae_unclassified|s__Lachnospiraceae_bacterium|t__SGB4953",2,0.00155763239875389,1.08499989150001e-05,FALSE,FALSE,FALSE,NA,"HMP1-2 taxonomy oral"
"k__Bacteria|p__Firmicutes|c__Clostridia|o__Clostridiales|f__Ruminococcaceae|g__Ruminococcaceae_unclassified|s__Ruminococcaceae_unclassified_SGB15234|t__SGB15234",5,0.00389408099688474,0.000524480099844024,FALSE,TRUE,FALSE,NA,"HMP1-2 taxonomy oral"
"k__Bacteria|p__Firmicutes|c__Negativicutes|o__Acidaminococcales|f__Acidaminococcaceae|g__Phascolarctobacterium|s__Phascolarctobacterium_faecium|t__SGB5792",21,0.0163551401869159,0.00119234772148011,FALSE,TRUE,FALSE,NA,"HMP1-2 taxonomy oral"
"k__Bacteria|p__Firmicutes|c__Clostridia|o__Clostridiales|f__Clostridiales_unclassified|g__Clostridiales_unclassified|s__Clostridiales_unclassified_SGB15145|t__SGB15145",1,0.000778816199376947,0.0005795,FALSE,TRUE,FALSE,NA,"HMP1-2 taxonomy oral"
"k__Bacteria|p__Firmicutes|c__Clostridia|o__Clostridiales|f__Lachnospiraceae|g__Roseburia|s__Roseburia_sp_AF02_12|t__SGB4938",15,0.0116822429906542,0.00557410004112735,FALSE,TRUE,FALSE,NA,"HMP1-2 taxonomy oral"
"k__Bacteria|p__Firmicutes|c__Clostridia|o__Clostridiales|f__Ruminococcaceae|g__GGB9512|s__GGB9512_SGB14909|t__SGB14909",2,0.00155763239875389,0.000112900069210062,FALSE,TRUE,FALSE,NA,"HMP1-2 taxonomy oral"
"k__Bacteria|p__Firmicutes|c__Clostridia|o__Clostridia_unclassified|f__Clostridia_unclassified|g__Clostridia_unclassified|s__Clostridia_unclassified_SGB14951|t__SGB14951",0,0,NA,FALSE,FALSE,FALSE,NA,"HMP1-2 taxonomy oral"
"k__Bacteria|p__Firmicutes|c__Clostridia|o__Clostridiales|f__Ruminococcaceae|g__GGB9634|s__GGB9634_SGB15093|t__SGB15093",4,0.00311526479750779,0.00157002473857258,FALSE,TRUE,FALSE,NA,"HMP1-2 taxonomy oral"
"k__Bacteria|p__Firmicutes|c__Clostridia|o__Clostridiales|f__Ruminococcaceae|g__Faecalibacterium|s__Faecalibacterium_SGB15346|t__SGB15346",9,0.00700934579439252,0.000931222119173363,FALSE,TRUE,FALSE,NA,"HMP1-2 taxonomy oral"
"k__Bacteria|p__Firmicutes|c__Clostridia|o__Clostridiales|f__Christensenellaceae|g__Christensenellaceae_unclassified|s__Christensenellaceae_bacterium|t__SGB14127",1,0.000778816199376947,1.02999979400004e-05,FALSE,FALSE,FALSE,NA,"HMP1-2 taxonomy oral"
"k__Bacteria|p__Firmicutes|c__Clostridia|o__Clostridiales|f__Ruminococcaceae|g__Faecalibacterium|s__Faecalibacterium_SGB15345|t__SGB15345",0,0,NA,FALSE,FALSE,FALSE,NA,"HMP1-2 taxonomy oral"
"k__Bacteria|p__Firmicutes|c__Clostridia|o__Clostridiales|f__Eubacteriaceae|g__Eubacteriaceae_unclassified|s__Eubacteriaceae_bacterium|t__SGB3958",0,0,NA,FALSE,FALSE,FALSE,NA,"HMP1-2 taxonomy oral"
"k__Bacteria|p__Firmicutes|c__Clostridia|o__Clostridiales|f__Ruminococcaceae|g__Anaerotruncus|s__Anaerotruncus_massiliensis|t__SGB14965",1,0.000778816199376947,1.25000037500011e-05,FALSE,FALSE,FALSE,NA,"HMP1-2 taxonomy oral"
"k__Bacteria|p__Firmicutes|c__Clostridia|o__Clostridiales|f__Ruminococcaceae|g__Ruminococcaceae_unclassified|s__Ruminococcaceae_unclassified_SGB15260|t__SGB15260",0,0,NA,FALSE,FALSE,FALSE,NA,"HMP1-2 taxonomy oral"
"k__Bacteria|p__Firmicutes|c__Clostridia|o__Clostridiales|f__Ruminococcaceae|g__Ruminococcaceae_unclassified|s__Ruminococcaceae_bacterium_AM07_15|t__SGB14974",0,0,NA,FALSE,FALSE,FALSE,NA,"HMP1-2 taxonomy oral"
"k__Bacteria|p__Bacteroidetes|c__Bacteroidia|o__Bacteroidales|f__Barnesiellaceae|g__Coprobacter|s__Coprobacter_secundus|t__SGB1962",0,0,NA,FALSE,FALSE,FALSE,NA,"HMP1-2 taxonomy oral"
"k__Bacteria|p__Proteobacteria|c__Deltaproteobacteria|o__Desulfovibrionales|f__Desulfovibrionaceae|g__Desulfovibrio|s__Desulfovibrio_desulfuricans|t__SGB15463",0,0,NA,FALSE,FALSE,FALSE,NA,"HMP1-2 taxonomy oral"
"k__Bacteria|p__Firmicutes|c__Clostridia|o__Clostridiales|f__Lachnospiraceae|g__Anaerosacchariphilus|s__Anaerosacchariphilus_sp_NSJ_68|t__SGB4772",0,0,NA,FALSE,FALSE,FALSE,NA,"HMP1-2 taxonomy oral"
"k__Bacteria|p__Firmicutes|c__Clostridia|o__Clostridia_unclassified|f__Clostridia_unclassified|g__Clostridia_unclassified|s__Clostridia_bacterium|t__SGB6328",1,0.000778816199376947,0.00024689995062001,FALSE,TRUE,FALSE,NA,"HMP1-2 taxonomy oral"
"k__Bacteria|p__Firmicutes|c__Clostridia|o__Clostridia_unclassified|f__Clostridia_unclassified|g__Candidatus_Schneewindia|s__Candidatus_Schneewindia_gallinarum|t__SGB63326",0,0,NA,FALSE,FALSE,FALSE,NA,"HMP1-2 taxonomy oral"
"k__Bacteria|p__Firmicutes|c__Clostridia|o__Clostridiales|f__Ruminococcaceae|g__GGB9699|s__GGB9699_SGB15216|t__SGB15216",5,0.00389408099688474,0.000582579927740014,FALSE,TRUE,FALSE,NA,"HMP1-2 taxonomy oral"
"k__Bacteria|p__Firmicutes|c__Clostridia|o__Clostridia_unclassified|f__Clostridia_unclassified|g__Clostridia_unclassified|s__Clostridia_bacterium|t__SGB3573",0,0,NA,FALSE,FALSE,FALSE,NA,"HMP1-2 taxonomy oral"
"k__Bacteria|p__Firmicutes|c__Clostridia|o__Clostridiales|f__Ruminococcaceae|g__Ruminococcaceae_unclassified|s__Ruminococcaceae_bacterium_D5|t__SGB14960",1,0.000778816199376947,8.8000026400008e-06,FALSE,FALSE,FALSE,NA,"HMP1-2 taxonomy oral"
"k__Bacteria|p__Firmicutes|c__Clostridia|o__Clostridia_unclassified|f__Clostridia_unclassified|g__Clostridia_unclassified|s__Clostridia_bacterium|t__SGB5197",0,0,NA,FALSE,FALSE,FALSE,NA,"HMP1-2 taxonomy oral"
"k__Bacteria|p__Firmicutes|c__CFGB1287|o__OFGB1287|f__FGB1287|g__GGB3103|s__GGB3103_SGB4112|t__SGB4112",0,0,NA,FALSE,FALSE,FALSE,NA,"HMP1-2 taxonomy oral"
"k__Bacteria|p__Firmicutes|c__Clostridia|o__Clostridiales|f__Ruminococcaceae|g__GGB9619|s__GGB9619_SGB15067|t__SGB15067",2,0.00155763239875389,0.000178950012720004,FALSE,TRUE,FALSE,NA,"HMP1-2 taxonomy oral"
"k__Bacteria|p__Bacteroidetes|c__Bacteroidia|o__Bacteroidales|f__Rikenellaceae|g__Rikenellaceae_unclassified|s__Rikenellaceae_bacterium|t__SGB48104",0,0,NA,FALSE,FALSE,FALSE,NA,"HMP1-2 taxonomy oral"
"k__Bacteria|p__Firmicutes|c__Clostridia|o__Clostridia_unclassified|f__Clostridia_unclassified|g__Clostridia_unclassified|s__Clostridia_bacterium|t__SGB15395",0,0,NA,FALSE,FALSE,FALSE,NA,"HMP1-2 taxonomy oral"
"k__Bacteria|p__Firmicutes|c__Clostridia|o__Clostridiales|f__Ruminococcaceae|g__GGB9591|s__GGB9591_SGB15013|t__SGB15013",0,0,NA,FALSE,FALSE,FALSE,NA,"HMP1-2 taxonomy oral"
"k__Bacteria|p__Firmicutes|c__Clostridia|o__Clostridia_unclassified|f__Clostridia_unclassified|g__GGB9342|s__GGB9342_SGB14306|t__SGB14306",2,0.00155763239875389,0.000292700262630237,FALSE,TRUE,FALSE,NA,"HMP1-2 taxonomy oral"
"k__Bacteria|p__Firmicutes|c__Clostridia|o__Clostridiales|f__Ruminococcaceae|g__Ruminococcaceae_unclassified|s__Clostridium_leptum|t__SGB14853",1,0.000778816199376947,7.34e-05,FALSE,FALSE,FALSE,NA,"HMP1-2 taxonomy oral"
"k__Bacteria|p__Firmicutes|c__Clostridia|o__Clostridiales|f__Lachnospiraceae|g__Blautia|s__Blautia_glucerasea|t__SGB4816",1,0.000778816199376947,6.23000560700505e-05,FALSE,FALSE,FALSE,NA,"HMP1-2 taxonomy oral"
"k__Bacteria|p__Firmicutes|c__Erysipelotrichia|o__Erysipelotrichales|f__Erysipelotrichaceae|g__Holdemania|s__Holdemania_filiformis|t__SGB4046",1,0.000778816199376947,0.000208,FALSE,TRUE,FALSE,NA,"HMP1-2 taxonomy oral"
"k__Bacteria|p__Firmicutes|c__Clostridia|o__Clostridiales|f__Ruminococcaceae|g__Ruminococcaceae_unclassified|s__Ruminococcaceae_bacterium|t__SGB15272",0,0,NA,FALSE,FALSE,FALSE,NA,"HMP1-2 taxonomy oral"
"k__Bacteria|p__Firmicutes|c__Clostridia|o__Clostridiales|f__Ruminococcaceae|g__GGB9590|s__GGB9590_SGB15012|t__SGB15012",0,0,NA,FALSE,FALSE,FALSE,NA,"HMP1-2 taxonomy oral"
"k__Bacteria|p__Firmicutes|c__Clostridia|o__Clostridia_unclassified|f__Clostridia_unclassified|g__Clostridia_unclassified|s__Clostridia_bacterium|t__SGB15413",0,0,NA,FALSE,FALSE,FALSE,NA,"HMP1-2 taxonomy oral"
"k__Bacteria|p__Firmicutes|c__Clostridia|o__Clostridiales|f__Lachnospiraceae|g__Blautia|s__Blautia_sp_MSK_21_1|t__SGB4829",0,0,NA,FALSE,FALSE,FALSE,NA,"HMP1-2 taxonomy oral"
"k__Bacteria|p__Firmicutes|c__Clostridia|o__Clostridia_unclassified|f__Clostridia_unclassified|g__Clostridia_unclassified|s__Clostridia_bacterium|t__SGB14929",0,0,NA,FALSE,FALSE,FALSE,NA,"HMP1-2 taxonomy oral"
"k__Bacteria|p__Firmicutes|c__Clostridia|o__Clostridia_unclassified|f__Clostridia_unclassified|g__Clostridia_unclassified|s__Clostridia_bacterium|t__SGB3580",0,0,NA,FALSE,FALSE,FALSE,NA,"HMP1-2 taxonomy oral"
"k__Bacteria|p__Firmicutes|c__Clostridia|o__Clostridia_unclassified|f__Clostridia_unclassified|g__Clostridia_unclassified|s__Clostridia_bacterium|t__SGB14255",0,0,NA,FALSE,FALSE,FALSE,NA,"HMP1-2 taxonomy oral"
"k__Bacteria|p__Actinobacteria|c__Coriobacteriia|o__Coriobacteriia_unclassified|f__Coriobacteriia_unclassified|g__Coriobacteriia_unclassified|s__Coriobacteriia_bacterium|t__SGB14770",0,0,NA,FALSE,FALSE,FALSE,NA,"HMP1-2 taxonomy oral"
"k__Bacteria|p__Firmicutes|c__Clostridia|o__Clostridiales|f__Ruminococcaceae|g__Ruminococcaceae_unclassified|s__Ruminococcaceae_unclassified_SGB15233|t__SGB15233",1,0.000778816199376947,0.000212000190800172,FALSE,TRUE,FALSE,NA,"HMP1-2 taxonomy oral"
"k__Bacteria|p__Firmicutes|c__Clostridia|o__Clostridia_unclassified|f__Clostridia_unclassified|g__Clostridia_unclassified|s__Clostridia_bacterium|t__SGB4136",0,0,NA,FALSE,FALSE,FALSE,NA,"HMP1-2 taxonomy oral"
"k__Bacteria|p__Firmicutes|c__Clostridia|o__Clostridia_unclassified|f__Clostridia_unclassified|g__Clostridia_unclassified|s__Clostridia_bacterium|t__SGB15390",1,0.000778816199376947,9.66000289800087e-05,FALSE,FALSE,FALSE,NA,"HMP1-2 taxonomy oral"
"k__Bacteria|p__Firmicutes|c__CFGB42691|o__OFGB42691|f__FGB42691|g__GGB51441|s__GGB51441_SGB71759|t__SGB71759",0,0,NA,FALSE,FALSE,FALSE,NA,"HMP1-2 taxonomy oral"
"k__Bacteria|p__Firmicutes|c__Clostridia|o__Clostridiales|f__Lachnospiraceae|g__Mediterraneibacter|s__Mediterraneibacter_sp_gm002|t__SGB4553",0,0,NA,FALSE,FALSE,FALSE,NA,"HMP1-2 taxonomy oral"
"k__Bacteria|p__Firmicutes|c__Clostridia|o__Clostridiales|f__Clostridiaceae|g__Clostridium|s__Clostridium_sp_AM33_3|t__SGB4711",2,0.00155763239875389,0.000399200011970011,FALSE,TRUE,FALSE,NA,"HMP1-2 taxonomy oral"
"k__Bacteria|p__Firmicutes|c__Clostridia|o__Clostridiales|f__Lachnospiraceae|g__Catenibacillus|s__Catenibacillus_scindens|t__SGB59869",0,0,NA,FALSE,FALSE,FALSE,NA,"HMP1-2 taxonomy oral"
"k__Bacteria|p__Firmicutes|c__Erysipelotrichia|o__Erysipelotrichales|f__Erysipelotrichaceae|g__Turicibacter|s__Turicibacter_sanguinis|t__SGB6847",0,0,NA,FALSE,FALSE,FALSE,NA,"HMP1-2 taxonomy oral"
"k__Bacteria|p__Bacteroidetes|c__Bacteroidia|o__Bacteroidales|f__Rikenellaceae|g__Alistipes|s__Alistipes_provencensis|t__SGB2298",0,0,NA,FALSE,FALSE,FALSE,NA,"HMP1-2 taxonomy oral"
"k__Bacteria|p__Firmicutes|c__Clostridia|o__Clostridia_unclassified|f__Clostridia_unclassified|g__Clostridia_unclassified|s__Clostridia_bacterium|t__SGB14253",0,0,NA,FALSE,FALSE,FALSE,NA,"HMP1-2 taxonomy oral"
"k__Bacteria|p__Firmicutes|c__Clostridia|o__Clostridiales|f__Lachnospiraceae|g__GGB3614|s__GGB3614_SGB4886|t__SGB4886",4,0.00311526479750779,0.000518600446582898,FALSE,TRUE,FALSE,NA,"HMP1-2 taxonomy oral"
"k__Bacteria|p__Firmicutes|c__CFGB2916|o__OFGB2916|f__FGB2916|g__GGB9237|s__GGB9237_SGB14179|t__SGB14179",0,0,NA,FALSE,FALSE,FALSE,NA,"HMP1-2 taxonomy oral"
"k__Bacteria|p__Lentisphaerae|c__Lentisphaeria|o__Lentisphaeria_unclassified|f__Lentisphaeria_unclassified|g__Lentisphaeria_unclassified|s__Lentisphaeria_bacterium|t__SGB9205",0,0,NA,FALSE,FALSE,FALSE,NA,"HMP1-2 taxonomy oral"
"k__Bacteria|p__Firmicutes|c__Clostridia|o__Clostridiales|f__Lachnospiraceae|g__Lachnospiraceae_unclassified|s__Lachnospiraceae_bacterium|t__SGB4781",1,0.000778816199376947,0.0001188,FALSE,TRUE,FALSE,NA,"HMP1-2 taxonomy oral"
"k__Bacteria|p__Proteobacteria|c__Betaproteobacteria|o__Neisseriales|f__Neisseriaceae|g__Neisseria|s__Neisseria_sicca|t__SGB9465_group",614,0.478193146417445,0.0132022968976235,TRUE,TRUE,TRUE,0.0884066031610888,"HMP1-2 taxonomy oral"
"k__Bacteria|p__Bacteroidetes|c__Bacteroidia|o__Bacteroidales|f__Prevotellaceae|g__Prevotella|s__Prevotella_sp_A2879|t__SGB1542",449,0.349688473520249,0.00416375724099475,TRUE,TRUE,TRUE,0.0440345557710346,"HMP1-2 taxonomy oral"
"k__Bacteria|p__Bacteroidetes|c__Flavobacteriia|o__Flavobacteriales|f__Weeksellaceae|g__GGB1844|s__GGB1844_SGB2532|t__SGB2532",357,0.27803738317757,0.00524785228266657,TRUE,TRUE,TRUE,0.0612678286059269,"HMP1-2 taxonomy oral"
"k__Bacteria|p__Bacteroidetes|c__Bacteroidia|o__Bacteroidales|f__Prevotellaceae|g__Alloprevotella|s__Alloprevotella_SGB1463|t__SGB1463",173,0.134735202492212,0.00450656552180014,TRUE,TRUE,TRUE,0.0623629830946451,"HMP1-2 taxonomy oral"
"k__Bacteria|p__Bacteroidetes|c__Bacteroidia|o__Bacteroidales|f__Prevotellaceae|g__Prevotella|s__Prevotella_scopos|t__SGB1544",203,0.15809968847352,0.00124748663783374,TRUE,TRUE,TRUE,0.0228681516677026,"HMP1-2 taxonomy oral"
"k__Bacteria|p__Proteobacteria|c__Epsilonproteobacteria|o__Campylobacterales|f__Campylobacteraceae|g__Campylobacter|s__Campylobacter_SGB19314|t__SGB19314",200,0.155763239875389,0.00183049761689647,TRUE,TRUE,TRUE,0.033590240896149,"HMP1-2 taxonomy oral"
"k__Bacteria|p__Proteobacteria|c__Gammaproteobacteria|o__Pasteurellales|f__Pasteurellaceae|g__Haemophilus|s__Haemophilus_paraphrohaemolyticus|t__SGB9634",330,0.257009345794392,0.0102393008211834,TRUE,TRUE,TRUE,0.0826444795390735,"HMP1-2 taxonomy oral"
"k__Bacteria|p__Firmicutes|c__Negativicutes|o__Selenomonadales|f__Selenomonadaceae|g__GGB4308|s__GGB4308_SGB5895|t__SGB5895",133,0.103582554517134,0.00181963843712629,TRUE,TRUE,TRUE,0.0327348711819478,"HMP1-2 taxonomy oral"
"k__Bacteria|p__Bacteroidetes|c__Flavobacteriia|o__Flavobacteriales|f__Flavobacteriaceae|g__Capnocytophaga|s__Capnocytophaga_sp_oral_taxon_338|t__SGB2478",221,0.172118380062305,0.00105236413624776,TRUE,TRUE,TRUE,0.0228823238364247,"HMP1-2 taxonomy oral"
"k__Bacteria|p__Fusobacteria|c__Fusobacteriia|o__Fusobacteriales|f__Leptotrichiaceae|g__Leptotrichia|s__Leptotrichia_sp_oral_taxon_498|t__SGB6053",203,0.15809968847352,0.00159258454380461,TRUE,TRUE,TRUE,0.0302038316896492,"HMP1-2 taxonomy oral"
"k__Bacteria|p__Proteobacteria|c__Betaproteobacteria|o__Neisseriales|f__Neisseriaceae|g__Neisseria|s__Neisseria_cinerea|t__SGB9460",241,0.187694704049844,0.00343619539561293,TRUE,TRUE,TRUE,0.0487229290162592,"HMP1-2 taxonomy oral"
"k__Bacteria|p__Fusobacteria|c__Fusobacteriia|o__Fusobacteriales|f__Leptotrichiaceae|g__Leptotrichia|s__Leptotrichia_hofstadii|t__SGB6062",468,0.364485981308411,0.00220922232782637,TRUE,TRUE,TRUE,0.0354886809890101,"HMP1-2 taxonomy oral"
"k__Bacteria|p__Firmicutes|c__Bacilli|o__Lactobacillales|f__Streptococcaceae|g__Streptococcus|s__Streptococcus_pneumoniae|t__SGB8138",302,0.235202492211838,0.000203811597286899,TRUE,TRUE,TRUE,0.0108282704382669,"HMP1-2 taxonomy oral"
"k__Bacteria|p__Bacteroidetes|c__Bacteroidia|o__Bacteroidales|f__Prevotellaceae|g__GGB1186|s__GGB1186_SGB1534|t__SGB1534",72,0.0560747663551402,0.00190030312769383,FALSE,TRUE,FALSE,NA,"HMP1-2 taxonomy oral"
"k__Bacteria|p__Bacteroidetes|c__Bacteroidia|o__Bacteroidales|f__Prevotellaceae|g__Prevotella|s__Prevotella_conceptionensis|t__SGB1458_group",521,0.405763239875389,0.00357564394155333,TRUE,TRUE,TRUE,0.0464964466563301,"HMP1-2 taxonomy oral"
"k__Bacteria|p__Bacteroidetes|c__Flavobacteriia|o__Flavobacteriales|f__Flavobacteriaceae|g__GGB1833|s__GGB1833_SGB2477|t__SGB2477",402,0.313084112149533,0.00241458560017422,TRUE,TRUE,TRUE,0.0358257118564404,"HMP1-2 taxonomy oral"
"k__Bacteria|p__Candidatus_Saccharibacteria|c__Candidatus_Nanosyncoccalia|o__Candidatus_Nanogingivales|f__Candidatus_Nanogingivalaceae|g__GGB12783|s__GGB12783_SGB19821|t__SGB19821",155,0.120716510903427,0.00113457674272631,TRUE,TRUE,TRUE,0.0235198995575386,"HMP1-2 taxonomy oral"
"k__Bacteria|p__Candidatus_Absconditabacteria|c__Candidatus_Absconditabacteria_unclassified|o__Candidatus_Absconditabacteria_unclassified|f__Candidatus_Absconditabacteria_unclassified|g__Candidatus_Absconditabacteria_unclassified|s__Candidatus_Absconditabacteria_unclassified_SGB6894|t__SGB6894",195,0.151869158878505,0.00346278489320423,TRUE,TRUE,TRUE,0.0425035156063814,"HMP1-2 taxonomy oral"
"k__Bacteria|p__Bacteroidetes|c__Bacteroidia|o__Bacteroidales|f__Tannerellaceae|g__Tannerella|s__Tannerella_sp_oral_taxon_808|t__SGB2047",280,0.218068535825545,0.000374703196234525,TRUE,TRUE,TRUE,0.0158184323201516,"HMP1-2 taxonomy oral"
"k__Bacteria|p__Candidatus_Saccharibacteria|c__Candidatus_Nanosyncoccalia|o__Candidatus_Nanogingivales|f__Candidatus_Nanogingivalaceae|g__Candidatus_Nanogingivalis|s__Candidatus_Nanogingivalis_gingivitcus|t__SGB19822",238,0.185358255451713,0.00104360837067267,TRUE,TRUE,TRUE,0.0257967310115345,"HMP1-2 taxonomy oral"
"k__Bacteria|p__Candidatus_Saccharibacteria|c__Candidatus_Saccharibacteria_unclassified|o__Candidatus_Saccharibacteria_unclassified|f__Candidatus_Saccharibacteria_unclassified|g__Candidatus_Saccharibacteria_unclassified|s__Candidatus_Saccharibacteria_bacterium_oral_taxon_955|t__SGB19921",188,0.146417445482866,0.00302121026070534,TRUE,TRUE,TRUE,0.0417692622424189,"HMP1-2 taxonomy oral"
"k__Bacteria|p__Candidatus_Gracilibacteria|c__Candidatus_Gracilibacteria_unclassified|o__Candidatus_Gracilibacteria_unclassified|f__Candidatus_Gracilibacteria_unclassified|g__Candidatus_Gracilibacteria_unclassified|s__Candidatus_Gracilibacteria_bacterium_GN02_873|t__SGB3516",184,0.143302180685358,0.00269081414002936,TRUE,TRUE,TRUE,0.0400563622017986,"HMP1-2 taxonomy oral"
"k__Bacteria|p__Firmicutes|c__Negativicutes|o__Selenomonadales|f__Selenomonadaceae|g__Selenomonas|s__Selenomonas_SGB5891|t__SGB5891",246,0.191588785046729,0.00128605673292512,TRUE,TRUE,TRUE,0.0237662648261022,"HMP1-2 taxonomy oral"
"k__Bacteria|p__Bacteroidetes|c__CFGB570|o__OFGB570|f__FGB570|g__GGB1201|s__GGB1201_SGB1566|t__SGB1566",302,0.235202492211838,0.000671539010507386,TRUE,TRUE,TRUE,0.0190550901239266,"HMP1-2 taxonomy oral"
"k__Bacteria|p__Firmicutes|c__Bacilli|o__Lactobacillales|f__Enterococcaceae|g__Enterococcus|s__Enterococcus_faecalis|t__SGB7962",11,0.00856697819314642,9.60090947900039e-05,FALSE,FALSE,FALSE,NA,"HMP1-2 taxonomy oral"
"k__Bacteria|p__Firmicutes|c__Clostridia|o__Clostridiales|f__Lachnospiraceae|g__Lachnoanaerobaculum|s__Lachnoanaerobaculum_saburreum|t__SGB4481",456,0.355140186915888,0.00125854927312744,TRUE,TRUE,TRUE,0.0249280695065626,"HMP1-2 taxonomy oral"
"k__Eukaryota|p__Ascomycota|c__Saccharomycetes|o__Saccharomycetales|f__Debaryomycetaceae|g__Candida|s__Candida_albicans|t__EUK5476",47,0.0366043613707165,0.00100054899330122,FALSE,TRUE,FALSE,NA,"HMP1-2 taxonomy oral"
"k__Bacteria|p__Firmicutes|c__Clostridia|o__Clostridia_unclassified|f__Clostridia_unclassified|g__Clostridia_unclassified|s__Clostridia_unclassified_SGB13972|t__SGB13972",5,0.00389408099688474,0.00132508018138034,FALSE,TRUE,FALSE,NA,"HMP1-2 taxonomy oral"
"k__Bacteria|p__Bacteroidetes|c__Bacteroidia|o__Bacteroidales|f__Prevotellaceae|g__Prevotella|s__Prevotella_sp_oral_taxon_299|t__SGB1535",114,0.088785046728972,0.00289210758881759,FALSE,TRUE,FALSE,NA,"HMP1-2 taxonomy oral"
"k__Bacteria|p__Firmicutes|c__Bacilli|o__Bacilli_unclassified|f__Bacilli_unclassified|g__Bacilli_unclassified|s__Bacilli_unclassified_SGB6571|t__SGB6571",12,0.00934579439252336,0.0013797923676664,FALSE,TRUE,FALSE,NA,"HMP1-2 taxonomy oral"
"k__Bacteria|p__Bacteroidetes|c__Bacteroidia|o__Bacteroidales|f__Odoribacteraceae|g__Odoribacter|s__Odoribacter_laneus|t__SGB1792",7,0.00545171339563863,0.000593700470144728,FALSE,TRUE,FALSE,NA,"HMP1-2 taxonomy oral"
"k__Bacteria|p__Proteobacteria|c__CFGB1021|o__OFGB1021|f__FGB1021|g__GGB2670|s__GGB2670_SGB3597|t__SGB3597",31,0.0241433021806854,0.00178915782728709,FALSE,TRUE,FALSE,NA,"HMP1-2 taxonomy oral"
"k__Bacteria|p__Firmicutes|c__Negativicutes|o__Selenomonadales|f__Selenomonadaceae|g__Selenomonas|s__Selenomonas_massiliensis|t__SGB5886",143,0.111370716510903,0.000340483170438766,TRUE,TRUE,TRUE,0.0129320325136227,"HMP1-2 taxonomy oral"
"k__Bacteria|p__Proteobacteria|c__Betaproteobacteria|o__Neisseriales|f__Neisseriaceae|g__Neisseria|s__Neisseria_bacilliformis|t__SGB9426",211,0.164330218068536,0.00313024635155809,TRUE,TRUE,TRUE,0.0413862859732215,"HMP1-2 taxonomy oral"
"k__Bacteria|p__Firmicutes|c__Negativicutes|o__Selenomonadales|f__Selenomonadaceae|g__Selenomonas|s__Selenomonas_sp_oral_taxon_126|t__SGB5888",199,0.154984423676012,0.00084056876610375,TRUE,TRUE,TRUE,0.0223083982450516,"HMP1-2 taxonomy oral"
"k__Bacteria|p__Spirochaetes|c__Spirochaetia|o__Spirochaetales|f__Spirochaetaceae|g__Treponema|s__Treponema_vincentii|t__SGB3602",93,0.0724299065420561,0.00106185148043743,FALSE,TRUE,FALSE,NA,"HMP1-2 taxonomy oral"
"k__Bacteria|p__Firmicutes|c__Negativicutes|o__Selenomonadales|f__Selenomonadaceae|g__Selenomonas|s__Selenomonas_sp_FOBRC6|t__SGB5889",174,0.135514018691589,0.000606668998652532,TRUE,TRUE,TRUE,0.0163671973060491,"HMP1-2 taxonomy oral"
"k__Bacteria|p__Bacteroidetes|c__Bacteroidia|o__Bacteroidales|f__Porphyromonadaceae|g__GGB1474|s__GGB1474_SGB2040|t__SGB2040",106,0.0825545171339564,0.000812967875515871,FALSE,TRUE,FALSE,NA,"HMP1-2 taxonomy oral"
"k__Bacteria|p__Firmicutes|c__Negativicutes|o__Selenomonadales|f__Selenomonadaceae|g__Selenomonas|s__Selenomonas_sp_oral_taxon_920|t__SGB25061",143,0.111370716510903,0.000319869190841467,TRUE,TRUE,TRUE,0.0124651978031805,"HMP1-2 taxonomy oral"
"k__Bacteria|p__Fusobacteria|c__Fusobacteriia|o__Fusobacteriales|f__Leptotrichiaceae|g__Leptotrichia|s__Leptotrichia_sp_oral_taxon_223|t__SGB77498",136,0.105919003115265,0.000351618384833136,TRUE,TRUE,TRUE,0.0127253959541875,"HMP1-2 taxonomy oral"
"k__Bacteria|p__Bacteroidetes|c__Bacteroidia|o__Bacteroidales|f__Bacteroidales_unclassified|g__Phocaeicola|s__Phocaeicola_coprocola|t__SGB1891_group",6,0.00467289719626168,0.000368983474278414,FALSE,TRUE,FALSE,NA,"HMP1-2 taxonomy oral"
"k__Bacteria|p__Firmicutes|c__Clostridia|o__Clostridia_unclassified|f__Clostridia_unclassified|g__GGB4569|s__GGB4569_SGB6312|t__SGB6312",2,0.00155763239875389,2.31499976850002e-05,FALSE,FALSE,FALSE,NA,"HMP1-2 taxonomy oral"
"k__Bacteria|p__Verrucomicrobia|c__Verrucomicrobiae|o__Verrucomicrobiales|f__Akkermansiaceae|g__Akkermansia|s__Akkermansia_sp_KLE1605|t__SGB9224",1,0.000778816199376947,3.65999963400004e-05,FALSE,FALSE,FALSE,NA,"HMP1-2 taxonomy oral"
"k__Bacteria|p__Bacteroidetes|c__Bacteroidia|o__Bacteroidales|f__Rikenellaceae|g__Rikenellaceae_unclassified|s__Rikenellaceae_bacterium|t__SGB2317",9,0.00700934579439252,0.000630999977300038,FALSE,TRUE,FALSE,NA,"HMP1-2 taxonomy oral"
"k__Bacteria|p__Firmicutes|c__Clostridia|o__Clostridia_unclassified|f__Clostridia_unclassified|g__GGB3278|s__GGB3278_SGB4328|t__SGB4328",12,0.00934579439252336,0.00313771703806604,FALSE,TRUE,FALSE,NA,"HMP1-2 taxonomy oral"
"k__Bacteria|p__Firmicutes|c__Clostridia|o__Clostridia_unclassified|f__Clostridia_unclassified|g__GGB4599|s__GGB4599_SGB6362|t__SGB6362",6,0.00467289719626168,0.00052330014448506,FALSE,TRUE,FALSE,NA,"HMP1-2 taxonomy oral"
"k__Bacteria|p__Firmicutes|c__Clostridia|o__Clostridia_unclassified|f__Clostridia_unclassified|g__Clostridia_unclassified|s__Clostridia_bacterium|t__SGB14151",2,0.00155763239875389,0.000157100125220116,FALSE,TRUE,FALSE,NA,"HMP1-2 taxonomy oral"
"k__Bacteria|p__Bacteroidetes|c__Bacteroidia|o__Bacteroidales|f__Odoribacteraceae|g__Butyricimonas|s__Butyricimonas_virosa|t__SGB1784",1,0.000778816199376947,0.009485,FALSE,TRUE,FALSE,NA,"HMP1-2 taxonomy oral"
"k__Bacteria|p__Firmicutes|c__Negativicutes|o__Acidaminococcales|f__Acidaminococcaceae|g__Acidaminococcus|s__Acidaminococcus_intestini|t__SGB5736",0,0,NA,FALSE,FALSE,FALSE,NA,"HMP1-2 taxonomy oral"
"k__Bacteria|p__Firmicutes|c__Clostridia|o__Clostridia_unclassified|f__Clostridia_unclassified|g__Clostridia_unclassified|s__Clostridia_bacterium|t__SGB14022",1,0.000778816199376947,0.000140000042000013,FALSE,TRUE,FALSE,NA,"HMP1-2 taxonomy oral"
"k__Bacteria|p__Firmicutes|c__Clostridia|o__Clostridia_unclassified|f__Clostridia_unclassified|g__Clostridia_unclassified|s__Clostridia_bacterium|t__SGB6378",0,0,NA,FALSE,FALSE,FALSE,NA,"HMP1-2 taxonomy oral"
"k__Bacteria|p__Bacteroidetes|c__Bacteroidia|o__Bacteroidales|f__Rikenellaceae|g__Alistipes|s__Alistipes_sp_AF17_16|t__SGB2326",3,0.00233644859813084,4.92999920400014e-05,FALSE,FALSE,FALSE,NA,"HMP1-2 taxonomy oral"
"k__Bacteria|p__Firmicutes|c__Clostridia|o__Clostridia_unclassified|f__Clostridia_unclassified|g__Clostridia_unclassified|s__Clostridia_bacterium|t__SGB14892",0,0,NA,FALSE,FALSE,FALSE,NA,"HMP1-2 taxonomy oral"
"k__Bacteria|p__Firmicutes|c__Clostridia|o__Clostridia_unclassified|f__Clostridia_unclassified|g__Clostridia_unclassified|s__Clostridia_bacterium|t__SGB14954",1,0.000778816199376947,1.30000039000012e-05,FALSE,FALSE,FALSE,NA,"HMP1-2 taxonomy oral"
"k__Bacteria|p__Firmicutes|c__Clostridia|o__Clostridiales|f__Lachnospiraceae|g__Coprococcus|s__Coprococcus_eutactus|t__SGB5121",2,0.00155763239875389,0.0010037005545804,FALSE,TRUE,FALSE,NA,"HMP1-2 taxonomy oral"
"k__Bacteria|p__Firmicutes|c__Clostridia|o__Clostridiales|f__Ruminococcaceae|g__GGB9631|s__GGB9631_SGB15087|t__SGB15087",0,0,NA,FALSE,FALSE,FALSE,NA,"HMP1-2 taxonomy oral"
"k__Bacteria|p__Firmicutes|c__Clostridia|o__Clostridia_unclassified|f__Clostridia_unclassified|g__Clostridia_unclassified|s__Clostridia_bacterium|t__SGB14137",1,0.000778816199376947,0.0004964,FALSE,TRUE,FALSE,NA,"HMP1-2 taxonomy oral"
"k__Bacteria|p__Firmicutes|c__Clostridia|o__Clostridia_unclassified|f__Clostridia_unclassified|g__Clostridia_unclassified|s__Clostridia_bacterium|t__SGB14263",0,0,NA,FALSE,FALSE,FALSE,NA,"HMP1-2 taxonomy oral"
"k__Bacteria|p__Firmicutes|c__Clostridia|o__Clostridiales|f__Ruminococcaceae|g__GGB3341|s__GGB3341_SGB4420|t__SGB4420",0,0,NA,FALSE,FALSE,FALSE,NA,"HMP1-2 taxonomy oral"
"k__Bacteria|p__Firmicutes|c__Clostridia|o__Clostridia_unclassified|f__Clostridia_unclassified|g__Clostridia_unclassified|s__Clostridia_bacterium|t__SGB13982",1,0.000778816199376947,0.000235600023560002,FALSE,TRUE,FALSE,NA,"HMP1-2 taxonomy oral"
"k__Bacteria|p__Proteobacteria|c__Deltaproteobacteria|o__Desulfovibrionales|f__Desulfovibrionaceae|g__Bilophila|s__Bilophila_wadsworthia|t__SGB15452",2,0.00155763239875389,0.00019699999948,FALSE,TRUE,FALSE,NA,"HMP1-2 taxonomy oral"
"k__Bacteria|p__Firmicutes|c__Clostridia|o__Clostridiales|f__Ruminococcaceae|g__GGB9632|s__GGB9632_SGB15089|t__SGB15089",6,0.00467289719626168,0.00339024961897172,FALSE,TRUE,FALSE,NA,"HMP1-2 taxonomy oral"
"k__Bacteria|p__Firmicutes|c__Clostridia|o__Clostridiales|f__Clostridiales_unclassified|g__Monoglobus|s__Monoglobus_pectinilyticus|t__SGB4166",2,0.00155763239875389,0.0003193999979,FALSE,TRUE,FALSE,NA,"HMP1-2 taxonomy oral"
"k__Bacteria|p__Firmicutes|c__Clostridia|o__Clostridiales|f__Ruminococcaceae|g__Ruminococcaceae_unclassified|s__Ruminococcaceae_bacterium|t__SGB14177",1,0.000778816199376947,0.000231899953620009,FALSE,TRUE,FALSE,NA,"HMP1-2 taxonomy oral"
"k__Bacteria|p__Firmicutes|c__Clostridia|o__Clostridia_unclassified|f__Clostridia_unclassified|g__Clostridia_unclassified|s__Clostridia_bacterium|t__SGB13983",5,0.00389408099688474,3.03999954620013e-05,FALSE,FALSE,FALSE,NA,"HMP1-2 taxonomy oral"
"k__Bacteria|p__Actinobacteria|c__Coriobacteriia|o__Eggerthellales|f__Eggerthellaceae|g__Eggerthellaceae_unclassified|s__Eggerthellaceae_unclassified_SGB14341|t__SGB14341",1,0.000778816199376947,0.0002763,FALSE,TRUE,FALSE,NA,"HMP1-2 taxonomy oral"
"k__Bacteria|p__Actinobacteria|c__Actinobacteria|o__Bifidobacteriales|f__Bifidobacteriaceae|g__Bifidobacterium|s__Bifidobacterium_longum|t__SGB17248",61,0.0475077881619938,0.00037251480375005,FALSE,TRUE,FALSE,NA,"HMP1-2 taxonomy oral"
"k__Bacteria|p__Firmicutes|c__Clostridia|o__Clostridiales|f__Ruminococcaceae|g__GGB9623|s__GGB9623_SGB15076|t__SGB15076",0,0,NA,FALSE,FALSE,FALSE,NA,"HMP1-2 taxonomy oral"
"k__Bacteria|p__Firmicutes|c__Clostridia|o__Clostridiales|f__Ruminococcaceae|g__Gemmiger|s__Gemmiger_SGB15295|t__SGB15295_group",5,0.00389408099688474,0.00184899980724205,FALSE,TRUE,FALSE,NA,"HMP1-2 taxonomy oral"
"k__Bacteria|p__Firmicutes|c__Clostridia|o__Clostridiales|f__Lachnospiraceae|g__Coprococcus|s__Coprococcus_catus|t__SGB4670",1,0.000778816199376947,2.05e-05,FALSE,FALSE,FALSE,NA,"HMP1-2 taxonomy oral"
"k__Bacteria|p__Proteobacteria|c__Deltaproteobacteria|o__Desulfovibrionales|f__Desulfovibrionaceae|g__GGB9818|s__GGB9818_SGB15459|t__SGB15459",0,0,NA,FALSE,FALSE,FALSE,NA,"HMP1-2 taxonomy oral"
"k__Bacteria|p__Firmicutes|c__CFGB3035|o__OFGB3035|f__FGB3035|g__GGB9524|s__GGB9524_SGB14924|t__SGB14924",0,0,NA,FALSE,FALSE,FALSE,NA,"HMP1-2 taxonomy oral"
"k__Bacteria|p__Firmicutes|c__Clostridia|o__Clostridiales|f__Ruminococcaceae|g__GGB9694|s__GGB9694_SGB15203|t__SGB15203",0,0,NA,FALSE,FALSE,FALSE,NA,"HMP1-2 taxonomy oral"
"k__Bacteria|p__Firmicutes|c__Clostridia|o__Clostridiales|f__Clostridiaceae|g__Clostridium|s__Clostridium_phoceensis|t__SGB15154",2,0.00155763239875389,0.000563800006285002,FALSE,TRUE,FALSE,NA,"HMP1-2 taxonomy oral"
"k__Bacteria|p__Firmicutes|c__Clostridia|o__Clostridiales|f__Eubacteriaceae|g__Eubacteriaceae_unclassified|s__Eubacteriaceae_bacterium|t__SGB5043",0,0,NA,FALSE,FALSE,FALSE,NA,"HMP1-2 taxonomy oral"
"k__Bacteria|p__Firmicutes|c__Clostridia|o__Clostridia_unclassified|f__Clostridia_unclassified|g__Clostridia_unclassified|s__Clostridia_bacterium|t__SGB14957",0,0,NA,FALSE,FALSE,FALSE,NA,"HMP1-2 taxonomy oral"
"k__Bacteria|p__Firmicutes|c__CFGB40382|o__OFGB40382|f__FGB40382|g__GGB45491|s__GGB45491_SGB63163|t__SGB63163",0,0,NA,FALSE,FALSE,FALSE,NA,"HMP1-2 taxonomy oral"
"k__Bacteria|p__Firmicutes|c__Clostridia|o__Clostridiales|f__Lachnospiraceae|g__Blautia|s__Blautia_SGB4831|t__SGB4831_group",0,0,NA,FALSE,FALSE,FALSE,NA,"HMP1-2 taxonomy oral"
"k__Bacteria|p__Firmicutes|c__Clostridia|o__Clostridiales|f__Clostridiaceae|g__Clostridium|s__Clostridium_sp_NSJ_42|t__SGB6174_group",0,0,NA,FALSE,FALSE,FALSE,NA,"HMP1-2 taxonomy oral"
"k__Bacteria|p__Firmicutes|c__Clostridia|o__Clostridiales|f__Lachnospiraceae|g__Blautia|s__Blautia_SGB4805|t__SGB4805",0,0,NA,FALSE,FALSE,FALSE,NA,"HMP1-2 taxonomy oral"
"k__Bacteria|p__Firmicutes|c__Clostridia|o__Clostridiales|f__Ruminococcaceae|g__Ruminococcaceae_unclassified|s__Ruminococcaceae_bacterium|t__SGB14899",1,0.000778816199376947,2.42000072600022e-05,FALSE,FALSE,FALSE,NA,"HMP1-2 taxonomy oral"
"k__Bacteria|p__Firmicutes|c__Erysipelotrichia|o__Erysipelotrichales|f__Erysipelotrichaceae|g__GGB3034|s__GGB3034_SGB4030|t__SGB4030",0,0,NA,FALSE,FALSE,FALSE,NA,"HMP1-2 taxonomy oral"
"k__Bacteria|p__Firmicutes|c__Clostridia|o__Clostridiales|f__Ruminococcaceae|g__Anaeromassilibacillus|s__Anaeromassilibacillus_sp_An250|t__SGB14894",0,0,NA,FALSE,FALSE,FALSE,NA,"HMP1-2 taxonomy oral"
"k__Bacteria|p__Firmicutes|c__Clostridia|o__Clostridiales|f__Eubacteriaceae|g__Eubacterium|s__Eubacterium_sp_AF34_35BH|t__SGB5051",4,0.00311526479750779,0.000152150097270095,FALSE,TRUE,FALSE,NA,"HMP1-2 taxonomy oral"
"k__Bacteria|p__Firmicutes|c__Clostridia|o__Clostridiales|f__Ruminococcaceae|g__GGB9627|s__GGB9627_SGB15081|t__SGB15081",0,0,NA,FALSE,FALSE,FALSE,NA,"HMP1-2 taxonomy oral"
"k__Bacteria|p__Firmicutes|c__Erysipelotrichia|o__Erysipelotrichales|f__Erysipelotrichaceae|g__Erysipelotrichaceae_unclassified|s__Erysipelotrichaceae_bacterium|t__SGB4029",0,0,NA,FALSE,FALSE,FALSE,NA,"HMP1-2 taxonomy oral"
"k__Bacteria|p__Firmicutes|c__Erysipelotrichia|o__Erysipelotrichales|f__Erysipelotrichaceae|g__Longicatena|s__Longicatena_caecimuris|t__SGB4041",7,0.00545171339563863,0.000341699980267146,FALSE,TRUE,FALSE,NA,"HMP1-2 taxonomy oral"
"k__Bacteria|p__Firmicutes|c__Clostridia|o__Clostridiales|f__Lachnospiraceae|g__Anaerobutyricum|s__Anaerobutyricum_hallii|t__SGB4537",0,0,NA,FALSE,FALSE,FALSE,NA,"HMP1-2 taxonomy oral"
"k__Bacteria|p__Actinobacteria|c__Coriobacteriia|o__Coriobacteriales|f__Coriobacteriaceae|g__Senegalimassilia|s__Senegalimassilia_anaerobia|t__SGB14824_group",0,0,NA,FALSE,FALSE,FALSE,NA,"HMP1-2 taxonomy oral"
"k__Bacteria|p__Firmicutes|c__CFGB3053|o__OFGB3053|f__FGB3053|g__GGB9581|s__GGB9581_SGB14999|t__SGB14999",0,0,NA,FALSE,FALSE,FALSE,NA,"HMP1-2 taxonomy oral"
"k__Bacteria|p__Firmicutes|c__Clostridia|o__Clostridiales|f__Ruminococcaceae|g__GGB9667|s__GGB9667_SGB15164|t__SGB15164",1,0.000778816199376947,0.000622999937700006,FALSE,TRUE,FALSE,NA,"HMP1-2 taxonomy oral"
"k__Bacteria|p__Firmicutes|c__Clostridia|o__Clostridiales|f__Lachnospiraceae|g__Dorea|s__Dorea_sp_AF36_15AT|t__SGB4552_group",1,0.000778816199376947,1.83000054900017e-05,FALSE,FALSE,FALSE,NA,"HMP1-2 taxonomy oral"
"k__Bacteria|p__Firmicutes|c__Clostridia|o__Clostridiales|f__Ruminococcaceae|g__Ruminococcaceae_unclassified|s__Ruminococcaceae_bacterium|t__SGB14906",0,0,NA,FALSE,FALSE,FALSE,NA,"HMP1-2 taxonomy oral"
"k__Bacteria|p__Firmicutes|c__Clostridia|o__Clostridiales|f__Clostridiaceae|g__Butyricicoccus|s__Butyricicoccus_sp_AM29_23AC|t__SGB14991",0,0,NA,FALSE,FALSE,FALSE,NA,"HMP1-2 taxonomy oral"
"k__Bacteria|p__Actinobacteria|c__Coriobacteriia|o__Eggerthellales|f__Eggerthellaceae|g__Adlercreutzia|s__Adlercreutzia_equolifaciens|t__SGB14797_group",1,0.000778816199376947,0.0003099,FALSE,TRUE,FALSE,NA,"HMP1-2 taxonomy oral"
"k__Bacteria|p__Firmicutes|c__Clostridia|o__Clostridiales|f__Clostridiaceae|g__Clostridiaceae_unclassified|s__Clostridiaceae_bacterium|t__SGB4721",1,0.000778816199376947,0.000119500035850011,FALSE,TRUE,FALSE,NA,"HMP1-2 taxonomy oral"
"k__Bacteria|p__Firmicutes|c__Clostridia|o__Clostridiales|f__Lachnospiraceae|g__Blautia|s__Blautia_stercoris|t__SGB4788_group",0,0,NA,FALSE,FALSE,FALSE,NA,"HMP1-2 taxonomy oral"
"k__Bacteria|p__Firmicutes|c__Clostridia|o__Clostridiales|f__Clostridiaceae|g__Clostridium|s__Clostridium_sp_Marseille_P3244|t__SGB29302",0,0,NA,FALSE,FALSE,FALSE,NA,"HMP1-2 taxonomy oral"
"k__Bacteria|p__Firmicutes|c__Clostridia|o__Clostridia_unclassified|f__Clostridia_unclassified|g__Clostridia_unclassified|s__Clostridia_bacterium|t__SGB14050",0,0,NA,FALSE,FALSE,FALSE,NA,"HMP1-2 taxonomy oral"
"k__Bacteria|p__Firmicutes|c__Clostridia|o__Clostridiales|f__Christensenellaceae|g__Christensenellaceae_unclassified|s__Christensenellaceae_bacterium|t__SGB14128",0,0,NA,FALSE,FALSE,FALSE,NA,"HMP1-2 taxonomy oral"
"k__Bacteria|p__Actinobacteria|c__Actinobacteria|o__Micrococcales|f__Microbacteriaceae|g__Microbacterium|s__Microbacterium_SGB53518|t__SGB53518",0,0,NA,FALSE,FALSE,FALSE,NA,"HMP1-2 taxonomy oral"
"k__Bacteria|p__Firmicutes|c__Clostridia|o__Clostridiales|f__Lachnospiraceae|g__Lachnoclostridium|s__Lachnoclostridium_sp_An138|t__SGB4774",0,0,NA,FALSE,FALSE,FALSE,NA,"HMP1-2 taxonomy oral"
"k__Bacteria|p__Firmicutes|c__Erysipelotrichia|o__Erysipelotrichales|f__Erysipelotrichaceae|g__Massilimicrobiota|s__Massilimicrobiota_timonensis|t__SGB6767",0,0,NA,FALSE,FALSE,FALSE,NA,"HMP1-2 taxonomy oral"
"k__Bacteria|p__Verrucomicrobia|c__CFGB6128|o__OFGB6128|f__FGB6128|g__GGB52930|s__GGB52930_SGB73859|t__SGB73859",0,0,NA,FALSE,FALSE,FALSE,NA,"HMP1-2 taxonomy oral"
"k__Bacteria|p__Firmicutes|c__Clostridia|o__Clostridia_unclassified|f__Clostridia_unclassified|g__GGB9494|s__GGB9494_SGB14891|t__SGB14891",0,0,NA,FALSE,FALSE,FALSE,NA,"HMP1-2 taxonomy oral"
"k__Bacteria|p__Firmicutes|c__Clostridia|o__Candidatus_Borkfalkiales|f__Candidatus_Borkfalkiaceae|g__Candidatus_Borkfalkia|s__Candidatus_Borkfalkia_ceftriaxoniphila|t__SGB14027",1,0.000778816199376947,1.72999965400007e-05,FALSE,FALSE,FALSE,NA,"HMP1-2 taxonomy oral"
"k__Bacteria|p__Firmicutes|c__Clostridia|o__Clostridiales|f__Lachnospiraceae|g__Mediterraneibacter|s__Mediterraneibacter_glycyrrhizinilyticus|t__SGB4606",2,0.00155763239875389,1.5249995490005e-05,FALSE,FALSE,FALSE,NA,"HMP1-2 taxonomy oral"
"k__Bacteria|p__Firmicutes|c__Clostridia|o__Clostridiales|f__Lachnospiraceae|g__Lachnospiraceae_unclassified|s__Lachnospiraceae_unclassified_SGB4924|t__SGB4924_group",0,0,NA,FALSE,FALSE,FALSE,NA,"HMP1-2 taxonomy oral"
"k__Bacteria|p__Firmicutes|c__Clostridia|o__Clostridiales|f__Ruminococcaceae|g__Ruminococcaceae_unclassified|s__Ruminococcaceae_bacterium|t__SGB15278",0,0,NA,FALSE,FALSE,FALSE,NA,"HMP1-2 taxonomy oral"
"k__Bacteria|p__Firmicutes|c__Clostridia|o__Clostridia_unclassified|f__Clostridia_unclassified|g__Clostridia_unclassified|s__Clostridia_bacterium|t__SGB3991",1,0.000778816199376947,1.29000038700012e-05,FALSE,FALSE,FALSE,NA,"HMP1-2 taxonomy oral"
"k__Bacteria|p__Firmicutes|c__Clostridia|o__Clostridiales|f__Lachnospiraceae|g__Lachnospira|s__Lachnospira_SGB5077|t__SGB5077",0,0,NA,FALSE,FALSE,FALSE,NA,"HMP1-2 taxonomy oral"
"k__Bacteria|p__Firmicutes|c__Clostridia|o__Clostridiales|f__Ruminococcaceae|g__Ruminococcaceae_unclassified|s__Ruminococcaceae_bacterium|t__SGB15273",1,0.000778816199376947,0.0002606,FALSE,TRUE,FALSE,NA,"HMP1-2 taxonomy oral"
"k__Bacteria|p__Firmicutes|c__Clostridia|o__Clostridiales|f__Ruminococcaceae|g__GGB9610|s__GGB9610_SGB15045|t__SGB15045",0,0,NA,FALSE,FALSE,FALSE,NA,"HMP1-2 taxonomy oral"
"k__Bacteria|p__Firmicutes|c__Clostridia|o__Clostridiales|f__Lachnospiraceae|g__Lachnospiraceae_unclassified|s__Lachnospiraceae_bacterium|t__SGB4718",0,0,NA,FALSE,FALSE,FALSE,NA,"HMP1-2 taxonomy oral"
"k__Bacteria|p__Firmicutes|c__Clostridia|o__Clostridiales|f__Lachnospiraceae|g__Blautia|s__Blautia_SGB4815|t__SGB4815_group",1,0.000778816199376947,4.6e-06,FALSE,FALSE,FALSE,NA,"HMP1-2 taxonomy oral"
"k__Bacteria|p__Firmicutes|c__Clostridia|o__Clostridiales|f__Clostridiaceae|g__Massilioclostridium|s__Massilioclostridium_coli|t__SGB29305",0,0,NA,FALSE,FALSE,FALSE,NA,"HMP1-2 taxonomy oral"
"k__Bacteria|p__Firmicutes|c__Clostridia|o__Clostridia_unclassified|f__Clostridia_unclassified|g__Clostridia_unclassified|s__Clostridia_unclassified_SGB71281|t__SGB71281",0,0,NA,FALSE,FALSE,FALSE,NA,"HMP1-2 taxonomy oral"
"k__Bacteria|p__Firmicutes|c__Clostridia|o__Clostridiales|f__Lachnospiraceae|g__GGB3571|s__GGB3571_SGB4778|t__SGB4778",1,0.000778816199376947,0.0006747,FALSE,TRUE,FALSE,NA,"HMP1-2 taxonomy oral"
"k__Bacteria|p__Firmicutes|c__Clostridia|o__Clostridiales|f__Ruminococcaceae|g__Anaerotruncus|s__Anaerotruncus_rubiinfantis|t__SGB25416",0,0,NA,FALSE,FALSE,FALSE,NA,"HMP1-2 taxonomy oral"
"k__Bacteria|p__Firmicutes|c__Clostridia|o__Clostridia_unclassified|f__Clostridia_unclassified|g__Candidatus_Parachristensenella|s__Candidatus_Parachristensenella_avicola|t__SGB58519",0,0,NA,FALSE,FALSE,FALSE,NA,"HMP1-2 taxonomy oral"
"k__Bacteria|p__Firmicutes|c__Clostridia|o__Clostridiales|f__Ruminococcaceae|g__Anaerotruncus|s__Anaerotruncus_colihominis|t__SGB14963",0,0,NA,FALSE,FALSE,FALSE,NA,"HMP1-2 taxonomy oral"
"k__Bacteria|p__Firmicutes|c__Clostridia|o__Clostridiales|f__Ruminococcaceae|g__Flavonifractor|s__Flavonifractor_plautii|t__SGB15132",4,0.00311526479750779,0.000399174981972503,FALSE,TRUE,FALSE,NA,"HMP1-2 taxonomy oral"
"k__Bacteria|p__Firmicutes|c__Clostridia|o__Clostridiales|f__Ruminococcaceae|g__Harryflintia|s__Harryflintia_acetispora|t__SGB14838",0,0,NA,FALSE,FALSE,FALSE,NA,"HMP1-2 taxonomy oral"
"k__Bacteria|p__Firmicutes|c__Clostridia|o__Clostridia_unclassified|f__Clostridia_unclassified|g__Clostridia_unclassified|s__Clostridia_bacterium_12CBH8|t__SGB7259",0,0,NA,FALSE,FALSE,FALSE,NA,"HMP1-2 taxonomy oral"
"k__Bacteria|p__Actinobacteria|c__Coriobacteriia|o__Eggerthellales|f__Eggerthellaceae|g__Eggerthellaceae_unclassified|s__Eggerthellaceae_bacterium|t__SGB14344",0,0,NA,FALSE,FALSE,FALSE,NA,"HMP1-2 taxonomy oral"
"k__Bacteria|p__Firmicutes|c__Clostridia|o__Clostridiales|f__Ruminococcaceae|g__GGB9622|s__GGB9622_SGB15074|t__SGB15074",0,0,NA,FALSE,FALSE,FALSE,NA,"HMP1-2 taxonomy oral"
"k__Bacteria|p__Firmicutes|c__Clostridia|o__Clostridiales|f__Lachnospiraceae|g__Mediterraneibacter|s__Mediterraneibacter_butyricigenes|t__SGB25493",0,0,NA,FALSE,FALSE,FALSE,NA,"HMP1-2 taxonomy oral"
"k__Bacteria|p__Firmicutes|c__Clostridia|o__Clostridiales|f__Lachnospiraceae|g__Lachnospiraceae_unclassified|s__Lachnospiraceae_bacterium|t__SGB4597",1,0.000778816199376947,1.49999970000006e-06,FALSE,FALSE,FALSE,NA,"HMP1-2 taxonomy oral"
"k__Bacteria|p__Firmicutes|c__Clostridia|o__Clostridia_unclassified|f__Clostridia_unclassified|g__Candidatus_Pseudoruminococcus|s__Candidatus_Pseudoruminococcus_merdavium|t__SGB59562",0,0,NA,FALSE,FALSE,FALSE,NA,"HMP1-2 taxonomy oral"
"k__Bacteria|p__Firmicutes|c__Clostridia|o__Clostridia_unclassified|f__Clostridia_unclassified|g__Clostridia_unclassified|s__Clostridia_unclassified_SGB15402|t__SGB15402",0,0,NA,FALSE,FALSE,FALSE,NA,"HMP1-2 taxonomy oral"
"k__Bacteria|p__Firmicutes|c__Clostridia|o__Clostridia_unclassified|f__Clostridia_unclassified|g__GGB9522|s__GGB9522_SGB14921|t__SGB14921",0,0,NA,FALSE,FALSE,FALSE,NA,"HMP1-2 taxonomy oral"
"k__Bacteria|p__Firmicutes|c__Clostridia|o__Clostridia_unclassified|f__Clostridia_unclassified|g__Candidatus_Pseudobutyricicoccus|s__Candidatus_Pseudobutyricicoccus_lothianensis|t__SGB14975",0,0,NA,FALSE,FALSE,FALSE,NA,"HMP1-2 taxonomy oral"
"k__Bacteria|p__Firmicutes|c__CFGB3048|o__OFGB3048|f__FGB3048|g__GGB9559|s__GGB9559_SGB14969|t__SGB14969",0,0,NA,FALSE,FALSE,FALSE,NA,"HMP1-2 taxonomy oral"
"k__Bacteria|p__Firmicutes|c__Clostridia|o__Clostridiales|f__Ruminococcaceae|g__Neglecta|s__Neglecta_timonensis|t__SGB14851",1,0.000778816199376947,0.0001176,FALSE,TRUE,FALSE,NA,"HMP1-2 taxonomy oral"
"k__Bacteria|p__Firmicutes|c__Clostridia|o__Clostridiales|f__Clostridiaceae|g__Hungatella|s__Hungatella_hathewayi|t__SGB4741",0,0,NA,FALSE,FALSE,FALSE,NA,"HMP1-2 taxonomy oral"
"k__Bacteria|p__Firmicutes|c__Clostridia|o__Clostridiales|f__Oscillospiraceae|g__Oscillibacter|s__Oscillibacter_sp_PC13|t__SGB7258",0,0,NA,FALSE,FALSE,FALSE,NA,"HMP1-2 taxonomy oral"
"k__Bacteria|p__Firmicutes|c__Clostridia|o__Clostridiales|f__Ruminococcaceae|g__Pseudoflavonifractor|s__Pseudoflavonifractor_SGB15156|t__SGB15156_group",0,0,NA,FALSE,FALSE,FALSE,NA,"HMP1-2 taxonomy oral"
"k__Bacteria|p__Firmicutes|c__Clostridia|o__Clostridiales|f__Ruminococcaceae|g__Ruminococcaceae_unclassified|s__Ruminococcaceae_bacterium|t__SGB15275",1,0.000778816199376947,6.30000378000227e-06,FALSE,FALSE,FALSE,NA,"HMP1-2 taxonomy oral"
"k__Bacteria|p__Bacteroidetes|c__Bacteroidia|o__Marinilabiliales|f__Marinilabiliaceae|g__GGB58233|s__GGB58233_SGB79883|t__SGB79883",0,0,NA,FALSE,FALSE,FALSE,NA,"HMP1-2 taxonomy oral"
"k__Bacteria|p__Firmicutes|c__Clostridia|o__Clostridiales|f__Eubacteriaceae|g__Eubacteriaceae_unclassified|s__Eubacteriaceae_bacterium|t__SGB4546",0,0,NA,FALSE,FALSE,FALSE,NA,"HMP1-2 taxonomy oral"
"k__Bacteria|p__Firmicutes|c__Clostridia|o__Clostridia_unclassified|f__Clostridia_unclassified|g__Clostridia_unclassified|s__Clostridia_bacterium_UC5_1_1D1|t__SGB14995",0,0,NA,FALSE,FALSE,FALSE,NA,"HMP1-2 taxonomy oral"
"k__Bacteria|p__Firmicutes|c__Clostridia|o__Clostridia_unclassified|f__Clostridia_unclassified|g__Clostridia_unclassified|s__Clostridia_unclassified_SGB14844|t__SGB14844",0,0,NA,FALSE,FALSE,FALSE,NA,"HMP1-2 taxonomy oral"
"k__Bacteria|p__Firmicutes|c__Clostridia|o__Clostridiales|f__Oscillospiraceae|g__Oscillospiraceae_unclassified|s__Oscillospiraceae_bacterium_NSJ_64|t__SGB82503",0,0,NA,FALSE,FALSE,FALSE,NA,"HMP1-2 taxonomy oral"
"k__Bacteria|p__Firmicutes|c__Clostridia|o__Clostridia_unclassified|f__Clostridia_unclassified|g__Candidatus_Paralachnospira|s__Candidatus_Paralachnospira_caecorum|t__SGB59817",0,0,NA,FALSE,FALSE,FALSE,NA,"HMP1-2 taxonomy oral"
"k__Bacteria|p__Firmicutes|c__Clostridia|o__Clostridiales|f__Ruminococcaceae|g__GGB9642|s__GGB9642_SGB15119|t__SGB15119",0,0,NA,FALSE,FALSE,FALSE,NA,"HMP1-2 taxonomy oral"
"k__Bacteria|p__Firmicutes|c__Clostridia|o__Clostridiales|f__Ruminococcaceae|g__GGB9646|s__GGB9646_SGB15123|t__SGB15123",1,0.000778816199376947,0.0002011,FALSE,TRUE,FALSE,NA,"HMP1-2 taxonomy oral"
"k__Bacteria|p__Actinobacteria|c__Coriobacteriia|o__Eggerthellales|f__Eggerthellaceae|g__GGB45432|s__GGB45432_SGB63101|t__SGB63101",0,0,NA,FALSE,FALSE,FALSE,NA,"HMP1-2 taxonomy oral"
"k__Bacteria|p__Firmicutes|c__Clostridia|o__Clostridiales|f__Clostridiales_unclassified|g__Clostridiales_unclassified|s__Clostridiales_bacterium_UBA1390|t__SGB4436",0,0,NA,FALSE,FALSE,FALSE,NA,"HMP1-2 taxonomy oral"
"k__Bacteria|p__Bacteroidetes|c__CFGB496|o__OFGB496|f__FGB496|g__GGB1025|s__GGB1025_SGB1319|t__SGB1319_group",162,0.126168224299065,0.0031325670598668,TRUE,TRUE,TRUE,0.0460140469885898,"HMP1-2 taxonomy oral"
"k__Bacteria|p__Proteobacteria|c__Betaproteobacteria|o__Neisseriales|f__Neisseriaceae|g__GGB6675|s__GGB6675_SGB9425|t__SGB9425",193,0.150311526479751,0.00347886297398378,TRUE,TRUE,TRUE,0.0457071789880786,"HMP1-2 taxonomy oral"
"k__Bacteria|p__Actinobacteria|c__Actinobacteria|o__Actinomycetales|f__Actinomycetaceae|g__Actinomyces|s__Actinomyces_israelii|t__SGB15875",256,0.199376947040498,0.000926655444979968,TRUE,TRUE,TRUE,0.0222654070401897,"HMP1-2 taxonomy oral"
"k__Bacteria|p__Candidatus_Saccharibacteria|c__CFGB4356|o__OFGB4356|f__FGB4356|g__GGB12790|s__GGB12790_SGB19845|t__SGB19845",167,0.13006230529595,0.00287026358356912,TRUE,TRUE,TRUE,0.0398065898907728,"HMP1-2 taxonomy oral"
"k__Bacteria|p__Bacteroidetes|c__Bacteroidia|o__Bacteroidales|f__Prevotellaceae|g__Prevotella|s__Prevotella_oralis|t__SGB1528",119,0.0926791277258567,0.000390376459825605,FALSE,TRUE,FALSE,NA,"HMP1-2 taxonomy oral"
"k__Bacteria|p__Synergistetes|c__Synergistia|o__Synergistales|f__Synergistaceae|g__GGB10852|s__GGB10852_SGB17523|t__SGB17523",161,0.125389408099688,0.000887231668272787,TRUE,TRUE,TRUE,0.0214204432613997,"HMP1-2 taxonomy oral"
"k__Bacteria|p__Firmicutes|c__Clostridia|o__Clostridiales|f__Peptostreptococcaceae|g__Filifactor|s__Filifactor_alocis|t__SGB6629",196,0.152647975077882,0.000697860193811567,TRUE,TRUE,TRUE,0.0201053839602539,"HMP1-2 taxonomy oral"
"k__Bacteria|p__Firmicutes|c__Negativicutes|o__Veillonellales|f__Veillonellaceae|g__Colibacter|s__Colibacter_massiliensis|t__SGB5869",15,0.0116822429906542,0.000432679910289422,FALSE,TRUE,FALSE,NA,"HMP1-2 taxonomy oral"
"k__Bacteria|p__Actinobacteria|c__Actinobacteria|o__Actinomycetales|f__Actinomycetaceae|g__Actinomyces|s__Actinomyces_sp_oral_taxon_897|t__SGB15876",198,0.154205607476636,0.00412635404317634,TRUE,TRUE,TRUE,0.045746251313012,"HMP1-2 taxonomy oral"
"k__Bacteria|p__Bacteroidetes|c__Bacteroidia|o__Bacteroidales|f__Prevotellaceae|g__Prevotella|s__Prevotella_buccae|t__SGB1531",98,0.0763239875389408,0.000301887797778329,FALSE,TRUE,FALSE,NA,"HMP1-2 taxonomy oral"
"k__Bacteria|p__Bacteroidetes|c__Bacteroidia|o__Bacteroidales|f__Porphyromonadaceae|g__GGB1472|s__GGB1472_SGB2038|t__SGB2038",263,0.204828660436137,0.00347149239179763,TRUE,TRUE,TRUE,0.0436326891033162,"HMP1-2 taxonomy oral"
"k__Bacteria|p__Firmicutes|c__Clostridia|o__Clostridiales|f__Lachnospiraceae|g__Shuttleworthia|s__Shuttleworthia_satelles|t__SGB7281",78,0.0607476635514019,6.95538469533406e-05,FALSE,FALSE,FALSE,NA,"HMP1-2 taxonomy oral"
"k__Bacteria|p__Actinobacteria|c__Coriobacteriia|o__Eggerthellales|f__Eggerthellaceae|g__Cryptobacterium|s__Cryptobacterium_curtum|t__SGB962",41,0.0319314641744548,5.31878076539134e-05,FALSE,FALSE,FALSE,NA,"HMP1-2 taxonomy oral"
"k__Bacteria|p__Firmicutes|c__Negativicutes|o__Selenomonadales|f__Selenomonadaceae|g__Selenomonas|s__Selenomonas_sp_F0473|t__SGB5877",46,0.0358255451713396,0.000206295686236325,FALSE,TRUE,FALSE,NA,"HMP1-2 taxonomy oral"
"k__Bacteria|p__Bacteroidetes|c__CFGB651|o__OFGB651|f__FGB651|g__GGB1611|s__GGB1611_SGB2208|t__SGB2208",135,0.105140186915888,0.000727214832786334,TRUE,TRUE,TRUE,0.0208149253777282,"HMP1-2 taxonomy oral"
"k__Bacteria|p__Actinobacteria|c__Actinobacteria|o__Corynebacteriales|f__Corynebacteriaceae|g__Corynebacterium|s__Corynebacterium_pseudodiphtheriticum|t__SGB17013",3,0.00233644859813084,0.0026252669694467,FALSE,TRUE,FALSE,NA,"HMP1-2 taxonomy oral"
"k__Bacteria|p__Firmicutes|c__Tissierellia|o__Tissierellales|f__Peptoniphilaceae|g__Anaerococcus|s__Anaerococcus_octavius|t__SGB6655",1,0.000778816199376947,0.0338816,FALSE,TRUE,FALSE,NA,"HMP1-2 taxonomy oral"
"k__Bacteria|p__Firmicutes|c__Bacilli|o__Lactobacillales|f__Lactobacillaceae|g__Limosilactobacillus|s__Lactobacillus_vaginalis|t__SGB7098",3,0.00233644859813084,6.46666416300121e-05,FALSE,FALSE,FALSE,NA,"HMP1-2 taxonomy oral"
"k__Bacteria|p__Firmicutes|c__Tissierellia|o__Tissierellales|f__Peptoniphilaceae|g__Finegoldia|s__Finegoldia_magna|t__SGB6683",1,0.000778816199376947,5.79999594000284e-06,FALSE,FALSE,FALSE,NA,"HMP1-2 taxonomy oral"
"k__Bacteria|p__Proteobacteria|c__Epsilonproteobacteria|o__Campylobacterales|f__Campylobacteraceae|g__Campylobacter|s__Campylobacter_ureolyticus|t__SGB19431",2,0.00155763239875389,0.015484400030275,FALSE,TRUE,FALSE,NA,"HMP1-2 taxonomy oral"
"k__Bacteria|p__Firmicutes|c__Negativicutes|o__Veillonellales|f__Veillonellaceae|g__GGB4277|s__GGB4277_SGB5832|t__SGB5832",0,0,NA,FALSE,FALSE,FALSE,NA,"HMP1-2 taxonomy oral"
"k__Bacteria|p__Bacteroidetes|c__Bacteroidia|o__Bacteroidales|f__Prevotellaceae|g__Prevotella|s__Prevotella_copri_clade_C|t__SGB1644",8,0.00623052959501558,0.00136743717185761,FALSE,TRUE,FALSE,NA,"HMP1-2 taxonomy oral"
"k__Bacteria|p__Verrucomicrobia|c__Opitutae|o__Opitutales|f__Opitutales_unclassified|g__Opitutales_unclassified|s__Opitutales_bacterium|t__SGB8772",2,0.00155763239875389,0.000252999974700003,FALSE,TRUE,FALSE,NA,"HMP1-2 taxonomy oral"
"k__Bacteria|p__Proteobacteria|c__Alphaproteobacteria|o__Alphaproteobacteria_unclassified|f__Alphaproteobacteria_unclassified|g__GGB6612|s__GGB6612_SGB9346|t__SGB9346",2,0.00155763239875389,9.33999906600009e-05,FALSE,FALSE,FALSE,NA,"HMP1-2 taxonomy oral"
"k__Bacteria|p__Firmicutes|c__Clostridia|o__Clostridia_unclassified|f__Clostridia_unclassified|g__Clostridia_unclassified|s__Clostridia_unclassified_SGB6376|t__SGB6376",0,0,NA,FALSE,FALSE,FALSE,NA,"HMP1-2 taxonomy oral"
"k__Bacteria|p__Firmicutes|c__Clostridia|o__Clostridiales|f__Clostridiaceae|g__GGB4491|s__GGB4491_SGB6188|t__SGB6188",0,0,NA,FALSE,FALSE,FALSE,NA,"HMP1-2 taxonomy oral"
"k__Bacteria|p__Planctomycetes|c__Planctomycetia|o__Pirellulales|f__Pirellulaceae|g__GGB6601|s__GGB6601_SGB9333|t__SGB9333",0,0,NA,FALSE,FALSE,FALSE,NA,"HMP1-2 taxonomy oral"
"k__Bacteria|p__Firmicutes|c__Clostridia|o__Clostridia_unclassified|f__Clostridia_unclassified|g__GGB4546|s__GGB4546_SGB6267|t__SGB6267",0,0,NA,FALSE,FALSE,FALSE,NA,"HMP1-2 taxonomy oral"
"k__Bacteria|p__Bacteroidetes|c__Bacteroidia|o__Bacteroidales|f__Tannerellaceae|g__Parabacteroides|s__Parabacteroides_faecis|t__SGB1940",0,0,NA,FALSE,FALSE,FALSE,NA,"HMP1-2 taxonomy oral"
"k__Bacteria|p__Bacteroidetes|c__Bacteroidia|o__Bacteroidales|f__Bacteroidaceae|g__Bacteroides|s__Bacteroides_clarus|t__SGB1832",0,0,NA,FALSE,FALSE,FALSE,NA,"HMP1-2 taxonomy oral"
"k__Bacteria|p__Firmicutes|c__Clostridia|o__Clostridiales|f__Ruminococcaceae|g__Ruminococcaceae_unclassified|s__Ruminococcaceae_bacterium|t__SGB4419",0,0,NA,FALSE,FALSE,FALSE,NA,"HMP1-2 taxonomy oral"
"k__Bacteria|p__Proteobacteria|c__Betaproteobacteria|o__Burkholderiales|f__Sutterellaceae|g__Mesosutterella|s__Mesosutterella_multiformis|t__SGB9272_group",1,0.000778816199376947,0.0004898,FALSE,TRUE,FALSE,NA,"HMP1-2 taxonomy oral"
"k__Bacteria|p__Firmicutes|c__Clostridia|o__Clostridia_unclassified|f__Clostridia_unclassified|g__Clostridia_unclassified|s__Clostridia_bacterium|t__SGB4133",0,0,NA,FALSE,FALSE,FALSE,NA,"HMP1-2 taxonomy oral"
"k__Bacteria|p__Lentisphaerae|c__Lentisphaeria|o__Lentisphaeria_unclassified|f__Lentisphaeria_unclassified|g__Lentisphaeria_unclassified|s__Lentisphaeria_unclassified_SGB9206|t__SGB9206",0,0,NA,FALSE,FALSE,FALSE,NA,"HMP1-2 taxonomy oral"
"k__Bacteria|p__Firmicutes|c__Clostridia|o__Clostridiales|f__Ruminococcaceae|g__GGB9633|s__GGB9633_SGB15090|t__SGB15090",0,0,NA,FALSE,FALSE,FALSE,NA,"HMP1-2 taxonomy oral"
"k__Bacteria|p__Firmicutes|c__Erysipelotrichia|o__Erysipelotrichales|f__Erysipelotrichaceae|g__Faecalitalea|s__Faecalitalea_cylindroides|t__SGB6790",1,0.000778816199376947,0.0034649,FALSE,TRUE,FALSE,NA,"HMP1-2 taxonomy oral"
"k__Bacteria|p__Firmicutes|c__Clostridia|o__Clostridiales|f__Clostridiaceae|g__Clostridium|s__Clostridium_sp_AF20_17LB|t__SGB4714",2,0.00155763239875389,0.000200700012660013,FALSE,TRUE,FALSE,NA,"HMP1-2 taxonomy oral"
"k__Bacteria|p__Firmicutes|c__Clostridia|o__Clostridia_unclassified|f__Clostridia_unclassified|g__Clostridia_unclassified|s__Clostridia_bacterium|t__SGB3574",2,0.00155763239875389,1.76500049200016e-05,FALSE,FALSE,FALSE,NA,"HMP1-2 taxonomy oral"
"k__Bacteria|p__Firmicutes|c__Clostridia|o__Clostridiales|f__Clostridiales_unclassified|g__Evtepia|s__Evtepia_gabavorous|t__SGB15120",1,0.000778816199376947,3.9e-06,FALSE,FALSE,FALSE,NA,"HMP1-2 taxonomy oral"
"k__Bacteria|p__Verrucomicrobia|c__Verrucomicrobiae|o__Verrucomicrobiales|f__Akkermansiaceae|g__Akkermansia|s__Akkermansia_muciniphila|t__SGB9228",3,0.00233644859813084,0.000246733354973337,FALSE,TRUE,FALSE,NA,"HMP1-2 taxonomy oral"
"k__Bacteria|p__Firmicutes|c__Clostridia|o__Clostridiales|f__Clostridiaceae|g__Clostridium|s__Clostridium_sp_AT4|t__SGB4753",2,0.00155763239875389,0.000208499780340237,FALSE,TRUE,FALSE,NA,"HMP1-2 taxonomy oral"
"k__Bacteria|p__Firmicutes|c__Clostridia|o__Clostridiales|f__Clostridiales_unclassified|g__Clostridiales_unclassified|s__Clostridiales_bacterium|t__SGB15158",0,0,NA,FALSE,FALSE,FALSE,NA,"HMP1-2 taxonomy oral"
"k__Bacteria|p__Firmicutes|c__Erysipelotrichia|o__Erysipelotrichales|f__Erysipelotrichaceae|g__Amedibacillus|s__Amedibacillus_dolichus|t__SGB4035",2,0.00155763239875389,2.55000015500005e-06,FALSE,FALSE,FALSE,NA,"HMP1-2 taxonomy oral"
"k__Bacteria|p__Firmicutes|c__Clostridia|o__Clostridiales|f__Lachnospiraceae|g__Lachnospiraceae_unclassified|s__Lachnospiraceae_bacterium|t__SGB4750",1,0.000778816199376947,9.38e-05,FALSE,FALSE,FALSE,NA,"HMP1-2 taxonomy oral"
"k__Bacteria|p__Proteobacteria|c__Betaproteobacteria|o__Burkholderiales|f__Sutterellaceae|g__Turicimonas|s__Turicimonas_muris|t__SGB9258_group",0,0,NA,FALSE,FALSE,FALSE,NA,"HMP1-2 taxonomy oral"
"k__Bacteria|p__Firmicutes|c__CFGB1217|o__OFGB1217|f__FGB1217|g__GGB2982|s__GGB2982_SGB3964|t__SGB3964",0,0,NA,FALSE,FALSE,FALSE,NA,"HMP1-2 taxonomy oral"
"k__Bacteria|p__Firmicutes|c__Clostridia|o__Clostridiales|f__Ruminococcaceae|g__Ruminococcaceae_unclassified|s__Ruminococcaceae_bacterium|t__SGB53821",0,0,NA,FALSE,FALSE,FALSE,NA,"HMP1-2 taxonomy oral"
"k__Bacteria|p__Firmicutes|c__Clostridia|o__Clostridiales|f__Ruminococcaceae|g__GGB9608|s__GGB9608_SGB15041|t__SGB15041",0,0,NA,FALSE,FALSE,FALSE,NA,"HMP1-2 taxonomy oral"
"k__Bacteria|p__Proteobacteria|c__Deltaproteobacteria|o__Desulfovibrionales|f__Desulfovibrionaceae|g__Desulfovibrio|s__Desulfovibrio_fairfieldensis|t__SGB15470",0,0,NA,FALSE,FALSE,FALSE,NA,"HMP1-2 taxonomy oral"
"k__Bacteria|p__Firmicutes|c__Clostridia|o__Clostridiales|f__Lachnospiraceae|g__Enterocloster|s__Enterocloster_bolteae|t__SGB4758_group",0,0,NA,FALSE,FALSE,FALSE,NA,"HMP1-2 taxonomy oral"
"k__Bacteria|p__Firmicutes|c__Clostridia|o__Clostridiales|f__Lachnospiraceae|g__Blautia|s__Blautia_caecimuris|t__SGB4862",0,0,NA,FALSE,FALSE,FALSE,NA,"HMP1-2 taxonomy oral"
"k__Bacteria|p__Firmicutes|c__Clostridia|o__Clostridiales|f__Lachnospiraceae|g__Enterocloster|s__Enterocloster_citroniae|t__SGB4761",0,0,NA,FALSE,FALSE,FALSE,NA,"HMP1-2 taxonomy oral"
"k__Bacteria|p__Firmicutes|c__Clostridia|o__Clostridia_unclassified|f__Clostridia_unclassified|g__Candidatus_Neochristensenella|s__Candidatus_Neochristensenella_gallicola|t__SGB14138",0,0,NA,FALSE,FALSE,FALSE,NA,"HMP1-2 taxonomy oral"
"k__Bacteria|p__Firmicutes|c__Clostridia|o__Clostridiales|f__Lachnospiraceae|g__Lachnospiraceae_unclassified|s__Lachnospiraceae_bacterium|t__SGB4746",1,0.000778816199376947,6.29999874000026e-05,FALSE,FALSE,FALSE,NA,"HMP1-2 taxonomy oral"
"k__Bacteria|p__Firmicutes|c__CFGB1425|o__OFGB1425|f__FGB1425|g__GGB3491|s__GGB3491_SGB4665|t__SGB4665",0,0,NA,FALSE,FALSE,FALSE,NA,"HMP1-2 taxonomy oral"
"k__Bacteria|p__Verrucomicrobia|c__CFGB2165|o__OFGB2165|f__FGB2165|g__GGB6133|s__GGB6133_SGB8780|t__SGB8780",0,0,NA,FALSE,FALSE,FALSE,NA,"HMP1-2 taxonomy oral"
"k__Bacteria|p__Firmicutes|c__Clostridia|o__Clostridiales|f__Lachnospiraceae|g__Coprococcus|s__Coprococcus_sp_AF21_14LB|t__SGB25437",0,0,NA,FALSE,FALSE,FALSE,NA,"HMP1-2 taxonomy oral"
"k__Bacteria|p__Firmicutes|c__Clostridia|o__Clostridiales|f__Clostridiaceae|g__Clostridiaceae_unclassified|s__Clostridiaceae_bacterium_NSJ_33|t__SGB25547",1,0.000778816199376947,2.58999948200011e-05,FALSE,FALSE,FALSE,NA,"HMP1-2 taxonomy oral"
"k__Bacteria|p__Firmicutes|c__Clostridia|o__Clostridiales|f__Christensenellaceae|g__Christensenella|s__Christensenella_massiliensis|t__SGB29339",0,0,NA,FALSE,FALSE,FALSE,NA,"HMP1-2 taxonomy oral"
"k__Bacteria|p__Bacteroidetes|c__Bacteroidia|o__Bacteroidales|f__Bacteroidaceae|g__Bacteroides|s__Bacteroides_faecis|t__SGB1860",12,0.00934579439252336,0.00365439165101834,FALSE,TRUE,FALSE,NA,"HMP1-2 taxonomy oral"
"k__Bacteria|p__Bacteroidetes|c__Bacteroidia|o__Bacteroidales|f__Tannerellaceae|g__Parabacteroides|s__Parabacteroides_distasonis|t__SGB27780",0,0,NA,FALSE,FALSE,FALSE,NA,"HMP1-2 taxonomy oral"
"k__Bacteria|p__Firmicutes|c__Clostridia|o__Clostridiales|f__Clostridiaceae|g__Clostridium|s__Clostridium_neonatale|t__SGB6169",0,0,NA,FALSE,FALSE,FALSE,NA,"HMP1-2 taxonomy oral"
"k__Bacteria|p__Bacteroidetes|c__Bacteroidia|o__Bacteroidales|f__Odoribacteraceae|g__Odoribacter|s__Odoribacter_sp_AF15_53|t__SGB1781",0,0,NA,FALSE,FALSE,FALSE,NA,"HMP1-2 taxonomy oral"
"k__Bacteria|p__Firmicutes|c__Clostridia|o__Clostridiales|f__Lachnospiraceae|g__Enterocloster|s__Enterocloster_aldensis|t__SGB4762",0,0,NA,FALSE,FALSE,FALSE,NA,"HMP1-2 taxonomy oral"
"k__Bacteria|p__Firmicutes|c__Clostridia|o__Clostridiales|f__Lachnospiraceae|g__GGB3537|s__GGB3537_SGB4727|t__SGB4727",0,0,NA,FALSE,FALSE,FALSE,NA,"HMP1-2 taxonomy oral"
"k__Bacteria|p__Firmicutes|c__Clostridia|o__Clostridia_unclassified|f__Clostridia_unclassified|g__Clostridia_unclassified|s__Clostridia_bacterium|t__SGB14252",0,0,NA,FALSE,FALSE,FALSE,NA,"HMP1-2 taxonomy oral"
"k__Bacteria|p__Firmicutes|c__Clostridia|o__Clostridiales|f__Clostridiales_unclassified|g__Clostridiales_unclassified|s__Clostridiales_bacterium_Choco116|t__SGB15149",1,0.000778816199376947,8.58999828200035e-05,FALSE,FALSE,FALSE,NA,"HMP1-2 taxonomy oral"
"k__Bacteria|p__Firmicutes|c__Clostridia|o__Clostridiales|f__Ruminococcaceae|g__GGB9615|s__GGB9615_SGB15052|t__SGB15052",0,0,NA,FALSE,FALSE,FALSE,NA,"HMP1-2 taxonomy oral"
"k__Bacteria|p__Firmicutes|c__Clostridia|o__Clostridiales|f__Clostridiales_Family_XIII_Incertae_Sedis|g__Emergencia|s__Emergencia_sp_1XD21_50|t__SGB82512",0,0,NA,FALSE,FALSE,FALSE,NA,"HMP1-2 taxonomy oral"
"k__Bacteria|p__Firmicutes|c__Clostridia|o__Clostridiales|f__Ruminococcaceae|g__Ruminococcaceae_unclassified|s__Ruminococcaceae_bacterium_Marseille_P2935|t__SGB29346",0,0,NA,FALSE,FALSE,FALSE,NA,"HMP1-2 taxonomy oral"
"k__Bacteria|p__Bacteroidetes|c__Bacteroidia|o__Bacteroidales|f__Odoribacteraceae|g__Butyricimonas|s__Butyricimonas_sp_Marseille_P3923|t__SGB1778",0,0,NA,FALSE,FALSE,FALSE,NA,"HMP1-2 taxonomy oral"
"k__Bacteria|p__Bacteroidetes|c__Bacteroidia|o__Bacteroidales|f__Prevotellaceae|g__Prevotella|s__Prevotella_copri_clade_D|t__SGB1636_group",0,0,NA,FALSE,FALSE,FALSE,NA,"HMP1-2 taxonomy oral"
"k__Bacteria|p__Firmicutes|c__Clostridia|o__Clostridiales|f__Clostridiaceae|g__Clostridium|s__Clostridium_sp_SN20|t__SGB29328",0,0,NA,FALSE,FALSE,FALSE,NA,"HMP1-2 taxonomy oral"
"k__Bacteria|p__Firmicutes|c__Clostridia|o__Clostridiales|f__Lachnospiraceae|g__Lacrimispora|s__Lacrimispora_saccharolytica|t__SGB4701",1,0.000778816199376947,2.99999940000012e-06,FALSE,FALSE,FALSE,NA,"HMP1-2 taxonomy oral"
"k__Bacteria|p__Firmicutes|c__Clostridia|o__Clostridiales|f__Eubacteriaceae|g__Anaerofustis|s__Anaerofustis_stercorihominis|t__SGB49059",0,0,NA,FALSE,FALSE,FALSE,NA,"HMP1-2 taxonomy oral"
"k__Bacteria|p__Firmicutes|c__Clostridia|o__Clostridiales|f__Ruminococcaceae|g__Ruminococcaceae_unclassified|s__Ruminococcaceae_bacterium|t__SGB4173",1,0.000778816199376947,4.77000429300387e-05,FALSE,FALSE,FALSE,NA,"HMP1-2 taxonomy oral"
"k__Bacteria|p__Firmicutes|c__Clostridia|o__Clostridiales|f__Ruminococcaceae|g__Ruminococcaceae_unclassified|s__Ruminococcaceae_bacterium|t__SGB43319",0,0,NA,FALSE,FALSE,FALSE,NA,"HMP1-2 taxonomy oral"
"k__Bacteria|p__Firmicutes|c__Clostridia|o__Clostridiales|f__Lachnospiraceae|g__Faecalicatena|s__Faecalicatena_contorta|t__SGB4613",0,0,NA,FALSE,FALSE,FALSE,NA,"HMP1-2 taxonomy oral"
"k__Bacteria|p__Firmicutes|c__Clostridia|o__Clostridiales|f__Lachnospiraceae|g__Enterocloster|s__Enterocloster_clostridioformis|t__SGB4760",0,0,NA,FALSE,FALSE,FALSE,NA,"HMP1-2 taxonomy oral"
"k__Bacteria|p__Firmicutes|c__Clostridia|o__Clostridiales|f__Lachnospiraceae|g__Lachnospiraceae_unclassified|s__Lachnospiraceae_bacterium_NSJ_29|t__SGB25431",0,0,NA,FALSE,FALSE,FALSE,NA,"HMP1-2 taxonomy oral"
"k__Bacteria|p__Firmicutes|c__Clostridia|o__Clostridia_unclassified|f__Clostridia_unclassified|g__Clostridia_unclassified|s__Clostridia_bacterium|t__SGB14942",0,0,NA,FALSE,FALSE,FALSE,NA,"HMP1-2 taxonomy oral"
"k__Bacteria|p__Firmicutes|c__Negativicutes|o__Acidaminococcales|f__Acidaminococcaceae|g__Acidaminococcaceae_unclassified|s__Acidaminococcaceae_bacterium|t__SGB5790",0,0,NA,FALSE,FALSE,FALSE,NA,"HMP1-2 taxonomy oral"
"k__Bacteria|p__Bacteroidetes|c__Bacteroidia|o__Bacteroidales|f__Bacteroidales_unclassified|g__Phocaeicola|s__Phocaeicola_plebeius|t__SGB1903_group",48,0.0373831775700935,0.0022280854173417,FALSE,TRUE,FALSE,NA,"HMP1-2 taxonomy oral"
"k__Bacteria|p__Firmicutes|c__Clostridia|o__Clostridiales|f__Ruminococcaceae|g__GGB9635|s__GGB9635_SGB15106|t__SGB15106",9,0.00700934579439252,0.000527555656168955,FALSE,TRUE,FALSE,NA,"HMP1-2 taxonomy oral"
"k__Bacteria|p__Bacteroidetes|c__Bacteroidia|o__Bacteroidales|f__Barnesiellaceae|g__Barnesiella|s__Barnesiella_intestinihominis|t__SGB1965",38,0.029595015576324,0.000444476414470382,FALSE,TRUE,FALSE,NA,"HMP1-2 taxonomy oral"
"k__Bacteria|p__Firmicutes|c__Clostridia|o__Clostridiales|f__Lachnospiraceae|g__Lachnospiraceae_unclassified|s__Lachnospiraceae_bacterium|t__SGB5054",2,0.00155763239875389,5.08999917900032e-05,FALSE,FALSE,FALSE,NA,"HMP1-2 taxonomy oral"
"k__Bacteria|p__Firmicutes|c__Clostridia|o__Clostridiales|f__Ruminococcaceae|g__GGB9597|s__GGB9597_SGB15022|t__SGB15022",0,0,NA,FALSE,FALSE,FALSE,NA,"HMP1-2 taxonomy oral"
"k__Bacteria|p__Firmicutes|c__Clostridia|o__Clostridia_unclassified|f__Clostridia_unclassified|g__Clostridia_unclassified|s__Clostridia_bacterium|t__SGB5291",1,0.000778816199376947,9.9000029700009e-06,FALSE,FALSE,FALSE,NA,"HMP1-2 taxonomy oral"
"k__Bacteria|p__Firmicutes|c__Negativicutes|o__Veillonellales|f__Veillonellaceae|g__Megasphaera|s__Megasphaera_hominis|t__SGB5851",0,0,NA,FALSE,FALSE,FALSE,NA,"HMP1-2 taxonomy oral"
"k__Bacteria|p__Firmicutes|c__Clostridia|o__Clostridia_unclassified|f__Clostridia_unclassified|g__Candidatus_Avispirillum|s__Candidatus_Avispirillum_faecium|t__SGB14194",0,0,NA,FALSE,FALSE,FALSE,NA,"HMP1-2 taxonomy oral"
"k__Bacteria|p__Firmicutes|c__Clostridia|o__Clostridiales|f__Ruminococcaceae|g__GGB9631|s__GGB9631_SGB15085|t__SGB15085",0,0,NA,FALSE,FALSE,FALSE,NA,"HMP1-2 taxonomy oral"
"k__Bacteria|p__Proteobacteria|c__Betaproteobacteria|o__Burkholderiales|f__Oxalobacteraceae|g__Oxalobacter|s__Oxalobacter_formigenes|t__SGB9387",0,0,NA,FALSE,FALSE,FALSE,NA,"HMP1-2 taxonomy oral"
"k__Bacteria|p__Firmicutes|c__Clostridia|o__Clostridiales|f__Clostridiaceae|g__GGB4482|s__GGB4482_SGB6177|t__SGB6177",0,0,NA,FALSE,FALSE,FALSE,NA,"HMP1-2 taxonomy oral"
"k__Bacteria|p__Firmicutes|c__Clostridia|o__Clostridia_unclassified|f__Clostridia_unclassified|g__Clostridia_unclassified|s__Clostridia_bacterium|t__SGB17347",0,0,NA,FALSE,FALSE,FALSE,NA,"HMP1-2 taxonomy oral"
"k__Bacteria|p__Firmicutes|c__Clostridia|o__Clostridia_unclassified|f__Clostridia_unclassified|g__Clostridia_unclassified|s__Clostridia_bacterium|t__SGB955",0,0,NA,FALSE,FALSE,FALSE,NA,"HMP1-2 taxonomy oral"
"k__Bacteria|p__Actinobacteria|c__Coriobacteriia|o__Coriobacteriales|f__Coriobacteriaceae|g__Collinsella|s__Collinsella_intestinalis|t__SGB14741",0,0,NA,FALSE,FALSE,FALSE,NA,"HMP1-2 taxonomy oral"
"k__Bacteria|p__Firmicutes|c__Clostridia|o__Clostridia_unclassified|f__Clostridia_unclassified|g__Candidatus_Avimonas|s__Candidatus_Avimonas_narfia|t__SGB14941",0,0,NA,FALSE,FALSE,FALSE,NA,"HMP1-2 taxonomy oral"
"k__Bacteria|p__Firmicutes|c__Erysipelotrichia|o__Erysipelotrichales|f__Erysipelotrichaceae|g__Faecalibacillus|s__Faecalibacillus_faecis|t__SGB6750",1,0.000778816199376947,0.000118900035670011,FALSE,TRUE,FALSE,NA,"HMP1-2 taxonomy oral"
"k__Bacteria|p__Firmicutes|c__Erysipelotrichia|o__Erysipelotrichales|f__Erysipelotrichaceae|g__Traorella|s__Traorella_massiliensis|t__SGB28999",0,0,NA,FALSE,FALSE,FALSE,NA,"HMP1-2 taxonomy oral"
"k__Bacteria|p__Firmicutes|c__Clostridia|o__Clostridiales|f__Ruminococcaceae|g__Ruminococcaceae_unclassified|s__Ruminococcaceae_unclassified_SGB4425|t__SGB4425_group",0,0,NA,FALSE,FALSE,FALSE,NA,"HMP1-2 taxonomy oral"
"k__Bacteria|p__Firmicutes|c__Clostridia|o__Clostridiales|f__Lachnospiraceae|g__Lachnospiraceae_unclassified|s__Lachnospiraceae_bacterium|t__SGB4648",5,0.00389408099688474,0.00047564008689802,FALSE,TRUE,FALSE,NA,"HMP1-2 taxonomy oral"
"k__Bacteria|p__Firmicutes|c__Clostridia|o__Clostridiales|f__Clostridiaceae|g__Clostridium|s__Clostridium_sp_AM22_11AC|t__SGB4749",1,0.000778816199376947,0.000190599961880008,FALSE,TRUE,FALSE,NA,"HMP1-2 taxonomy oral"
"k__Bacteria|p__Firmicutes|c__Clostridia|o__Clostridiales|f__Lachnospiraceae|g__Blautia|s__Blautia_sp_MSK_20_85|t__SGB4828_group",0,0,NA,FALSE,FALSE,FALSE,NA,"HMP1-2 taxonomy oral"
"k__Bacteria|p__Firmicutes|c__Clostridia|o__Clostridiales|f__Ruminococcaceae|g__Ruminococcaceae_unclassified|s__Ruminococcaceae_bacterium|t__SGB14869",0,0,NA,FALSE,FALSE,FALSE,NA,"HMP1-2 taxonomy oral"
"k__Bacteria|p__Firmicutes|c__Clostridia|o__Clostridia_unclassified|f__Clostridia_unclassified|g__Clostridia_unclassified|s__Clostridia_bacterium|t__SGB3990",0,0,NA,FALSE,FALSE,FALSE,NA,"HMP1-2 taxonomy oral"
"k__Bacteria|p__Proteobacteria|c__Deltaproteobacteria|o__Desulfovibrionales|f__Desulfovibrionaceae|g__Desulfovibrio|s__Desulfovibrio_sp_PG_178_WT_4|t__SGB15471",0,0,NA,FALSE,FALSE,FALSE,NA,"HMP1-2 taxonomy oral"
"k__Bacteria|p__Firmicutes|c__Clostridia|o__Clostridiales|f__Peptostreptococcaceae|g__Romboutsia|s__Romboutsia_timonensis|t__SGB6148",0,0,NA,FALSE,FALSE,FALSE,NA,"HMP1-2 taxonomy oral"
"k__Bacteria|p__Firmicutes|c__Clostridia|o__Clostridia_unclassified|f__Clostridia_unclassified|g__GGB9350|s__GGB9350_SGB14317|t__SGB14317",1,0.000778816199376947,7.20000288000116e-06,FALSE,FALSE,FALSE,NA,"HMP1-2 taxonomy oral"
"k__Bacteria|p__Firmicutes|c__Clostridia|o__Clostridiales|f__Lachnospiraceae|g__Lachnospiraceae_unclassified|s__Lachnospiraceae_bacterium|t__SGB48424",0,0,NA,FALSE,FALSE,FALSE,NA,"HMP1-2 taxonomy oral"
"k__Bacteria|p__Firmicutes|c__Clostridia|o__Clostridiales|f__Lachnospiraceae|g__Lachnospiraceae_unclassified|s__Lachnospiraceae_bacterium|t__SGB4803",0,0,NA,FALSE,FALSE,FALSE,NA,"HMP1-2 taxonomy oral"
"k__Bacteria|p__Firmicutes|c__Clostridia|o__Clostridia_unclassified|f__Clostridia_unclassified|g__Candidatus_Allobutyricicoccus|s__Candidatus_Allobutyricicoccus_pentlandensis|t__SGB14180",0,0,NA,FALSE,FALSE,FALSE,NA,"HMP1-2 taxonomy oral"
"k__Bacteria|p__Firmicutes|c__Erysipelotrichia|o__Erysipelotrichales|f__Erysipelotrichaceae|g__Massilimicrobiota|s__Massilimicrobiota_sp_An134|t__SGB6768",0,0,NA,FALSE,FALSE,FALSE,NA,"HMP1-2 taxonomy oral"
"k__Bacteria|p__Proteobacteria|c__CFGB2397|o__OFGB2397|f__FGB2397|g__GGB6561|s__GGB6561_SGB9269|t__SGB9269",0,0,NA,FALSE,FALSE,FALSE,NA,"HMP1-2 taxonomy oral"
"k__Bacteria|p__Proteobacteria|c__Alphaproteobacteria|o__Alphaproteobacteria_unclassified|f__Alphaproteobacteria_unclassified|g__GGB6606|s__GGB6606_SGB9340|t__SGB9340",5,0.00389408099688474,4.88999909880114e-05,FALSE,FALSE,FALSE,NA,"HMP1-2 taxonomy oral"
"k__Bacteria|p__Firmicutes|c__Clostridia|o__Clostridiales|f__Lachnospiraceae|g__Mediterraneibacter|s__Ruminococcus_gnavus|t__SGB4584",3,0.00233644859813084,0.000562632754183962,FALSE,TRUE,FALSE,NA,"HMP1-2 taxonomy oral"
"k__Bacteria|p__Firmicutes|c__Bacilli|o__Lactobacillales|f__Streptococcaceae|g__Lactococcus|s__Lactococcus_lactis|t__SGB7985",27,0.0210280373831776,0.000412411119194856,FALSE,TRUE,FALSE,NA,"HMP1-2 taxonomy oral"
"k__Bacteria|p__Firmicutes|c__Clostridia|o__Clostridiales|f__Ruminococcaceae|g__GGB3343|s__GGB3343_SGB4423|t__SGB4423",0,0,NA,FALSE,FALSE,FALSE,NA,"HMP1-2 taxonomy oral"
"k__Bacteria|p__Firmicutes|c__Clostridia|o__Clostridiales|f__Clostridiales_unclassified|g__Clostridiales_unclassified|s__Clostridiales_bacterium_BX7|t__SGB72833",0,0,NA,FALSE,FALSE,FALSE,NA,"HMP1-2 taxonomy oral"
"k__Bacteria|p__Firmicutes|c__Clostridia|o__Clostridia_unclassified|f__Clostridia_unclassified|g__GGB2980|s__GGB2980_SGB3962|t__SGB3962",0,0,NA,FALSE,FALSE,FALSE,NA,"HMP1-2 taxonomy oral"
"k__Bacteria|p__Firmicutes|c__CFGB1434|o__OFGB1434|f__FGB1434|g__GGB3510|s__GGB3510_SGB4687|t__SGB4687",0,0,NA,FALSE,FALSE,FALSE,NA,"HMP1-2 taxonomy oral"
"k__Bacteria|p__Firmicutes|c__Clostridia|o__Clostridiales|f__Oscillospiraceae|g__Oscillibacter|s__Oscillibacter_sp_NSJ_62|t__SGB79833",0,0,NA,FALSE,FALSE,FALSE,NA,"HMP1-2 taxonomy oral"
"k__Bacteria|p__Firmicutes|c__Clostridia|o__Clostridia_unclassified|f__Clostridia_unclassified|g__Clostridia_unclassified|s__Clostridia_bacterium|t__SGB3993",1,0.000778816199376947,8.20000246000074e-06,FALSE,FALSE,FALSE,NA,"HMP1-2 taxonomy oral"
"k__Bacteria|p__Firmicutes|c__Clostridia|o__Clostridia_unclassified|f__Clostridia_unclassified|g__Clostridia_unclassified|s__Clostridia_bacterium|t__SGB15403",0,0,NA,FALSE,FALSE,FALSE,NA,"HMP1-2 taxonomy oral"
"k__Bacteria|p__Firmicutes|c__Erysipelotrichia|o__Erysipelotrichales|f__Erysipelotrichaceae|g__Holdemania|s__Holdemania_sp_Marseille_P2844|t__SGB4045",0,0,NA,FALSE,FALSE,FALSE,NA,"HMP1-2 taxonomy oral"
"k__Bacteria|p__Firmicutes|c__Clostridia|o__Clostridia_unclassified|f__Clostridia_unclassified|g__Clostridia_unclassified|s__Clostridia_bacterium|t__SGB14863",0,0,NA,FALSE,FALSE,FALSE,NA,"HMP1-2 taxonomy oral"
"k__Bacteria|p__Firmicutes|c__Clostridia|o__Clostridiales|f__Lachnospiraceae|g__Blautia|s__Blautia_hydrogenotrophica|t__SGB4677",0,0,NA,FALSE,FALSE,FALSE,NA,"HMP1-2 taxonomy oral"
"k__Bacteria|p__Actinobacteria|c__Coriobacteriia|o__Eggerthellales|f__Eggerthellaceae|g__Gordonibacter|s__Gordonibacter_pamelaeae|t__SGB14807",0,0,NA,FALSE,FALSE,FALSE,NA,"HMP1-2 taxonomy oral"
"k__Bacteria|p__Firmicutes|c__Clostridia|o__Clostridiales|f__Lachnospiraceae|g__Dorea|s__Dorea_sp_AF24_7LB|t__SGB4571",0,0,NA,FALSE,FALSE,FALSE,NA,"HMP1-2 taxonomy oral"
"k__Bacteria|p__Firmicutes|c__Clostridia|o__Clostridia_unclassified|f__Clostridia_unclassified|g__Clostridia_unclassified|s__Clostridia_bacterium|t__SGB3578",0,0,NA,FALSE,FALSE,FALSE,NA,"HMP1-2 taxonomy oral"
"k__Bacteria|p__Firmicutes|c__Bacilli|o__Lactobacillales|f__Enterococcaceae|g__GGB33516|s__GGB33516_SGB54347|t__SGB54347",0,0,NA,FALSE,FALSE,FALSE,NA,"HMP1-2 taxonomy oral"
"k__Bacteria|p__Firmicutes|c__Clostridia|o__Clostridiales|f__Lachnospiraceae|g__Merdimonas|s__Merdimonas_faecis|t__SGB4626",0,0,NA,FALSE,FALSE,FALSE,NA,"HMP1-2 taxonomy oral"
"k__Bacteria|p__Firmicutes|c__Clostridia|o__Clostridiales|f__Ruminococcaceae|g__GGB9644|s__GGB9644_SGB15121|t__SGB15121",0,0,NA,FALSE,FALSE,FALSE,NA,"HMP1-2 taxonomy oral"
"k__Bacteria|p__Bacteroidetes|c__Bacteroidia|o__Bacteroidales|f__Prevotellaceae|g__GGB1215|s__GGB1215_SGB1581|t__SGB1581",0,0,NA,FALSE,FALSE,FALSE,NA,"HMP1-2 taxonomy oral"
"k__Bacteria|p__Firmicutes|c__Clostridia|o__Clostridia_unclassified|f__Clostridia_unclassified|g__Candidatus_Metaruminococcus|s__Candidatus_Metaruminococcus_caecorum|t__SGB63353",0,0,NA,FALSE,FALSE,FALSE,NA,"HMP1-2 taxonomy oral"
"k__Bacteria|p__Firmicutes|c__Clostridia|o__Clostridiales|f__Lachnospiraceae|g__Lachnospiraceae_unclassified|s__Lachnospiraceae_bacterium|t__SGB4722",0,0,NA,FALSE,FALSE,FALSE,NA,"HMP1-2 taxonomy oral"
"k__Bacteria|p__Fusobacteria|c__Fusobacteriia|o__Fusobacteriales|f__Fusobacteriaceae|g__Fusobacterium|s__Fusobacterium_mortiferum|t__SGB6031",0,0,NA,FALSE,FALSE,FALSE,NA,"HMP1-2 taxonomy oral"
"k__Bacteria|p__Firmicutes|c__CFGB40183|o__OFGB40183|f__FGB40183|g__GGB42389|s__GGB42389_SGB59559|t__SGB59559",0,0,NA,FALSE,FALSE,FALSE,NA,"HMP1-2 taxonomy oral"
"k__Bacteria|p__Firmicutes|c__Erysipelotrichia|o__Erysipelotrichales|f__Erysipelotrichaceae|g__Massilicoli|s__Massilicoli_timonensis|t__SGB4026",0,0,NA,FALSE,FALSE,FALSE,NA,"HMP1-2 taxonomy oral"
"k__Bacteria|p__Firmicutes|c__Clostridia|o__Clostridiales|f__Ruminococcaceae|g__Ruminococcaceae_unclassified|s__Ruminococcaceae_bacterium|t__SGB4263",0,0,NA,FALSE,FALSE,FALSE,NA,"HMP1-2 taxonomy oral"
"k__Bacteria|p__Firmicutes|c__Clostridia|o__Clostridiales|f__Ruminococcaceae|g__Ruminococcaceae_unclassified|s__Ruminococcaceae_bacterium|t__SGB53515",1,0.000778816199376947,0.000286,FALSE,TRUE,FALSE,NA,"HMP1-2 taxonomy oral"
"k__Bacteria|p__Firmicutes|c__CFGB1230|o__OFGB1230|f__FGB1230|g__GGB3008|s__GGB3008_SGB3999|t__SGB3999",93,0.0724299065420561,0.00110022367893798,FALSE,TRUE,FALSE,NA,"HMP1-2 taxonomy oral"
"k__Bacteria|p__Firmicutes|c__Clostridia|o__Clostridiales|f__Lachnospiraceae|g__GGB3394|s__GGB3394_SGB4501|t__SGB4501",126,0.0981308411214953,0.000675626173196274,FALSE,TRUE,FALSE,NA,"HMP1-2 taxonomy oral"
"k__Bacteria|p__Bacteroidetes|c__Bacteroidia|o__Bacteroidales|f__Prevotellaceae|g__Prevotella|s__Prevotella_fusca|t__SGB1556",106,0.0825545171339564,0.000497517837796897,FALSE,TRUE,FALSE,NA,"HMP1-2 taxonomy oral"
"k__Bacteria|p__Firmicutes|c__Clostridia|o__Clostridiales|f__Peptostreptococcaceae|g__Peptoanaerobacter|s__Peptoanaerobacter_stomatis|t__SGB6624",120,0.0934579439252336,0.000638245810530793,FALSE,TRUE,FALSE,NA,"HMP1-2 taxonomy oral"
"k__Bacteria|p__Spirochaetes|c__Spirochaetia|o__Spirochaetales|f__Spirochaetaceae|g__Treponema|s__Treponema_lecithinolyticum|t__SGB3587",187,0.145638629283489,0.0010223352381612,TRUE,TRUE,TRUE,0.0246418680644087,"HMP1-2 taxonomy oral"
"k__Bacteria|p__Bacteroidetes|c__CFGB35479|o__OFGB35479|f__FGB35479|g__GGB49219|s__GGB49219_SGB69048|t__SGB69048",46,0.0358255451713396,0.00253553638223319,FALSE,TRUE,FALSE,NA,"HMP1-2 taxonomy oral"
"k__Bacteria|p__Spirochaetes|c__Spirochaetia|o__Spirochaetales|f__Spirochaetaceae|g__GGB2674|s__GGB2674_SGB3609|t__SGB3609",95,0.07398753894081,0.000609022123034931,FALSE,TRUE,FALSE,NA,"HMP1-2 taxonomy oral"
"k__Bacteria|p__Spirochaetes|c__Spirochaetia|o__Spirochaetales|f__Spirochaetaceae|g__Treponema|s__Treponema_SGB69452|t__SGB69452",52,0.0404984423676012,0.000685905809471585,FALSE,TRUE,FALSE,NA,"HMP1-2 taxonomy oral"
"k__Bacteria|p__Bacteroidetes|c__Bacteroidia|o__Bacteroidales|f__Prevotellaceae|g__Prevotella|s__Prevotella_marshii|t__SGB3323",120,0.0934579439252336,0.000302750804111001,FALSE,TRUE,FALSE,NA,"HMP1-2 taxonomy oral"
"k__Bacteria|p__Spirochaetes|c__Spirochaetia|o__Spirochaetales|f__Spirochaetaceae|g__Treponema|s__Treponema_pectinovorum|t__SGB80245",43,0.0334890965732087,5.38139487700146e-05,FALSE,FALSE,FALSE,NA,"HMP1-2 taxonomy oral"
"k__Bacteria|p__Proteobacteria|c__Deltaproteobacteria|o__Desulfovibrionales|f__Desulfovibrionaceae|g__Desulfovibrio|s__Desulfovibrio_sp_OH1186_COT_070|t__SGB29646",5,0.00389408099688474,0.000145739967864026,FALSE,TRUE,FALSE,NA,"HMP1-2 taxonomy oral"
"k__Bacteria|p__Firmicutes|c__Bacilli|o__Lactobacillales|f__Lactobacillaceae|g__Lactobacillus|s__Lactobacillus_crispatus|t__SGB7045",40,0.0311526479750779,0.026448205053175,FALSE,TRUE,FALSE,NA,"HMP1-2 taxonomy oral"
"k__Bacteria|p__Firmicutes|c__Clostridia|o__Clostridiales|f__Clostridiaceae|g__Clostridium|s__Clostridium_massiliamazoniense|t__SGB29082",0,0,NA,FALSE,FALSE,FALSE,NA,"HMP1-2 taxonomy oral"
"k__Bacteria|p__Actinobacteria|c__Actinobacteria|o__Bifidobacteriales|f__Bifidobacteriaceae|g__Gardnerella|s__Gardnerella_vaginalis|t__SGB7097",6,0.00467289719626168,0.000602366685196672,FALSE,TRUE,FALSE,NA,"HMP1-2 taxonomy oral"
"k__Bacteria|p__Proteobacteria|c__Gammaproteobacteria|o__Pseudomonadales|f__Moraxellaceae|g__Moraxella|s__Moraxella_nonliquefaciens|t__SGB10426",1,0.000778816199376947,2.12000042400008e-05,FALSE,FALSE,FALSE,NA,"HMP1-2 taxonomy oral"
"k__Bacteria|p__Firmicutes|c__Bacilli|o__Lactobacillales|f__Carnobacteriaceae|g__Dolosigranulum|s__Dolosigranulum_pigrum|t__SGB7017",2,0.00155763239875389,0.000489900092360019,FALSE,TRUE,FALSE,NA,"HMP1-2 taxonomy oral"
"k__Bacteria|p__Actinobacteria|c__Actinobacteria|o__Propionibacteriales|f__Propionibacteriaceae|g__Cutibacterium|s__Cutibacterium_granulosum|t__SGB16958",32,0.0249221183800623,0.000997453028029388,FALSE,TRUE,FALSE,NA,"HMP1-2 taxonomy oral"
"k__Bacteria|p__Bacteroidetes|c__Flavobacteriia|o__Flavobacteriales|f__Weeksellaceae|g__Cloacibacterium|s__Cloacibacterium_normanense|t__SGB2534",83,0.0646417445482866,0.000419474751061125,FALSE,TRUE,FALSE,NA,"HMP1-2 taxonomy oral"
"k__Bacteria|p__Actinobacteria|c__Actinobacteria|o__Propionibacteriales|f__Propionibacteriaceae|g__Cutibacterium|s__Cutibacterium_avidum|t__SGB16953",0,0,NA,FALSE,FALSE,FALSE,NA,"HMP1-2 taxonomy oral"
"k__Bacteria|p__Bacteroidetes|c__Bacteroidia|o__Bacteroidales|f__Bacteroidales_unclassified|g__Bacteroidales_unclassified|s__Bacteroidales_bacterium|t__SGB1969",0,0,NA,FALSE,FALSE,FALSE,NA,"HMP1-2 taxonomy oral"
"k__Bacteria|p__Firmicutes|c__Clostridia|o__Clostridiales|f__Ruminococcaceae|g__GGB9603|s__GGB9603_SGB15035|t__SGB15035",0,0,NA,FALSE,FALSE,FALSE,NA,"HMP1-2 taxonomy oral"
"k__Bacteria|p__Firmicutes|c__Clostridia|o__Clostridia_unclassified|f__Clostridia_unclassified|g__Clostridia_unclassified|s__Clostridia_bacterium|t__SGB4159",0,0,NA,FALSE,FALSE,FALSE,NA,"HMP1-2 taxonomy oral"
"k__Bacteria|p__Firmicutes|c__Clostridia|o__Clostridia_unclassified|f__Clostridia_unclassified|g__GGB3817|s__GGB3817_SGB5182|t__SGB5182",1,0.000778816199376947,2.42000072600022e-05,FALSE,FALSE,FALSE,NA,"HMP1-2 taxonomy oral"
"k__Bacteria|p__Firmicutes|c__Clostridia|o__Clostridia_unclassified|f__Clostridia_unclassified|g__Candidatus_Protoclostridium|s__Candidatus_Protoclostridium_gallicola|t__SGB14049",1,0.000778816199376947,3.65e-05,FALSE,FALSE,FALSE,NA,"HMP1-2 taxonomy oral"
"k__Bacteria|p__Firmicutes|c__Clostridia|o__Clostridiales|f__Lachnospiraceae|g__Lachnoclostridium|s__Lachnoclostridium_sp_An14|t__SGB4729",0,0,NA,FALSE,FALSE,FALSE,NA,"HMP1-2 taxonomy oral"
"k__Bacteria|p__Firmicutes|c__Clostridia|o__Clostridiales|f__Lachnospiraceae|g__Frisingicoccus|s__Frisingicoccus_SGB4674|t__SGB4674",0,0,NA,FALSE,FALSE,FALSE,NA,"HMP1-2 taxonomy oral"
"k__Bacteria|p__Firmicutes|c__Clostridia|o__Clostridiales|f__Peptostreptococcaceae|g__Intestinibacter|s__Intestinibacter_bartlettii|t__SGB6140",0,0,NA,FALSE,FALSE,FALSE,NA,"HMP1-2 taxonomy oral"
"k__Bacteria|p__Firmicutes|c__Erysipelotrichia|o__Erysipelotrichales|f__Erysipelotrichaceae|g__Erysipelatoclostridium|s__Erysipelatoclostridium_ramosum|t__SGB6744",2,0.00155763239875389,0.00017039999994,FALSE,TRUE,FALSE,NA,"HMP1-2 taxonomy oral"
"k__Bacteria|p__Firmicutes|c__Clostridia|o__Clostridiales|f__Lachnospiraceae|g__Anaerotignum|s__Anaerotignum_lactatifermentans|t__SGB5193",0,0,NA,FALSE,FALSE,FALSE,NA,"HMP1-2 taxonomy oral"
"k__Bacteria|p__Firmicutes|c__Clostridia|o__Clostridia_unclassified|f__Clostridia_unclassified|g__Candidatus_Gallimonas|s__Candidatus_Gallimonas_merdae|t__SGB54319",0,0,NA,FALSE,FALSE,FALSE,NA,"HMP1-2 taxonomy oral"
"k__Bacteria|p__Firmicutes|c__Clostridia|o__Clostridia_unclassified|f__Clostridia_unclassified|g__Clostridia_unclassified|s__Clostridia_unclassified_SGB4447|t__SGB4447",0,0,NA,FALSE,FALSE,FALSE,NA,"HMP1-2 taxonomy oral"
"k__Bacteria|p__Firmicutes|c__Clostridia|o__Clostridia_unclassified|f__Clostridia_unclassified|g__GGB9104|s__GGB9104_SGB14037|t__SGB14037",0,0,NA,FALSE,FALSE,FALSE,NA,"HMP1-2 taxonomy oral"
"k__Bacteria|p__Firmicutes|c__Clostridia|o__Clostridiales|f__Lachnospiraceae|g__Eisenbergiella|s__Eisenbergiella_tayi|t__SGB4988",0,0,NA,FALSE,FALSE,FALSE,NA,"HMP1-2 taxonomy oral"
"k__Bacteria|p__Firmicutes|c__Clostridia|o__Clostridiales|f__Ruminococcaceae|g__GGB9501|s__GGB9501_SGB14898|t__SGB14898",0,0,NA,FALSE,FALSE,FALSE,NA,"HMP1-2 taxonomy oral"
"k__Bacteria|p__Firmicutes|c__Clostridia|o__Clostridia_unclassified|f__Clostridia_unclassified|g__Clostridia_unclassified|s__Clostridia_bacterium|t__SGB14874",3,0.00233644859813084,0.000416966585986683,FALSE,TRUE,FALSE,NA,"HMP1-2 taxonomy oral"
"k__Bacteria|p__Firmicutes|c__CFGB10719|o__OFGB10719|f__FGB10719|g__GGB32463|s__GGB32463_SGB47515|t__SGB47515",0,0,NA,FALSE,FALSE,FALSE,NA,"HMP1-2 taxonomy oral"
"k__Bacteria|p__Firmicutes|c__Clostridia|o__Clostridiales|f__Lachnospiraceae|g__Anaerostipes|s__Anaerostipes_caccae|t__SGB4529",0,0,NA,FALSE,FALSE,FALSE,NA,"HMP1-2 taxonomy oral"
"k__Bacteria|p__Firmicutes|c__Clostridia|o__Clostridia_unclassified|f__Clostridia_unclassified|g__Candidatus_Gallimonas|s__Candidatus_Gallimonas_faecium|t__SGB54320",0,0,NA,FALSE,FALSE,FALSE,NA,"HMP1-2 taxonomy oral"
"k__Bacteria|p__Firmicutes|c__Clostridia|o__Clostridiales|f__Lachnospiraceae|g__Blautia|s__Blautia_sp_An249|t__SGB7262",0,0,NA,FALSE,FALSE,FALSE,NA,"HMP1-2 taxonomy oral"
"k__Bacteria|p__Firmicutes|c__Clostridia|o__Clostridiales|f__Lachnospiraceae|g__GGB3677|s__GGB3677_SGB4990|t__SGB4990",0,0,NA,FALSE,FALSE,FALSE,NA,"HMP1-2 taxonomy oral"
"k__Bacteria|p__Firmicutes|c__CFGB2882|o__OFGB2882|f__FGB2882|g__GGB9186|s__GGB9186_SGB14125|t__SGB14125",0,0,NA,FALSE,FALSE,FALSE,NA,"HMP1-2 taxonomy oral"
"k__Bacteria|p__Firmicutes|c__Clostridia|o__Clostridiales|f__Lachnospiraceae|g__GGB3570|s__GGB3570_SGB4777|t__SGB4777",0,0,NA,FALSE,FALSE,FALSE,NA,"HMP1-2 taxonomy oral"
"k__Bacteria|p__Firmicutes|c__Clostridia|o__Clostridia_unclassified|f__Clostridia_unclassified|g__Candidatus_Timburyella|s__Candidatus_Timburyella_stercoris|t__SGB14167",0,0,NA,FALSE,FALSE,FALSE,NA,"HMP1-2 taxonomy oral"
"k__Bacteria|p__Firmicutes|c__Clostridia|o__Clostridiales|f__Clostridiales_unclassified|g__Clostridiales_unclassified|s__Clostridiales_bacterium_1_7_47FAA|t__SGB4763",0,0,NA,FALSE,FALSE,FALSE,NA,"HMP1-2 taxonomy oral"
"k__Bacteria|p__Firmicutes|c__Clostridia|o__Clostridiales|f__Lachnospiraceae|g__Lachnospiraceae_unclassified|s__Lachnospiraceae_bacterium|t__SGB4765",0,0,NA,FALSE,FALSE,FALSE,NA,"HMP1-2 taxonomy oral"
"k__Bacteria|p__Firmicutes|c__Clostridia|o__Clostridia_unclassified|f__Clostridia_unclassified|g__Clostridia_unclassified|s__Clostridia_bacterium|t__SGB47381",1,0.000778816199376947,1.1400003420001e-05,FALSE,FALSE,FALSE,NA,"HMP1-2 taxonomy oral"
"k__Bacteria|p__Firmicutes|c__Clostridia|o__Clostridiales|f__Ruminococcaceae|g__GGB9623|s__GGB9623_SGB15075|t__SGB15075",1,0.000778816199376947,0.000696200208860063,FALSE,TRUE,FALSE,NA,"HMP1-2 taxonomy oral"
"k__Bacteria|p__Firmicutes|c__Clostridia|o__Clostridia_unclassified|f__Clostridia_unclassified|g__GGB3004|s__GGB3004_SGB3995|t__SGB3995",0,0,NA,FALSE,FALSE,FALSE,NA,"HMP1-2 taxonomy oral"
"k__Bacteria|p__Firmicutes|c__Clostridia|o__Clostridia_unclassified|f__Clostridia_unclassified|g__GGB9086|s__GGB9086_SGB14014|t__SGB14014",0,0,NA,FALSE,FALSE,FALSE,NA,"HMP1-2 taxonomy oral"
"k__Bacteria|p__Firmicutes|c__Clostridia|o__Clostridia_unclassified|f__Clostridia_unclassified|g__Candidatus_Alloscillospira|s__Candidatus_Alloscillospira_gallinarum|t__SGB59576",0,0,NA,FALSE,FALSE,FALSE,NA,"HMP1-2 taxonomy oral"
"k__Bacteria|p__Firmicutes|c__Clostridia|o__Clostridiales|f__Lachnospiraceae|g__Lachnoclostridium|s__Lachnoclostridium_edouardi|t__SGB29433",0,0,NA,FALSE,FALSE,FALSE,NA,"HMP1-2 taxonomy oral"
"k__Bacteria|p__Proteobacteria|c__Betaproteobacteria|o__Burkholderiales|f__Sutterellaceae|g__Sutterella|s__Sutterella_wadsworthensis|t__SGB9286",5,0.00389408099688474,0.00608333916515413,FALSE,TRUE,FALSE,NA,"HMP1-2 taxonomy oral"
"k__Bacteria|p__Firmicutes|c__CFGB3053|o__OFGB3053|f__FGB3053|g__GGB9581|s__GGB9581_SGB79823|t__SGB79823",0,0,NA,FALSE,FALSE,FALSE,NA,"HMP1-2 taxonomy oral"
"k__Bacteria|p__Firmicutes|c__CFGB3047|o__OFGB3047|f__FGB3047|g__GGB9557|s__GGB9557_SGB14966|t__SGB14966",3,0.00233644859813084,2.95000005800008e-05,FALSE,FALSE,FALSE,NA,"HMP1-2 taxonomy oral"
"k__Bacteria|p__Firmicutes|c__Clostridia|o__Clostridiales|f__Lachnospiraceae|g__Lachnospiraceae_unclassified|s__Lachnospiraceae_bacterium|t__SGB4744",1,0.000778816199376947,0.0003646,FALSE,TRUE,FALSE,NA,"HMP1-2 taxonomy oral"
"k__Bacteria|p__Firmicutes|c__Clostridia|o__Clostridiales|f__Lachnospiraceae|g__GGB3433|s__GGB3433_SGB4573|t__SGB4573_group",3,0.00233644859813084,0.00015159997580334,FALSE,TRUE,FALSE,NA,"HMP1-2 taxonomy oral"
"k__Bacteria|p__Firmicutes|c__Clostridia|o__Clostridiales|f__Clostridiaceae|g__GGB9574|s__GGB9574_SGB14987|t__SGB14987",0,0,NA,FALSE,FALSE,FALSE,NA,"HMP1-2 taxonomy oral"
"k__Bacteria|p__Firmicutes|c__Clostridia|o__Clostridiales|f__Lachnospiraceae|g__Faecalimonas|s__Faecalimonas_umbilicata|t__SGB4583",2,0.00155763239875389,1.07499917750083e-05,FALSE,FALSE,FALSE,NA,"HMP1-2 taxonomy oral"
"k__Bacteria|p__Firmicutes|c__Clostridia|o__Clostridiales|f__Lachnospiraceae|g__Lachnoclostridium|s__Clostridium_scindens|t__SGB4630_group",0,0,NA,FALSE,FALSE,FALSE,NA,"HMP1-2 taxonomy oral"
"k__Bacteria|p__Bacteroidetes|c__Bacteroidia|o__Bacteroidales|f__Prevotellaceae|g__Prevotella|s__Prevotella_stercorea|t__SGB1679",5,0.00389408099688474,6.92000121740231e-05,FALSE,FALSE,FALSE,NA,"HMP1-2 taxonomy oral"
"k__Bacteria|p__Bacteroidetes|c__Bacteroidia|o__Bacteroidales|f__Bacteroidales_unclassified|g__GGB1495|s__GGB1495_SGB2071|t__SGB2071",8,0.00623052959501558,0.000739962704523816,FALSE,TRUE,FALSE,NA,"HMP1-2 taxonomy oral"
"k__Bacteria|p__Bacteroidetes|c__Bacteroidia|o__Bacteroidales|f__Bacteroidaceae|g__Bacteroidaceae_unclassified|s__Bacteroidaceae_bacterium|t__SGB1478",0,0,NA,FALSE,FALSE,FALSE,NA,"HMP1-2 taxonomy oral"
"k__Bacteria|p__Bacteroidetes|c__Bacteroidia|o__Bacteroidales|f__Bacteroidales_unclassified|g__Bacteroidales_unclassified|s__Bacteroidales_bacterium_Oil_RF_744_WCA_WT_10|t__SGB2025",0,0,NA,FALSE,FALSE,FALSE,NA,"HMP1-2 taxonomy oral"
"k__Bacteria|p__Bacteroidetes|c__Bacteroidia|o__Bacteroidales|f__Prevotellaceae|g__Paraprevotella|s__Paraprevotella_clara|t__SGB1798",13,0.0101246105919003,0.000348646188083108,FALSE,TRUE,FALSE,NA,"HMP1-2 taxonomy oral"
"k__Bacteria|p__Firmicutes|c__Clostridia|o__Clostridia_unclassified|f__Clostridia_unclassified|g__Clostridia_unclassified|s__Clostridia_bacterium|t__SGB6289",0,0,NA,FALSE,FALSE,FALSE,NA,"HMP1-2 taxonomy oral"
"k__Bacteria|p__Bacteroidetes|c__Bacteroidia|o__Bacteroidales|f__Bacteroidales_unclassified|g__Phocaeicola|s__Phocaeicola_coprophilus|t__SGB1888",0,0,NA,FALSE,FALSE,FALSE,NA,"HMP1-2 taxonomy oral"
"k__Bacteria|p__Firmicutes|c__Clostridia|o__Clostridia_unclassified|f__Clostridia_unclassified|g__Clostridia_unclassified|s__Clostridia_bacterium|t__SGB4153",0,0,NA,FALSE,FALSE,FALSE,NA,"HMP1-2 taxonomy oral"
"k__Bacteria|p__Proteobacteria|c__Betaproteobacteria|o__Burkholderiales|f__Sutterellaceae|g__Duodenibacillus|s__Duodenibacillus_massiliensis|t__SGB9273",1,0.000778816199376947,3.84999807500096e-05,FALSE,FALSE,FALSE,NA,"HMP1-2 taxonomy oral"
"k__Bacteria|p__Firmicutes|c__Clostridia|o__Clostridia_unclassified|f__Clostridia_unclassified|g__GGB4579|s__GGB4579_SGB6329|t__SGB6329",0,0,NA,FALSE,FALSE,FALSE,NA,"HMP1-2 taxonomy oral"
"k__Bacteria|p__Firmicutes|c__Clostridia|o__Clostridiales|f__Clostridiales_unclassified|g__Clostridiales_unclassified|s__Bacteroides_pectinophilus|t__SGB5068",0,0,NA,FALSE,FALSE,FALSE,NA,"HMP1-2 taxonomy oral"
"k__Bacteria|p__Firmicutes|c__Clostridia|o__Clostridia_unclassified|f__Clostridia_unclassified|g__GGB3277|s__GGB3277_SGB4327|t__SGB4327_group",3,0.00233644859813084,4.72000311733646e-05,FALSE,FALSE,FALSE,NA,"HMP1-2 taxonomy oral"
"k__Bacteria|p__Proteobacteria|c__Betaproteobacteria|o__Burkholderiales|f__Oxalobacteraceae|g__GGB6649|s__GGB6649_SGB9391|t__SGB9391",0,0,NA,FALSE,FALSE,FALSE,NA,"HMP1-2 taxonomy oral"
"k__Bacteria|p__Firmicutes|c__Clostridia|o__Clostridiales|f__Lachnospiraceae|g__Roseburia|s__Roseburia_sp_AM59_24XD|t__SGB4654",1,0.000778816199376947,0.000102200091980083,FALSE,TRUE,FALSE,NA,"HMP1-2 taxonomy oral"
"k__Bacteria|p__Firmicutes|c__Clostridia|o__Clostridiales|f__Clostridiaceae|g__GGB3486|s__GGB3486_SGB4658|t__SGB4658",0,0,NA,FALSE,FALSE,FALSE,NA,"HMP1-2 taxonomy oral"
"k__Bacteria|p__Firmicutes|c__Bacilli|o__Bacilli_unclassified|f__Bacilli_unclassified|g__GGB4710|s__GGB4710_SGB6522|t__SGB6522",2,0.00155763239875389,8.75000402500254e-06,FALSE,FALSE,FALSE,NA,"HMP1-2 taxonomy oral"
"k__Bacteria|p__Firmicutes|c__Erysipelotrichia|o__Erysipelotrichales|f__Erysipelotrichaceae|g__Erysipelotrichaceae_unclassified|s__Erysipelotrichaceae_bacterium|t__SGB6836_group",0,0,NA,FALSE,FALSE,FALSE,NA,"HMP1-2 taxonomy oral"
"k__Bacteria|p__Bacteroidetes|c__CFGB602|o__OFGB602|f__FGB602|g__GGB1420|s__GGB1420_SGB1957|t__SGB1957",0,0,NA,FALSE,FALSE,FALSE,NA,"HMP1-2 taxonomy oral"
"k__Bacteria|p__Firmicutes|c__Clostridia|o__Clostridia_unclassified|f__Clostridia_unclassified|g__GGB9774|s__GGB9774_SGB15394|t__SGB15394",0,0,NA,FALSE,FALSE,FALSE,NA,"HMP1-2 taxonomy oral"
"k__Bacteria|p__Firmicutes|c__Clostridia|o__Clostridiales|f__Ruminococcaceae|g__Ruminococcaceae_unclassified|s__Ruminococcaceae_bacterium|t__SGB4183",0,0,NA,FALSE,FALSE,FALSE,NA,"HMP1-2 taxonomy oral"
"k__Bacteria|p__Firmicutes|c__Bacilli|o__Bacilli_unclassified|f__Bacilli_unclassified|g__Bacilli_unclassified|s__Bacilli_bacterium|t__SGB6430",0,0,NA,FALSE,FALSE,FALSE,NA,"HMP1-2 taxonomy oral"
"k__Bacteria|p__Proteobacteria|c__Betaproteobacteria|o__Burkholderiales|f__Sutterellaceae|g__Sutterella|s__Sutterella_seckii|t__SGB9297_group",0,0,NA,FALSE,FALSE,FALSE,NA,"HMP1-2 taxonomy oral"
"k__Bacteria|p__Firmicutes|c__Clostridia|o__Clostridia_unclassified|f__Clostridia_unclassified|g__Clostridia_unclassified|s__Clostridia_unclassified_SGB4372|t__SGB4372",0,0,NA,FALSE,FALSE,FALSE,NA,"HMP1-2 taxonomy oral"
"k__Bacteria|p__Firmicutes|c__CFGB1340|o__OFGB1340|f__FGB1340|g__GGB3256|s__GGB3256_SGB4303|t__SGB4303",2,0.00155763239875389,8.56500198450054e-05,FALSE,FALSE,FALSE,NA,"HMP1-2 taxonomy oral"
"k__Bacteria|p__Firmicutes|c__Clostridia|o__Clostridia_unclassified|f__Clostridia_unclassified|g__Clostridia_unclassified|s__Clostridia_bacterium|t__SGB14210",0,0,NA,FALSE,FALSE,FALSE,NA,"HMP1-2 taxonomy oral"
"k__Bacteria|p__Firmicutes|c__Clostridia|o__Clostridiales|f__Ruminococcaceae|g__Ruminococcus|s__Ruminococcus_callidus|t__SGB4422",0,0,NA,FALSE,FALSE,FALSE,NA,"HMP1-2 taxonomy oral"
"k__Bacteria|p__Firmicutes|c__Bacilli|o__Lactobacillales|f__Lactobacillaceae|g__Ligilactobacillus|s__Ligilactobacillus_ruminis|t__SGB7061",0,0,NA,FALSE,FALSE,FALSE,NA,"HMP1-2 taxonomy oral"
"k__Bacteria|p__Lentisphaerae|c__Lentisphaeria|o__Lentisphaeria_unclassified|f__Lentisphaeria_unclassified|g__Lentisphaeria_unclassified|s__Lentisphaeria_unclassified_SGB9198|t__SGB9198",0,0,NA,FALSE,FALSE,FALSE,NA,"HMP1-2 taxonomy oral"
"k__Bacteria|p__Firmicutes|c__Clostridia|o__Clostridiales|f__Clostridiaceae|g__Clostridium|s__Clostridium_disporicum|t__SGB6178",0,0,NA,FALSE,FALSE,FALSE,NA,"HMP1-2 taxonomy oral"
"k__Bacteria|p__Firmicutes|c__Clostridia|o__Clostridiales|f__Clostridiaceae|g__Clostridium|s__Clostridium_perfringens|t__SGB6191",0,0,NA,FALSE,FALSE,FALSE,NA,"HMP1-2 taxonomy oral"
"k__Bacteria|p__Firmicutes|c__Clostridia|o__Clostridiales|f__Ruminococcaceae|g__GGB9636|s__GGB9636_SGB15107|t__SGB15107",0,0,NA,FALSE,FALSE,FALSE,NA,"HMP1-2 taxonomy oral"
"k__Bacteria|p__Firmicutes|c__Clostridia|o__Clostridia_unclassified|f__Clostridia_unclassified|g__Clostridia_unclassified|s__Clostridia_bacterium|t__SGB14026",0,0,NA,FALSE,FALSE,FALSE,NA,"HMP1-2 taxonomy oral"
"k__Bacteria|p__Firmicutes|c__Clostridia|o__Clostridiales|f__Peptostreptococcaceae|g__Intestinibacter|s__Intestinibacter_SGB6139|t__SGB6139",0,0,NA,FALSE,FALSE,FALSE,NA,"HMP1-2 taxonomy oral"
"k__Bacteria|p__Firmicutes|c__Clostridia|o__Clostridia_unclassified|f__Clostridia_unclassified|g__Clostridia_unclassified|s__Clostridia_unclassified_SGB3983|t__SGB3983",1,0.000778816199376947,0.00475200142560043,FALSE,TRUE,FALSE,NA,"HMP1-2 taxonomy oral"
"k__Bacteria|p__Firmicutes|c__Clostridia|o__Clostridiales|f__Peptococcaceae|g__Peptococcaceae_unclassified|s__Peptococcaceae_bacterium|t__SGB49168",0,0,NA,FALSE,FALSE,FALSE,NA,"HMP1-2 taxonomy oral"
"k__Bacteria|p__Firmicutes|c__Clostridia|o__Clostridia_unclassified|f__Clostridia_unclassified|g__GGB3303|s__GGB3303_SGB4364|t__SGB4364",0,0,NA,FALSE,FALSE,FALSE,NA,"HMP1-2 taxonomy oral"
"k__Bacteria|p__Proteobacteria|c__Deltaproteobacteria|o__Desulfovibrionales|f__Desulfovibrionaceae|g__Desulfovibrionaceae_unclassified|s__Desulfovibrionaceae_bacterium|t__SGB15447",0,0,NA,FALSE,FALSE,FALSE,NA,"HMP1-2 taxonomy oral"
"k__Bacteria|p__Firmicutes|c__Clostridia|o__Clostridiales|f__Peptostreptococcaceae|g__GGB4456|s__GGB4456_SGB6141|t__SGB6141",0,0,NA,FALSE,FALSE,FALSE,NA,"HMP1-2 taxonomy oral"
"k__Bacteria|p__Firmicutes|c__Clostridia|o__Clostridiales|f__Clostridiales_Family_XIII_Incertae_Sedis|g__Clostridiales_Family_XIII_Incertae_Sedis_unclassified|s__Clostridiales_Family_XIII_bacterium_RF_744_FAT_WT_3|t__SGB3928",0,0,NA,FALSE,FALSE,FALSE,NA,"HMP1-2 taxonomy oral"
"k__Bacteria|p__Firmicutes|c__Clostridia|o__Clostridiales|f__Ruminococcaceae|g__GGB9712|s__GGB9712_SGB15244|t__SGB15244",0,0,NA,FALSE,FALSE,FALSE,NA,"HMP1-2 taxonomy oral"
"k__Bacteria|p__Firmicutes|c__Bacilli|o__Bacilli_unclassified|f__Bacilli_unclassified|g__GGB4662|s__GGB4662_SGB6450|t__SGB6450",0,0,NA,FALSE,FALSE,FALSE,NA,"HMP1-2 taxonomy oral"
"k__Bacteria|p__Firmicutes|c__Bacilli|o__Bacilli_unclassified|f__Bacilli_unclassified|g__Bacilli_unclassified|s__Bacilli_bacterium|t__SGB6421",1,0.000778816199376947,0.000209100083640034,FALSE,TRUE,FALSE,NA,"HMP1-2 taxonomy oral"
"k__Bacteria|p__Actinobacteria|c__Coriobacteriia|o__Eggerthellales|f__Eggerthellaceae|g__GGB9361|s__GGB9361_SGB14336|t__SGB14336",0,0,NA,FALSE,FALSE,FALSE,NA,"HMP1-2 taxonomy oral"
"k__Bacteria|p__Firmicutes|c__Clostridia|o__Clostridiales|f__Clostridiaceae|g__Clostridium|s__Clostridium_paraputrificum|t__SGB6187",0,0,NA,FALSE,FALSE,FALSE,NA,"HMP1-2 taxonomy oral"
"k__Bacteria|p__Firmicutes|c__CFGB1298|o__OFGB1298|f__FGB1298|g__GGB3118|s__GGB3118_SGB4130|t__SGB4130",1,0.000778816199376947,0.00016000014400013,FALSE,TRUE,FALSE,NA,"HMP1-2 taxonomy oral"
"k__Bacteria|p__Firmicutes|c__Clostridia|o__Clostridiales|f__Ruminococcaceae|g__Ruminococcus|s__Ruminococcus_champanellensis|t__SGB4418",0,0,NA,FALSE,FALSE,FALSE,NA,"HMP1-2 taxonomy oral"
"k__Bacteria|p__Firmicutes|c__Clostridia|o__Clostridiales|f__Ruminococcaceae|g__Massilimaliae|s__Massilimaliae_massiliensis|t__SGB29347",0,0,NA,FALSE,FALSE,FALSE,NA,"HMP1-2 taxonomy oral"
"k__Bacteria|p__Firmicutes|c__Clostridia|o__Clostridiales|f__Lachnospiraceae|g__Lachnospiraceae_unclassified|s__Lachnospiraceae_bacterium|t__SGB4909",0,0,NA,FALSE,FALSE,FALSE,NA,"HMP1-2 taxonomy oral"
"k__Bacteria|p__Actinobacteria|c__Coriobacteriia|o__Coriobacteriales|f__Coriobacteriaceae|g__Collinsella|s__Collinsella_bouchesdurhonensis|t__SGB14397",0,0,NA,FALSE,FALSE,FALSE,NA,"HMP1-2 taxonomy oral"
"k__Bacteria|p__Firmicutes|c__Clostridia|o__Clostridiales|f__Ruminococcaceae|g__GGB9709|s__GGB9709_SGB15238|t__SGB15238",0,0,NA,FALSE,FALSE,FALSE,NA,"HMP1-2 taxonomy oral"
"k__Bacteria|p__Firmicutes|c__Clostridia|o__Clostridiales|f__Lachnospiraceae|g__Blautia|s__Blautia_schinkii|t__SGB4825",0,0,NA,FALSE,FALSE,FALSE,NA,"HMP1-2 taxonomy oral"
"k__Bacteria|p__Firmicutes|c__Clostridia|o__Clostridiales|f__Eubacteriaceae|g__Eubacterium|s__Eubacterium_ramulus|t__SGB4960",0,0,NA,FALSE,FALSE,FALSE,NA,"HMP1-2 taxonomy oral"
"k__Bacteria|p__Firmicutes|c__Clostridia|o__Clostridia_unclassified|f__Clostridia_unclassified|g__Clostridia_unclassified|s__Clostridia_bacterium|t__SGB14247",0,0,NA,FALSE,FALSE,FALSE,NA,"HMP1-2 taxonomy oral"
"k__Bacteria|p__Firmicutes|c__Clostridia|o__Clostridiales|f__Clostridiales_unclassified|g__Clostridiales_unclassified|s__Clostridiales_bacterium_NSJ_40|t__SGB72336",0,0,NA,FALSE,FALSE,FALSE,NA,"HMP1-2 taxonomy oral"
"k__Bacteria|p__Firmicutes|c__Clostridia|o__Clostridia_unclassified|f__Clostridia_unclassified|g__Clostridia_unclassified|s__Clostridia_bacterium|t__SGB4139",0,0,NA,FALSE,FALSE,FALSE,NA,"HMP1-2 taxonomy oral"
"k__Bacteria|p__Firmicutes|c__Clostridia|o__Clostridiales|f__Christensenellaceae|g__Christensenella|s__Christensenella_minuta|t__SGB14142",0,0,NA,FALSE,FALSE,FALSE,NA,"HMP1-2 taxonomy oral"
"k__Bacteria|p__Firmicutes|c__Clostridia|o__Clostridiales|f__Ruminococcaceae|g__GGB9618|s__GGB9618_SGB15064|t__SGB15064",0,0,NA,FALSE,FALSE,FALSE,NA,"HMP1-2 taxonomy oral"
"k__Bacteria|p__Firmicutes|c__CFGB16911|o__OFGB16911|f__FGB16911|g__GGB49418|s__GGB49418_SGB69331|t__SGB69331",0,0,NA,FALSE,FALSE,FALSE,NA,"HMP1-2 taxonomy oral"
"k__Bacteria|p__Firmicutes|c__Clostridia|o__Clostridiales|f__Ruminococcaceae|g__Ruminococcaceae_unclassified|s__Ruminococcaceae_bacterium|t__SGB14834",0,0,NA,FALSE,FALSE,FALSE,NA,"HMP1-2 taxonomy oral"
"k__Bacteria|p__Actinobacteria|c__Coriobacteriia|o__Eggerthellales|f__Eggerthellaceae|g__Eggerthellaceae_unclassified|s__Eggerthellaceae_unclassified_SGB14322|t__SGB14322_group",0,0,NA,FALSE,FALSE,FALSE,NA,"HMP1-2 taxonomy oral"
"k__Bacteria|p__Firmicutes|c__Clostridia|o__Clostridiales|f__Lachnospiraceae|g__Lachnospiraceae_unclassified|s__Lachnospiraceae_bacterium|t__SGB4817",0,0,NA,FALSE,FALSE,FALSE,NA,"HMP1-2 taxonomy oral"
"k__Bacteria|p__Firmicutes|c__Clostridia|o__Clostridiales|f__Ruminococcaceae|g__GGB3236|s__GGB3236_SGB4274|t__SGB4274",0,0,NA,FALSE,FALSE,FALSE,NA,"HMP1-2 taxonomy oral"
"k__Bacteria|p__Firmicutes|c__Clostridia|o__Clostridiales|f__Christensenellaceae|g__Christensenella|s__Christensenella_sp_NSJ_35|t__SGB82546",0,0,NA,FALSE,FALSE,FALSE,NA,"HMP1-2 taxonomy oral"
"k__Bacteria|p__Firmicutes|c__Bacilli|o__Bacilli_unclassified|f__Bacilli_unclassified|g__Bacilli_unclassified|s__Bacilli_bacterium|t__SGB6452",0,0,NA,FALSE,FALSE,FALSE,NA,"HMP1-2 taxonomy oral"
"k__Bacteria|p__Firmicutes|c__Clostridia|o__Clostridia_unclassified|f__Clostridia_unclassified|g__Clostridia_unclassified|s__Clostridia_bacterium|t__SGB47427",0,0,NA,FALSE,FALSE,FALSE,NA,"HMP1-2 taxonomy oral"
"k__Bacteria|p__Firmicutes|c__Clostridia|o__Clostridia_unclassified|f__Clostridia_unclassified|g__Clostridia_unclassified|s__Clostridia_bacterium|t__SGB6359",0,0,NA,FALSE,FALSE,FALSE,NA,"HMP1-2 taxonomy oral"
"k__Bacteria|p__Firmicutes|c__Bacilli|o__Bacilli_unclassified|f__Bacilli_unclassified|g__Bacilli_unclassified|s__Bacilli_bacterium|t__SGB6432",0,0,NA,FALSE,FALSE,FALSE,NA,"HMP1-2 taxonomy oral"
"k__Bacteria|p__Firmicutes|c__Bacilli|o__Bacilli_unclassified|f__Bacilli_unclassified|g__GGB4727|s__GGB4727_SGB6548|t__SGB6548",0,0,NA,FALSE,FALSE,FALSE,NA,"HMP1-2 taxonomy oral"
"k__Bacteria|p__Bacteroidetes|c__Bacteroidia|o__Bacteroidales|f__Bacteroidaceae|g__Bacteroides|s__Bacteroides_fragilis|t__SGB1853",0,0,NA,FALSE,FALSE,FALSE,NA,"HMP1-2 taxonomy oral"
"k__Bacteria|p__Bacteroidetes|c__Bacteroidia|o__Bacteroidales|f__Tannerellaceae|g__Parabacteroides|s__Parabacteroides_johnsonii|t__SGB1948",2,0.00155763239875389,0.00122974975365005,FALSE,TRUE,FALSE,NA,"HMP1-2 taxonomy oral"
"k__Bacteria|p__Firmicutes|c__Clostridia|o__Clostridia_unclassified|f__Clostridia_unclassified|g__Clostridia_unclassified|s__Clostridia_unclassified_SGB6385|t__SGB6385",2,0.00155763239875389,0.00146855043879513,FALSE,TRUE,FALSE,NA,"HMP1-2 taxonomy oral"
"k__Bacteria|p__Firmicutes|c__Erysipelotrichia|o__Erysipelotrichales|f__Erysipelotrichaceae|g__Coprobacillus|s__Coprobacillus_cateniformis|t__SGB6771",0,0,NA,FALSE,FALSE,FALSE,NA,"HMP1-2 taxonomy oral"
"k__Bacteria|p__Firmicutes|c__Clostridia|o__Clostridia_unclassified|f__Clostridia_unclassified|g__Clostridia_unclassified|s__Clostridia_bacterium|t__SGB54300",0,0,NA,FALSE,FALSE,FALSE,NA,"HMP1-2 taxonomy oral"
"k__Bacteria|p__Firmicutes|c__Clostridia|o__Clostridiales|f__Peptococcaceae|g__Peptococcaceae_unclassified|s__Peptococcaceae_bacterium|t__SGB4052",0,0,NA,FALSE,FALSE,FALSE,NA,"HMP1-2 taxonomy oral"
"k__Bacteria|p__Firmicutes|c__Clostridia|o__Clostridiales|f__Clostridiaceae|g__Clostridiaceae_unclassified|s__Clostridiaceae_bacterium|t__SGB4629",0,0,NA,FALSE,FALSE,FALSE,NA,"HMP1-2 taxonomy oral"
"k__Bacteria|p__Firmicutes|c__Clostridia|o__Clostridia_unclassified|f__Clostridia_unclassified|g__Clostridia_unclassified|s__Clostridia_bacterium|t__SGB15389",0,0,NA,FALSE,FALSE,FALSE,NA,"HMP1-2 taxonomy oral"
"k__Bacteria|p__Firmicutes|c__Bacilli|o__Lactobacillales|f__Streptococcaceae|g__Lactococcus|s__Lactococcus_lactis|t__SGB7984",27,0.0210280373831776,0.000547592543856705,FALSE,TRUE,FALSE,NA,"HMP1-2 taxonomy oral"
"k__Bacteria|p__Firmicutes|c__Clostridia|o__Clostridiales|f__Lachnospiraceae|g__Lachnospiraceae_unclassified|s__Lachnospiraceae_bacterium|t__SGB4832",0,0,NA,FALSE,FALSE,FALSE,NA,"HMP1-2 taxonomy oral"
"k__Bacteria|p__Firmicutes|c__Clostridia|o__Clostridiales|f__Clostridiales_Family_XIII_Incertae_Sedis|g__Emergencia|s__Emergencia_timonensis|t__SGB3970",1,0.000778816199376947,3.51999929600014e-05,FALSE,FALSE,FALSE,NA,"HMP1-2 taxonomy oral"
"k__Bacteria|p__Firmicutes|c__Clostridia|o__Clostridiales|f__Lachnospiraceae|g__Eisenbergiella|s__Eisenbergiella_massiliensis|t__SGB4987",3,0.00233644859813084,0.000112933332876668,FALSE,TRUE,FALSE,NA,"HMP1-2 taxonomy oral"
"k__Bacteria|p__Firmicutes|c__Erysipelotrichia|o__Erysipelotrichales|f__Erysipelotrichaceae|g__Holdemania|s__Holdemania_massiliensis|t__SGB4044",2,0.00155763239875389,0.000249499994310001,FALSE,TRUE,FALSE,NA,"HMP1-2 taxonomy oral"
"k__Bacteria|p__Firmicutes|c__Clostridia|o__Clostridiales|f__Ruminococcaceae|g__GGB9694|s__GGB9694_SGB15204|t__SGB15204",0,0,NA,FALSE,FALSE,FALSE,NA,"HMP1-2 taxonomy oral"
"k__Bacteria|p__Firmicutes|c__Clostridia|o__Clostridiales|f__Clostridiaceae|g__GGB3532|s__GGB3532_SGB4720|t__SGB4720",0,0,NA,FALSE,FALSE,FALSE,NA,"HMP1-2 taxonomy oral"
"k__Bacteria|p__Firmicutes|c__Clostridia|o__Clostridia_unclassified|f__Clostridia_unclassified|g__GGB9787|s__GGB9787_SGB15410|t__SGB15410",0,0,NA,FALSE,FALSE,FALSE,NA,"HMP1-2 taxonomy oral"
"k__Bacteria|p__Actinobacteria|c__Actinobacteria|o__Bifidobacteriales|f__Bifidobacteriaceae|g__Bifidobacterium|s__Bifidobacterium_pseudocatenulatum|t__SGB17237",1,0.000778816199376947,5.99999340000725e-06,FALSE,FALSE,FALSE,NA,"HMP1-2 taxonomy oral"
"k__Bacteria|p__Firmicutes|c__Clostridia|o__Clostridiales|f__Ruminococcaceae|g__Ruminococcaceae_unclassified|s__Ruminococcaceae_bacterium|t__SGB15349",0,0,NA,FALSE,FALSE,FALSE,NA,"HMP1-2 taxonomy oral"
"k__Bacteria|p__Firmicutes|c__Clostridia|o__Clostridia_unclassified|f__Clostridia_unclassified|g__Clostridia_unclassified|s__Clostridia_unclassified_SGB6317|t__SGB6317",2,0.00155763239875389,0.000168300023060004,FALSE,TRUE,FALSE,NA,"HMP1-2 taxonomy oral"
"k__Bacteria|p__Firmicutes|c__Clostridia|o__Clostridiales|f__Ruminococcaceae|g__Hydrogeniiclostidium|s__Hydrogeniiclostidium_mannosilyticum|t__SGB14890",0,0,NA,FALSE,FALSE,FALSE,NA,"HMP1-2 taxonomy oral"
"k__Bacteria|p__Firmicutes|c__Clostridia|o__Clostridiales|f__Ruminococcaceae|g__Pseudoflavonifractor|s__Pseudoflavonifractor_capillosus|t__SGB15140",0,0,NA,FALSE,FALSE,FALSE,NA,"HMP1-2 taxonomy oral"
"k__Bacteria|p__Bacteroidetes|c__Bacteroidia|o__Bacteroidales|f__Porphyromonadaceae|g__Porphyromonas|s__Porphyromonas_SGB1977|t__SGB1977",0,0,NA,FALSE,FALSE,FALSE,NA,"HMP1-2 taxonomy oral"
"k__Bacteria|p__Firmicutes|c__Erysipelotrichia|o__Erysipelotrichales|f__Erysipelotrichaceae|g__Erysipelatoclostridium|s__Clostridium_innocuum|t__SGB4037_group",0,0,NA,FALSE,FALSE,FALSE,NA,"HMP1-2 taxonomy oral"
"k__Bacteria|p__Firmicutes|c__Clostridia|o__Clostridiales|f__Lachnospiraceae|g__Lachnospiraceae_unclassified|s__Lachnospiraceae_bacterium|t__SGB5200",0,0,NA,FALSE,FALSE,FALSE,NA,"HMP1-2 taxonomy oral"
"k__Bacteria|p__Firmicutes|c__CFGB1456|o__OFGB1456|f__FGB1456|g__GGB3654|s__GGB3654_SGB4965|t__SGB4965",0,0,NA,FALSE,FALSE,FALSE,NA,"HMP1-2 taxonomy oral"
"k__Bacteria|p__Firmicutes|c__CFGB3048|o__OFGB3048|f__FGB3048|g__GGB9559|s__GGB9559_SGB14968|t__SGB14968",0,0,NA,FALSE,FALSE,FALSE,NA,"HMP1-2 taxonomy oral"
"k__Bacteria|p__Firmicutes|c__Clostridia|o__Clostridiales|f__Eubacteriaceae|g__Eubacterium|s__Eubacterium_callanderi|t__SGB4080",0,0,NA,FALSE,FALSE,FALSE,NA,"HMP1-2 taxonomy oral"
"k__Bacteria|p__Firmicutes|c__Clostridia|o__Clostridiales|f__Lachnospiraceae|g__Lachnoclostridium|s__Clostridium_symbiosum|t__SGB4699",1,0.000778816199376947,3.3500010050003e-05,FALSE,FALSE,FALSE,NA,"HMP1-2 taxonomy oral"
"k__Bacteria|p__Firmicutes|c__Clostridia|o__Clostridiales|f__Ruminococcaceae|g__Anaerofilum|s__Anaerofilum_sp_BX8|t__SGB79822",0,0,NA,FALSE,FALSE,FALSE,NA,"HMP1-2 taxonomy oral"
"k__Bacteria|p__Actinobacteria|c__Coriobacteriia|o__Eggerthellales|f__Eggerthellaceae|g__Eggerthella|s__Eggerthella_lenta|t__SGB14809",1,0.000778816199376947,2.16e-05,FALSE,FALSE,FALSE,NA,"HMP1-2 taxonomy oral"
"k__Bacteria|p__Firmicutes|c__Clostridia|o__Clostridiales|f__Clostridiaceae|g__Hungatella|s__Hungatella_hathewayi|t__SGB4742",0,0,NA,FALSE,FALSE,FALSE,NA,"HMP1-2 taxonomy oral"
"k__Bacteria|p__Firmicutes|c__CFGB3608|o__OFGB3608|f__FGB3608|g__GGB58158|s__GGB58158_SGB79798|t__SGB79798",0,0,NA,FALSE,FALSE,FALSE,NA,"HMP1-2 taxonomy oral"
"k__Bacteria|p__Firmicutes|c__Clostridia|o__Clostridiales|f__Clostridiaceae|g__GGB4487|s__GGB4487_SGB6184|t__SGB6184",0,0,NA,FALSE,FALSE,FALSE,NA,"HMP1-2 taxonomy oral"
"k__Bacteria|p__Firmicutes|c__Bacilli|o__Bacilli_unclassified|f__Bacilli_unclassified|g__Bacilli_unclassified|s__Bacilli_bacterium|t__SGB6531",1,0.000778816199376947,0.000197599960480008,FALSE,TRUE,FALSE,NA,"HMP1-2 taxonomy oral"
"k__Bacteria|p__Bacteroidetes|c__Bacteroidia|o__Bacteroidales|f__Bacteroidales_unclassified|g__GGB1538|s__GGB1538_SGB2121|t__SGB2121",0,0,NA,FALSE,FALSE,FALSE,NA,"HMP1-2 taxonomy oral"
"k__Bacteria|p__Firmicutes|c__Clostridia|o__Clostridia_unclassified|f__Clostridia_unclassified|g__Clostridia_unclassified|s__Clostridia_bacterium|t__SGB14845",0,0,NA,FALSE,FALSE,FALSE,NA,"HMP1-2 taxonomy oral"
"k__Bacteria|p__Proteobacteria|c__Alphaproteobacteria|o__Alphaproteobacteria_unclassified|f__Alphaproteobacteria_unclassified|g__GGB6613|s__GGB6613_SGB9347|t__SGB9347",1,0.000778816199376947,1.90000019000002e-06,FALSE,FALSE,FALSE,NA,"HMP1-2 taxonomy oral"
"k__Bacteria|p__Firmicutes|c__Clostridia|o__Clostridia_unclassified|f__Clostridia_unclassified|g__Clostridia_unclassified|s__Clostridia_bacterium|t__SGB14952",0,0,NA,FALSE,FALSE,FALSE,NA,"HMP1-2 taxonomy oral"
"k__Bacteria|p__Firmicutes|c__Bacilli|o__Bacilli_unclassified|f__Bacilli_unclassified|g__Bacilli_unclassified|s__Bacilli_bacterium|t__SGB6541",0,0,NA,FALSE,FALSE,FALSE,NA,"HMP1-2 taxonomy oral"
"k__Bacteria|p__Firmicutes|c__Clostridia|o__Clostridiales|f__Lachnospiraceae|g__Lachnospiraceae_unclassified|s__Lachnospiraceae_bacterium|t__SGB4671",1,0.000778816199376947,3.49999930000014e-06,FALSE,FALSE,FALSE,NA,"HMP1-2 taxonomy oral"
"k__Bacteria|p__Firmicutes|c__Erysipelotrichia|o__Erysipelotrichales|f__Erysipelotrichaceae|g__Erysipelotrichaceae_unclassified|s__Erysipelotrichaceae_bacterium|t__SGB4027",0,0,NA,FALSE,FALSE,FALSE,NA,"HMP1-2 taxonomy oral"
"k__Bacteria|p__Proteobacteria|c__Deltaproteobacteria|o__Desulfovibrionales|f__Desulfovibrionaceae|g__Desulfovibrio|s__Desulfovibrio_piger|t__SGB15467_group",0,0,NA,FALSE,FALSE,FALSE,NA,"HMP1-2 taxonomy oral"
"k__Bacteria|p__Firmicutes|c__Clostridia|o__Clostridiales|f__Lachnospiraceae|g__Enterocloster|s__Enterocloster_lavalensis|t__SGB4725",0,0,NA,FALSE,FALSE,FALSE,NA,"HMP1-2 taxonomy oral"
"k__Bacteria|p__Firmicutes|c__Clostridia|o__Clostridiales|f__Clostridiales_unclassified|g__Clostridiales_unclassified|s__Clostridiales_unclassified_SGB15150|t__SGB15150",0,0,NA,FALSE,FALSE,FALSE,NA,"HMP1-2 taxonomy oral"
"k__Bacteria|p__Proteobacteria|c__Alphaproteobacteria|o__Alphaproteobacteria_unclassified|f__Alphaproteobacteria_unclassified|g__GGB6608|s__GGB6608_SGB9342|t__SGB9342_group",2,0.00155763239875389,0.000479850095325019,FALSE,TRUE,FALSE,NA,"HMP1-2 taxonomy oral"
"k__Bacteria|p__Proteobacteria|c__Epsilonproteobacteria|o__Campylobacterales|f__Campylobacteraceae|g__Campylobacter|s__Campylobacter_hominis|t__SGB19429",0,0,NA,FALSE,FALSE,FALSE,NA,"HMP1-2 taxonomy oral"
"k__Bacteria|p__Firmicutes|c__Clostridia|o__Clostridiales|f__Clostridiales_unclassified|g__Fenollaria|s__Fenollaria_timonensis|t__SGB6719",0,0,NA,FALSE,FALSE,FALSE,NA,"HMP1-2 taxonomy oral"
"k__Bacteria|p__Bacteroidetes|c__Bacteroidia|o__Bacteroidales|f__Prevotellaceae|g__Prevotella|s__Prevotella_corporis|t__SGB1504",0,0,NA,FALSE,FALSE,FALSE,NA,"HMP1-2 taxonomy oral"
"k__Bacteria|p__Firmicutes|c__Clostridia|o__Clostridiales|f__Ruminococcaceae|g__Subdoligranulum|s__Subdoligranulum_SGB15305|t__SGB15305",0,0,NA,FALSE,FALSE,FALSE,NA,"HMP1-2 taxonomy oral"
"k__Bacteria|p__Actinobacteria|c__Coriobacteriia|o__Eggerthellales|f__Eggerthellaceae|g__Gordonibacter|s__Gordonibacter_urolithinfaciens|t__SGB14808",0,0,NA,FALSE,FALSE,FALSE,NA,"HMP1-2 taxonomy oral"
"k__Bacteria|p__Firmicutes|c__Clostridia|o__Clostridiales|f__Lachnospiraceae|g__Lachnospiraceae_unclassified|s__Lachnospiraceae_bacterium|t__SGB4594",0,0,NA,FALSE,FALSE,FALSE,NA,"HMP1-2 taxonomy oral"
"k__Bacteria|p__Bacteroidetes|c__Bacteroidia|o__Bacteroidales|f__Rikenellaceae|g__Alistipes|s__Alistipes_timonensis|t__SGB2299",0,0,NA,FALSE,FALSE,FALSE,NA,"HMP1-2 taxonomy oral"
"k__Bacteria|p__Firmicutes|c__Clostridia|o__Clostridiales|f__Clostridiales_Family_XIII_Incertae_Sedis|g__Clostridiales_Family_XIII_Incertae_Sedis_unclassified|s__Clostridiales_Family_XIII_Incertae_Sedis_unclassified_SGB3978|t__SGB3978",0,0,NA,FALSE,FALSE,FALSE,NA,"HMP1-2 taxonomy oral"
"k__Bacteria|p__Firmicutes|c__Clostridia|o__Clostridia_unclassified|f__Clostridia_unclassified|g__GGB3139|s__GGB3139_SGB4152|t__SGB4152",0,0,NA,FALSE,FALSE,FALSE,NA,"HMP1-2 taxonomy oral"
"k__Bacteria|p__Firmicutes|c__Bacilli|o__Bacilli_unclassified|f__Bacilli_unclassified|g__Bacilli_unclassified|s__Bacilli_bacterium|t__SGB6440",0,0,NA,FALSE,FALSE,FALSE,NA,"HMP1-2 taxonomy oral"
"k__Bacteria|p__Proteobacteria|c__Gammaproteobacteria|o__Enterobacterales|f__Enterobacteriaceae|g__Enterobacter|s__Enterobacter_hormaechei|t__SGB10130_group",0,0,NA,FALSE,FALSE,FALSE,NA,"HMP1-2 taxonomy oral"
"k__Bacteria|p__Firmicutes|c__Clostridia|o__Clostridiales|f__Oscillospiraceae|g__Oscillibacter|s__Oscillibacter_SGB15077|t__SGB15077",0,0,NA,FALSE,FALSE,FALSE,NA,"HMP1-2 taxonomy oral"
"k__Bacteria|p__Firmicutes|c__Clostridia|o__Clostridiales|f__Lachnospiraceae|g__Lachnoclostridium|s__Lachnoclostridium_sp_An131|t__SGB4775",0,0,NA,FALSE,FALSE,FALSE,NA,"HMP1-2 taxonomy oral"
"k__Bacteria|p__Bacteroidetes|c__Bacteroidia|o__Bacteroidales|f__Porphyromonadaceae|g__Porphyromonas|s__Porphyromonas_bennonis|t__SGB1985",0,0,NA,FALSE,FALSE,FALSE,NA,"HMP1-2 taxonomy oral"
"k__Bacteria|p__Firmicutes|c__Clostridia|o__Clostridiales|f__Ruminococcaceae|g__Angelakisella|s__Angelakisella_massiliensis|t__SGB29321",0,0,NA,FALSE,FALSE,FALSE,NA,"HMP1-2 taxonomy oral"
"k__Bacteria|p__Firmicutes|c__CFGB9612|o__OFGB9612|f__FGB9612|g__GGB45495|s__GGB45495_SGB63167|t__SGB63167",0,0,NA,FALSE,FALSE,FALSE,NA,"HMP1-2 taxonomy oral"
"k__Bacteria|p__Firmicutes|c__Clostridia|o__Clostridiales|f__Lachnospiraceae|g__Lachnospiraceae_unclassified|s__Lachnospiraceae_bacterium|t__SGB4773",0,0,NA,FALSE,FALSE,FALSE,NA,"HMP1-2 taxonomy oral"
"k__Bacteria|p__Firmicutes|c__Clostridia|o__Clostridiales|f__Clostridiaceae|g__Clostridiaceae_unclassified|s__Clostridiaceae_bacterium|t__SGB7256",1,0.000778816199376947,1.99999960000008e-06,FALSE,FALSE,FALSE,NA,"HMP1-2 taxonomy oral"
"k__Bacteria|p__Firmicutes|c__Clostridia|o__Clostridiales|f__Lachnospiraceae|g__Lachnoclostridium|s__Lachnoclostridium_phocaeense|t__SGB4622",0,0,NA,FALSE,FALSE,FALSE,NA,"HMP1-2 taxonomy oral"
"k__Bacteria|p__Firmicutes|c__Clostridia|o__Clostridiales|f__Clostridiales_unclassified|g__Massilistercora|s__Massilistercora_timonensis|t__SGB4628",0,0,NA,FALSE,FALSE,FALSE,NA,"HMP1-2 taxonomy oral"
"k__Bacteria|p__Firmicutes|c__Clostridia|o__Clostridiales|f__Lachnospiraceae|g__Sellimonas|s__Sellimonas_intestinalis|t__SGB4617",0,0,NA,FALSE,FALSE,FALSE,NA,"HMP1-2 taxonomy oral"
"k__Bacteria|p__Firmicutes|c__Clostridia|o__Clostridiales|f__Lachnospiraceae|g__GGB3463|s__GGB3463_SGB4621|t__SGB4621",0,0,NA,FALSE,FALSE,FALSE,NA,"HMP1-2 taxonomy oral"
"k__Bacteria|p__Firmicutes|c__Clostridia|o__Clostridiales|f__Ruminococcaceae|g__GGB9695|s__GGB9695_SGB15209|t__SGB15209",0,0,NA,FALSE,FALSE,FALSE,NA,"HMP1-2 taxonomy oral"
"k__Bacteria|p__Firmicutes|c__Clostridia|o__Clostridia_unclassified|f__Clostridia_unclassified|g__Candidatus_Roslinia|s__Candidatus_Roslinia_caecavium|t__SGB4165",0,0,NA,FALSE,FALSE,FALSE,NA,"HMP1-2 taxonomy oral"
"k__Bacteria|p__Firmicutes|c__Clostridia|o__Clostridia_unclassified|f__Clostridia_unclassified|g__Clostridia_unclassified|s__Clostridia_bacterium|t__SGB14854",0,0,NA,FALSE,FALSE,FALSE,NA,"HMP1-2 taxonomy oral"
"k__Bacteria|p__Firmicutes|c__CFGB1192|o__OFGB1192|f__FGB1192|g__GGB2945|s__GGB2945_SGB3918|t__SGB3918",0,0,NA,FALSE,FALSE,FALSE,NA,"HMP1-2 taxonomy oral"
"k__Bacteria|p__Firmicutes|c__Clostridia|o__Clostridia_unclassified|f__Clostridia_unclassified|g__Clostridia_unclassified|s__Clostridia_unclassified_SGB66170|t__SGB66170",0,0,NA,FALSE,FALSE,FALSE,NA,"HMP1-2 taxonomy oral"
"k__Bacteria|p__Firmicutes|c__Tissierellia|o__Tissierellales|f__Tissierellaceae|g__Urmitella|s__Urmitella_timonensis|t__SGB15478",0,0,NA,FALSE,FALSE,FALSE,NA,"HMP1-2 taxonomy oral"
"k__Bacteria|p__Bacteroidetes|c__Bacteroidia|o__Bacteroidales|f__Porphyromonadaceae|g__Porphyromonas|s__Porphyromonas_somerae|t__SGB1991",0,0,NA,FALSE,FALSE,FALSE,NA,"HMP1-2 taxonomy oral"
"k__Bacteria|p__Firmicutes|c__Clostridia|o__Clostridiales|f__Eubacteriaceae|g__Anaerofustis|s__Anaerofustis_stercorihominis|t__SGB4116",1,0.000778816199376947,3.41999931600014e-05,FALSE,FALSE,FALSE,NA,"HMP1-2 taxonomy oral"
"k__Bacteria|p__Bacteroidetes|c__Bacteroidia|o__Bacteroidales|f__Bacteroidales_unclassified|g__GGB1460|s__GGB1460_SGB2023|t__SGB2023",2,0.00155763239875389,0.000115999989700033,FALSE,TRUE,FALSE,NA,"HMP1-2 taxonomy oral"
"k__Bacteria|p__Firmicutes|c__Clostridia|o__Clostridia_unclassified|f__Clostridia_unclassified|g__Clostridia_unclassified|s__Clostridia_bacterium|t__SGB53497",0,0,NA,FALSE,FALSE,FALSE,NA,"HMP1-2 taxonomy oral"
"k__Bacteria|p__Bacteroidetes|c__CFGB618|o__OFGB618|f__FGB618|g__GGB1456|s__GGB1456_SGB2019|t__SGB2019",2,0.00155763239875389,2.02500005750046e-05,FALSE,FALSE,FALSE,NA,"HMP1-2 taxonomy oral"
"k__Bacteria|p__Firmicutes|c__Clostridia|o__Clostridiales|f__Ruminococcaceae|g__GGB9620|s__GGB9620_SGB15068|t__SGB15068",1,0.000778816199376947,9.76e-05,FALSE,FALSE,FALSE,NA,"HMP1-2 taxonomy oral"
"k__Bacteria|p__Firmicutes|c__Clostridia|o__Clostridiales|f__Ruminococcaceae|g__GGB9621|s__GGB9621_SGB15073|t__SGB15073",0,0,NA,FALSE,FALSE,FALSE,NA,"HMP1-2 taxonomy oral"
"k__Bacteria|p__Firmicutes|c__Clostridia|o__Clostridia_unclassified|f__Clostridia_unclassified|g__Clostridia_unclassified|s__Clostridia_bacterium|t__SGB6353",0,0,NA,FALSE,FALSE,FALSE,NA,"HMP1-2 taxonomy oral"
"k__Bacteria|p__Firmicutes|c__Tissierellia|o__Tissierellales|f__Peptoniphilaceae|g__Anaerococcus|s__Anaerococcus_obesiensis|t__SGB6661",0,0,NA,FALSE,FALSE,FALSE,NA,"HMP1-2 taxonomy oral"
"k__Bacteria|p__Firmicutes|c__Clostridia|o__Clostridiales|f__Clostridiales_Family_XIII_Incertae_Sedis|g__Alterileibacterium|s__Alterileibacterium_massiliense|t__SGB3980",0,0,NA,FALSE,FALSE,FALSE,NA,"HMP1-2 taxonomy oral"
"k__Bacteria|p__Firmicutes|c__Clostridia|o__Clostridiales|f__Ruminococcaceae|g__Massilimaliae|s__Massilimaliae_timonensis|t__SGB7253",1,0.000778816199376947,5.99999880000025e-07,FALSE,FALSE,FALSE,NA,"HMP1-2 taxonomy oral"
"k__Bacteria|p__Firmicutes|c__Clostridia|o__Clostridiales|f__Lachnospiraceae|g__Lachnospiraceae_unclassified|s__Lachnospiraceae_bacterium|t__SGB4784",0,0,NA,FALSE,FALSE,FALSE,NA,"HMP1-2 taxonomy oral"
"k__Bacteria|p__Firmicutes|c__Clostridia|o__Clostridiales|f__Clostridiales_unclassified|g__Lawsonibacter|s__Lawsonibacter_sp_NSJ_52|t__SGB15125",0,0,NA,FALSE,FALSE,FALSE,NA,"HMP1-2 taxonomy oral"
"k__Bacteria|p__Firmicutes|c__Clostridia|o__Clostridiales|f__Ruminococcaceae|g__Ruminococcaceae_unclassified|s__Clostridium_methylpentosum|t__SGB14962",0,0,NA,FALSE,FALSE,FALSE,NA,"HMP1-2 taxonomy oral"
"k__Bacteria|p__Firmicutes|c__Clostridia|o__Clostridiales|f__Clostridiales_unclassified|g__Clostridiales_unclassified|s__Clostridiales_bacterium_Marseille_P2846|t__SGB29342",0,0,NA,FALSE,FALSE,FALSE,NA,"HMP1-2 taxonomy oral"
"k__Bacteria|p__Firmicutes|c__Clostridia|o__Clostridiales|f__Christensenellaceae|g__Christensenellaceae_unclassified|s__Christensenellaceae_bacterium_NSJ_44|t__SGB7265",0,0,NA,FALSE,FALSE,FALSE,NA,"HMP1-2 taxonomy oral"
"k__Bacteria|p__Firmicutes|c__Clostridia|o__Clostridia_unclassified|f__Clostridia_unclassified|g__Clostridia_unclassified|s__Clostridia_bacterium|t__SGB3961",0,0,NA,FALSE,FALSE,FALSE,NA,"HMP1-2 taxonomy oral"
"k__Bacteria|p__Proteobacteria|c__Gammaproteobacteria|o__Enterobacterales|f__Enterobacteriaceae|g__Klebsiella|s__Klebsiella_pneumoniae|t__SGB10115",1,0.000778816199376947,0.483252296650459,FALSE,TRUE,FALSE,NA,"HMP1-2 taxonomy oral"
"k__Bacteria|p__Firmicutes|c__Clostridia|o__Clostridia_unclassified|f__Clostridia_unclassified|g__Clostridia_unclassified|s__Clostridia_bacterium|t__SGB4531",0,0,NA,FALSE,FALSE,FALSE,NA,"HMP1-2 taxonomy oral"
"k__Bacteria|p__Firmicutes|c__Clostridia|o__Clostridia_unclassified|f__Clostridia_unclassified|g__Clostridia_unclassified|s__Clostridia_bacterium|t__SGB3969",0,0,NA,FALSE,FALSE,FALSE,NA,"HMP1-2 taxonomy oral"
"k__Bacteria|p__Firmicutes|c__Clostridia|o__Clostridiales|f__Lachnospiraceae|g__GGB3583|s__GGB3583_SGB4799|t__SGB4799",0,0,NA,FALSE,FALSE,FALSE,NA,"HMP1-2 taxonomy oral"
"k__Bacteria|p__Firmicutes|c__Clostridia|o__Clostridiales|f__Clostridiaceae|g__Clostridium|s__Clostridium_transplantifaecale|t__SGB29435",0,0,NA,FALSE,FALSE,FALSE,NA,"HMP1-2 taxonomy oral"
"k__Bacteria|p__Firmicutes|c__Clostridia|o__Clostridiales|f__Christensenellaceae|g__Christensenella|s__Christensenella_sp_Marseille_P3954|t__SGB29301",0,0,NA,FALSE,FALSE,FALSE,NA,"HMP1-2 taxonomy oral"
"k__Bacteria|p__Firmicutes|c__Clostridia|o__Clostridiales|f__Clostridiaceae|g__Clostridiaceae_unclassified|s__Clostridiaceae_bacterium|t__SGB82499",0,0,NA,FALSE,FALSE,FALSE,NA,"HMP1-2 taxonomy oral"
"k__Bacteria|p__Firmicutes|c__Bacilli|o__Bacilli_unclassified|f__Bacilli_unclassified|g__Bacilli_unclassified|s__Bacilli_bacterium|t__SGB6542",0,0,NA,FALSE,FALSE,FALSE,NA,"HMP1-2 taxonomy oral"
"k__Bacteria|p__Firmicutes|c__Clostridia|o__Clostridiales|f__Clostridiaceae|g__Clostridium|s__Clostridium_sp_AF34_13|t__SGB4659",0,0,NA,FALSE,FALSE,FALSE,NA,"HMP1-2 taxonomy oral"
"k__Bacteria|p__Firmicutes|c__Tissierellia|o__Tissierellia_unclassified|f__Tissierellia_unclassified|g__Ezakiella|s__Ezakiella_SGB6726|t__SGB6726",0,0,NA,FALSE,FALSE,FALSE,NA,"HMP1-2 taxonomy oral"
"k__Bacteria|p__Firmicutes|c__Clostridia|o__Clostridiales|f__Lachnospiraceae|g__Lachnoclostridium|s__Lachnoclostridium_SGB4598|t__SGB4598",0,0,NA,FALSE,FALSE,FALSE,NA,"HMP1-2 taxonomy oral"
"k__Bacteria|p__Firmicutes|c__Clostridia|o__Clostridiales|f__Lachnospiraceae|g__Eisenbergiella|s__Eisenbergiella_sp_OF01_20|t__SGB4989",0,0,NA,FALSE,FALSE,FALSE,NA,"HMP1-2 taxonomy oral"
"k__Bacteria|p__Fusobacteria|c__Fusobacteriia|o__Fusobacteriales|f__Leptotrichiaceae|g__Leptotrichia|s__Leptotrichia_shahii|t__SGB29045",151,0.117601246105919,0.000891467381410212,TRUE,TRUE,TRUE,0.025733023348974,"HMP1-2 taxonomy oral"
"k__Bacteria|p__Candidatus_Saccharibacteria|c__CFGB4356|o__OFGB4356|f__FGB4356|g__GGB12790|s__GGB12790_SGB19844|t__SGB19844",143,0.111370716510903,0.00330795793030893,TRUE,TRUE,TRUE,0.0430844433820691,"HMP1-2 taxonomy oral"
"k__Bacteria|p__Proteobacteria|c__CFGB4196|o__OFGB4196|f__FGB4196|g__GGB12440|s__GGB12440_SGB19288|t__SGB19288",72,0.0560747663551402,0.000839994372181436,FALSE,TRUE,FALSE,NA,"HMP1-2 taxonomy oral"
"k__Bacteria|p__Firmicutes|c__Negativicutes|o__Selenomonadales|f__Selenomonadaceae|g__Selenomonas|s__Selenomonas_flueggei|t__SGB5882",183,0.142523364485981,0.000276046989746555,TRUE,TRUE,TRUE,0.0118097799946758,"HMP1-2 taxonomy oral"
"k__Bacteria|p__Firmicutes|c__Bacilli|o__Lactobacillales|f__Streptococcaceae|g__Streptococcus|s__Streptococcus_massiliensis|t__SGB25278",19,0.014797507788162,8.8063154046328e-05,FALSE,FALSE,FALSE,NA,"HMP1-2 taxonomy oral"
"k__Bacteria|p__Firmicutes|c__Negativicutes|o__Veillonellales|f__Veillonellaceae|g__Dialister|s__Dialister_pneumosintes|t__SGB5842",218,0.169781931464174,0.000584476652670802,TRUE,TRUE,TRUE,0.0185134641541812,"HMP1-2 taxonomy oral"
"k__Bacteria|p__Actinobacteria|c__Actinobacteria|o__Propionibacteriales|f__Propionibacteriaceae|g__Cutibacterium|s__Cutibacterium_namnetense|t__SGB16956",0,0,NA,FALSE,FALSE,FALSE,NA,"HMP1-2 taxonomy oral"
"k__Eukaryota|p__Basidiomycota|c__Malasseziomycetes|o__Malasseziales|f__Malasseziaceae|g__Malassezia|s__Malassezia_restricta|t__EUK76775",32,0.0249221183800623,0.00726574391700627,FALSE,TRUE,FALSE,NA,"HMP1-2 taxonomy oral"
"k__Bacteria|p__Firmicutes|c__Bacilli|o__Bacillales|f__Staphylococcaceae|g__Staphylococcus|s__Staphylococcus_capitis|t__SGB7863",3,0.00233644859813084,3.07999904066703e-05,FALSE,FALSE,FALSE,NA,"HMP1-2 taxonomy oral"
"k__Bacteria|p__Actinobacteria|c__Actinobacteria|o__Corynebacteriales|f__Corynebacteriaceae|g__Corynebacterium|s__Corynebacterium_aurimucosum|t__SGB17102_group",0,0,NA,FALSE,FALSE,FALSE,NA,"HMP1-2 taxonomy oral"
"k__Bacteria|p__Bacteroidetes|c__Bacteroidia|o__Bacteroidales|f__Rikenellaceae|g__GGB1632|s__GGB1632_SGB2240|t__SGB2240",0,0,NA,FALSE,FALSE,FALSE,NA,"HMP1-2 taxonomy oral"
"k__Bacteria|p__Bacteroidetes|c__Bacteroidia|o__Bacteroidales|f__Prevotellaceae|g__Prevotella|s__Prevotella_hominis|t__SGB1617_group",2,0.00155763239875389,1.22499992450009e-05,FALSE,FALSE,FALSE,NA,"HMP1-2 taxonomy oral"
"k__Bacteria|p__Bacteroidetes|c__Bacteroidia|o__Bacteroidales|f__Prevotellaceae|g__Prevotellamassilia|s__Prevotellamassilia_timonensis|t__SGB1477_group",0,0,NA,FALSE,FALSE,FALSE,NA,"HMP1-2 taxonomy oral"
"k__Bacteria|p__Bacteroidetes|c__Bacteroidia|o__Bacteroidales|f__Rikenellaceae|g__Rikenellaceae_unclassified|s__Rikenellaceae_bacterium|t__SGB2279",0,0,NA,FALSE,FALSE,FALSE,NA,"HMP1-2 taxonomy oral"
"k__Bacteria|p__Firmicutes|c__Clostridia|o__Clostridiales|f__Ruminococcaceae|g__GGB9710|s__GGB9710_SGB15239|t__SGB15239",0,0,NA,FALSE,FALSE,FALSE,NA,"HMP1-2 taxonomy oral"
"k__Bacteria|p__Bacteroidetes|c__Bacteroidia|o__Bacteroidales|f__Tannerellaceae|g__GGB1407|s__GGB1407_SGB1931|t__SGB1931",0,0,NA,FALSE,FALSE,FALSE,NA,"HMP1-2 taxonomy oral"
"k__Bacteria|p__Bacteroidetes|c__Bacteroidia|o__Bacteroidales|f__Tannerellaceae|g__Parabacteroides|s__Parabacteroides_massiliensis|t__SGB1945",0,0,NA,FALSE,FALSE,FALSE,NA,"HMP1-2 taxonomy oral"
"k__Bacteria|p__Bacteroidetes|c__Bacteroidia|o__Bacteroidales|f__Odoribacteraceae|g__Butyricimonas|s__Butyricimonas_faecalis|t__SGB1782",0,0,NA,FALSE,FALSE,FALSE,NA,"HMP1-2 taxonomy oral"
"k__Bacteria|p__Bacteroidetes|c__Bacteroidia|o__Bacteroidales|f__Bacteroidaceae|g__GGB1387|s__GGB1387_SGB1895|t__SGB1895",0,0,NA,FALSE,FALSE,FALSE,NA,"HMP1-2 taxonomy oral"
"k__Bacteria|p__Firmicutes|c__Clostridia|o__Clostridiales|f__Ruminococcaceae|g__GGB9618|s__GGB9618_SGB15065|t__SGB15065",0,0,NA,FALSE,FALSE,FALSE,NA,"HMP1-2 taxonomy oral"
"k__Archaea|p__Euryarchaeota|c__CFGB343|o__OFGB343|f__FGB343|g__GGB781|s__GGB781_SGB1024|t__SGB1024",0,0,NA,FALSE,FALSE,FALSE,NA,"HMP1-2 taxonomy oral"
"k__Bacteria|p__Verrucomicrobia|c__Opitutae|o__Opitutales|f__Opitutales_unclassified|g__GGB6127|s__GGB6127_SGB8773|t__SGB8773",0,0,NA,FALSE,FALSE,FALSE,NA,"HMP1-2 taxonomy oral"
"k__Bacteria|p__Bacteroidetes|c__Flavobacteriia|o__Flavobacteriales|f__Flavobacteriales_unclassified|g__GGB1662|s__GGB1662_SGB2276|t__SGB2276",0,0,NA,FALSE,FALSE,FALSE,NA,"HMP1-2 taxonomy oral"
"k__Bacteria|p__Proteobacteria|c__Deltaproteobacteria|o__Desulfovibrionales|f__Desulfovibrionaceae|g__Desulfovibrio|s__Desulfovibrio_legallii|t__SGB15469",0,0,NA,FALSE,FALSE,FALSE,NA,"HMP1-2 taxonomy oral"
"k__Bacteria|p__Firmicutes|c__Clostridia|o__Clostridiales|f__Lachnospiraceae|g__Lachnoclostridium|s__Lachnoclostridium_sp_An118|t__SGB4623",0,0,NA,FALSE,FALSE,FALSE,NA,"HMP1-2 taxonomy oral"
"k__Bacteria|p__Proteobacteria|c__Oligoflexia|o__Bdellovibrionales|f__Bdellovibrionales_unclassified|g__Bdellovibrionales_unclassified|s__Bdellovibrionales_bacterium|t__SGB55025",9,0.00700934579439252,8.68666538100118e-05,FALSE,FALSE,FALSE,NA,"HMP1-2 taxonomy oral"
"k__Bacteria|p__Firmicutes|c__Clostridia|o__Clostridia_unclassified|f__Clostridia_unclassified|g__Clostridia_unclassified|s__Clostridia_bacterium|t__SGB13994",0,0,NA,FALSE,FALSE,FALSE,NA,"HMP1-2 taxonomy oral"
"k__Bacteria|p__Bacteria_unclassified|c__Bacteria_unclassified|o__Bacteria_unclassified|f__Bacteria_unclassified|g__Bacteria_unclassified|s__bacterium_OL_1|t__SGB14389_group",0,0,NA,FALSE,FALSE,FALSE,NA,"HMP1-2 taxonomy oral"
"k__Bacteria|p__Actinobacteria|c__Coriobacteriia|o__Eggerthellales|f__Eggerthellaceae|g__Raoultibacter|s__Raoultibacter_timonensis|t__SGB33550",0,0,NA,FALSE,FALSE,FALSE,NA,"HMP1-2 taxonomy oral"
"k__Bacteria|p__Firmicutes|c__Clostridia|o__Clostridiales|f__Catabacteriaceae|g__Catabacter|s__Catabacter_hongkongensis|t__SGB14143",0,0,NA,FALSE,FALSE,FALSE,NA,"HMP1-2 taxonomy oral"
"k__Bacteria|p__Firmicutes|c__Clostridia|o__Clostridiales|f__Lachnospiraceae|g__Lachnospiraceae_unclassified|s__Lachnospiraceae_bacterium|t__SGB4747",0,0,NA,FALSE,FALSE,FALSE,NA,"HMP1-2 taxonomy oral"
"k__Bacteria|p__Firmicutes|c__Clostridia|o__Clostridiales|f__Ruminococcaceae|g__Neobittarella|s__Neobittarella_massiliensis|t__SGB7264",0,0,NA,FALSE,FALSE,FALSE,NA,"HMP1-2 taxonomy oral"
"k__Bacteria|p__Actinobacteria|c__Coriobacteriia|o__Coriobacteriales|f__Atopobiaceae|g__Olsenella|s__Olsenella_provencensis|t__SGB14367",0,0,NA,FALSE,FALSE,FALSE,NA,"HMP1-2 taxonomy oral"
"k__Bacteria|p__Proteobacteria|c__Betaproteobacteria|o__Burkholderiales|f__Oxalobacteraceae|g__GGB6648|s__GGB6648_SGB9389|t__SGB9389",0,0,NA,FALSE,FALSE,FALSE,NA,"HMP1-2 taxonomy oral"
"k__Bacteria|p__Firmicutes|c__Clostridia|o__Clostridiales|f__Clostridiales_unclassified|g__Clostridiales_unclassified|s__Clostridiales_unclassified_SGB15148|t__SGB15148",0,0,NA,FALSE,FALSE,FALSE,NA,"HMP1-2 taxonomy oral"
"k__Bacteria|p__Firmicutes|c__Negativicutes|o__Selenomonadales|f__Selenomonadaceae|g__Megamonas|s__Megamonas_funiformis|t__SGB6962_group",4,0.00311526479750779,8.86499535950582e-05,FALSE,FALSE,FALSE,NA,"HMP1-2 taxonomy oral"
"k__Bacteria|p__Firmicutes|c__Clostridia|o__Clostridiales|f__Lachnospiraceae|g__Tyzzerella|s__Tyzzerella_nexilis|t__SGB4588_group",2,0.00155763239875389,0.000194799792470227,FALSE,TRUE,FALSE,NA,"HMP1-2 taxonomy oral"
"k__Bacteria|p__Firmicutes|c__Clostridia|o__Clostridiales|f__Lachnospiraceae|g__GGB3523|s__GGB3523_SGB4703|t__SGB4703",1,0.000778816199376947,0.000227799749420275,FALSE,TRUE,FALSE,NA,"HMP1-2 taxonomy oral"
"k__Bacteria|p__Firmicutes|c__Clostridia|o__Clostridiales|f__Clostridiaceae|g__Clostridium|s__Clostridium_sp_C5_48|t__SGB4752",0,0,NA,FALSE,FALSE,FALSE,NA,"HMP1-2 taxonomy oral"
"k__Bacteria|p__Firmicutes|c__CFGB42358|o__OFGB42358|f__FGB42358|g__GGB51510|s__GGB51510_SGB71883|t__SGB71883",0,0,NA,FALSE,FALSE,FALSE,NA,"HMP1-2 taxonomy oral"
"k__Bacteria|p__Firmicutes|c__Clostridia|o__Clostridiales|f__Lachnospiraceae|g__Blautia|s__Blautia_hansenii|t__SGB4794_group",1,0.000778816199376947,1.30999973800005e-05,FALSE,FALSE,FALSE,NA,"HMP1-2 taxonomy oral"
"k__Bacteria|p__Firmicutes|c__Clostridia|o__Clostridiales|f__Lachnospiraceae|g__Blautia|s__Blautia_hansenii|t__SGB4798",0,0,NA,FALSE,FALSE,FALSE,NA,"HMP1-2 taxonomy oral"
"k__Bacteria|p__Firmicutes|c__Erysipelotrichia|o__Erysipelotrichales|f__Erysipelotrichaceae|g__Turicibacter|s__Turicibacter_sanguinis|t__SGB6846",0,0,NA,FALSE,FALSE,FALSE,NA,"HMP1-2 taxonomy oral"
"k__Bacteria|p__Firmicutes|c__Clostridia|o__Clostridiales|f__Lachnospiraceae|g__Lachnospiraceae_unclassified|s__Lachnospiraceae_bacterium|t__SGB4861",0,0,NA,FALSE,FALSE,FALSE,NA,"HMP1-2 taxonomy oral"
"k__Bacteria|p__Firmicutes|c__Erysipelotrichia|o__Erysipelotrichales|f__Erysipelotrichaceae|g__Amedibacterium|s__Amedibacterium_intestinale|t__SGB4042",0,0,NA,FALSE,FALSE,FALSE,NA,"HMP1-2 taxonomy oral"
"k__Bacteria|p__Actinobacteria|c__Actinobacteria|o__Micrococcales|f__Micrococcaceae|g__Rothia|s__Rothia_mucilaginosa|t__SGB16986",313,0.243769470404984,0.0210713275047473,TRUE,TRUE,TRUE,0.108023838030133,"HMP1-2 taxonomy oral"
"k__Bacteria|p__Actinobacteria|c__Actinobacteria|o__Bifidobacteriales|f__Bifidobacteriaceae|g__Gardnerella|s__Gardnerella_vaginalis|t__SGB21500",51,0.0397196261682243,4.6415693269026e-05,FALSE,FALSE,FALSE,NA,"HMP1-2 taxonomy oral"
"k__Bacteria|p__Firmicutes|c__Bacilli|o__Bacillales|f__Staphylococcaceae|g__Staphylococcus|s__Staphylococcus_saccharolyticus|t__SGB7864",1,0.000778816199376947,3.5e-06,FALSE,FALSE,FALSE,NA,"HMP1-2 taxonomy oral"
"k__Bacteria|p__Firmicutes|c__Bacilli|o__Bacillales|f__Staphylococcaceae|g__Staphylococcus|s__Staphylococcus_hominis|t__SGB7858",0,0,NA,FALSE,FALSE,FALSE,NA,"HMP1-2 taxonomy oral"
"k__Bacteria|p__Actinobacteria|c__Actinobacteria|o__Bifidobacteriales|f__Bifidobacteriaceae|g__Bifidobacterium|s__Bifidobacterium_scardovii|t__SGB17257",0,0,NA,FALSE,FALSE,FALSE,NA,"HMP1-2 taxonomy oral"
"k__Bacteria|p__Actinobacteria|c__Actinobacteria|o__Bifidobacteriales|f__Bifidobacteriaceae|g__Bifidobacterium|s__Bifidobacterium_dentium|t__SGB17234",12,0.00934579439252336,0.00069204999929334,FALSE,TRUE,FALSE,NA,"HMP1-2 taxonomy oral"
"k__Bacteria|p__Firmicutes|c__Bacilli|o__Lactobacillales|f__Streptococcaceae|g__Streptococcus|s__Streptococcus_agalactiae|t__SGB8216",2,0.00155763239875389,3.48500035200003e-05,FALSE,FALSE,FALSE,NA,"HMP1-2 taxonomy oral"
"k__Bacteria|p__Firmicutes|c__Bacilli|o__Lactobacillales|f__Lactobacillaceae|g__Limosilactobacillus|s__Lactobacillus_panis|t__SGB7094",0,0,NA,FALSE,FALSE,FALSE,NA,"HMP1-2 taxonomy oral"
"k__Bacteria|p__Firmicutes|c__Bacilli|o__Lactobacillales|f__Lactobacillaceae|g__Limosilactobacillus|s__Limosilactobacillus_fermentum|t__SGB7106",2,0.00155763239875389,0.000265399974300003,FALSE,TRUE,FALSE,NA,"HMP1-2 taxonomy oral"
"k__Bacteria|p__Firmicutes|c__Bacilli|o__Lactobacillales|f__Lactobacillaceae|g__Lacticaseibacillus|s__Lacticaseibacillus_rhamnosus|t__SGB7144",0,0,NA,FALSE,FALSE,FALSE,NA,"HMP1-2 taxonomy oral"
"k__Bacteria|p__Firmicutes|c__Clostridia|o__Clostridia_unclassified|f__Clostridia_unclassified|g__Clostridia_unclassified|s__Clostridia_bacterium|t__SGB15411",0,0,NA,FALSE,FALSE,FALSE,NA,"HMP1-2 taxonomy oral"
"k__Bacteria|p__Firmicutes|c__Clostridia|o__Clostridiales|f__Ruminococcaceae|g__Bittarella|s__Bittarella_massiliensis|t__SGB7263",0,0,NA,FALSE,FALSE,FALSE,NA,"HMP1-2 taxonomy oral"
"k__Bacteria|p__Firmicutes|c__Clostridia|o__Clostridiales|f__Clostridiales_unclassified|g__Intestinimonas|s__Intestinimonas_timonensis|t__SGB29334",0,0,NA,FALSE,FALSE,FALSE,NA,"HMP1-2 taxonomy oral"
"k__Bacteria|p__Chloroflexi|c__Anaerolineae|o__Anaerolineales|f__Anaerolineaceae|g__Anaerolineaceae_unclassified|s__Anaerolineaceae_bacterium_oral_taxon_439|t__SGB17621",12,0.00934579439252336,0.000776750097116719,FALSE,TRUE,FALSE,NA,"HMP1-2 taxonomy oral"
"k__Bacteria|p__Actinobacteria|c__Actinobacteria|o__Micrococcales|f__Microbacteriaceae|g__Microbacterium|s__Microbacterium_aurum|t__SGB16914",1,0.000778816199376947,8.39999916000008e-06,FALSE,FALSE,FALSE,NA,"HMP1-2 taxonomy oral"
"k__Bacteria|p__Proteobacteria|c__CFGB2428|o__OFGB2428|f__FGB2428|g__GGB6646|s__GGB6646_SGB9384|t__SGB9384",17,0.0132398753894081,0.00332694678060123,FALSE,TRUE,FALSE,NA,"HMP1-2 taxonomy oral"
"k__Bacteria|p__Actinobacteria|c__Actinobacteria|o__Corynebacteriales|f__Corynebacteriaceae|g__Corynebacterium|s__Corynebacterium_macginleyi|t__SGB33689",1,0.000778816199376947,0.0029194,FALSE,TRUE,FALSE,NA,"HMP1-2 taxonomy oral"
"k__Bacteria|p__Firmicutes|c__Tissierellia|o__Tissierellales|f__Peptoniphilaceae|g__Finegoldia|s__Finegoldia_magna|t__SGB6686_group",1,0.000778816199376947,0.0113654,FALSE,TRUE,FALSE,NA,"HMP1-2 taxonomy oral"
"k__Bacteria|p__Bacteroidetes|c__Bacteroidia|o__Bacteroidales|f__Bacteroidales_unclassified|g__Bacteroidales_unclassified|s__Bacteroidales_bacterium|t__SGB2092",0,0,NA,FALSE,FALSE,FALSE,NA,"HMP1-2 taxonomy oral"
"k__Bacteria|p__Firmicutes|c__Clostridia|o__Clostridia_unclassified|f__Clostridia_unclassified|g__Clostridia_unclassified|s__Clostridia_bacterium|t__SGB4141",0,0,NA,FALSE,FALSE,FALSE,NA,"HMP1-2 taxonomy oral"
"k__Bacteria|p__Firmicutes|c__Clostridia|o__Clostridia_unclassified|f__Clostridia_unclassified|g__Clostridia_unclassified|s__Clostridia_bacterium|t__SGB14199",0,0,NA,FALSE,FALSE,FALSE,NA,"HMP1-2 taxonomy oral"
"k__Bacteria|p__Firmicutes|c__Clostridia|o__Clostridiales|f__Clostridiaceae|g__Clostridium|s__Clostridium_sp_OM07_10AC|t__SGB4655",0,0,NA,FALSE,FALSE,FALSE,NA,"HMP1-2 taxonomy oral"
"k__Bacteria|p__Firmicutes|c__Clostridia|o__Clostridia_unclassified|f__Clostridia_unclassified|g__Clostridia_unclassified|s__Clostridia_bacterium|t__SGB4335",0,0,NA,FALSE,FALSE,FALSE,NA,"HMP1-2 taxonomy oral"
"k__Bacteria|p__Firmicutes|c__Bacilli|o__Lactobacillales|f__Streptococcaceae|g__Streptococcus|s__Streptococcus_gallolyticus|t__SGB8018",0,0,NA,FALSE,FALSE,FALSE,NA,"HMP1-2 taxonomy oral"
"k__Bacteria|p__Bacteroidetes|c__Bacteroidia|o__Bacteroidales|f__Bacteroidales_unclassified|g__Bacteroidales_unclassified|s__Bacteroidales_bacterium|t__SGB2090",3,0.00233644859813084,0.00117310025289673,FALSE,TRUE,FALSE,NA,"HMP1-2 taxonomy oral"
"k__Bacteria|p__Firmicutes|c__Clostridia|o__Clostridiales|f__Lachnospiraceae|g__Lachnospiraceae_unclassified|s__Lachnospiraceae_bacterium|t__SGB53493",0,0,NA,FALSE,FALSE,FALSE,NA,"HMP1-2 taxonomy oral"
"k__Bacteria|p__Firmicutes|c__Clostridia|o__Clostridia_unclassified|f__Clostridia_unclassified|g__Clostridia_unclassified|s__Clostridia_bacterium|t__SGB14043",0,0,NA,FALSE,FALSE,FALSE,NA,"HMP1-2 taxonomy oral"
"k__Bacteria|p__Actinobacteria|c__Coriobacteriia|o__Eggerthellales|f__Eggerthellaceae|g__Eggerthellaceae_unclassified|s__Eggerthellaceae_bacterium|t__SGB14339",0,0,NA,FALSE,FALSE,FALSE,NA,"HMP1-2 taxonomy oral"
"k__Bacteria|p__Actinobacteria|c__Coriobacteriia|o__Coriobacteriia_unclassified|f__Coriobacteriia_unclassified|g__Coriobacteriia_unclassified|s__Coriobacteriia_bacterium|t__SGB14768",0,0,NA,FALSE,FALSE,FALSE,NA,"HMP1-2 taxonomy oral"
"k__Bacteria|p__Firmicutes|c__Clostridia|o__Clostridia_unclassified|f__Clostridia_unclassified|g__Candidatus_Heteroruminococcus|s__Candidatus_Heteroruminococcus_faecigallinarum|t__SGB63341",0,0,NA,FALSE,FALSE,FALSE,NA,"HMP1-2 taxonomy oral"
"k__Bacteria|p__Firmicutes|c__Clostridia|o__Clostridia_unclassified|f__Clostridia_unclassified|g__Candidatus_Pseudolachnospira|s__Candidatus_Pseudolachnospira_avium|t__SGB59819",0,0,NA,FALSE,FALSE,FALSE,NA,"HMP1-2 taxonomy oral"
"k__Bacteria|p__Firmicutes|c__Clostridia|o__Clostridiales|f__Ruminococcaceae|g__Flavonifractor|s__Flavonifractor_sp_An10|t__SGB15134",0,0,NA,FALSE,FALSE,FALSE,NA,"HMP1-2 taxonomy oral"
"k__Bacteria|p__Firmicutes|c__Clostridia|o__Clostridiales|f__Lachnospiraceae|g__Coprococcus|s__Coprococcus_eutactus|t__SGB5118",0,0,NA,FALSE,FALSE,FALSE,NA,"HMP1-2 taxonomy oral"
"k__Bacteria|p__Firmicutes|c__Clostridia|o__Clostridia_unclassified|f__Clostridia_unclassified|g__Clostridia_unclassified|s__Clostridia_unclassified_SGB13993|t__SGB13993",0,0,NA,FALSE,FALSE,FALSE,NA,"HMP1-2 taxonomy oral"
"k__Bacteria|p__Firmicutes|c__Bacilli|o__Bacilli_unclassified|f__Bacilli_unclassified|g__Bacilli_unclassified|s__Bacilli_bacterium|t__SGB6606",0,0,NA,FALSE,FALSE,FALSE,NA,"HMP1-2 taxonomy oral"
"k__Bacteria|p__Firmicutes|c__Clostridia|o__Clostridiales|f__Ruminococcaceae|g__Ruminococcaceae_unclassified|s__Ruminococcaceae_unclassified_SGB15309|t__SGB15309",0,0,NA,FALSE,FALSE,FALSE,NA,"HMP1-2 taxonomy oral"
"k__Bacteria|p__Firmicutes|c__Clostridia|o__Clostridia_unclassified|f__Clostridia_unclassified|g__Clostridia_unclassified|s__Clostridia_bacterium|t__SGB14939",0,0,NA,FALSE,FALSE,FALSE,NA,"HMP1-2 taxonomy oral"
"k__Bacteria|p__Bacteroidetes|c__Bacteroidia|o__Bacteroidales|f__Tannerellaceae|g__Parabacteroides|s__Parabacteroides_sp_TM07_1AC|t__SGB1939",0,0,NA,FALSE,FALSE,FALSE,NA,"HMP1-2 taxonomy oral"
"k__Bacteria|p__Firmicutes|c__Clostridia|o__Clostridiales|f__Clostridiaceae|g__Hungatella|s__Hungatella_hathewayi|t__SGB4739",0,0,NA,FALSE,FALSE,FALSE,NA,"HMP1-2 taxonomy oral"
"k__Bacteria|p__Firmicutes|c__Clostridia|o__Clostridiales|f__Ruminococcaceae|g__Pseudoflavonifractor|s__Pseudoflavonifractor_sp_AF19_9AC|t__SGB23477",0,0,NA,FALSE,FALSE,FALSE,NA,"HMP1-2 taxonomy oral"
"k__Bacteria|p__Firmicutes|c__CFGB9612|o__OFGB9612|f__FGB9612|g__GGB45540|s__GGB45540_SGB63220|t__SGB63220",0,0,NA,FALSE,FALSE,FALSE,NA,"HMP1-2 taxonomy oral"
"k__Bacteria|p__Firmicutes|c__Clostridia|o__Clostridia_unclassified|f__Clostridia_unclassified|g__Clostridia_unclassified|s__Clostridia_bacterium|t__SGB4343",0,0,NA,FALSE,FALSE,FALSE,NA,"HMP1-2 taxonomy oral"
"k__Bacteria|p__Firmicutes|c__CFGB1538|o__OFGB1538|f__FGB1538|g__GGB3892|s__GGB3892_SGB5290|t__SGB5290",0,0,NA,FALSE,FALSE,FALSE,NA,"HMP1-2 taxonomy oral"
"k__Bacteria|p__Bacteroidetes|c__Bacteroidia|o__Bacteroidales|f__Rikenellaceae|g__GGB27774|s__GGB27774_SGB40188|t__SGB40188",0,0,NA,FALSE,FALSE,FALSE,NA,"HMP1-2 taxonomy oral"
"k__Bacteria|p__Firmicutes|c__Clostridia|o__Clostridiales|f__Ruminococcaceae|g__Flavonifractor|s__Flavonifractor_sp_An100|t__SGB15160",0,0,NA,FALSE,FALSE,FALSE,NA,"HMP1-2 taxonomy oral"
"k__Bacteria|p__Firmicutes|c__Clostridia|o__Clostridia_unclassified|f__Clostridia_unclassified|g__Clostridia_unclassified|s__Clostridia_bacterium|t__SGB4437",0,0,NA,FALSE,FALSE,FALSE,NA,"HMP1-2 taxonomy oral"
"k__Bacteria|p__Synergistetes|c__Synergistia|o__Synergistales|f__Synergistaceae|g__Cloacibacillus|s__Cloacibacillus_evryensis|t__SGB15506",0,0,NA,FALSE,FALSE,FALSE,NA,"HMP1-2 taxonomy oral"
"k__Bacteria|p__Firmicutes|c__Clostridia|o__Clostridiales|f__Lachnospiraceae|g__Cuneatibacter|s__Cuneatibacter_caecimuris|t__SGB29380",1,0.000778816199376947,5.2e-06,FALSE,FALSE,FALSE,NA,"HMP1-2 taxonomy oral"
"k__Bacteria|p__Firmicutes|c__Erysipelotrichia|o__Erysipelotrichales|f__Erysipelotrichaceae|g__Merdibacter|s__Merdibacter_massiliensis|t__SGB29307",0,0,NA,FALSE,FALSE,FALSE,NA,"HMP1-2 taxonomy oral"
"k__Bacteria|p__Firmicutes|c__Clostridia|o__Clostridia_unclassified|f__Clostridia_unclassified|g__Clostridia_unclassified|s__Clostridia_bacterium|t__SGB14857",1,0.000778816199376947,2.21999955600009e-05,FALSE,FALSE,FALSE,NA,"HMP1-2 taxonomy oral"
"k__Bacteria|p__Firmicutes|c__Clostridia|o__Clostridiales|f__Ruminococcaceae|g__GGB9739|s__GGB9739_SGB15313|t__SGB15313",0,0,NA,FALSE,FALSE,FALSE,NA,"HMP1-2 taxonomy oral"
"k__Bacteria|p__Firmicutes|c__Clostridia|o__Clostridiales|f__Clostridiaceae|g__GGB9568|s__GGB9568_SGB14980|t__SGB14980_group",0,0,NA,FALSE,FALSE,FALSE,NA,"HMP1-2 taxonomy oral"
"k__Bacteria|p__Firmicutes|c__Bacilli|o__Bacillales|f__Staphylococcaceae|g__Staphylococcus|s__Staphylococcus_lugdunensis|t__SGB7850",1,0.000778816199376947,1.49999940000024e-05,FALSE,FALSE,FALSE,NA,"HMP1-2 taxonomy oral"
"k__Bacteria|p__Firmicutes|c__Tissierellia|o__Tissierellales|f__Peptoniphilaceae|g__Anaerococcus|s__Anaerococcus_provencensis|t__SGB29509",1,0.000778816199376947,0.0141025,FALSE,TRUE,FALSE,NA,"HMP1-2 taxonomy oral"
"k__Bacteria|p__Firmicutes|c__Erysipelotrichia|o__Erysipelotrichales|f__Erysipelotrichaceae|g__Longibaculum|s__Longibaculum_muris|t__SGB6769",1,0.000778816199376947,0.000418999916200017,FALSE,TRUE,FALSE,NA,"HMP1-2 taxonomy oral"
"k__Bacteria|p__Firmicutes|c__Clostridia|o__Clostridiales|f__Clostridiaceae|g__Clostridium|s__Clostridium_sp_WCA_389_WT_23D1|t__SGB4756",0,0,NA,FALSE,FALSE,FALSE,NA,"HMP1-2 taxonomy oral"
"k__Bacteria|p__Actinobacteria|c__Actinobacteria|o__Bifidobacteriales|f__Bifidobacteriaceae|g__Bifidobacterium|s__Bifidobacterium_bifidum|t__SGB17256",1,0.000778816199376947,5.09999694000184e-06,FALSE,FALSE,FALSE,NA,"HMP1-2 taxonomy oral"
"k__Bacteria|p__Actinobacteria|c__Actinobacteria|o__Bifidobacteriales|f__Bifidobacteriaceae|g__Bifidobacterium|s__Bifidobacterium_breve|t__SGB17247",0,0,NA,FALSE,FALSE,FALSE,NA,"HMP1-2 taxonomy oral"
"k__Bacteria|p__Firmicutes|c__CFGB4549|o__OFGB4549|f__FGB4549|g__GGB55957|s__GGB55957_SGB77276|t__SGB77276",0,0,NA,FALSE,FALSE,FALSE,NA,"HMP1-2 taxonomy oral"
"k__Bacteria|p__Firmicutes|c__Clostridia|o__Clostridiales|f__Lachnospiraceae|g__Roseburia|s__Roseburia_sp_AM23_20|t__SGB4950",0,0,NA,FALSE,FALSE,FALSE,NA,"HMP1-2 taxonomy oral"
"k__Bacteria|p__Bacteroidetes|c__Bacteroidia|o__Bacteroidales|f__Prevotellaceae|g__Prevotella|s__Prevotella_aurantiaca|t__SGB1563",125,0.0973520249221184,0.00548956023241781,FALSE,TRUE,FALSE,NA,"HMP1-2 taxonomy oral"
"k__Bacteria|p__Actinobacteria|c__Actinobacteria|o__Bifidobacteriales|f__Bifidobacteriaceae|g__Scardovia|s__Scardovia_wiggsiae|t__SGB15494",124,0.0965732087227414,0.000766886240860288,FALSE,TRUE,FALSE,NA,"HMP1-2 taxonomy oral"
"k__Bacteria|p__Candidatus_Saccharibacteria|c__Candidatus_Nanoperiomorbia|o__Candidatus_Nanoperiomorbales|f__Candidatus_Nanoperiomorbaceae|g__Candidatus_Nanoperiomorbus|s__Candidatus_Nanoperiomorbus_periodonticus|t__SGB19800",177,0.13785046728972,0.00197414944932449,TRUE,TRUE,TRUE,0.0354817508108771,"HMP1-2 taxonomy oral"
"k__Bacteria|p__Bacteroidetes|c__CFGB494|o__OFGB494|f__FGB494|g__GGB1022|s__GGB1022_SGB1316|t__SGB1316",20,0.0155763239875389,0.00104610488459314,FALSE,TRUE,FALSE,NA,"HMP1-2 taxonomy oral"
"k__Bacteria|p__Actinobacteria|c__Actinobacteria|o__Actinomycetales|f__Actinomycetaceae|g__Schaalia|s__Schaalia_odontolytica|t__SGB23982",161,0.125389408099688,0.000190920470748299,TRUE,TRUE,TRUE,0.0116374023597938,"HMP1-2 taxonomy oral"
"k__Bacteria|p__Synergistetes|c__Synergistia|o__Synergistales|f__Synergistaceae|g__Fretibacterium|s__Fretibacterium_fastidiosum|t__SGB17525",146,0.113707165109034,0.000383493138095471,TRUE,TRUE,TRUE,0.0138882615987241,"HMP1-2 taxonomy oral"
"k__Bacteria|p__Cyanobacteria|c__Cyanobacteria_unclassified|o__Synechococcales|f__Leptolyngbyaceae|g__GGB49499|s__GGB49499_SGB69440|t__SGB69440",71,0.0552959501557632,0.000793846445345624,FALSE,TRUE,FALSE,NA,"HMP1-2 taxonomy oral"
"k__Bacteria|p__Spirochaetes|c__Spirochaetia|o__Spirochaetales|f__Spirochaetaceae|g__Treponema|s__Treponema_medium|t__SGB3606",62,0.0482866043613707,8.93015956292154e-05,FALSE,FALSE,FALSE,NA,"HMP1-2 taxonomy oral"
"k__Bacteria|p__Bacteroidetes|c__Flavobacteriia|o__Flavobacteriales|f__Flavobacteriaceae|g__Capnocytophaga|s__Capnocytophaga_sp_oral_taxon_878|t__SGB21909",24,0.0186915887850467,0.000110604148762932,FALSE,TRUE,FALSE,NA,"HMP1-2 taxonomy oral"
"k__Bacteria|p__Spirochaetes|c__Spirochaetia|o__Spirochaetales|f__Spirochaetaceae|g__Treponema|s__Treponema_SGB3604|t__SGB3604",136,0.105919003115265,0.00127812788098955,TRUE,TRUE,TRUE,0.0305160370407672,"HMP1-2 taxonomy oral"
"k__Bacteria|p__Firmicutes|c__Clostridia|o__Clostridiales|f__Lachnospiraceae|g__GGB3424|s__GGB3424_SGB4551|t__SGB4551",0,0,NA,FALSE,FALSE,FALSE,NA,"HMP1-2 taxonomy oral"
"k__Bacteria|p__Firmicutes|c__Negativicutes|o__Selenomonadales|f__Selenomonadales_unclassified|g__Selenomonadales_unclassified|s__Selenomonadales_bacterium|t__SGB6961",1,0.000778816199376947,1.09999978000005e-05,FALSE,FALSE,FALSE,NA,"HMP1-2 taxonomy oral"
"k__Bacteria|p__Firmicutes|c__Clostridia|o__Clostridiales|f__Lachnospiraceae|g__Blautia|s__Blautia_argi|t__SGB4797",0,0,NA,FALSE,FALSE,FALSE,NA,"HMP1-2 taxonomy oral"
"k__Bacteria|p__Proteobacteria|c__Betaproteobacteria|o__Neisseriales|f__Neisseriaceae|g__Neisseria|s__Neisseria_sp_KEM232|t__SGB9427",56,0.043613707165109,0.000268257143998949,FALSE,TRUE,FALSE,NA,"HMP1-2 taxonomy oral"
"k__Eukaryota|p__Basidiomycota|c__Malasseziomycetes|o__Malasseziales|f__Malasseziaceae|g__Malassezia|s__Malassezia_globosa|t__EUK76773",1,0.000778816199376947,0.00107919989208001,FALSE,TRUE,FALSE,NA,"HMP1-2 taxonomy oral"
"k__Bacteria|p__Actinobacteria|c__Actinobacteria|o__Propionibacteriales|f__Propionibacteriaceae|g__Cutibacterium|s__Propionibacterium_humerusii|t__SGB16954",1,0.000778816199376947,2.9e-06,FALSE,FALSE,FALSE,NA,"HMP1-2 taxonomy oral"
"k__Bacteria|p__Actinobacteria|c__Actinobacteria|o__Propionibacteriales|f__Propionibacteriaceae|g__Cutibacterium|s__Cutibacterium_sp_WCA_380_WT_3A|t__SGB87725",0,0,NA,FALSE,FALSE,FALSE,NA,"HMP1-2 taxonomy oral"
"k__Bacteria|p__Actinobacteria|c__Actinobacteria|o__Micrococcales|f__Micrococcaceae|g__Micrococcus|s__Micrococcus_luteus|t__SGB16676",0,0,NA,FALSE,FALSE,FALSE,NA,"HMP1-2 taxonomy oral"
"k__Bacteria|p__Proteobacteria|c__Gammaproteobacteria|o__Pseudomonadales|f__Moraxellaceae|g__Moraxella|s__Moraxella_osloensis|t__SGB10439",0,0,NA,FALSE,FALSE,FALSE,NA,"HMP1-2 taxonomy oral"
"k__Bacteria|p__Actinobacteria|c__Actinobacteria|o__Micrococcales|f__Dermabacteraceae|g__Brachybacterium|s__Brachybacterium_paraconglomeratum|t__SGB16648",0,0,NA,FALSE,FALSE,FALSE,NA,"HMP1-2 taxonomy oral"
"k__Bacteria|p__Proteobacteria|c__Gammaproteobacteria|o__Pseudomonadales|f__Moraxellaceae|g__Acinetobacter|s__Acinetobacter_radioresistens|t__SGB10375",0,0,NA,FALSE,FALSE,FALSE,NA,"HMP1-2 taxonomy oral"
"k__Bacteria|p__Actinobacteria|c__Actinobacteria|o__Micrococcales|f__Micrococcaceae|g__Kocuria|s__Kocuria_palustris|t__SGB16663",1,0.000778816199376947,1.5e-06,FALSE,FALSE,FALSE,NA,"HMP1-2 taxonomy oral"
"k__Bacteria|p__Firmicutes|c__Clostridia|o__Clostridia_unclassified|f__Clostridia_unclassified|g__Clostridia_unclassified|s__Clostridia_bacterium|t__SGB6290",0,0,NA,FALSE,FALSE,FALSE,NA,"HMP1-2 taxonomy oral"
"k__Bacteria|p__Firmicutes|c__Clostridia|o__Clostridia_unclassified|f__Clostridia_unclassified|g__Clostridia_unclassified|s__Clostridia_bacterium|t__SGB6350",1,0.000778816199376947,0.000947800853020768,FALSE,TRUE,FALSE,NA,"HMP1-2 taxonomy oral"
"k__Bacteria|p__Firmicutes|c__Bacilli|o__Bacilli_unclassified|f__Bacilli_unclassified|g__GGB4676|s__GGB4676_SGB6465|t__SGB6465",2,0.00155763239875389,0.00400825359955324,FALSE,TRUE,FALSE,NA,"HMP1-2 taxonomy oral"
"k__Bacteria|p__Firmicutes|c__Clostridia|o__Clostridia_unclassified|f__Clostridia_unclassified|g__GGB4549|s__GGB4549_SGB6271|t__SGB6271",1,0.000778816199376947,4.42000176800071e-05,FALSE,FALSE,FALSE,NA,"HMP1-2 taxonomy oral"
"k__Bacteria|p__Firmicutes|c__Clostridia|o__Clostridia_unclassified|f__Clostridia_unclassified|g__Clostridia_unclassified|s__Clostridia_bacterium|t__SGB54297",1,0.000778816199376947,8.05000724500653e-05,FALSE,FALSE,FALSE,NA,"HMP1-2 taxonomy oral"
"k__Archaea|p__Candidatus_Thermoplasmatota|c__Thermoplasmata|o__Methanomassiliicoccales|f__Methanomassiliicoccaceae|g__Methanomassiliicoccus|s__Candidatus_Methanomassiliicoccus_intestinalis|t__SGB363",2,0.00155763239875389,0.000319750286925259,FALSE,TRUE,FALSE,NA,"HMP1-2 taxonomy oral"
"k__Bacteria|p__Bacteroidetes|c__Bacteroidia|o__Bacteroidales|f__Bacteroidales_unclassified|g__GGB1551|s__GGB1551_SGB2136|t__SGB2136",0,0,NA,FALSE,FALSE,FALSE,NA,"HMP1-2 taxonomy oral"
"k__Bacteria|p__Firmicutes|c__Clostridia|o__Clostridia_unclassified|f__Clostridia_unclassified|g__GGB4602|s__GGB4602_SGB6365|t__SGB6365",0,0,NA,FALSE,FALSE,FALSE,NA,"HMP1-2 taxonomy oral"
"k__Bacteria|p__Firmicutes|c__Bacilli|o__Bacilli_unclassified|f__Bacilli_unclassified|g__GGB4698|s__GGB4698_SGB6498|t__SGB6498",2,0.00155763239875389,0.0020962518855017,FALSE,TRUE,FALSE,NA,"HMP1-2 taxonomy oral"
"k__Bacteria|p__Firmicutes|c__Clostridia|o__Clostridia_unclassified|f__Clostridia_unclassified|g__Clostridia_unclassified|s__Clostridia_bacterium|t__SGB6343",0,0,NA,FALSE,FALSE,FALSE,NA,"HMP1-2 taxonomy oral"
"k__Bacteria|p__Firmicutes|c__Clostridia|o__Clostridia_unclassified|f__Clostridia_unclassified|g__GGB4598|s__GGB4598_SGB6360|t__SGB6360",0,0,NA,FALSE,FALSE,FALSE,NA,"HMP1-2 taxonomy oral"
"k__Bacteria|p__Firmicutes|c__CFGB1424|o__OFGB1424|f__FGB1424|g__GGB3490|s__GGB3490_SGB4664|t__SGB4664",0,0,NA,FALSE,FALSE,FALSE,NA,"HMP1-2 taxonomy oral"
"k__Bacteria|p__Firmicutes|c__Clostridia|o__Clostridia_unclassified|f__Clostridia_unclassified|g__Clostridia_unclassified|s__Clostridia_bacterium|t__SGB4142",0,0,NA,FALSE,FALSE,FALSE,NA,"HMP1-2 taxonomy oral"
"k__Bacteria|p__Firmicutes|c__Clostridia|o__Clostridia_unclassified|f__Clostridia_unclassified|g__Clostridia_unclassified|s__Clostridia_bacterium|t__SGB4158",0,0,NA,FALSE,FALSE,FALSE,NA,"HMP1-2 taxonomy oral"
"k__Bacteria|p__Firmicutes|c__Clostridia|o__Clostridia_unclassified|f__Clostridia_unclassified|g__Clostridia_unclassified|s__Clostridia_bacterium|t__SGB14165",0,0,NA,FALSE,FALSE,FALSE,NA,"HMP1-2 taxonomy oral"
"k__Bacteria|p__Firmicutes|c__Clostridia|o__Clostridiales|f__Ruminococcaceae|g__Ruminococcus|s__Ruminococcus_SGB4421|t__SGB4421",0,0,NA,FALSE,FALSE,FALSE,NA,"HMP1-2 taxonomy oral"
"k__Bacteria|p__Firmicutes|c__Firmicutes_unclassified|o__Firmicutes_unclassified|f__Firmicutes_unclassified|g__Firmicutes_unclassified|s__Firmicutes_bacterium|t__SGB4062",0,0,NA,FALSE,FALSE,FALSE,NA,"HMP1-2 taxonomy oral"
"k__Bacteria|p__Firmicutes|c__Clostridia|o__Clostridiales|f__Ruminococcaceae|g__GGB3185|s__GGB3185_SGB4208|t__SGB4208",1,0.000778816199376947,0.000237500213750193,FALSE,TRUE,FALSE,NA,"HMP1-2 taxonomy oral"
"k__Bacteria|p__Firmicutes|c__Bacilli|o__Bacilli_unclassified|f__Bacilli_unclassified|g__Bacilli_unclassified|s__Bacilli_bacterium|t__SGB6472",1,0.000778816199376947,0.000456800137040041,FALSE,TRUE,FALSE,NA,"HMP1-2 taxonomy oral"
"k__Bacteria|p__Firmicutes|c__Clostridia|o__Clostridiales|f__Ruminococcaceae|g__Faecalibacterium|s__Faecalibacterium_prausnitzii|t__SGB15323",0,0,NA,FALSE,FALSE,FALSE,NA,"HMP1-2 taxonomy oral"
"k__Bacteria|p__Firmicutes|c__Clostridia|o__Clostridia_unclassified|f__Clostridia_unclassified|g__Clostridia_unclassified|s__Clostridia_bacterium|t__SGB14190",0,0,NA,FALSE,FALSE,FALSE,NA,"HMP1-2 taxonomy oral"
"k__Bacteria|p__Firmicutes|c__Clostridia|o__Clostridiales|f__Ruminococcaceae|g__GGB9640|s__GGB9640_SGB15115|t__SGB15115",0,0,NA,FALSE,FALSE,FALSE,NA,"HMP1-2 taxonomy oral"
"k__Bacteria|p__Firmicutes|c__Clostridia|o__Clostridiales|f__Clostridiaceae|g__Clostridium|s__Clostridium_sp_AF27_2AA|t__SGB4712",1,0.000778816199376947,9.09999818000037e-06,FALSE,FALSE,FALSE,NA,"HMP1-2 taxonomy oral"
"k__Bacteria|p__Firmicutes|c__Clostridia|o__Clostridia_unclassified|f__Clostridia_unclassified|g__Clostridia_unclassified|s__Clostridia_unclassified_SGB6369|t__SGB6369",1,0.000778816199376947,0.000708500637650574,FALSE,TRUE,FALSE,NA,"HMP1-2 taxonomy oral"
"k__Bacteria|p__Firmicutes|c__CFGB4621|o__OFGB4621|f__FGB4621|g__GGB13431|s__GGB13431_SGB20700|t__SGB20700",0,0,NA,FALSE,FALSE,FALSE,NA,"HMP1-2 taxonomy oral"
"k__Bacteria|p__Firmicutes|c__Clostridia|o__Clostridiales|f__Lachnospiraceae|g__GGB3640|s__GGB3640_SGB4937|t__SGB4937",0,0,NA,FALSE,FALSE,FALSE,NA,"HMP1-2 taxonomy oral"
"k__Bacteria|p__Firmicutes|c__Clostridia|o__Clostridia_unclassified|f__Clostridia_unclassified|g__Clostridia_unclassified|s__Clostridia_bacterium|t__SGB15383",0,0,NA,FALSE,FALSE,FALSE,NA,"HMP1-2 taxonomy oral"
"k__Bacteria|p__Firmicutes|c__Clostridia|o__Clostridia_unclassified|f__Clostridia_unclassified|g__Clostridia_unclassified|s__Clostridia_bacterium|t__SGB4341",0,0,NA,FALSE,FALSE,FALSE,NA,"HMP1-2 taxonomy oral"
"k__Bacteria|p__Firmicutes|c__Negativicutes|o__Veillonellales|f__Veillonellaceae|g__Allisonella|s__Allisonella_histaminiformans|t__SGB5843",0,0,NA,FALSE,FALSE,FALSE,NA,"HMP1-2 taxonomy oral"
"k__Bacteria|p__Firmicutes|c__Clostridia|o__Clostridiales|f__Ruminococcaceae|g__Ruminococcaceae_unclassified|s__Ruminococcaceae_bacterium|t__SGB4301",0,0,NA,FALSE,FALSE,FALSE,NA,"HMP1-2 taxonomy oral"
"k__Bacteria|p__Firmicutes|c__Clostridia|o__Clostridiales|f__Ruminococcaceae|g__Ruminococcaceae_unclassified|s__Ruminococcaceae_bacterium|t__SGB4174",0,0,NA,FALSE,FALSE,FALSE,NA,"HMP1-2 taxonomy oral"
"k__Bacteria|p__Firmicutes|c__Clostridia|o__Clostridia_unclassified|f__Clostridia_unclassified|g__GGB9332|s__GGB9332_SGB14295|t__SGB14295",0,0,NA,FALSE,FALSE,FALSE,NA,"HMP1-2 taxonomy oral"
"k__Bacteria|p__Firmicutes|c__Clostridia|o__Clostridia_unclassified|f__Clostridia_unclassified|g__Clostridia_unclassified|s__Clostridia_bacterium|t__SGB14218",0,0,NA,FALSE,FALSE,FALSE,NA,"HMP1-2 taxonomy oral"
"k__Bacteria|p__Firmicutes|c__Clostridia|o__Clostridia_unclassified|f__Clostridia_unclassified|g__Clostridia_unclassified|s__Clostridia_bacterium|t__SGB15388",0,0,NA,FALSE,FALSE,FALSE,NA,"HMP1-2 taxonomy oral"
"k__Bacteria|p__Firmicutes|c__Clostridia|o__Clostridia_unclassified|f__Clostridia_unclassified|g__Clostridia_unclassified|s__Clostridia_bacterium|t__SGB53490",0,0,NA,FALSE,FALSE,FALSE,NA,"HMP1-2 taxonomy oral"
"k__Bacteria|p__Firmicutes|c__Firmicutes_unclassified|o__Firmicutes_unclassified|f__Firmicutes_unclassified|g__Firmicutes_unclassified|s__Firmicutes_bacterium|t__SGB49163",0,0,NA,FALSE,FALSE,FALSE,NA,"HMP1-2 taxonomy oral"
"k__Bacteria|p__Firmicutes|c__Bacilli|o__Lactobacillales|f__Lactobacillaceae|g__Lactobacillus|s__Lactobacillus_acidophilus|t__SGB7044",0,0,NA,FALSE,FALSE,FALSE,NA,"HMP1-2 taxonomy oral"
"k__Bacteria|p__Firmicutes|c__CFGB11481|o__OFGB11481|f__FGB11481|g__GGB33665|s__GGB33665_SGB47358|t__SGB47358",0,0,NA,FALSE,FALSE,FALSE,NA,"HMP1-2 taxonomy oral"
"k__Bacteria|p__Firmicutes|c__Clostridia|o__Clostridia_unclassified|f__Clostridia_unclassified|g__Clostridia_unclassified|s__Clostridia_unclassified_SGB14024|t__SGB14024",0,0,NA,FALSE,FALSE,FALSE,NA,"HMP1-2 taxonomy oral"
"k__Bacteria|p__Firmicutes|c__Clostridia|o__Clostridia_unclassified|f__Clostridia_unclassified|g__GGB9101|s__GGB9101_SGB14033|t__SGB14033",0,0,NA,FALSE,FALSE,FALSE,NA,"HMP1-2 taxonomy oral"
"k__Bacteria|p__Firmicutes|c__Clostridia|o__Clostridia_unclassified|f__Clostridia_unclassified|g__GGB2977|s__GGB2977_SGB3959|t__SGB3959",0,0,NA,FALSE,FALSE,FALSE,NA,"HMP1-2 taxonomy oral"
"k__Bacteria|p__Firmicutes|c__Clostridia|o__Clostridiales|f__Ruminococcaceae|g__Ruminococcus|s__Ruminococcus_sp_AF41_9|t__SGB25497",0,0,NA,FALSE,FALSE,FALSE,NA,"HMP1-2 taxonomy oral"
"k__Bacteria|p__Bacteroidetes|c__Bacteroidia|o__Bacteroidales|f__Bacteroidaceae|g__Bacteroides|s__Bacteroides_sp_GM023|t__SGB69998",0,0,NA,FALSE,FALSE,FALSE,NA,"HMP1-2 taxonomy oral"
"k__Bacteria|p__Fusobacteria|c__Fusobacteriia|o__Fusobacteriales|f__Fusobacteriaceae|g__Fusobacterium|s__Fusobacterium_massiliense|t__SGB5987",88,0.0685358255451713,0.00280097027896024,FALSE,TRUE,FALSE,NA,"HMP1-2 taxonomy oral"
"k__Bacteria|p__Firmicutes|c__Negativicutes|o__Veillonellales|f__Veillonellaceae|g__Veillonella|s__Veillonella_sp_CHU110|t__SGB30370",38,0.029595015576324,0.000626005230124282,FALSE,TRUE,FALSE,NA,"HMP1-2 taxonomy oral"
"k__Eukaryota|p__Ascomycota|c__Saccharomycetes|o__Saccharomycetales|f__Debaryomycetaceae|g__Candida|s__Candida_tropicalis|t__EUK5482",5,0.00389408099688474,0.000120100016250016,FALSE,TRUE,FALSE,NA,"HMP1-2 taxonomy oral"
"k__Bacteria|p__Bacteroidetes|c__Bacteroidia|o__Bacteroidales|f__Prevotellaceae|g__Prevotella|s__Prevotella_copri_clade_B|t__SGB1613",0,0,NA,FALSE,FALSE,FALSE,NA,"HMP1-2 taxonomy oral"
"k__Bacteria|p__Firmicutes|c__Negativicutes|o__Veillonellales|f__Veillonellaceae|g__Dialister|s__Dialister_hominis|t__SGB5803",0,0,NA,FALSE,FALSE,FALSE,NA,"HMP1-2 taxonomy oral"
"k__Bacteria|p__Firmicutes|c__Clostridia|o__Clostridia_unclassified|f__Clostridia_unclassified|g__Clostridia_unclassified|s__Clostridia_bacterium|t__SGB4339",0,0,NA,FALSE,FALSE,FALSE,NA,"HMP1-2 taxonomy oral"
"k__Bacteria|p__Firmicutes|c__Bacilli|o__Bacilli_unclassified|f__Bacilli_unclassified|g__Bacilli_unclassified|s__Bacilli_unclassified_SGB6422|t__SGB6422",0,0,NA,FALSE,FALSE,FALSE,NA,"HMP1-2 taxonomy oral"
"k__Bacteria|p__Firmicutes|c__Bacilli|o__Lactobacillales|f__Enterococcaceae|g__Enterococcus|s__Enterococcus_faecium|t__SGB7967",1,0.000778816199376947,1.5e-06,FALSE,FALSE,FALSE,NA,"HMP1-2 taxonomy oral"
"k__Bacteria|p__Lentisphaerae|c__Lentisphaeria|o__Victivallales|f__Victivallaceae|g__Victivallis|s__Victivallis_vadensis|t__SGB9202",0,0,NA,FALSE,FALSE,FALSE,NA,"HMP1-2 taxonomy oral"
"k__Bacteria|p__Actinobacteria|c__Coriobacteriia|o__Eggerthellales|f__Eggerthellaceae|g__Slackia|s__Slackia_isoflavoniconvertens|t__SGB14773_group",1,0.000778816199376947,0.000125800037740011,FALSE,TRUE,FALSE,NA,"HMP1-2 taxonomy oral"
"k__Bacteria|p__Firmicutes|c__CFGB3048|o__OFGB3048|f__FGB3048|g__GGB9561|s__GGB9561_SGB14972|t__SGB14972",0,0,NA,FALSE,FALSE,FALSE,NA,"HMP1-2 taxonomy oral"
"k__Bacteria|p__Firmicutes|c__CFGB1394|o__OFGB1394|f__FGB1394|g__GGB3386|s__GGB3386_SGB4474|t__SGB4474",49,0.0381619937694704,0.000857142585369727,FALSE,TRUE,FALSE,NA,"HMP1-2 taxonomy oral"
"k__Bacteria|p__Spirochaetes|c__Spirochaetia|o__Spirochaetales|f__Spirochaetaceae|g__Treponema|s__Treponema_sp_Marseille_Q3903|t__SGB3552",54,0.0420560747663551,0.000586060988200875,FALSE,TRUE,FALSE,NA,"HMP1-2 taxonomy oral"
"k__Bacteria|p__Bacteroidetes|c__CFGB47554|o__OFGB47554|f__FGB47554|g__GGB49229|s__GGB49229_SGB69060|t__SGB69060",32,0.0249221183800623,0.00113502186057416,FALSE,TRUE,FALSE,NA,"HMP1-2 taxonomy oral"
"k__Bacteria|p__Tenericutes|c__Mollicutes|o__Mycoplasmatales|f__Mycoplasmataceae|g__GGB4333|s__GGB4333_SGB5935|t__SGB5935",134,0.104361370716511,0.00120238718934547,TRUE,TRUE,TRUE,0.0262849466749419,"HMP1-2 taxonomy oral"
"k__Bacteria|p__Bacteroidetes|c__Flavobacteriia|o__Flavobacteriales|f__Flavobacteriaceae|g__GGB1838|s__GGB1838_SGB2488|t__SGB2488",83,0.0646417445482866,0.00124650447185049,FALSE,TRUE,FALSE,NA,"HMP1-2 taxonomy oral"
"k__Bacteria|p__Firmicutes|c__Clostridia|o__Clostridiales|f__Clostridiales_Family_XIII_Incertae_Sedis|g__Clostridiales_Family_XIII_Incertae_Sedis_unclassified|s__Eubacterium_saphenum|t__SGB3945",58,0.0451713395638629,0.00022801375975038,FALSE,TRUE,FALSE,NA,"HMP1-2 taxonomy oral"
"k__Bacteria|p__Bacteroidetes|c__Bacteroidia|o__Bacteroidales|f__Bacteroidales_unclassified|g__Phocaeicola|s__Phocaeicola_abscessus|t__SGB2052",15,0.0116822429906542,0.000630126641885376,FALSE,TRUE,FALSE,NA,"HMP1-2 taxonomy oral"
"k__Bacteria|p__Bacteroidetes|c__Bacteroidia|o__Bacteroidales|f__Prevotellaceae|g__Prevotella|s__Prevotella_koreensis|t__SGB1580",28,0.0218068535825545,0.000366221317737946,FALSE,TRUE,FALSE,NA,"HMP1-2 taxonomy oral"
"k__Bacteria|p__Proteobacteria|c__Deltaproteobacteria|o__Desulfovibrionales|f__Desulfovibrionaceae|g__Desulfovibrio|s__Desulfovibrio_sp_Dsv1|t__SGB57328",3,0.00233644859813084,4.96999684066922e-05,FALSE,FALSE,FALSE,NA,"HMP1-2 taxonomy oral"
"k__Bacteria|p__Bacteroidetes|c__Bacteroidia|o__Bacteroidales|f__Prevotellaceae|g__Prevotella|s__Prevotella_dentalis|t__SGB1532",35,0.0272585669781931,0.000209022794322618,FALSE,TRUE,FALSE,NA,"HMP1-2 taxonomy oral"
"k__Bacteria|p__Bacteroidetes|c__Flavobacteriia|o__Flavobacteriales|f__Flavobacteriaceae|g__Capnocytophaga|s__Capnocytophaga_haemolytica|t__SGB2487",62,0.0482866043613707,0.0015233212056895,FALSE,TRUE,FALSE,NA,"HMP1-2 taxonomy oral"
"k__Bacteria|p__Firmicutes|c__Clostridia|o__Clostridiales|f__Lachnospiraceae|g__Lachnospiraceae_unclassified|s__Lachnospiraceae_bacterium_oral_taxon_500|t__SGB24947",101,0.0786604361370716,0.000102467327002495,FALSE,TRUE,FALSE,NA,"HMP1-2 taxonomy oral"
"k__Bacteria|p__Bacteroidetes|c__Bacteroidia|o__Bacteroidales|f__Prevotellaceae|g__Prevotella|s__Prevotella_intermedia|t__SGB1560",297,0.231308411214953,0.00466305355631486,TRUE,TRUE,TRUE,0.0594891008330345,"HMP1-2 taxonomy oral"
"k__Bacteria|p__Bacteroidetes|c__Bacteroidia|o__Bacteroidales|f__Prevotellaceae|g__Prevotella|s__Prevotella_sp_oral_taxon_820|t__SGB21553",58,0.0451713395638629,5.25620754175909e-05,FALSE,FALSE,FALSE,NA,"HMP1-2 taxonomy oral"
"k__Bacteria|p__Firmicutes|c__Clostridia|o__Clostridiales|f__Eubacteriaceae|g__Pseudoramibacter|s__Pseudoramibacter_alactolyticus|t__SGB4082",4,0.00311526479750779,0.000140149938627562,FALSE,TRUE,FALSE,NA,"HMP1-2 taxonomy oral"
"k__Bacteria|p__Spirochaetes|c__Spirochaetia|o__Spirochaetales|f__Spirochaetaceae|g__Treponema|s__Treponema_putidum|t__SGB3616",7,0.00545171339563863,1.69714286785731e-05,FALSE,FALSE,FALSE,NA,"HMP1-2 taxonomy oral"
"k__Bacteria|p__Candidatus_Saccharibacteria|c__Candidatus_Saccharibacteria_unclassified|o__Candidatus_Saccharibacteria_unclassified|f__Candidatus_Saccharibacteria_unclassified|g__Candidatus_Saccharibacteria_unclassified|s__TM7_phylum_sp_oral_taxon_350|t__SGB19820",46,0.0358255451713396,0.00350749542411259,FALSE,TRUE,FALSE,NA,"HMP1-2 taxonomy oral"
"k__Bacteria|p__Actinobacteria|c__Actinobacteria|o__Bifidobacteriales|f__Bifidobacteriaceae|g__Gardnerella|s__Gardnerella_vaginalis|t__SGB17309",2,0.00155763239875389,3.19999965100004e-05,FALSE,FALSE,FALSE,NA,"HMP1-2 taxonomy oral"
"k__Bacteria|p__Bacteroidetes|c__Bacteroidia|o__Bacteroidales|f__Prevotellaceae|g__Prevotella|s__Prevotella_amnii|t__SGB1558",0,0,NA,FALSE,FALSE,FALSE,NA,"HMP1-2 taxonomy oral"
"k__Bacteria|p__Firmicutes|c__Clostridia|o__Clostridiales|f__Hungateiclostridiaceae|g__GGB3012|s__GGB3012_SGB4003|t__SGB4003",0,0,NA,FALSE,FALSE,FALSE,NA,"HMP1-2 taxonomy oral"
"k__Bacteria|p__Firmicutes|c__Negativicutes|o__Veillonellales|f__Veillonellaceae|g__Megasphaera|s__Megasphaera_genomosp_type_1|t__SGB5867",1,0.000778816199376947,2.73999890400044e-05,FALSE,FALSE,FALSE,NA,"HMP1-2 taxonomy oral"
"k__Bacteria|p__Actinobacteria|c__Actinobacteria|o__Bifidobacteriales|f__Bifidobacteriaceae|g__Gardnerella|s__Gardnerella_vaginalis|t__SGB17301",0,0,NA,FALSE,FALSE,FALSE,NA,"HMP1-2 taxonomy oral"
"k__Bacteria|p__Proteobacteria|c__Gammaproteobacteria|o__Pseudomonadales|f__Moraxellaceae|g__Moraxella|s__Moraxella_lincolnii|t__SGB10432",2,0.00155763239875389,0.227919222792702,FALSE,TRUE,FALSE,NA,"HMP1-2 taxonomy oral"
"k__Bacteria|p__Proteobacteria|c__Gammaproteobacteria|o__Pseudomonadales|f__Pseudomonadaceae|g__Pseudomonas|s__Pseudomonas_extremaustralis|t__SGB12135",3,0.00233644859813084,0.0691029647836455,FALSE,TRUE,FALSE,NA,"HMP1-2 taxonomy oral"
"k__Bacteria|p__Bacteroidetes|c__Bacteroidia|o__Bacteroidales|f__Prevotellaceae|g__GGB1266|s__GGB1266_SGB1699|t__SGB1699",3,0.00233644859813084,0.000390966630750005,FALSE,TRUE,FALSE,NA,"HMP1-2 taxonomy oral"
"k__Bacteria|p__Firmicutes|c__Clostridia|o__Clostridiales|f__Lachnospiraceae|g__Lachnospiraceae_unclassified|s__Lachnospiraceae_bacterium|t__SGB4672",0,0,NA,FALSE,FALSE,FALSE,NA,"HMP1-2 taxonomy oral"
"k__Bacteria|p__Firmicutes|c__CFGB1281|o__OFGB1281|f__FGB1281|g__GGB3095|s__GGB3095_SGB4103|t__SGB4103",0,0,NA,FALSE,FALSE,FALSE,NA,"HMP1-2 taxonomy oral"
"k__Bacteria|p__Firmicutes|c__Clostridia|o__Clostridia_unclassified|f__Clostridia_unclassified|g__Clostridia_unclassified|s__Clostridia_bacterium|t__SGB5183",1,0.000778816199376947,3.49999930000014e-05,FALSE,FALSE,FALSE,NA,"HMP1-2 taxonomy oral"
"k__Bacteria|p__Actinobacteria|c__Coriobacteriia|o__Eggerthellales|f__Eggerthellaceae|g__Enteroscipio|s__Enteroscipio_rubneri|t__SGB14803",0,0,NA,FALSE,FALSE,FALSE,NA,"HMP1-2 taxonomy oral"
"k__Bacteria|p__Firmicutes|c__Erysipelotrichia|o__Erysipelotrichales|f__Erysipelotrichaceae|g__Erysipelotrichaceae_unclassified|s__Erysipelotrichaceae_bacterium_3_1_53|t__SGB4036",0,0,NA,FALSE,FALSE,FALSE,NA,"HMP1-2 taxonomy oral"
"k__Bacteria|p__Firmicutes|c__Clostridia|o__Clostridiales|f__Lachnospiraceae|g__Lachnospiraceae_unclassified|s__Lachnospiraceae_bacterium|t__SGB4688",0,0,NA,FALSE,FALSE,FALSE,NA,"HMP1-2 taxonomy oral"
"k__Bacteria|p__Firmicutes|c__Clostridia|o__Clostridiales|f__Lachnospiraceae|g__Lachnoclostridium|s__Clostridium_hylemonae|t__SGB4632",0,0,NA,FALSE,FALSE,FALSE,NA,"HMP1-2 taxonomy oral"
"k__Bacteria|p__Firmicutes|c__Clostridia|o__Clostridiales|f__Eubacteriaceae|g__Intestinibacillus|s__Intestinibacillus_sp_Marseille_P6563|t__SGB29313",0,0,NA,FALSE,FALSE,FALSE,NA,"HMP1-2 taxonomy oral"
"k__Bacteria|p__Firmicutes|c__Clostridia|o__Clostridiales|f__Lachnospiraceae|g__Lachnospiraceae_unclassified|s__Lachnospiraceae_bacterium_NSJ_38|t__SGB82502",0,0,NA,FALSE,FALSE,FALSE,NA,"HMP1-2 taxonomy oral"
"k__Bacteria|p__Firmicutes|c__Clostridia|o__Clostridiales|f__Clostridiales_Family_XIII_Incertae_Sedis|g__Clostridiales_Family_XIII_Incertae_Sedis_unclassified|s__Eubacterium_nodatum|t__SGB6627",89,0.0693146417445483,0.000523594322419628,FALSE,TRUE,FALSE,NA,"HMP1-2 taxonomy oral"
"k__Bacteria|p__Firmicutes|c__Clostridia|o__Clostridiales|f__Clostridiales_Family_XIII_Incertae_Sedis|g__Mogibacterium|s__Mogibacterium_timidum|t__SGB3920",121,0.0942367601246106,0.000436830585725756,FALSE,TRUE,FALSE,NA,"HMP1-2 taxonomy oral"
"k__Bacteria|p__Actinobacteria|c__Coriobacteriia|o__Coriobacteriales|f__Atopobiaceae|g__Olsenella|s__Olsenella_uli|t__SGB14386",25,0.0194704049844237,0.000276888011936035,FALSE,TRUE,FALSE,NA,"HMP1-2 taxonomy oral"
"k__Bacteria|p__Firmicutes|c__Bacilli|o__Bacilli_unclassified|f__Bacilli_unclassified|g__Bacilli_unclassified|s__Bacilli_bacterium|t__SGB1021",3,0.00233644859813084,0.00406973438692033,FALSE,TRUE,FALSE,NA,"HMP1-2 taxonomy oral"
"k__Bacteria|p__Bacteroidetes|c__Bacteroidia|o__Bacteroidales|f__Bacteroidaceae|g__Bacteroidaceae_unclassified|s__Bacteroidaceae_bacterium|t__SGB1472",5,0.00389408099688474,0.000985420173952085,FALSE,TRUE,FALSE,NA,"HMP1-2 taxonomy oral"
"k__Bacteria|p__Bacteroidetes|c__Bacteroidia|o__Bacteroidales|f__Prevotellaceae|g__Prevotella|s__Prevotella_sp_885|t__SGB1677",2,0.00155763239875389,0.00189740055904017,FALSE,TRUE,FALSE,NA,"HMP1-2 taxonomy oral"
"k__Bacteria|p__Firmicutes|c__Clostridia|o__Clostridiales|f__Lachnospiraceae|g__GGB3733|s__GGB3733_SGB5066|t__SGB5066",2,0.00155763239875389,0.00855300020319006,FALSE,TRUE,FALSE,NA,"HMP1-2 taxonomy oral"
"k__Bacteria|p__Bacteroidetes|c__Bacteroidia|o__Bacteroidales|f__Bacteroidales_unclassified|g__Phocaeicola|s__Phocaeicola_sartorii|t__SGB1813",1,0.000778816199376947,0.000458900137670041,FALSE,TRUE,FALSE,NA,"HMP1-2 taxonomy oral"
"k__Bacteria|p__Firmicutes|c__Clostridia|o__Clostridia_unclassified|f__Clostridia_unclassified|g__GGB4610|s__GGB4610_SGB6384|t__SGB6384",1,0.000778816199376947,0.000688800206640062,FALSE,TRUE,FALSE,NA,"HMP1-2 taxonomy oral"
"k__Bacteria|p__Firmicutes|c__Clostridia|o__Clostridiales|f__Ruminococcaceae|g__GGB9674|s__GGB9674_SGB15173|t__SGB15173",1,0.000778816199376947,0.000130900039270012,FALSE,TRUE,FALSE,NA,"HMP1-2 taxonomy oral"
"k__Bacteria|p__Firmicutes|c__Clostridia|o__Clostridia_unclassified|f__Clostridia_unclassified|g__Clostridia_unclassified|s__Clostridia_unclassified_SGB4373|t__SGB4373",1,0.000778816199376947,0.000136000040800012,FALSE,TRUE,FALSE,NA,"HMP1-2 taxonomy oral"
"k__Bacteria|p__Firmicutes|c__Clostridia|o__Clostridia_unclassified|f__Clostridia_unclassified|g__GGB9348|s__GGB9348_SGB14315|t__SGB14315",1,0.000778816199376947,3.48000104400031e-05,FALSE,FALSE,FALSE,NA,"HMP1-2 taxonomy oral"
"k__Bacteria|p__Firmicutes|c__Clostridia|o__Clostridia_unclassified|f__Clostridia_unclassified|g__Clostridia_unclassified|s__Clostridia_bacterium|t__SGB3951",1,0.000778816199376947,1.50000045000014e-05,FALSE,FALSE,FALSE,NA,"HMP1-2 taxonomy oral"
"k__Bacteria|p__Firmicutes|c__Clostridia|o__Clostridiales|f__Oscillospiraceae|g__Oscillibacter|s__Oscillibacter_ruminantium|t__SGB28985",0,0,NA,FALSE,FALSE,FALSE,NA,"HMP1-2 taxonomy oral"
"k__Bacteria|p__Firmicutes|c__Clostridia|o__Clostridiales|f__Lachnospiraceae|g__Lachnospiraceae_unclassified|s__Lachnospiraceae_unclassified_SGB5104|t__SGB5104",0,0,NA,FALSE,FALSE,FALSE,NA,"HMP1-2 taxonomy oral"
"k__Bacteria|p__Firmicutes|c__Clostridia|o__Clostridiales|f__Peptococcaceae|g__Peptococcaceae_unclassified|s__Peptococcaceae_bacterium|t__SGB4060",0,0,NA,FALSE,FALSE,FALSE,NA,"HMP1-2 taxonomy oral"
"k__Bacteria|p__Firmicutes|c__Clostridia|o__Clostridiales|f__Ruminococcaceae|g__GGB9583|s__GGB9583_SGB15004|t__SGB15004",1,0.000778816199376947,1.30999973800005e-05,FALSE,FALSE,FALSE,NA,"HMP1-2 taxonomy oral"
"k__Bacteria|p__Firmicutes|c__Clostridia|o__Clostridiales|f__Lachnospiraceae|g__Lachnospiraceae_unclassified|s__Lachnospiraceae_bacterium_BX3|t__SGB4651",0,0,NA,FALSE,FALSE,FALSE,NA,"HMP1-2 taxonomy oral"
"k__Bacteria|p__Firmicutes|c__Clostridia|o__Clostridiales|f__Ruminococcaceae|g__Negativibacillus|s__Negativibacillus_massiliensis|t__SGB14912",0,0,NA,FALSE,FALSE,FALSE,NA,"HMP1-2 taxonomy oral"
"k__Bacteria|p__Firmicutes|c__Clostridia|o__Clostridiales|f__Ruminococcaceae|g__GGB9452|s__GGB9452_SGB14843|t__SGB14843",0,0,NA,FALSE,FALSE,FALSE,NA,"HMP1-2 taxonomy oral"
"k__Bacteria|p__Firmicutes|c__Clostridia|o__Clostridiales|f__Lachnospiraceae|g__GGB3737|s__GGB3737_SGB5071|t__SGB5071",0,0,NA,FALSE,FALSE,FALSE,NA,"HMP1-2 taxonomy oral"
"k__Bacteria|p__Firmicutes|c__Clostridia|o__Clostridiales|f__Lachnospiraceae|g__Lachnospiraceae_unclassified|s__Lachnospiraceae_bacterium|t__SGB4834",0,0,NA,FALSE,FALSE,FALSE,NA,"HMP1-2 taxonomy oral"
"k__Bacteria|p__Firmicutes|c__Clostridia|o__Clostridiales|f__Clostridiales_unclassified|g__Clostridiales_unclassified|s__Clostridiales_bacterium_CHKCI006|t__SGB7261",0,0,NA,FALSE,FALSE,FALSE,NA,"HMP1-2 taxonomy oral"
"k__Bacteria|p__Firmicutes|c__Clostridia|o__Clostridia_unclassified|f__Clostridia_unclassified|g__Clostridia_unclassified|s__Clostridia_bacterium|t__SGB19227",0,0,NA,FALSE,FALSE,FALSE,NA,"HMP1-2 taxonomy oral"
"k__Bacteria|p__Firmicutes|c__Clostridia|o__Clostridia_unclassified|f__Clostridia_unclassified|g__Clostridia_unclassified|s__Clostridia_bacterium|t__SGB54333",0,0,NA,FALSE,FALSE,FALSE,NA,"HMP1-2 taxonomy oral"
"k__Bacteria|p__Firmicutes|c__Clostridia|o__Clostridiales|f__Clostridiaceae|g__Clostridium|s__Clostridium_sp_chh4_2|t__SGB4743",0,0,NA,FALSE,FALSE,FALSE,NA,"HMP1-2 taxonomy oral"
"k__Bacteria|p__Actinobacteria|c__Coriobacteriia|o__Coriobacteriales|f__Coriobacteriaceae|g__Senegalimassilia|s__Senegalimassilia_faecalis|t__SGB14822",0,0,NA,FALSE,FALSE,FALSE,NA,"HMP1-2 taxonomy oral"
"k__Archaea|p__Euryarchaeota|c__Methanobacteria|o__Methanobacteriales|f__Methanobacteriaceae|g__Methanosphaera|s__Methanosphaera_stadtmanae|t__SGB698",0,0,NA,FALSE,FALSE,FALSE,NA,"HMP1-2 taxonomy oral"
"k__Bacteria|p__Actinobacteria|c__Coriobacteriia|o__Eggerthellales|f__Eggerthellaceae|g__Adlercreutzia|s__Adlercreutzia_mucosicola|t__SGB33554",0,0,NA,FALSE,FALSE,FALSE,NA,"HMP1-2 taxonomy oral"
"k__Bacteria|p__Actinobacteria|c__Coriobacteriia|o__Coriobacteriales|f__Coriobacteriales_unclassified|g__Coriobacteriales_unclassified|s__Coriobacteriales_unclassified_SGB72475|t__SGB72475_group",0,0,NA,FALSE,FALSE,FALSE,NA,"HMP1-2 taxonomy oral"
"k__Bacteria|p__Firmicutes|c__Clostridia|o__Clostridia_unclassified|f__Clostridia_unclassified|g__Candidatus_Metaruminococcus|s__Candidatus_Metaruminococcus_gallistercoris|t__SGB14870",0,0,NA,FALSE,FALSE,FALSE,NA,"HMP1-2 taxonomy oral"
"k__Bacteria|p__Firmicutes|c__Clostridia|o__Clostridia_unclassified|f__Clostridia_unclassified|g__Clostridia_unclassified|s__Clostridia_bacterium|t__SGB4438",0,0,NA,FALSE,FALSE,FALSE,NA,"HMP1-2 taxonomy oral"
"k__Bacteria|p__Firmicutes|c__Clostridia|o__Clostridiales|f__Clostridiaceae|g__Lactonifactor|s__Lactonifactor_sp_BIOML_A6|t__SGB48013",0,0,NA,FALSE,FALSE,FALSE,NA,"HMP1-2 taxonomy oral"
"k__Bacteria|p__Proteobacteria|c__Gammaproteobacteria|o__Pseudomonadales|f__Pseudomonadaceae|g__Pseudomonas|s__Pseudomonas_monteilii|t__SGB12291",0,0,NA,FALSE,FALSE,FALSE,NA,"HMP1-2 taxonomy oral"
"k__Bacteria|p__Firmicutes|c__Clostridia|o__Clostridiales|f__Lachnospiraceae|g__Blautia|s__Blautia_producta|t__SGB4786",0,0,NA,FALSE,FALSE,FALSE,NA,"HMP1-2 taxonomy oral"
"k__Bacteria|p__Firmicutes|c__Clostridia|o__Clostridiales|f__Ruminococcaceae|g__Ruminococcaceae_unclassified|s__Ruminococcaceae_bacterium|t__SGB14925",0,0,NA,FALSE,FALSE,FALSE,NA,"HMP1-2 taxonomy oral"
"k__Bacteria|p__Proteobacteria|c__Betaproteobacteria|o__Neisseriales|f__Neisseriaceae|g__Simonsiella|s__Simonsiella_muelleri|t__SGB9474",127,0.0989096573208723,0.000167799181753966,FALSE,TRUE,FALSE,NA,"HMP1-2 taxonomy oral"
"k__Bacteria|p__Proteobacteria|c__Betaproteobacteria|o__Neisseriales|f__Neisseriaceae|g__Kingella|s__Kingella_kingae|t__SGB9475",47,0.0366043613707165,5.84468115527774e-05,FALSE,FALSE,FALSE,NA,"HMP1-2 taxonomy oral"
"k__Bacteria|p__Candidatus_Saccharibacteria|c__CFGB4354|o__OFGB4354|f__FGB4354|g__GGB12787|s__GGB12787_SGB19830|t__SGB19830",85,0.0661993769470405,0.00254771301581155,FALSE,TRUE,FALSE,NA,"HMP1-2 taxonomy oral"
"k__Bacteria|p__Actinobacteria|c__Actinobacteria|o__Corynebacteriales|f__Corynebacteriaceae|g__Corynebacterium|s__Corynebacterium_kroppenstedtii|t__SGB17004",1,0.000778816199376947,0.000484500145350043,FALSE,TRUE,FALSE,NA,"HMP1-2 taxonomy oral"
"k__Bacteria|p__Actinobacteria|c__Actinobacteria|o__Corynebacteriales|f__Corynebacteriaceae|g__Corynebacterium|s__Corynebacterium_kroppenstedtii|t__SGB17000",1,0.000778816199376947,1.61000048300014e-05,FALSE,FALSE,FALSE,NA,"HMP1-2 taxonomy oral"
"k__Bacteria|p__Actinobacteria|c__Actinobacteria|o__Micrococcales|f__Brevibacteriaceae|g__Brevibacterium|s__Brevibacterium_casei|t__SGB16643",0,0,NA,FALSE,FALSE,FALSE,NA,"HMP1-2 taxonomy oral"
"k__Bacteria|p__Bacteroidetes|c__Flavobacteriia|o__Flavobacteriales|f__Weeksellaceae|g__Chryseobacterium|s__Chryseobacterium_arthrosphaerae|t__SGB2574",1,0.000778816199376947,5.99999640000216e-07,FALSE,FALSE,FALSE,NA,"HMP1-2 taxonomy oral"
"k__Bacteria|p__Actinobacteria|c__Actinobacteria|o__Corynebacteriales|f__Corynebacteriaceae|g__Corynebacterium|s__Corynebacterium_variabile|t__SGB17034",0,0,NA,FALSE,FALSE,FALSE,NA,"HMP1-2 taxonomy oral"
"k__Bacteria|p__Actinobacteria|c__Actinobacteria|o__Micrococcales|f__Micrococcaceae|g__Kocuria|s__Kocuria_rhizophila|t__SGB16671",0,0,NA,FALSE,FALSE,FALSE,NA,"HMP1-2 taxonomy oral"
"k__Bacteria|p__Proteobacteria|c__Gammaproteobacteria|o__Xanthomonadales|f__Xanthomonadaceae|g__Xanthomonas|s__Xanthomonas_campestris|t__SGB12430",0,0,NA,FALSE,FALSE,FALSE,NA,"HMP1-2 taxonomy oral"
"k__Bacteria|p__Proteobacteria|c__Alphaproteobacteria|o__Rhizobiales|f__Rhizobiales_unclassified|g__Rhizobiales_unclassified|s__Rhizobiales_bacterium|t__SGB11087",0,0,NA,FALSE,FALSE,FALSE,NA,"HMP1-2 taxonomy oral"
"k__Bacteria|p__Actinobacteria|c__Actinobacteria|o__Corynebacteriales|f__Corynebacteriaceae|g__Corynebacterium|s__Corynebacterium_hadale|t__SGB17059",0,0,NA,FALSE,FALSE,FALSE,NA,"HMP1-2 taxonomy oral"
"k__Bacteria|p__Firmicutes|c__Bacilli|o__Bacillales|f__Staphylococcaceae|g__Staphylococcus|s__Staphylococcus_warneri|t__SGB7857_group",0,0,NA,FALSE,FALSE,FALSE,NA,"HMP1-2 taxonomy oral"
"k__Bacteria|p__Actinobacteria|c__Actinobacteria|o__Corynebacteriales|f__Corynebacteriaceae|g__Corynebacterium|s__Corynebacterium_jeikeium|t__SGB17043",0,0,NA,FALSE,FALSE,FALSE,NA,"HMP1-2 taxonomy oral"
"k__Bacteria|p__Bacteroidetes|c__CFGB12541|o__OFGB12541|f__FGB12541|g__GGB35550|s__GGB35550_SGB48439|t__SGB48439",0,0,NA,FALSE,FALSE,FALSE,NA,"HMP1-2 taxonomy oral"
"k__Bacteria|p__Bacteroidetes|c__Bacteroidia|o__Bacteroidales|f__Bacteroidaceae|g__GGB1379|s__GGB1379_SGB1880|t__SGB1880",0,0,NA,FALSE,FALSE,FALSE,NA,"HMP1-2 taxonomy oral"
"k__Bacteria|p__Proteobacteria|c__Betaproteobacteria|o__Burkholderiales|f__Sutterellaceae|g__Sutterella|s__Sutterella_SGB9281|t__SGB9281",5,0.00389408099688474,0.000398320070952018,FALSE,TRUE,FALSE,NA,"HMP1-2 taxonomy oral"
"k__Bacteria|p__Candidatus_Melainabacteria|c__Candidatus_Melainabacteria_unclassified|o__Candidatus_Gastranaerophilales|f__Candidatus_Gastranaerophilales_unclassified|g__GGB5980|s__GGB5980_SGB8599|t__SGB8599",0,0,NA,FALSE,FALSE,FALSE,NA,"HMP1-2 taxonomy oral"
"k__Bacteria|p__Firmicutes|c__Clostridia|o__Clostridiales|f__Ruminococcaceae|g__Ruminococcaceae_unclassified|s__Ruminococcaceae_bacterium|t__SGB15196",0,0,NA,FALSE,FALSE,FALSE,NA,"HMP1-2 taxonomy oral"
"k__Bacteria|p__Proteobacteria|c__Deltaproteobacteria|o__Desulfovibrionales|f__Desulfovibrionaceae|g__GGB28319|s__GGB28319_SGB40892|t__SGB40892",0,0,NA,FALSE,FALSE,FALSE,NA,"HMP1-2 taxonomy oral"
"k__Bacteria|p__Bacteroidetes|c__Bacteroidia|o__Bacteroidales|f__Bacteroidaceae|g__Bacteroides|s__Bacteroides_gallinarum|t__SGB1828",0,0,NA,FALSE,FALSE,FALSE,NA,"HMP1-2 taxonomy oral"
"k__Bacteria|p__Bacteroidetes|c__Bacteroidia|o__Bacteroidales|f__Prevotellaceae|g__Prevotella|s__Prevotella_multiformis|t__SGB1539",26,0.0202492211838006,0.00199933064641933,FALSE,TRUE,FALSE,NA,"HMP1-2 taxonomy oral"
"k__Bacteria|p__Bacteroidetes|c__Bacteroidia|o__Bacteroidales|f__Porphyromonadaceae|g__Porphyromonas|s__Porphyromonas_gingivalis|t__SGB2057",42,0.0327102803738318,0.00121319999696059,FALSE,TRUE,FALSE,NA,"HMP1-2 taxonomy oral"
"k__Bacteria|p__Spirochaetes|c__Spirochaetia|o__Spirochaetales|f__Spirochaetaceae|g__GGB2676|s__GGB2676_SGB3611|t__SGB3611",57,0.044392523364486,0.00100068063193024,FALSE,TRUE,FALSE,NA,"HMP1-2 taxonomy oral"
"k__Bacteria|p__Fusobacteria|c__Fusobacteriia|o__Fusobacteriales|f__Leptotrichiaceae|g__Leptotrichia|s__Leptotrichia_sp_oral_taxon_847|t__SGB24832",20,0.0155763239875389,4.99699947890044e-05,FALSE,FALSE,FALSE,NA,"HMP1-2 taxonomy oral"
"k__Bacteria|p__Bacteroidetes|c__Bacteroidia|o__Bacteroidales|f__Prevotellaceae|g__GGB1188|s__GGB1188_SGB1538|t__SGB1538",29,0.0225856697819315,0.00204253440547639,FALSE,TRUE,FALSE,NA,"HMP1-2 taxonomy oral"
"k__Bacteria|p__Bacteroidetes|c__Bacteroidia|o__Bacteroidales|f__Prevotellaceae|g__Prevotella|s__Prevotella_sp_oral_taxon_376|t__SGB21554",14,0.0109034267912773,0.000467849875927256,FALSE,TRUE,FALSE,NA,"HMP1-2 taxonomy oral"
"k__Bacteria|p__Firmicutes|c__Clostridia|o__Clostridiales|f__Lachnospiraceae|g__Oribacterium|s__Oribacterium_sp_oral_taxon_102|t__SGB71397",2,0.00155763239875389,0.000156100001840001,FALSE,TRUE,FALSE,NA,"HMP1-2 taxonomy oral"
"k__Bacteria|p__Firmicutes|c__Erysipelotrichia|o__Erysipelotrichales|f__Erysipelotrichaceae|g__Eggerthia|s__Eggerthia_catenaformis|t__SGB6630",10,0.00778816199376947,9.62299944670114e-05,FALSE,FALSE,FALSE,NA,"HMP1-2 taxonomy oral"
"k__Bacteria|p__Bacteroidetes|c__Bacteroidia|o__Bacteroidales|f__Prevotellaceae|g__Prevotella|s__Prevotella_baroniae|t__SGB1533",93,0.0724299065420561,0.000428201092090369,FALSE,TRUE,FALSE,NA,"HMP1-2 taxonomy oral"
"k__Bacteria|p__Proteobacteria|c__Deltaproteobacteria|o__Desulfobacterales|f__Desulfobulbaceae|g__Desulfobulbus|s__Desulfobulbus_oralis|t__SGB8831",10,0.00778816199376947,0.000163969955233038,FALSE,TRUE,FALSE,NA,"HMP1-2 taxonomy oral"
"k__Bacteria|p__Firmicutes|c__Clostridia|o__Clostridiales|f__Peptostreptococcaceae|g__Peptostreptococcaceae_unclassified|s__Peptostreptococcaceae_bacterium_oral_taxon_113|t__SGB6626",4,0.00311526479750779,7.68249880550098e-05,FALSE,FALSE,FALSE,NA,"HMP1-2 taxonomy oral"
"k__Bacteria|p__Actinobacteria|c__Coriobacteriia|o__Coriobacteriales|f__Atopobiaceae|g__Olsenella|s__Olsenella_phocaeensis|t__SGB14384",1,0.000778816199376947,8.8e-06,FALSE,FALSE,FALSE,NA,"HMP1-2 taxonomy oral"
"k__Bacteria|p__Bacteroidetes|c__CFGB2427|o__OFGB2427|f__FGB2427|g__GGB6645|s__GGB6645_SGB9382|t__SGB9382",2,0.00155763239875389,0.00155965006644501,FALSE,TRUE,FALSE,NA,"HMP1-2 taxonomy oral"
"k__Bacteria|p__Candidatus_Absconditabacteria|c__Candidatus_Absconditabacteria_unclassified|o__Candidatus_Absconditabacteria_unclassified|f__Candidatus_Absconditabacteria_unclassified|g__GGB4936|s__GGB4936_SGB6888|t__SGB6888",28,0.0218068535825545,0.00672215668741555,FALSE,TRUE,FALSE,NA,"HMP1-2 taxonomy oral"
"k__Bacteria|p__Firmicutes|c__Clostridia|o__Clostridia_unclassified|f__Clostridia_unclassified|g__Clostridia_unclassified|s__Clostridia_unclassified_SGB4317|t__SGB4317",1,0.000778816199376947,2.05999958800008e-05,FALSE,FALSE,FALSE,NA,"HMP1-2 taxonomy oral"
"k__Bacteria|p__Firmicutes|c__Erysipelotrichia|o__Erysipelotrichales|f__Erysipelotrichaceae|g__Erysipelatoclostridium|s__Erysipelatoclostridium_sp_An15|t__SGB6746",0,0,NA,FALSE,FALSE,FALSE,NA,"HMP1-2 taxonomy oral"
"k__Bacteria|p__Firmicutes|c__Clostridia|o__Clostridiales|f__Lachnospiraceae|g__Lachnospiraceae_unclassified|s__Lachnospiraceae_bacterium|t__SGB48024",0,0,NA,FALSE,FALSE,FALSE,NA,"HMP1-2 taxonomy oral"
"k__Bacteria|p__Firmicutes|c__CFGB24517|o__OFGB24517|f__FGB24517|g__GGB45620|s__GGB45620_SGB63333|t__SGB63333",0,0,NA,FALSE,FALSE,FALSE,NA,"HMP1-2 taxonomy oral"
"k__Bacteria|p__Firmicutes|c__Clostridia|o__Clostridiales|f__Clostridiaceae|g__Clostridium|s__Clostridium_sp_AM58_1XD|t__SGB25539",0,0,NA,FALSE,FALSE,FALSE,NA,"HMP1-2 taxonomy oral"
"k__Bacteria|p__Firmicutes|c__Clostridia|o__Clostridiales|f__Lachnospiraceae|g__Marvinbryantia|s__Marvinbryantia_formatexigens|t__SGB4690",0,0,NA,FALSE,FALSE,FALSE,NA,"HMP1-2 taxonomy oral"
"k__Bacteria|p__Candidatus_Gracilibacteria|c__Candidatus_Gracilibacteria_unclassified|o__Candidatus_Gracilibacteria_unclassified|f__Candidatus_Gracilibacteria_unclassified|g__Candidatus_Gracilibacteria_unclassified|s__Candidatus_Gracilibacteria_bacterium_HOT_871|t__SGB5977",96,0.0747663551401869,0.0029635656013688,FALSE,TRUE,FALSE,NA,"HMP1-2 taxonomy oral"
"k__Bacteria|p__Firmicutes|c__Negativicutes|o__Veillonellales|f__Veillonellaceae|g__Veillonellaceae_unclassified|s__Veillonellaceae_bacterium|t__SGB6930",82,0.0638629283489097,0.00531608493753202,FALSE,TRUE,FALSE,NA,"HMP1-2 taxonomy oral"
"k__Bacteria|p__Firmicutes|c__Negativicutes|o__Veillonellales|f__Veillonellaceae|g__Veillonellaceae_unclassified|s__Veillonellaceae_bacterium|t__SGB6932",5,0.00389408099688474,1.51400066360037e-05,FALSE,FALSE,FALSE,NA,"HMP1-2 taxonomy oral"
"k__Bacteria|p__Actinobacteria|c__Actinobacteria|o__Propionibacteriales|f__Propionibacteriaceae|g__Propionibacterium|s__Propionibacterium_acidifaciens|t__SGB15903",28,0.0218068535825545,0.00104277145334861,FALSE,TRUE,FALSE,NA,"HMP1-2 taxonomy oral"
"k__Bacteria|p__Proteobacteria|c__Betaproteobacteria|o__Neisseriales|f__Neisseriaceae|g__Neisseria|s__Neisseria_chenwenguii|t__SGB9471",18,0.014018691588785,1.23333315055572e-06,FALSE,FALSE,FALSE,NA,"HMP1-2 taxonomy oral"
"k__Bacteria|p__Firmicutes|c__Clostridia|o__Clostridia_unclassified|f__Clostridia_unclassified|g__GGB4554|s__GGB4554_SGB6285|t__SGB6285",0,0,NA,FALSE,FALSE,FALSE,NA,"HMP1-2 taxonomy oral"
"k__Bacteria|p__Firmicutes|c__Bacilli|o__Bacilli_unclassified|f__Bacilli_unclassified|g__Bacilli_unclassified|s__Bacilli_bacterium|t__SGB6392",0,0,NA,FALSE,FALSE,FALSE,NA,"HMP1-2 taxonomy oral"
"k__Bacteria|p__Firmicutes|c__Clostridia|o__Clostridiales|f__Lachnospiraceae|g__Roseburia|s__Roseburia_SGB4958|t__SGB4958",0,0,NA,FALSE,FALSE,FALSE,NA,"HMP1-2 taxonomy oral"
"k__Bacteria|p__Firmicutes|c__Erysipelotrichia|o__Erysipelotrichales|f__Erysipelotrichaceae|g__Faecalicoccus|s__Faecalicoccus_pleomorphus|t__SGB6791_group",0,0,NA,FALSE,FALSE,FALSE,NA,"HMP1-2 taxonomy oral"
"k__Bacteria|p__Actinobacteria|c__Coriobacteriia|o__Coriobacteriales|f__Coriobacteriaceae|g__Collinsella|s__Collinsella_sp_AF08_23|t__SGB14739",0,0,NA,FALSE,FALSE,FALSE,NA,"HMP1-2 taxonomy oral"
"k__Bacteria|p__Bacteroidetes|c__Bacteroidia|o__Bacteroidales|f__Rikenellaceae|g__Alistipes|s__Alistipes_dispar|t__SGB2311",1,0.000778816199376947,0.000702799929720007,FALSE,TRUE,FALSE,NA,"HMP1-2 taxonomy oral"
"k__Bacteria|p__Firmicutes|c__Clostridia|o__Clostridiales|f__Clostridiaceae|g__Clostridium|s__Clostridium_sp_AM42_4|t__SGB4709",0,0,NA,FALSE,FALSE,FALSE,NA,"HMP1-2 taxonomy oral"
"k__Bacteria|p__Bacteroidetes|c__Bacteroidia|o__Bacteroidales|f__Bacteroidaceae|g__Bacteroides|s__Bacteroides_congonensis|t__SGB1878",0,0,NA,FALSE,FALSE,FALSE,NA,"HMP1-2 taxonomy oral"
"k__Bacteria|p__Firmicutes|c__Clostridia|o__Clostridiales|f__Lachnospiraceae|g__Lachnospiraceae_unclassified|s__Lachnospiraceae_bacterium|t__SGB4728",0,0,NA,FALSE,FALSE,FALSE,NA,"HMP1-2 taxonomy oral"
"k__Bacteria|p__Firmicutes|c__Clostridia|o__Clostridia_unclassified|f__Clostridia_unclassified|g__Clostridia_unclassified|s__Clostridia_bacterium|t__SGB3992",1,0.000778816199376947,5.42999891400022e-05,FALSE,FALSE,FALSE,NA,"HMP1-2 taxonomy oral"
"k__Bacteria|p__Firmicutes|c__Bacilli|o__Bacilli_unclassified|f__Bacilli_unclassified|g__Bacilli_unclassified|s__Bacilli_bacterium|t__SGB6532",0,0,NA,FALSE,FALSE,FALSE,NA,"HMP1-2 taxonomy oral"
"k__Bacteria|p__Bacteroidetes|c__Bacteroidia|o__Bacteroidales|f__Bacteroidales_unclassified|g__Bacteroidales_unclassified|s__Bacteroidales_bacterium|t__SGB1961",0,0,NA,FALSE,FALSE,FALSE,NA,"HMP1-2 taxonomy oral"
"k__Bacteria|p__Firmicutes|c__Clostridia|o__Clostridia_unclassified|f__Clostridia_unclassified|g__Clostridia_unclassified|s__Clostridia_bacterium_UC5_1_1E11|t__SGB14895",1,0.000778816199376947,6.42e-05,FALSE,FALSE,FALSE,NA,"HMP1-2 taxonomy oral"
"k__Bacteria|p__Firmicutes|c__Clostridia|o__Clostridiales|f__Lachnospiraceae|g__GGB3678|s__GGB3678_SGB4991|t__SGB4991",0,0,NA,FALSE,FALSE,FALSE,NA,"HMP1-2 taxonomy oral"
"k__Bacteria|p__Firmicutes|c__Clostridia|o__Clostridia_unclassified|f__Clostridia_unclassified|g__Clostridia_unclassified|s__Clostridia_bacterium|t__SGB15405",0,0,NA,FALSE,FALSE,FALSE,NA,"HMP1-2 taxonomy oral"
"k__Bacteria|p__Firmicutes|c__CFGB1218|o__OFGB1218|f__FGB1218|g__GGB2983|s__GGB2983_SGB3965|t__SGB3965",0,0,NA,FALSE,FALSE,FALSE,NA,"HMP1-2 taxonomy oral"
"k__Bacteria|p__Firmicutes|c__Clostridia|o__Clostridia_unclassified|f__Clostridia_unclassified|g__Clostridia_unclassified|s__Clostridia_bacterium|t__SGB15401",0,0,NA,FALSE,FALSE,FALSE,NA,"HMP1-2 taxonomy oral"
"k__Bacteria|p__Firmicutes|c__Clostridia|o__Clostridiales|f__Lachnospiraceae|g__Enterocloster|s__Enterocloster_asparagiformis|t__SGB4724",0,0,NA,FALSE,FALSE,FALSE,NA,"HMP1-2 taxonomy oral"
"k__Bacteria|p__Proteobacteria|c__Betaproteobacteria|o__Burkholderiales|f__Comamonadaceae|g__Acidovorax|s__Acidovorax_ebreus|t__SGB12715",71,0.0552959501557632,0.000675725352884185,FALSE,TRUE,FALSE,NA,"HMP1-2 taxonomy oral"
"k__Bacteria|p__Proteobacteria|c__Betaproteobacteria|o__Rhodocyclales|f__Azonexaceae|g__Dechloromonas|s__Dechloromonas_agitata|t__SGB32903",5,0.00389408099688474,0.000294020076886036,FALSE,TRUE,FALSE,NA,"HMP1-2 taxonomy oral"
"k__Bacteria|p__Proteobacteria|c__Betaproteobacteria|o__Burkholderiales|f__Comamonadaceae|g__Acidovorax|s__Acidovorax_temperans|t__SGB12690",7,0.00545171339563863,0.000189642895610013,FALSE,TRUE,FALSE,NA,"HMP1-2 taxonomy oral"
"k__Bacteria|p__Proteobacteria|c__Betaproteobacteria|o__Burkholderiales|f__Alcaligenaceae|g__Paracandidimonas|s__Paracandidimonas_soli|t__SGB32666",2,0.00155763239875389,0.00020235007811503,FALSE,TRUE,FALSE,NA,"HMP1-2 taxonomy oral"
"k__Bacteria|p__Proteobacteria|c__Betaproteobacteria|o__Burkholderiales|f__Comamonadaceae|g__Acidovorax|s__Acidovorax_caeni|t__SGB12718",6,0.00467289719626168,5.24166711000017e-05,FALSE,FALSE,FALSE,NA,"HMP1-2 taxonomy oral"
"k__Bacteria|p__Firmicutes|c__Clostridia|o__Clostridiales|f__Ruminococcaceae|g__GGB9635|s__GGB9635_SGB15102|t__SGB15102",2,0.00155763239875389,0.00054809989716002,FALSE,TRUE,FALSE,NA,"HMP1-2 taxonomy oral"
"k__Bacteria|p__Firmicutes|c__Clostridia|o__Clostridia_unclassified|f__Clostridia_unclassified|g__Clostridia_unclassified|s__Clostridia_bacterium|t__SGB4325",0,0,NA,FALSE,FALSE,FALSE,NA,"HMP1-2 taxonomy oral"
"k__Bacteria|p__Firmicutes|c__Clostridia|o__Clostridia_unclassified|f__Clostridia_unclassified|g__Clostridia_unclassified|s__Clostridia_unclassified_SGB6307|t__SGB6307",0,0,NA,FALSE,FALSE,FALSE,NA,"HMP1-2 taxonomy oral"
"k__Bacteria|p__Firmicutes|c__Negativicutes|o__Acidaminococcales|f__Acidaminococcaceae|g__Phascolarctobacterium|s__Phascolarctobacterium_succinatutens|t__SGB5765_group",1,0.000778816199376947,8.09999757000073e-06,FALSE,FALSE,FALSE,NA,"HMP1-2 taxonomy oral"
"k__Bacteria|p__Firmicutes|c__Clostridia|o__Clostridiales|f__Ruminococcaceae|g__Ruminococcaceae_unclassified|s__Ruminococcaceae_bacterium|t__SGB15353",0,0,NA,FALSE,FALSE,FALSE,NA,"HMP1-2 taxonomy oral"
"k__Bacteria|p__Proteobacteria|c__Betaproteobacteria|o__Burkholderiales|f__Sutterellaceae|g__GGB6572|s__GGB6572_SGB9284|t__SGB9284",0,0,NA,FALSE,FALSE,FALSE,NA,"HMP1-2 taxonomy oral"
"k__Bacteria|p__Firmicutes|c__Clostridia|o__Clostridiales|f__Ruminococcaceae|g__GGB9677|s__GGB9677_SGB15179|t__SGB15179",0,0,NA,FALSE,FALSE,FALSE,NA,"HMP1-2 taxonomy oral"
"k__Bacteria|p__Firmicutes|c__Clostridia|o__Clostridiales|f__Lachnospiraceae|g__Lachnospiraceae_unclassified|s__Lachnospiraceae_bacterium|t__SGB4697",0,0,NA,FALSE,FALSE,FALSE,NA,"HMP1-2 taxonomy oral"
"k__Bacteria|p__Firmicutes|c__Clostridia|o__Clostridiales|f__Ruminococcaceae|g__GGB41366|s__GGB41366_SGB58424|t__SGB58424",0,0,NA,FALSE,FALSE,FALSE,NA,"HMP1-2 taxonomy oral"
"k__Bacteria|p__Firmicutes|c__Clostridia|o__Clostridiales|f__Ruminococcaceae|g__Ruminococcaceae_unclassified|s__Ruminococcaceae_unclassified_SGB14835|t__SGB14835",0,0,NA,FALSE,FALSE,FALSE,NA,"HMP1-2 taxonomy oral"
"k__Bacteria|p__Firmicutes|c__Clostridia|o__Clostridia_unclassified|f__Clostridia_unclassified|g__Candidatus_Gallimonas|s__Candidatus_Gallimonas_intestinalis|t__SGB54318",0,0,NA,FALSE,FALSE,FALSE,NA,"HMP1-2 taxonomy oral"
"k__Bacteria|p__Firmicutes|c__Clostridia|o__Clostridia_unclassified|f__Clostridia_unclassified|g__Clostridia_unclassified|s__Clostridia_bacterium|t__SGB4146",0,0,NA,FALSE,FALSE,FALSE,NA,"HMP1-2 taxonomy oral"
"k__Bacteria|p__Firmicutes|c__Clostridia|o__Clostridiales|f__Lachnospiraceae|g__GGB3474|s__GGB3474_SGB4637|t__SGB4637",0,0,NA,FALSE,FALSE,FALSE,NA,"HMP1-2 taxonomy oral"
"k__Bacteria|p__Firmicutes|c__Clostridia|o__Clostridiales|f__Lachnospiraceae|g__Faecalicatena|s__Faecalicatena_fissicatena|t__SGB4615",0,0,NA,FALSE,FALSE,FALSE,NA,"HMP1-2 taxonomy oral"
"k__Bacteria|p__Firmicutes|c__Clostridia|o__Clostridia_unclassified|f__Clostridia_unclassified|g__Clostridia_unclassified|s__Clostridia_bacterium|t__SGB14046",0,0,NA,FALSE,FALSE,FALSE,NA,"HMP1-2 taxonomy oral"
"k__Bacteria|p__Firmicutes|c__Clostridia|o__Clostridiales|f__Eubacteriaceae|g__GGB9778|s__GGB9778_SGB15398|t__SGB15398",0,0,NA,FALSE,FALSE,FALSE,NA,"HMP1-2 taxonomy oral"
"k__Bacteria|p__Firmicutes|c__Clostridia|o__Clostridiales|f__Lachnospiraceae|g__Mediterraneibacter|s__Mediterraneibacter_massiliensis|t__SGB4595",0,0,NA,FALSE,FALSE,FALSE,NA,"HMP1-2 taxonomy oral"
"k__Bacteria|p__Firmicutes|c__Clostridia|o__Clostridiales|f__Christensenellaceae|g__Christensenella|s__Christensenella_timonensis|t__SGB29340",0,0,NA,FALSE,FALSE,FALSE,NA,"HMP1-2 taxonomy oral"
"k__Bacteria|p__Firmicutes|c__Clostridia|o__Clostridiales|f__Ruminococcaceae|g__GGB3171|s__GGB3171_SGB4185|t__SGB4185",0,0,NA,FALSE,FALSE,FALSE,NA,"HMP1-2 taxonomy oral"
"k__Bacteria|p__Firmicutes|c__Clostridia|o__Clostridiales|f__Peptococcaceae|g__Peptococcaceae_unclassified|s__Peptococcaceae_bacterium|t__SGB4059",0,0,NA,FALSE,FALSE,FALSE,NA,"HMP1-2 taxonomy oral"
"k__Bacteria|p__Firmicutes|c__Tissierellia|o__Tissierellales|f__Peptoniphilaceae|g__Peptoniphilus|s__Peptoniphilus_grossensis|t__SGB6701",0,0,NA,FALSE,FALSE,FALSE,NA,"HMP1-2 taxonomy oral"
"k__Bacteria|p__Firmicutes|c__Clostridia|o__Clostridia_unclassified|f__Clostridia_unclassified|g__Clostridia_unclassified|s__Clostridia_unclassified_SGB71368|t__SGB71368",0,0,NA,FALSE,FALSE,FALSE,NA,"HMP1-2 taxonomy oral"
"k__Bacteria|p__Proteobacteria|c__Gammaproteobacteria|o__Pseudomonadales|f__Pseudomonadaceae|g__Pseudomonas|s__Pseudomonas_saxonica|t__SGB89059",0,0,NA,FALSE,FALSE,FALSE,NA,"HMP1-2 taxonomy oral"
"k__Bacteria|p__Firmicutes|c__Clostridia|o__Clostridiales|f__Eubacteriaceae|g__Eubacterium|s__Eubacterium_sp_ER2|t__SGB4624",0,0,NA,FALSE,FALSE,FALSE,NA,"HMP1-2 taxonomy oral"
"k__Bacteria|p__Firmicutes|c__Clostridia|o__Clostridiales|f__Lachnospiraceae|g__Lachnospiraceae_unclassified|s__Lachnospiraceae_bacterium|t__SGB4602",0,0,NA,FALSE,FALSE,FALSE,NA,"HMP1-2 taxonomy oral"
"k__Bacteria|p__Firmicutes|c__Erysipelotrichia|o__Erysipelotrichales|f__Erysipelotrichaceae|g__Coprobacillus|s__Coprobacillus_sp_AF33_1AC|t__SGB6765",0,0,NA,FALSE,FALSE,FALSE,NA,"HMP1-2 taxonomy oral"
"k__Bacteria|p__Firmicutes|c__Clostridia|o__Clostridia_unclassified|f__Clostridia_unclassified|g__Candidatus_Neoanaerotignum|s__Candidatus_Neoanaerotignum_tabaqchaliae|t__SGB59528",0,0,NA,FALSE,FALSE,FALSE,NA,"HMP1-2 taxonomy oral"
"k__Bacteria|p__Actinobacteria|c__Coriobacteriia|o__Coriobacteriales|f__Coriobacteriaceae|g__Collinsella|s__Collinsella_tanakaei|t__SGB14737",0,0,NA,FALSE,FALSE,FALSE,NA,"HMP1-2 taxonomy oral"
"k__Bacteria|p__Firmicutes|c__Clostridia|o__Clostridiales|f__Peptostreptococcaceae|g__Terrisporobacter|s__Terrisporobacter_othiniensis|t__SGB6142",0,0,NA,FALSE,FALSE,FALSE,NA,"HMP1-2 taxonomy oral"
"k__Bacteria|p__Firmicutes|c__Clostridia|o__Clostridiales|f__Clostridiaceae|g__Clostridium|s__Clostridium_sp_CL_2|t__SGB29097",0,0,NA,FALSE,FALSE,FALSE,NA,"HMP1-2 taxonomy oral"
"k__Bacteria|p__Firmicutes|c__Clostridia|o__Clostridiales|f__Clostridiaceae|g__Clostridium|s__Clostridium_SGB6179|t__SGB6179",0,0,NA,FALSE,FALSE,FALSE,NA,"HMP1-2 taxonomy oral"
"k__Bacteria|p__Firmicutes|c__Clostridia|o__Clostridiales|f__Lachnospiraceae|g__Lachnospiraceae_unclassified|s__Lachnospiraceae_bacterium|t__SGB4967",0,0,NA,FALSE,FALSE,FALSE,NA,"HMP1-2 taxonomy oral"
"k__Bacteria|p__Firmicutes|c__Negativicutes|o__Veillonellales|f__Veillonellaceae|g__Dialister|s__Dialister_succinatiphilus|t__SGB5818",1,0.000778816199376947,6.09999878000025e-06,FALSE,FALSE,FALSE,NA,"HMP1-2 taxonomy oral"
"k__Bacteria|p__Candidatus_Melainabacteria|c__Candidatus_Melainabacteria_unclassified|o__Candidatus_Gastranaerophilales|f__Candidatus_Gastranaerophilales_unclassified|g__GGB5997|s__GGB5997_SGB8620|t__SGB8620",0,0,NA,FALSE,FALSE,FALSE,NA,"HMP1-2 taxonomy oral"
"k__Bacteria|p__Firmicutes|c__Clostridia|o__Clostridiales|f__Lachnospiraceae|g__Lachnospiraceae_unclassified|s__Lachnospiraceae_bacterium|t__SGB5050",0,0,NA,FALSE,FALSE,FALSE,NA,"HMP1-2 taxonomy oral"
"k__Bacteria|p__Firmicutes|c__Clostridia|o__Clostridia_unclassified|f__Clostridia_unclassified|g__Clostridia_unclassified|s__Clostridia_bacterium|t__SGB6370",0,0,NA,FALSE,FALSE,FALSE,NA,"HMP1-2 taxonomy oral"
"k__Bacteria|p__Actinobacteria|c__Actinobacteria|o__Corynebacteriales|f__Mycobacteriaceae|g__Mycobacteroides|s__Mycobacteroides_chelonae|t__SGB15648_group",0,0,NA,FALSE,FALSE,FALSE,NA,"HMP1-2 taxonomy oral"
"k__Bacteria|p__Firmicutes|c__CFGB1872|o__OFGB1872|f__FGB1872|g__GGB4964|s__GGB4964_SGB6927|t__SGB6927",64,0.0498442367601246,0.00668899073747813,FALSE,TRUE,FALSE,NA,"HMP1-2 taxonomy oral"
"k__Bacteria|p__Actinobacteria|c__Actinobacteria|o__Actinomycetales|f__Actinomycetaceae|g__Actinomyces|s__Actinomyces_SGB15893|t__SGB15893",10,0.00778816199376947,0.0109958790779763,FALSE,TRUE,FALSE,NA,"HMP1-2 taxonomy oral"
"k__Bacteria|p__Actinobacteria|c__Actinobacteria|o__Micrococcales|f__Micrococcaceae|g__Rothia|s__Rothia_SGB16985|t__SGB16985",69,0.0537383177570093,2.97072425729019e-05,FALSE,FALSE,FALSE,NA,"HMP1-2 taxonomy oral"
"k__Bacteria|p__Proteobacteria|c__Gammaproteobacteria|o__Pseudomonadales|f__Pseudomonadaceae|g__Thiopseudomonas|s__Thiopseudomonas_denitrificans|t__SGB33034",1,0.000778816199376947,0.000592099822370053,FALSE,TRUE,FALSE,NA,"HMP1-2 taxonomy oral"
"k__Bacteria|p__Proteobacteria|c__Betaproteobacteria|o__Neisseriales|f__Neisseriaceae|g__Neisseria|s__Neisseria_meningitidis|t__SGB9461",13,0.0101246105919003,0.084051751973876,FALSE,TRUE,FALSE,NA,"HMP1-2 taxonomy oral"
"k__Bacteria|p__Actinobacteria|c__Actinobacteria|o__Corynebacteriales|f__Corynebacteriaceae|g__Corynebacterium|s__Corynebacterium_argentoratense|t__SGB17009",36,0.0280373831775701,0.00582483266814434,FALSE,TRUE,FALSE,NA,"HMP1-2 taxonomy oral"
"k__Bacteria|p__Proteobacteria|c__Alphaproteobacteria|o__Sphingomonadales|f__Sphingomonadaceae|g__Sphingomonas|s__Sphingomonas_sp_3F27F9|t__SGB31711",1,0.000778816199376947,0.00159550063820025,FALSE,TRUE,FALSE,NA,"HMP1-2 taxonomy oral"
"k__Bacteria|p__Proteobacteria|c__Alphaproteobacteria|o__Rhodobacterales|f__Rhodobacteraceae|g__Paracoccus|s__Paracoccus_versutus|t__SGB10719",2,0.00155763239875389,5.0850009780006e-05,FALSE,FALSE,FALSE,NA,"HMP1-2 taxonomy oral"
"k__Bacteria|p__Actinobacteria|c__Actinobacteria|o__Corynebacteriales|f__Corynebacteriaceae|g__Corynebacterium|s__Corynebacterium_SGB17105|t__SGB17105",0,0,NA,FALSE,FALSE,FALSE,NA,"HMP1-2 taxonomy oral"
"k__Bacteria|p__Actinobacteria|c__Actinobacteria|o__Bifidobacteriales|f__Bifidobacteriaceae|g__Bifidobacterium|s__Bifidobacterium_angulatum|t__SGB17231",0,0,NA,FALSE,FALSE,FALSE,NA,"HMP1-2 taxonomy oral"
"k__Bacteria|p__Firmicutes|c__Negativicutes|o__Veillonellales|f__Veillonellaceae|g__Megasphaera|s__Megasphaera_sp_BL7|t__SGB5858",0,0,NA,FALSE,FALSE,FALSE,NA,"HMP1-2 taxonomy oral"
"k__Bacteria|p__Firmicutes|c__Negativicutes|o__Selenomonadales|f__Selenomonadaceae|g__Mitsuokella|s__Mitsuokella_multacida|t__SGB5906_group",0,0,NA,FALSE,FALSE,FALSE,NA,"HMP1-2 taxonomy oral"
"k__Bacteria|p__Firmicutes|c__Negativicutes|o__Veillonellales|f__Veillonellaceae|g__Megasphaera|s__Megasphaera_sp_AM44_1BH|t__SGB5853",0,0,NA,FALSE,FALSE,FALSE,NA,"HMP1-2 taxonomy oral"
"k__Bacteria|p__Firmicutes|c__Clostridia|o__Clostridiales|f__Clostridiales_unclassified|g__Clostridiales_unclassified|s__Clostridiales_bacterium_KA00274|t__SGB7884",0,0,NA,FALSE,FALSE,FALSE,NA,"HMP1-2 taxonomy oral"
"k__Bacteria|p__Actinobacteria|c__Actinobacteria|o__Bifidobacteriales|f__Bifidobacteriaceae|g__Bifidobacterium|s__Bifidobacterium_catenulatum|t__SGB17241",1,0.000778816199376947,9.69999418000349e-06,FALSE,FALSE,FALSE,NA,"HMP1-2 taxonomy oral"
"k__Bacteria|p__Firmicutes|c__Clostridia|o__Clostridiales|f__Clostridiaceae|g__Butyricicoccus|s__Butyricicoccus_SGB14990|t__SGB14990",0,0,NA,FALSE,FALSE,FALSE,NA,"HMP1-2 taxonomy oral"
"k__Bacteria|p__Bacteroidetes|c__Bacteroidia|o__Bacteroidales|f__Porphyromonadaceae|g__Porphyromonas|s__Porphyromonas_SGB1980|t__SGB1980",0,0,NA,FALSE,FALSE,FALSE,NA,"HMP1-2 taxonomy oral"
"k__Bacteria|p__Firmicutes|c__Clostridia|o__Clostridiales|f__Lachnospiraceae|g__Lachnospiraceae_unclassified|s__Lachnospiraceae_bacterium|t__SGB4808",0,0,NA,FALSE,FALSE,FALSE,NA,"HMP1-2 taxonomy oral"
"k__Bacteria|p__Firmicutes|c__Negativicutes|o__Veillonellales|f__Veillonellaceae|g__Megasphaera|s__Megasphaera_genomosp_type_2|t__SGB5866",0,0,NA,FALSE,FALSE,FALSE,NA,"HMP1-2 taxonomy oral"
"k__Bacteria|p__Firmicutes|c__Clostridia|o__Clostridiales|f__Clostridiaceae|g__Clostridium|s__Clostridium_ventriculi|t__SGB6190",0,0,NA,FALSE,FALSE,FALSE,NA,"HMP1-2 taxonomy oral"
"k__Bacteria|p__Bacteroidetes|c__Bacteroidia|o__Bacteroidales|f__Porphyromonadaceae|g__Porphyromonas|s__Porphyromonas_sp_HMSC065F10|t__SGB1990",0,0,NA,FALSE,FALSE,FALSE,NA,"HMP1-2 taxonomy oral"
"k__Bacteria|p__Firmicutes|c__Negativicutes|o__Selenomonadales|f__Selenomonadaceae|g__Mitsuokella|s__Mitsuokella_jalaludinii|t__SGB5904",0,0,NA,FALSE,FALSE,FALSE,NA,"HMP1-2 taxonomy oral"
"k__Bacteria|p__Spirochaetes|c__CFGB1017|o__OFGB1017|f__FGB1017|g__GGB2665|s__GGB2665_SGB3591|t__SGB3591",51,0.0397196261682243,0.000814980169218026,FALSE,TRUE,FALSE,NA,"HMP1-2 taxonomy oral"
"k__Bacteria|p__Actinobacteria|c__Coriobacteriia|o__Coriobacteriales|f__Atopobiaceae|g__Atopobium|s__Atopobium_sp_oral_taxon_199|t__SGB984",9,0.00700934579439252,0.000135522169861161,FALSE,TRUE,FALSE,NA,"HMP1-2 taxonomy oral"
"k__Bacteria|p__Proteobacteria|c__Alphaproteobacteria|o__Holosporales|f__Caedimonadaceae|g__Candidatus_Nucleicultrix|s__Candidatus_Nucleicultrix_amoebiphila|t__SGB28929",6,0.00467289719626168,0.00179624895795729,FALSE,TRUE,FALSE,NA,"HMP1-2 taxonomy oral"
"k__Bacteria|p__Firmicutes|c__Tissierellia|o__Tissierellales|f__Peptoniphilaceae|g__Parvimonas|s__Parvimonas_sp_oral_taxon_393|t__SGB6652",7,0.00545171339563863,0.000308371278058726,FALSE,TRUE,FALSE,NA,"HMP1-2 taxonomy oral"
"k__Bacteria|p__Actinobacteria|c__Actinobacteria|o__Actinomycetales|f__Actinomycetaceae|g__Schaalia|s__Schaalia_cardiffensis|t__SGB17147",9,0.00700934579439252,0.000225344508292349,FALSE,TRUE,FALSE,NA,"HMP1-2 taxonomy oral"
"k__Bacteria|p__Bacteroidetes|c__CFGB618|o__OFGB618|f__FGB618|g__GGB1455|s__GGB1455_SGB2018|t__SGB2018",4,0.00311526479750779,0.000100249935592551,FALSE,TRUE,FALSE,NA,"HMP1-2 taxonomy oral"
"k__Bacteria|p__Firmicutes|c__Tissierellia|o__Tissierellales|f__Peptoniphilaceae|g__Parvimonas|s__Parvimonas_sp_KA00067|t__SGB6648",2,0.00155763239875389,9.50000641000441e-06,FALSE,FALSE,FALSE,NA,"HMP1-2 taxonomy oral"
"k__Bacteria|p__Firmicutes|c__Clostridia|o__Clostridiales|f__Lachnospiraceae|g__Blautia|s__Blautia_producta|t__SGB4791",0,0,NA,FALSE,FALSE,FALSE,NA,"HMP1-2 taxonomy oral"
"k__Bacteria|p__Firmicutes|c__Tissierellia|o__Tissierellales|f__Peptoniphilaceae|g__Peptoniphilus|s__Peptoniphilus_SGB6699|t__SGB6699",0,0,NA,FALSE,FALSE,FALSE,NA,"HMP1-2 taxonomy oral"
"k__Bacteria|p__Firmicutes|c__Negativicutes|o__Veillonellales|f__Veillonellaceae|g__Negativicoccus|s__Negativicoccus_succinicivorans|t__SGB5794_group",1,0.000778816199376947,0.0040203,FALSE,TRUE,FALSE,NA,"HMP1-2 taxonomy oral"
"k__Bacteria|p__Firmicutes|c__Clostridia|o__Clostridiales|f__Lachnospiraceae|g__GGB3606|s__GGB3606_SGB4870|t__SGB4870",0,0,NA,FALSE,FALSE,FALSE,NA,"HMP1-2 taxonomy oral"
"k__Bacteria|p__Firmicutes|c__CFGB3048|o__OFGB3048|f__FGB3048|g__GGB9560|s__GGB9560_SGB69175|t__SGB69175",0,0,NA,FALSE,FALSE,FALSE,NA,"HMP1-2 taxonomy oral"
"k__Bacteria|p__Firmicutes|c__CFGB12277|o__OFGB12277|f__FGB12277|g__GGB35068|s__GGB35068_SGB47850|t__SGB47850",0,0,NA,FALSE,FALSE,FALSE,NA,"HMP1-2 taxonomy oral"
"k__Bacteria|p__Proteobacteria|c__Gammaproteobacteria|o__Pseudomonadales|f__Moraxellaceae|g__GGB7107|s__GGB7107_SGB10420|t__SGB10420",31,0.0241433021806854,0.0119959124364042,FALSE,TRUE,FALSE,NA,"HMP1-2 taxonomy oral"
"k__Bacteria|p__Firmicutes|c__Clostridia|o__Clostridiales|f__Lachnospiraceae|g__Lachnospiraceae_unclassified|s__Lachnospiraceae_bacterium|t__SGB47543",0,0,NA,FALSE,FALSE,FALSE,NA,"HMP1-2 taxonomy oral"
"k__Bacteria|p__Firmicutes|c__Clostridia|o__Clostridiales|f__Christensenellaceae|g__Christensenellaceae_unclassified|s__Christensenellaceae_bacterium_NSJ_53|t__SGB82545",0,0,NA,FALSE,FALSE,FALSE,NA,"HMP1-2 taxonomy oral"
"k__Bacteria|p__Proteobacteria|c__Alphaproteobacteria|o__Rhodobacterales|f__Rhodobacteraceae|g__Rhodobacteraceae_unclassified|s__Rhodobacteraceae_unclassified_SGB53807|t__SGB53807",0,0,NA,FALSE,FALSE,FALSE,NA,"HMP1-2 taxonomy oral"
"k__Bacteria|p__Firmicutes|c__Clostridia|o__Clostridiales|f__Ruminococcaceae|g__Pseudoflavonifractor|s__Pseudoflavonifractor_sp_Marseille_P3106|t__SGB15142",0,0,NA,FALSE,FALSE,FALSE,NA,"HMP1-2 taxonomy oral"
"k__Bacteria|p__Firmicutes|c__Negativicutes|o__Veillonellales|f__Veillonellaceae|g__Megasphaera|s__Megasphaera_massiliensis|t__SGB5857_group",0,0,NA,FALSE,FALSE,FALSE,NA,"HMP1-2 taxonomy oral"
"k__Bacteria|p__Firmicutes|c__Clostridia|o__Clostridiales|f__Lachnospiraceae|g__Frisingicoccus|s__Frisingicoccus_caecimuris|t__SGB4675",0,0,NA,FALSE,FALSE,FALSE,NA,"HMP1-2 taxonomy oral"
"k__Bacteria|p__Firmicutes|c__Clostridia|o__Clostridiales|f__Ruminococcaceae|g__GGB9694|s__GGB9694_SGB15202|t__SGB15202",0,0,NA,FALSE,FALSE,FALSE,NA,"HMP1-2 taxonomy oral"
"k__Bacteria|p__Firmicutes|c__Clostridia|o__Clostridia_unclassified|f__Clostridia_unclassified|g__Candidatus_Aristotella|s__Candidatus_Aristotella_avistercoris|t__SGB63343",0,0,NA,FALSE,FALSE,FALSE,NA,"HMP1-2 taxonomy oral"
"k__Bacteria|p__Proteobacteria|c__CFGB2428|o__OFGB2428|f__FGB2428|g__GGB6646|s__GGB6646_SGB9383|t__SGB9383",0,0,NA,FALSE,FALSE,FALSE,NA,"HMP1-2 taxonomy oral"
"k__Bacteria|p__Proteobacteria|c__Gammaproteobacteria|o__Pseudomonadales|f__Pseudomonadaceae|g__Pseudomonas|s__Pseudomonas_fluorescens|t__SGB12127",1,0.000778816199376947,0.0001005,FALSE,TRUE,FALSE,NA,"HMP1-2 taxonomy oral"
"k__Bacteria|p__Proteobacteria|c__Gammaproteobacteria|o__Enterobacterales|f__Yersiniaceae|g__Serratia|s__Serratia_proteamaculans|t__SGB10258",2,0.00155763239875389,0.00160410000082,FALSE,TRUE,FALSE,NA,"HMP1-2 taxonomy oral"
"k__Bacteria|p__Firmicutes|c__Bacilli|o__Bacillales|f__Listeriaceae|g__Brochothrix|s__Brochothrix_thermosphacta|t__SGB7517",4,0.00311526479750779,0.000756300001802502,FALSE,TRUE,FALSE,NA,"HMP1-2 taxonomy oral"
"k__Bacteria|p__Firmicutes|c__Bacilli|o__Lactobacillales|f__Carnobacteriaceae|g__Carnobacterium|s__Carnobacterium_divergens|t__SGB7903",2,0.00155763239875389,0.00130600000227,FALSE,TRUE,FALSE,NA,"HMP1-2 taxonomy oral"
"k__Bacteria|p__Proteobacteria|c__Gammaproteobacteria|o__Pseudomonadales|f__Pseudomonadaceae|g__Pseudomonas|s__Pseudomonas_fragi|t__SGB12106",2,0.00155763239875389,0.00059570000009,FALSE,TRUE,FALSE,NA,"HMP1-2 taxonomy oral"
"k__Bacteria|p__Proteobacteria|c__Gammaproteobacteria|o__Pseudomonadales|f__Moraxellaceae|g__Psychrobacter|s__Psychrobacter_sp_1501_2011|t__SGB10442",1,0.000778816199376947,0.0004129,FALSE,TRUE,FALSE,NA,"HMP1-2 taxonomy oral"
"k__Bacteria|p__Proteobacteria|c__Gammaproteobacteria|o__Pseudomonadales|f__Moraxellaceae|g__Psychrobacter|s__Psychrobacter_cibarius|t__SGB10459",2,0.00155763239875389,0.0002056000007,FALSE,TRUE,FALSE,NA,"HMP1-2 taxonomy oral"
"k__Bacteria|p__Proteobacteria|c__Gammaproteobacteria|o__Pseudomonadales|f__Moraxellaceae|g__Psychrobacter|s__Psychrobacter_okhotskensis|t__SGB10460",1,0.000778816199376947,0.0003145,FALSE,TRUE,FALSE,NA,"HMP1-2 taxonomy oral"
"k__Bacteria|p__Firmicutes|c__Bacilli|o__Lactobacillales|f__Leuconostocaceae|g__Leuconostoc|s__Leuconostoc_carnosum|t__SGB7129",2,0.00155763239875389,0.00012780000059,FALSE,TRUE,FALSE,NA,"HMP1-2 taxonomy oral"
"k__Bacteria|p__Firmicutes|c__Bacilli|o__Lactobacillales|f__Carnobacteriaceae|g__Carnobacterium|s__Carnobacterium_maltaromaticum|t__SGB7902",1,0.000778816199376947,0.0002078,FALSE,TRUE,FALSE,NA,"HMP1-2 taxonomy oral"
"k__Bacteria|p__Firmicutes|c__Bacilli|o__Lactobacillales|f__Leuconostocaceae|g__Leuconostoc|s__Leuconostoc_gelidum|t__SGB7127",1,0.000778816199376947,1.10000022000004e-06,FALSE,FALSE,FALSE,NA,"HMP1-2 taxonomy oral"
"k__Bacteria|p__Proteobacteria|c__Betaproteobacteria|o__Burkholderiales|f__Oxalobacteraceae|g__Oxalobacter|s__Oxalobacter_SGB9385|t__SGB9385",0,0,NA,FALSE,FALSE,FALSE,NA,"HMP1-2 taxonomy oral"
"k__Bacteria|p__Proteobacteria|c__Betaproteobacteria|o__Burkholderiales|f__Oxalobacteraceae|g__Herbaspirillum|s__Herbaspirillum_huttiense|t__SGB12894",0,0,NA,FALSE,FALSE,FALSE,NA,"HMP1-2 taxonomy oral"
"k__Bacteria|p__Firmicutes|c__Clostridia|o__Clostridiales|f__Eubacteriaceae|g__Eubacteriaceae_unclassified|s__Eubacteriaceae_bacterium_CHKCI004|t__SGB4682",0,0,NA,FALSE,FALSE,FALSE,NA,"HMP1-2 taxonomy oral"
"k__Bacteria|p__Firmicutes|c__Clostridia|o__Clostridia_unclassified|f__Clostridia_unclassified|g__Clostridia_unclassified|s__Clostridia_bacterium|t__SGB13977",0,0,NA,FALSE,FALSE,FALSE,NA,"HMP1-2 taxonomy oral"
"k__Bacteria|p__Actinobacteria|c__Coriobacteriia|o__Eggerthellales|f__Eggerthellaceae|g__Eggerthellaceae_unclassified|s__Eggerthellaceae_bacterium|t__SGB86230",0,0,NA,FALSE,FALSE,FALSE,NA,"HMP1-2 taxonomy oral"
"k__Bacteria|p__Bacteroidetes|c__Bacteroidia|o__Bacteroidales|f__Bacteroidaceae|g__GGB1387|s__GGB1387_SGB1894|t__SGB1894",0,0,NA,FALSE,FALSE,FALSE,NA,"HMP1-2 taxonomy oral"
"k__Bacteria|p__Firmicutes|c__Clostridia|o__Clostridiales|f__Ruminococcaceae|g__GGB9729|s__GGB9729_SGB15288|t__SGB15288_group",0,0,NA,FALSE,FALSE,FALSE,NA,"HMP1-2 taxonomy oral"
"k__Bacteria|p__Proteobacteria|c__Alphaproteobacteria|o__Rhizobiales|f__Bradyrhizobiaceae|g__Afipia|s__Afipia_birgiae|t__SGB31944",3,0.00233644859813084,0.00384586439114136,FALSE,TRUE,FALSE,NA,"HMP1-2 taxonomy oral"
"k__Bacteria|p__Proteobacteria|c__Alphaproteobacteria|o__Sphingomonadales|f__Sphingomonadaceae|g__Sphingomonas|s__Sphingomonas_koreensis|t__SGB11633",1,0.000778816199376947,2e-06,FALSE,FALSE,FALSE,NA,"HMP1-2 taxonomy oral"
"k__Bacteria|p__Firmicutes|c__Clostridia|o__Clostridiales|f__Ruminococcaceae|g__Ruminococcaceae_unclassified|s__Ruminococcaceae_bacterium|t__SGB4181",0,0,NA,FALSE,FALSE,FALSE,NA,"HMP1-2 taxonomy oral"
"k__Bacteria|p__Tenericutes|c__Mollicutes|o__Acholeplasmatales|f__Acholeplasmatales_unclassified|g__Acholeplasmatales_unclassified|s__Acholeplasmatales_unclassified_SGB6584|t__SGB6584",2,0.00155763239875389,6.83500300250171e-05,FALSE,FALSE,FALSE,NA,"HMP1-2 taxonomy oral"
"k__Bacteria|p__Bacteroidetes|c__Bacteroidia|o__Bacteroidales|f__Prevotellaceae|g__Prevotella|s__Prevotella_marseillensis|t__SGB1588",1,0.000778816199376947,5.29999735000133e-06,FALSE,FALSE,FALSE,NA,"HMP1-2 taxonomy oral"
"k__Bacteria|p__Firmicutes|c__Clostridia|o__Clostridiales|f__Lachnospiraceae|g__Marvinbryantia|s__Marvinbryantia_SGB4691|t__SGB4691",1,0.000778816199376947,4.69999906000019e-06,FALSE,FALSE,FALSE,NA,"HMP1-2 taxonomy oral"
"k__Bacteria|p__Actinobacteria|c__CFGB9370|o__OFGB9370|f__FGB9370|g__GGB51959|s__GGB51959_SGB72479|t__SGB72479",0,0,NA,FALSE,FALSE,FALSE,NA,"HMP1-2 taxonomy oral"
"k__Bacteria|p__Actinobacteria|c__Actinobacteria|o__Actinomycetales|f__Actinomycetaceae|g__Varibaculum|s__Varibaculum_SGB15480|t__SGB15480",0,0,NA,FALSE,FALSE,FALSE,NA,"HMP1-2 taxonomy oral"
"k__Bacteria|p__Firmicutes|c__Tissierellia|o__Tissierellia_unclassified|f__Tissierellia_unclassified|g__Ezakiella|s__Ezakiella_massiliensis|t__SGB6731",0,0,NA,FALSE,FALSE,FALSE,NA,"HMP1-2 taxonomy oral"
"k__Bacteria|p__Firmicutes|c__Clostridia|o__Clostridiales|f__Clostridiales_Family_XIII_Incertae_Sedis|g__Clostridiales_Family_XIII_Incertae_Sedis_unclassified|s__Clostridiales_bacterium_S5_A14a|t__SGB3977",0,0,NA,FALSE,FALSE,FALSE,NA,"HMP1-2 taxonomy oral"
"k__Bacteria|p__Fusobacteria|c__Fusobacteriia|o__Fusobacteriales|f__Fusobacteriaceae|g__Fusobacterium|s__Fusobacterium_naviforme|t__SGB5268",0,0,NA,FALSE,FALSE,FALSE,NA,"HMP1-2 taxonomy oral"
"k__Bacteria|p__Firmicutes|c__Clostridia|o__Clostridiales|f__Lachnospiraceae|g__Faecalicatena|s__Faecalicatena_orotica|t__SGB4616",0,0,NA,FALSE,FALSE,FALSE,NA,"HMP1-2 taxonomy oral"
"k__Bacteria|p__Actinobacteria|c__Coriobacteriia|o__Coriobacteriales|f__Coriobacteriaceae|g__Collinsella|s__Collinsella_stercoris|t__SGB14740",0,0,NA,FALSE,FALSE,FALSE,NA,"HMP1-2 taxonomy oral"
"k__Bacteria|p__Firmicutes|c__Clostridia|o__Clostridiales|f__Clostridiaceae|g__Clostridium|s__Clostridium_SGB4751|t__SGB4751",0,0,NA,FALSE,FALSE,FALSE,NA,"HMP1-2 taxonomy oral"
"k__Bacteria|p__Firmicutes|c__Clostridia|o__Clostridiales|f__Lachnospiraceae|g__Bariatricus|s__Bariatricus_massiliensis|t__SGB4006",0,0,NA,FALSE,FALSE,FALSE,NA,"HMP1-2 taxonomy oral"
"k__Bacteria|p__Proteobacteria|c__Gammaproteobacteria|o__Pseudomonadales|f__Moraxellaceae|g__Moraxella|s__Moraxella_catarrhalis|t__SGB10429",0,0,NA,FALSE,FALSE,FALSE,NA,"HMP1-2 taxonomy oral"
"k__Bacteria|p__Proteobacteria|c__Gammaproteobacteria|o__Enterobacterales|f__Morganellaceae|g__Proteus|s__Proteus_mirabilis|t__SGB9992",0,0,NA,FALSE,FALSE,FALSE,NA,"HMP1-2 taxonomy oral"
"k__Bacteria|p__Proteobacteria|c__Gammaproteobacteria|o__Enterobacterales|f__Enterobacteriaceae|g__Klebsiella|s__Klebsiella_aerogenes|t__SGB10116",0,0,NA,FALSE,FALSE,FALSE,NA,"HMP1-2 taxonomy oral"
"k__Bacteria|p__Proteobacteria|c__Betaproteobacteria|o__Burkholderiales|f__Sutterellaceae|g__Parasutterella|s__Parasutterella_sp_NM82_D38|t__SGB9265",0,0,NA,FALSE,FALSE,FALSE,NA,"HMP1-2 taxonomy oral"
"k__Bacteria|p__Bacteroidetes|c__Flavobacteriia|o__Flavobacteriales|f__Flavobacteriales_unclassified|g__Flavobacteriales_unclassified|s__Flavobacteriales_bacterium|t__SGB2275",0,0,NA,FALSE,FALSE,FALSE,NA,"HMP1-2 taxonomy oral"
"k__Eukaryota|p__Basidiomycota|c__Malasseziomycetes|o__Malasseziales|f__Malasseziaceae|g__Malassezia|s__Malassezia_sympodialis|t__EUK76777",0,0,NA,FALSE,FALSE,FALSE,NA,"HMP1-2 taxonomy oral"
"k__Bacteria|p__Bacteroidetes|c__Bacteroidia|o__Bacteroidales|f__Bacteroidales_unclassified|g__GGB27872|s__GGB27872_SGB40306|t__SGB40306",0,0,NA,FALSE,FALSE,FALSE,NA,"HMP1-2 taxonomy oral"
"k__Bacteria|p__Firmicutes|c__Clostridia|o__Clostridiales|f__Clostridiaceae|g__Butyricicoccus|s__Butyricicoccus_SGB14985|t__SGB14985_group",0,0,NA,FALSE,FALSE,FALSE,NA,"HMP1-2 taxonomy oral"
"k__Bacteria|p__Bacteroidetes|c__Bacteroidia|o__Bacteroidales|f__Barnesiellaceae|g__Barnesiella|s__Barnesiella_sp_An22|t__SGB1967",0,0,NA,FALSE,FALSE,FALSE,NA,"HMP1-2 taxonomy oral"
"k__Bacteria|p__Firmicutes|c__Erysipelotrichia|o__Erysipelotrichales|f__Erysipelotrichaceae|g__Holdemanella|s__Holdemanella_biformis|t__SGB6806_group",0,0,NA,FALSE,FALSE,FALSE,NA,"HMP1-2 taxonomy oral"
"k__Bacteria|p__Firmicutes|c__Clostridia|o__Clostridiales|f__Ruminococcaceae|g__GGB9691|s__GGB9691_SGB15198|t__SGB15198",0,0,NA,FALSE,FALSE,FALSE,NA,"HMP1-2 taxonomy oral"
"k__Bacteria|p__Firmicutes|c__Clostridia|o__Clostridia_unclassified|f__Clostridia_unclassified|g__Clostridia_unclassified|s__Clostridia_bacterium|t__SGB15409",0,0,NA,FALSE,FALSE,FALSE,NA,"HMP1-2 taxonomy oral"
"k__Bacteria|p__Firmicutes|c__Clostridia|o__Clostridiales|f__Lachnospiraceae|g__Lachnospiraceae_unclassified|s__Lachnospiraceae_bacterium_OF09_6|t__SGB4966",0,0,NA,FALSE,FALSE,FALSE,NA,"HMP1-2 taxonomy oral"
"k__Bacteria|p__Firmicutes|c__Clostridia|o__Clostridiales|f__Lachnospiraceae|g__Lachnospiraceae_unclassified|s__Lachnospiraceae_bacterium|t__SGB5061",0,0,NA,FALSE,FALSE,FALSE,NA,"HMP1-2 taxonomy oral"
"k__Bacteria|p__Firmicutes|c__Bacilli|o__Bacillales|f__Bacillales_unclassified|g__Gemella|s__Gemella_bergeri|t__SGB7283",4,0.00311526479750779,7.32750122750043e-05,FALSE,FALSE,FALSE,NA,"HMP1-2 taxonomy oral"
"k__Bacteria|p__Verrucomicrobia|c__Verrucomicrobiae|o__Verrucomicrobiales|f__Akkermansiaceae|g__Akkermansia|s__Akkermansia_sp_BIOML_A40|t__SGB9223",0,0,NA,FALSE,FALSE,FALSE,NA,"HMP1-2 taxonomy oral"
"k__Bacteria|p__Firmicutes|c__Clostridia|o__Clostridiales|f__Ruminococcaceae|g__Ruminococcaceae_unclassified|s__Ruminococcaceae_bacterium|t__SGB14867",0,0,NA,FALSE,FALSE,FALSE,NA,"HMP1-2 taxonomy oral"
"k__Bacteria|p__Bacteroidetes|c__Bacteroidia|o__Bacteroidales|f__Dysgonomonadaceae|g__Dysgonomonas|s__Dysgonomonas_mossii|t__SGB1772",0,0,NA,FALSE,FALSE,FALSE,NA,"HMP1-2 taxonomy oral"
"k__Bacteria|p__Firmicutes|c__Clostridia|o__Clostridia_unclassified|f__Clostridia_unclassified|g__Clostridia_unclassified|s__Clostridia_bacterium|t__SGB54312",0,0,NA,FALSE,FALSE,FALSE,NA,"HMP1-2 taxonomy oral"
"k__Bacteria|p__Firmicutes|c__Bacilli|o__Lactobacillales|f__Leuconostocaceae|g__Leuconostoc|s__Leuconostoc_mesenteroides|t__SGB7126",0,0,NA,FALSE,FALSE,FALSE,NA,"HMP1-2 taxonomy oral"
"k__Bacteria|p__Firmicutes|c__Clostridia|o__Clostridia_unclassified|f__Clostridia_unclassified|g__Clostridia_unclassified|s__Clostridia_bacterium|t__SGB54313",0,0,NA,FALSE,FALSE,FALSE,NA,"HMP1-2 taxonomy oral"
"k__Bacteria|p__Firmicutes|c__Clostridia|o__Clostridia_unclassified|f__Clostridia_unclassified|g__Candidatus_Metalachnospira|s__Candidatus_Metalachnospira_gallinarum|t__SGB5181",0,0,NA,FALSE,FALSE,FALSE,NA,"HMP1-2 taxonomy oral"
"k__Bacteria|p__Firmicutes|c__Clostridia|o__Clostridiales|f__Eubacteriaceae|g__Eubacterium|s__Eubacterium_coprostanoligenes|t__SGB4330",0,0,NA,FALSE,FALSE,FALSE,NA,"HMP1-2 taxonomy oral"
"k__Bacteria|p__Firmicutes|c__Clostridia|o__Clostridiales|f__Ruminococcaceae|g__Ruminococcus|s__Ruminococcus_sp_JE7A12|t__SGB4272",0,0,NA,FALSE,FALSE,FALSE,NA,"HMP1-2 taxonomy oral"
"k__Bacteria|p__Actinobacteria|c__Coriobacteriia|o__Eggerthellales|f__Eggerthellaceae|g__Raoultibacter|s__Raoultibacter_massiliensis|t__SGB33551",0,0,NA,FALSE,FALSE,FALSE,NA,"HMP1-2 taxonomy oral"
"k__Bacteria|p__Bacteroidetes|c__Bacteroidia|o__Bacteroidales|f__Tannerellaceae|g__Tannerella|s__Tannerella_forsythia|t__SGB27842",8,0.00623052959501558,7.34125164950076e-05,FALSE,FALSE,FALSE,NA,"HMP1-2 taxonomy oral"
"k__Bacteria|p__Actinobacteria|c__Actinobacteria|o__Propionibacteriales|f__Propionibacteriaceae|g__Propionibacterium|s__Propionibacterium_sp_oral_taxon_192|t__SGB16999",8,0.00623052959501558,0.00144951120480883,FALSE,TRUE,FALSE,NA,"HMP1-2 taxonomy oral"
"k__Bacteria|p__Bacteroidetes|c__CFGB540|o__OFGB540|f__FGB540|g__GGB1109|s__GGB1109_SGB1423|t__SGB1423",0,0,NA,FALSE,FALSE,FALSE,NA,"HMP1-2 taxonomy oral"
"k__Bacteria|p__Firmicutes|c__Bacilli|o__Bacilli_unclassified|f__Bacilli_unclassified|g__Bacilli_unclassified|s__Bacilli_bacterium|t__SGB6445",0,0,NA,FALSE,FALSE,FALSE,NA,"HMP1-2 taxonomy oral"
"k__Bacteria|p__Firmicutes|c__Clostridia|o__Clostridiales|f__Ruminococcaceae|g__GGB9595|s__GGB9595_SGB15019|t__SGB15019",0,0,NA,FALSE,FALSE,FALSE,NA,"HMP1-2 taxonomy oral"
"k__Bacteria|p__Firmicutes|c__Clostridia|o__Clostridia_unclassified|f__Clostridia_unclassified|g__Clostridia_unclassified|s__Clostridia_unclassified_SGB14196|t__SGB14196",0,0,NA,FALSE,FALSE,FALSE,NA,"HMP1-2 taxonomy oral"
"k__Bacteria|p__Firmicutes|c__Firmicutes_unclassified|o__Firmicutes_unclassified|f__Firmicutes_unclassified|g__Firmicutes_unclassified|s__Firmicutes_bacterium_AM41_11|t__SGB6817",0,0,NA,FALSE,FALSE,FALSE,NA,"HMP1-2 taxonomy oral"
"k__Bacteria|p__Bacteroidetes|c__Bacteroidia|o__Bacteroidales|f__Bacteroidaceae|g__Bacteroides|s__Bacteroides_faecalis|t__SGB27808",0,0,NA,FALSE,FALSE,FALSE,NA,"HMP1-2 taxonomy oral"
"k__Bacteria|p__Actinobacteria|c__Coriobacteriia|o__Eggerthellales|f__Eggerthellaceae|g__Slackia|s__Slackia_piriformis|t__SGB14779",0,0,NA,FALSE,FALSE,FALSE,NA,"HMP1-2 taxonomy oral"
"k__Bacteria|p__Bacteroidetes|c__Bacteroidia|o__Bacteroidales|f__Bacteroidaceae|g__Bacteroides|s__Bacteroides_timonensis|t__SGB1842",0,0,NA,FALSE,FALSE,FALSE,NA,"HMP1-2 taxonomy oral"
"k__Bacteria|p__Firmicutes|c__Clostridia|o__Clostridia_unclassified|f__Clostridia_unclassified|g__Clostridia_unclassified|s__Clostridia_bacterium|t__SGB6374",0,0,NA,FALSE,FALSE,FALSE,NA,"HMP1-2 taxonomy oral"
"k__Bacteria|p__Bacteroidetes|c__Bacteroidia|o__Bacteroidales|f__Odoribacteraceae|g__Butyricimonas|s__Butyricimonas_SGB1783|t__SGB1783",1,0.000778816199376947,0.00371100333990301,FALSE,TRUE,FALSE,NA,"HMP1-2 taxonomy oral"
"k__Bacteria|p__Bacteroidetes|c__Bacteroidia|o__Bacteroidales|f__Barnesiellaceae|g__Barnesiella|s__Barnesiella_sp_WM24|t__SGB2084",0,0,NA,FALSE,FALSE,FALSE,NA,"HMP1-2 taxonomy oral"
"k__Bacteria|p__Firmicutes|c__Bacilli|o__Bacilli_unclassified|f__Bacilli_unclassified|g__Bacilli_unclassified|s__Bacilli_bacterium|t__SGB6570",0,0,NA,FALSE,FALSE,FALSE,NA,"HMP1-2 taxonomy oral"
"k__Bacteria|p__Actinobacteria|c__Actinobacteria|o__Corynebacteriales|f__Corynebacteriaceae|g__Corynebacterium|s__Corynebacterium_propinquum|t__SGB17012",0,0,NA,FALSE,FALSE,FALSE,NA,"HMP1-2 taxonomy oral"
"k__Bacteria|p__Actinobacteria|c__Actinobacteria|o__Corynebacteriales|f__Lawsonellaceae|g__Lawsonella|s__Lawsonella_SGB3665|t__SGB3665",0,0,NA,FALSE,FALSE,FALSE,NA,"HMP1-2 taxonomy oral"
"k__Bacteria|p__Firmicutes|c__Clostridia|o__Clostridia_unclassified|f__Clostridia_unclassified|g__Clostridia_unclassified|s__Clostridia_bacterium|t__SGB6298",0,0,NA,FALSE,FALSE,FALSE,NA,"HMP1-2 taxonomy oral"
"k__Bacteria|p__Firmicutes|c__Clostridia|o__Clostridiales|f__Clostridiales_Family_XIII_Incertae_Sedis|g__Clostridiales_Family_XIII_Incertae_Sedis_unclassified|s__Clostridiales_Family_XIII_bacterium_WCA_MUC_591_APC_4B|t__SGB3926_group",0,0,NA,FALSE,FALSE,FALSE,NA,"HMP1-2 taxonomy oral"
"k__Bacteria|p__Firmicutes|c__Clostridia|o__Clostridia_unclassified|f__Clostridia_unclassified|g__Candidatus_Heteroscilispira|s__Candidatus_Heteroscilispira_lomanii|t__SGB63278",0,0,NA,FALSE,FALSE,FALSE,NA,"HMP1-2 taxonomy oral"
"k__Bacteria|p__Firmicutes|c__Bacilli|o__Bacillales|f__Bacillaceae|g__Psychrobacillus|s__Psychrobacillus_sp_BL_248_WT_3|t__SGB7511",0,0,NA,FALSE,FALSE,FALSE,NA,"HMP1-2 taxonomy oral"
"k__Bacteria|p__Proteobacteria|c__Gammaproteobacteria|o__Enterobacterales|f__Enterobacteriaceae|g__Citrobacter|s__Citrobacter_freundii|t__SGB10083_group",0,0,NA,FALSE,FALSE,FALSE,NA,"HMP1-2 taxonomy oral"
"k__Bacteria|p__Firmicutes|c__Clostridia|o__Clostridiales|f__Clostridiaceae|g__Clostridium|s__Clostridium_tertium|t__SGB6183",0,0,NA,FALSE,FALSE,FALSE,NA,"HMP1-2 taxonomy oral"
"k__Bacteria|p__Firmicutes|c__Clostridia|o__Clostridiales|f__Lachnospiraceae|g__Roseburia|s__Roseburia_SGB4949|t__SGB4949",0,0,NA,FALSE,FALSE,FALSE,NA,"HMP1-2 taxonomy oral"
"k__Bacteria|p__Firmicutes|c__Clostridia|o__Clostridiales|f__Clostridiaceae|g__Clostridiaceae_unclassified|s__Clostridiaceae_bacterium|t__SGB6153",0,0,NA,FALSE,FALSE,FALSE,NA,"HMP1-2 taxonomy oral"
"k__Bacteria|p__Firmicutes|c__Bacilli|o__Bacillales|f__Staphylococcaceae|g__Staphylococcus|s__Staphylococcus_pseudintermedius|t__SGB7827",0,0,NA,FALSE,FALSE,FALSE,NA,"HMP1-2 taxonomy oral"
"k__Bacteria|p__Aquificae|c__CFGB12224|o__OFGB12224|f__FGB12224|g__GGB41261|s__GGB41261_SGB64010|t__SGB64010",0,0,NA,FALSE,FALSE,FALSE,NA,"HMP1-2 taxonomy oral"
"k__Bacteria|p__Proteobacteria|c__Alphaproteobacteria|o__Rhodobacterales|f__Rhodobacteraceae|g__Paracoccus|s__Paracoccus_solventivorans|t__SGB10725",1,0.000778816199376947,1.72000017200002e-05,FALSE,FALSE,FALSE,NA,"HMP1-2 taxonomy oral"
"k__Bacteria|p__Proteobacteria|c__Hydrogenophilalia|o__Hydrogenophilales|f__Hydrogenophilaceae|g__Tepidiphilus|s__Tepidiphilus_succinatimandens|t__SGB12605",1,0.000778816199376947,6.20999751600099e-05,FALSE,FALSE,FALSE,NA,"HMP1-2 taxonomy oral"
"k__Bacteria|p__Fusobacteria|c__Fusobacteriia|o__Fusobacteriales|f__Fusobacteriaceae|g__Fusobacterium|s__Fusobacterium_necrophorum|t__SGB5986",14,0.0109034267912773,0.000317478668398639,FALSE,TRUE,FALSE,NA,"HMP1-2 taxonomy oral"
"k__Bacteria|p__Spirochaetes|c__Spirochaetia|o__Brachyspirales|f__Brachyspiraceae|g__Brachyspira|s__Brachyspira_aalborgi|t__SGB5967",0,0,NA,FALSE,FALSE,FALSE,NA,"HMP1-2 taxonomy oral"
"k__Bacteria|p__Bacteroidetes|c__Bacteroidia|o__Bacteroidales|f__Muribaculaceae|g__Muribaculum|s__Muribaculum_gordoncarteri|t__SGB2087",1,0.000778816199376947,0.000458800045880004,FALSE,TRUE,FALSE,NA,"HMP1-2 taxonomy oral"
"k__Bacteria|p__Firmicutes|c__Clostridia|o__Clostridiales|f__Christensenellaceae|g__Christensenella|s__Christensenella_sp_AF73_05CM02|t__SGB29341",0,0,NA,FALSE,FALSE,FALSE,NA,"HMP1-2 taxonomy oral"
"k__Bacteria|p__Firmicutes|c__CFGB9501|o__OFGB9501|f__FGB9501|g__GGB28369|s__GGB28369_SGB40949|t__SGB40949",0,0,NA,FALSE,FALSE,FALSE,NA,"HMP1-2 taxonomy oral"
"k__Bacteria|p__Bacteroidetes|c__Bacteroidia|o__Bacteroidales|f__Rikenellaceae|g__Rikenellaceae_unclassified|s__Rikenellaceae_bacterium|t__SGB2247",0,0,NA,FALSE,FALSE,FALSE,NA,"HMP1-2 taxonomy oral"
"k__Bacteria|p__Firmicutes|c__Clostridia|o__Clostridia_unclassified|f__Clostridia_unclassified|g__Clostridia_unclassified|s__Clostridia_bacterium|t__SGB4453",0,0,NA,FALSE,FALSE,FALSE,NA,"HMP1-2 taxonomy oral"
"k__Bacteria|p__Bacteroidetes|c__Bacteroidia|o__Bacteroidales|f__Bacteroidales_unclassified|g__GGB1536|s__GGB1536_SGB2119|t__SGB2119",0,0,NA,FALSE,FALSE,FALSE,NA,"HMP1-2 taxonomy oral"
"k__Bacteria|p__Firmicutes|c__Clostridia|o__Clostridiales|f__Clostridiales_Family_XIII_Incertae_Sedis|g__Bacilliculturomica|s__Bacilliculturomica_massiliensis|t__SGB28982",0,0,NA,FALSE,FALSE,FALSE,NA,"HMP1-2 taxonomy oral"
"k__Bacteria|p__Firmicutes|c__Clostridia|o__Clostridiales|f__Clostridiaceae|g__GGB4482|s__GGB4482_SGB6176|t__SGB6176",0,0,NA,FALSE,FALSE,FALSE,NA,"HMP1-2 taxonomy oral"
"k__Bacteria|p__Firmicutes|c__CFGB3035|o__OFGB3035|f__FGB3035|g__GGB9523|s__GGB9523_SGB14922|t__SGB14922",0,0,NA,FALSE,FALSE,FALSE,NA,"HMP1-2 taxonomy oral"
"k__Bacteria|p__Firmicutes|c__Clostridia|o__Clostridiales|f__Lachnospiraceae|g__Lachnospiraceae_unclassified|s__Lachnospiraceae_bacterium|t__SGB47610",0,0,NA,FALSE,FALSE,FALSE,NA,"HMP1-2 taxonomy oral"
"k__Bacteria|p__Firmicutes|c__Clostridia|o__Clostridiales|f__Ruminococcaceae|g__GGB9732|s__GGB9732_SGB15302|t__SGB15302",0,0,NA,FALSE,FALSE,FALSE,NA,"HMP1-2 taxonomy oral"
"k__Bacteria|p__Firmicutes|c__Clostridia|o__Clostridiales|f__Lachnospiraceae|g__Lachnospiraceae_unclassified|s__Lachnospiraceae_bacterium|t__SGB4673",0,0,NA,FALSE,FALSE,FALSE,NA,"HMP1-2 taxonomy oral"
"k__Bacteria|p__Firmicutes|c__Clostridia|o__Clostridiales|f__Clostridiaceae|g__GGB9580|s__GGB9580_SGB14998|t__SGB14998",0,0,NA,FALSE,FALSE,FALSE,NA,"HMP1-2 taxonomy oral"
"k__Bacteria|p__Firmicutes|c__Clostridia|o__Clostridiales|f__Lachnospiraceae|g__GGB3569|s__GGB3569_SGB4776|t__SGB4776",0,0,NA,FALSE,FALSE,FALSE,NA,"HMP1-2 taxonomy oral"
"k__Bacteria|p__Firmicutes|c__Clostridia|o__Clostridia_unclassified|f__Clostridia_unclassified|g__Clostridia_unclassified|s__Clostridia_bacterium|t__SGB53496",0,0,NA,FALSE,FALSE,FALSE,NA,"HMP1-2 taxonomy oral"
"k__Bacteria|p__Firmicutes|c__Clostridia|o__Clostridiales|f__Lachnospiraceae|g__Lachnospiraceae_unclassified|s__Lachnospiraceae_bacterium|t__SGB4605",0,0,NA,FALSE,FALSE,FALSE,NA,"HMP1-2 taxonomy oral"
"k__Bacteria|p__Firmicutes|c__CFGB3606|o__OFGB3606|f__FGB3606|g__GGB42689|s__GGB42689_SGB59892|t__SGB59892",0,0,NA,FALSE,FALSE,FALSE,NA,"HMP1-2 taxonomy oral"
"k__Bacteria|p__Firmicutes|c__Clostridia|o__Clostridia_unclassified|f__Clostridia_unclassified|g__Clostridia_unclassified|s__Clostridia_bacterium|t__SGB14021",0,0,NA,FALSE,FALSE,FALSE,NA,"HMP1-2 taxonomy oral"
"k__Bacteria|p__Firmicutes|c__Clostridia|o__Clostridiales|f__Lachnospiraceae|g__GGB3678|s__GGB3678_SGB4992|t__SGB4992",0,0,NA,FALSE,FALSE,FALSE,NA,"HMP1-2 taxonomy oral"
"k__Bacteria|p__Firmicutes|c__Bacilli|o__Bacilli_unclassified|f__Bacilli_unclassified|g__GGB4739|s__GGB4739_SGB6564|t__SGB6564",0,0,NA,FALSE,FALSE,FALSE,NA,"HMP1-2 taxonomy oral"
"k__Bacteria|p__Bacteroidetes|c__CFGB636|o__OFGB636|f__FGB636|g__GGB14001|s__GGB14001_SGB21428|t__SGB21428",0,0,NA,FALSE,FALSE,FALSE,NA,"HMP1-2 taxonomy oral"
"k__Bacteria|p__Firmicutes|c__Clostridia|o__Clostridiales|f__Lachnospiraceae|g__Lachnospiraceae_unclassified|s__Lachnospiraceae_bacterium|t__SGB4607",0,0,NA,FALSE,FALSE,FALSE,NA,"HMP1-2 taxonomy oral"
"k__Bacteria|p__Bacteroidetes|c__Bacteroidia|o__Bacteroidales|f__Tannerellaceae|g__Parabacteroides|s__Parabacteroides_gordonii|t__SGB1942",0,0,NA,FALSE,FALSE,FALSE,NA,"HMP1-2 taxonomy oral"
"k__Bacteria|p__Firmicutes|c__Clostridia|o__Clostridiales|f__Lachnospiraceae|g__Lachnospiraceae_unclassified|s__Lachnospiraceae_bacterium|t__SGB4994",0,0,NA,FALSE,FALSE,FALSE,NA,"HMP1-2 taxonomy oral"
"k__Bacteria|p__Firmicutes|c__Bacilli|o__Bacillales|f__Staphylococcaceae|g__Staphylococcus|s__Staphylococcus_auricularis|t__SGB7816",0,0,NA,FALSE,FALSE,FALSE,NA,"HMP1-2 taxonomy oral"
"k__Bacteria|p__Firmicutes|c__Bacilli|o__Lactobacillales|f__Carnobacteriaceae|g__Alloiococcus|s__Alloiococcus_otitis|t__SGB7016",0,0,NA,FALSE,FALSE,FALSE,NA,"HMP1-2 taxonomy oral"
"k__Bacteria|p__Firmicutes|c__CFGB1798|o__OFGB1798|f__FGB1798|g__GGB4769|s__GGB4769_SGB6602|t__SGB6602",0,0,NA,FALSE,FALSE,FALSE,NA,"HMP1-2 taxonomy oral"
"k__Bacteria|p__Firmicutes|c__Negativicutes|o__Acidaminococcales|f__Acidaminococcaceae|g__Acidaminococcaceae_unclassified|s__Acidaminococcaceae_unclassified_SGB5785|t__SGB5785",0,0,NA,FALSE,FALSE,FALSE,NA,"HMP1-2 taxonomy oral"
"k__Bacteria|p__Bacteroidetes|c__Bacteroidia|o__Bacteroidales|f__Porphyromonadaceae|g__Sanguibacteroides|s__Sanguibacteroides_justesenii|t__SGB1776",0,0,NA,FALSE,FALSE,FALSE,NA,"HMP1-2 taxonomy oral"
"k__Bacteria|p__Firmicutes|c__Clostridia|o__Clostridia_unclassified|f__Clostridia_unclassified|g__Candidatus_Neoanaerotignum|s__Candidatus_Neoanaerotignum_galli|t__SGB59530",0,0,NA,FALSE,FALSE,FALSE,NA,"HMP1-2 taxonomy oral"
"k__Bacteria|p__Bacteroidetes|c__Bacteroidia|o__Bacteroidales|f__Bacteroidaceae|g__Bacteroides|s__Bacteroides_sp_AF16_49|t__SGB1840",1,0.000778816199376947,4.71999905600019e-05,FALSE,FALSE,FALSE,NA,"HMP1-2 taxonomy oral"
"k__Bacteria|p__Firmicutes|c__Clostridia|o__Clostridia_unclassified|f__Clostridia_unclassified|g__Clostridia_unclassified|s__Clostridia_bacterium|t__SGB6273",0,0,NA,FALSE,FALSE,FALSE,NA,"HMP1-2 taxonomy oral"
"k__Bacteria|p__Firmicutes|c__Clostridia|o__Clostridia_unclassified|f__Clostridia_unclassified|g__GGB9530|s__GGB9530_SGB14930|t__SGB14930",0,0,NA,FALSE,FALSE,FALSE,NA,"HMP1-2 taxonomy oral"
"k__Bacteria|p__Firmicutes|c__Clostridia|o__Clostridiales|f__Lachnospiraceae|g__Lachnospiraceae_unclassified|s__Lachnospiraceae_bacterium|t__SGB4877",0,0,NA,FALSE,FALSE,FALSE,NA,"HMP1-2 taxonomy oral"
"k__Bacteria|p__Firmicutes|c__Clostridia|o__Clostridiales|f__Ruminococcaceae|g__Drancourtella|s__Drancourtella_sp_An57|t__SGB4619",0,0,NA,FALSE,FALSE,FALSE,NA,"HMP1-2 taxonomy oral"
"k__Bacteria|p__Firmicutes|c__Bacilli|o__Lactobacillales|f__Streptococcaceae|g__Streptococcus|s__Streptococcus_equinus|t__SGB8022",0,0,NA,FALSE,FALSE,FALSE,NA,"HMP1-2 taxonomy oral"
"k__Bacteria|p__Firmicutes|c__Bacilli|o__Lactobacillales|f__Enterococcaceae|g__Enterococcus|s__Enterococcus_gallinarum|t__SGB7951",0,0,NA,FALSE,FALSE,FALSE,NA,"HMP1-2 taxonomy oral"
"k__Bacteria|p__Firmicutes|c__Clostridia|o__Clostridiales|f__Lachnospiraceae|g__Lachnospiraceae_unclassified|s__Lachnospiraceae_bacterium|t__SGB4755",0,0,NA,FALSE,FALSE,FALSE,NA,"HMP1-2 taxonomy oral"
"k__Bacteria|p__Firmicutes|c__Clostridia|o__Clostridia_unclassified|f__Clostridia_unclassified|g__Clostridia_unclassified|s__Clostridia_bacterium|t__SGB4316",0,0,NA,FALSE,FALSE,FALSE,NA,"HMP1-2 taxonomy oral"
"k__Bacteria|p__Proteobacteria|c__Betaproteobacteria|o__Neisseriales|f__Neisseriaceae|g__Kingella|s__Kingella_potus|t__SGB23375",10,0.00778816199376947,4.09999974200034e-06,FALSE,FALSE,FALSE,NA,"HMP1-2 taxonomy oral"
"k__Bacteria|p__Proteobacteria|c__Betaproteobacteria|o__Neisseriales|f__Neisseriaceae|g__Neisseria|s__Neisseria_shayeganii|t__SGB9446",1,0.000778816199376947,2.99999880000048e-07,FALSE,FALSE,FALSE,NA,"HMP1-2 taxonomy oral"
"k__Bacteria|p__Firmicutes|c__Clostridia|o__Clostridiales|f__Lachnospiraceae|g__Lachnospiraceae_unclassified|s__Lachnospiraceae_unclassified_SGB5063|t__SGB5063",1,0.000778816199376947,2.77000083100025e-05,FALSE,FALSE,FALSE,NA,"HMP1-2 taxonomy oral"
"k__Bacteria|p__Bacteroidetes|c__Bacteroidia|o__Bacteroidales|f__Bacteroidales_unclassified|g__Bacteroidales_unclassified|s__Bacteroidales_bacterium|t__SGB2085",0,0,NA,FALSE,FALSE,FALSE,NA,"HMP1-2 taxonomy oral"
"k__Bacteria|p__Firmicutes|c__Clostridia|o__Clostridiales|f__Lachnospiraceae|g__GGB3664|s__GGB3664_SGB4976|t__SGB4976",0,0,NA,FALSE,FALSE,FALSE,NA,"HMP1-2 taxonomy oral"
"k__Bacteria|p__Bacteroidetes|c__Bacteroidia|o__Bacteroidales|f__Bacteroidales_unclassified|g__Bacteroidales_unclassified|s__Bacteroidales_bacterium|t__SGB48233",0,0,NA,FALSE,FALSE,FALSE,NA,"HMP1-2 taxonomy oral"
"k__Bacteria|p__Proteobacteria|c__Gammaproteobacteria|o__Enterobacterales|f__Enterobacteriaceae|g__Escherichia|s__Escherichia_marmotae|t__SGB10064",0,0,NA,FALSE,FALSE,FALSE,NA,"HMP1-2 taxonomy oral"
"k__Bacteria|p__Firmicutes|c__Clostridia|o__Clostridiales|f__Lachnospiraceae|g__GGB3617|s__GGB3617_SGB4891|t__SGB4891",0,0,NA,FALSE,FALSE,FALSE,NA,"HMP1-2 taxonomy oral"
"k__Bacteria|p__Firmicutes|c__Clostridia|o__Clostridiales|f__Lachnospiraceae|g__Lachnospiraceae_unclassified|s__Lachnospiraceae_bacterium|t__SGB4888",0,0,NA,FALSE,FALSE,FALSE,NA,"HMP1-2 taxonomy oral"
"k__Bacteria|p__Firmicutes|c__Negativicutes|o__Veillonellales|f__Veillonellaceae|g__Veillonella|s__Veillonella_ratti|t__SGB6922",0,0,NA,FALSE,FALSE,FALSE,NA,"HMP1-2 taxonomy oral"
"k__Bacteria|p__Firmicutes|c__Clostridia|o__Clostridia_unclassified|f__Clostridia_unclassified|g__Clostridia_unclassified|s__Clostridia_bacterium|t__SGB4333",0,0,NA,FALSE,FALSE,FALSE,NA,"HMP1-2 taxonomy oral"
"k__Bacteria|p__Actinobacteria|c__Actinobacteria|o__Corynebacteriales|f__Lawsonellaceae|g__Lawsonella|s__Lawsonella_clevelandensis|t__SGB3664",0,0,NA,FALSE,FALSE,FALSE,NA,"HMP1-2 taxonomy oral"
"k__Bacteria|p__Actinobacteria|c__Actinobacteria|o__Corynebacteriales|f__Corynebacteriaceae|g__Corynebacterium|s__Corynebacterium_singulare|t__SGB17118",0,0,NA,FALSE,FALSE,FALSE,NA,"HMP1-2 taxonomy oral"
"k__Bacteria|p__Actinobacteria|c__Coriobacteriia|o__Coriobacteriales|f__Coriobacteriaceae|g__Enorma|s__Enorma_massiliensis|t__SGB14749",0,0,NA,FALSE,FALSE,FALSE,NA,"HMP1-2 taxonomy oral"
"k__Bacteria|p__Bacteroidetes|c__Bacteroidia|o__Bacteroidales|f__Bacteroidaceae|g__Bacteroides|s__Bacteroides_fluxus|t__SGB1835",0,0,NA,FALSE,FALSE,FALSE,NA,"HMP1-2 taxonomy oral"
"k__Bacteria|p__Firmicutes|c__Negativicutes|o__Veillonellales|f__Veillonellaceae|g__GGB4263|s__GGB4263_SGB5801|t__SGB5801",0,0,NA,FALSE,FALSE,FALSE,NA,"HMP1-2 taxonomy oral"
"k__Bacteria|p__Firmicutes|c__CFGB12855|o__OFGB12855|f__FGB12855|g__GGB36331|s__GGB36331_SGB53806|t__SGB53806",0,0,NA,FALSE,FALSE,FALSE,NA,"HMP1-2 taxonomy oral"
"k__Bacteria|p__Actinobacteria|c__Actinobacteria|o__Bifidobacteriales|f__Bifidobacteriaceae|g__Bifidobacterium|s__Bifidobacterium_animalis|t__SGB17278",2,0.00155763239875389,6.08500216600115e-05,FALSE,FALSE,FALSE,NA,"HMP1-2 taxonomy oral"
"k__Bacteria|p__Firmicutes|c__Clostridia|o__Clostridia_unclassified|f__Clostridia_unclassified|g__Clostridia_unclassified|s__Clostridia_bacterium|t__SGB14139",0,0,NA,FALSE,FALSE,FALSE,NA,"HMP1-2 taxonomy oral"
"k__Bacteria|p__Bacteroidetes|c__Flavobacteriia|o__Flavobacteriales|f__Weeksellaceae|g__Bergeyella|s__Bergeyella_cardium|t__SGB28230",8,0.00623052959501558,0.00860854743678954,FALSE,TRUE,FALSE,NA,"HMP1-2 taxonomy oral"
"k__Bacteria|p__Firmicutes|c__Bacilli|o__Bacillales|f__Staphylococcaceae|g__Staphylococcus|s__Staphylococcus_saprophyticus|t__SGB7848",0,0,NA,FALSE,FALSE,FALSE,NA,"HMP1-2 taxonomy oral"
"k__Bacteria|p__Firmicutes|c__Clostridia|o__Clostridia_unclassified|f__Clostridia_unclassified|g__Clostridia_unclassified|s__Clostridia_bacterium|t__SGB6077",0,0,NA,FALSE,FALSE,FALSE,NA,"HMP1-2 taxonomy oral"
"k__Bacteria|p__Actinobacteria|c__Actinobacteria|o__Actinomycetales|f__Actinomycetaceae|g__Actinomyces|s__Actinomyces_sp_ZJ1629|t__SGB86826",7,0.00545171339563863,2.62857175714327e-06,FALSE,FALSE,FALSE,NA,"HMP1-2 taxonomy oral"
"k__Bacteria|p__Proteobacteria|c__Gammaproteobacteria|o__Pasteurellales|f__Pasteurellaceae|g__Aggregatibacter|s__Aggregatibacter_kilianii|t__SGB31002",2,0.00155763239875389,6.99999850000135e-07,FALSE,FALSE,FALSE,NA,"HMP1-2 taxonomy oral"
"k__Bacteria|p__Candidatus_Melainabacteria|c__Candidatus_Melainabacteria_unclassified|o__Candidatus_Gastranaerophilales|f__Candidatus_Gastranaerophilales_unclassified|g__GGB6012|s__GGB6012_SGB8640|t__SGB8640",0,0,NA,FALSE,FALSE,FALSE,NA,"HMP1-2 taxonomy oral"
"k__Bacteria|p__Bacteroidetes|c__Bacteroidia|o__Bacteroidales|f__Bacteroidaceae|g__Bacteroidaceae_unclassified|s__Bacteroidaceae_bacterium|t__SGB1474",0,0,NA,FALSE,FALSE,FALSE,NA,"HMP1-2 taxonomy oral"
"k__Bacteria|p__Proteobacteria|c__CFGB1062|o__OFGB1062|f__FGB1062|g__GGB2734|s__GGB2734_SGB3677|t__SGB3677",0,0,NA,FALSE,FALSE,FALSE,NA,"HMP1-2 taxonomy oral"
"k__Bacteria|p__Firmicutes|c__Clostridia|o__Clostridiales|f__Lachnospiraceae|g__GGB3637|s__GGB3637_SGB4930|t__SGB4930",0,0,NA,FALSE,FALSE,FALSE,NA,"HMP1-2 taxonomy oral"
"k__Bacteria|p__Verrucomicrobia|c__Opitutae|o__Opitutales|f__Opitutales_unclassified|g__Opitutales_unclassified|s__Opitutales_bacterium|t__SGB8769",0,0,NA,FALSE,FALSE,FALSE,NA,"HMP1-2 taxonomy oral"
"k__Bacteria|p__Firmicutes|c__Clostridia|o__Clostridiales|f__Ruminococcaceae|g__GGB9635|s__GGB9635_SGB15101|t__SGB15101",0,0,NA,FALSE,FALSE,FALSE,NA,"HMP1-2 taxonomy oral"
"k__Bacteria|p__Firmicutes|c__Bacilli|o__Bacilli_unclassified|f__Bacilli_unclassified|g__GGB4693|s__GGB4693_SGB6491|t__SGB6491",0,0,NA,FALSE,FALSE,FALSE,NA,"HMP1-2 taxonomy oral"
"k__Bacteria|p__Firmicutes|c__Clostridia|o__Clostridia_unclassified|f__Clostridia_unclassified|g__Clostridia_unclassified|s__Clostridia_bacterium|t__SGB6346",4,0.00311526479750779,0.00047322507756502,FALSE,TRUE,FALSE,NA,"HMP1-2 taxonomy oral"
"k__Bacteria|p__Actinobacteria|c__Coriobacteriia|o__Coriobacteriales|f__Atopobiaceae|g__Olsenella|s__Olsenella_sp_GAM18|t__SGB14370_group",0,0,NA,FALSE,FALSE,FALSE,NA,"HMP1-2 taxonomy oral"
"k__Bacteria|p__Firmicutes|c__Clostridia|o__Clostridiales|f__Ruminococcaceae|g__GGB13472|s__GGB13472_SGB20758|t__SGB20758",0,0,NA,FALSE,FALSE,FALSE,NA,"HMP1-2 taxonomy oral"
"k__Bacteria|p__Actinobacteria|c__Actinobacteria|o__Corynebacteriales|f__Corynebacteriaceae|g__Corynebacterium|s__Corynebacterium_fournieri|t__SGB33706",0,0,NA,FALSE,FALSE,FALSE,NA,"HMP1-2 taxonomy oral"
"k__Bacteria|p__Firmicutes|c__Negativicutes|o__Acidaminococcales|f__Acidaminococcaceae|g__GGB4250|s__GGB4250_SGB5751|t__SGB5751",3,0.00233644859813084,0.00331209936702679,FALSE,TRUE,FALSE,NA,"HMP1-2 taxonomy oral"
"k__Bacteria|p__Proteobacteria|c__Epsilonproteobacteria|o__Campylobacterales|f__Helicobacteraceae|g__Helicobacter|s__Helicobacter_pylori|t__SGB19376",12,0.00934579439252336,0.00164314187032766,FALSE,TRUE,FALSE,NA,"HMP1-2 taxonomy oral"
"k__Bacteria|p__Firmicutes|c__Clostridia|o__Clostridiales|f__Peptostreptococcaceae|g__Peptacetobacter|s__Peptacetobacter_hiranonis|t__SGB6131",0,0,NA,FALSE,FALSE,FALSE,NA,"HMP1-2 taxonomy oral"
"k__Bacteria|p__Firmicutes|c__Bacilli|o__Lactobacillales|f__Streptococcaceae|g__Streptococcus|s__Streptococcus_dysgalactiae|t__SGB8219",4,0.00311526479750779,0.00023637493817002,FALSE,TRUE,FALSE,NA,"HMP1-2 taxonomy oral"
"k__Bacteria|p__Firmicutes|c__Negativicutes|o__Veillonellales|f__Veillonellaceae|g__Veillonella|s__Veillonella_denticariosi|t__SGB6938",7,0.00545171339563863,0.000891570928448944,FALSE,TRUE,FALSE,NA,"HMP1-2 taxonomy oral"
"k__Bacteria|p__Actinobacteria|c__Actinobacteria|o__Actinomycetales|f__Actinomycetaceae|g__Actinomyces|s__Actinomyces_ihuae|t__SGB17194",1,0.000778816199376947,4.70000094000019e-06,FALSE,FALSE,FALSE,NA,"HMP1-2 taxonomy oral"
"k__Bacteria|p__Firmicutes|c__Clostridia|o__Clostridiales|f__Hungateiclostridiaceae|g__Fastidiosipila|s__Fastidiosipila_sanguinis|t__SGB29515",1,0.000778816199376947,4.00000080000016e-07,FALSE,FALSE,FALSE,NA,"HMP1-2 taxonomy oral"
"k__Bacteria|p__Firmicutes|c__Tissierellia|o__Tissierellales|f__Peptoniphilaceae|g__Anaerococcus|s__Anaerococcus_prevotii|t__SGB6679",0,0,NA,FALSE,FALSE,FALSE,NA,"HMP1-2 taxonomy oral"
"k__Bacteria|p__Firmicutes|c__Tissierellia|o__Tissierellales|f__Peptoniphilaceae|g__Peptoniphilus|s__Peptoniphilus_harei|t__SGB6693",0,0,NA,FALSE,FALSE,FALSE,NA,"HMP1-2 taxonomy oral"
"k__Bacteria|p__Firmicutes|c__Tissierellia|o__Tissierellales|f__Peptoniphilaceae|g__Anaerococcus|s__Anaerococcus_senegalensis|t__SGB6664",0,0,NA,FALSE,FALSE,FALSE,NA,"HMP1-2 taxonomy oral"
"k__Bacteria|p__Actinobacteria|c__Actinobacteria|o__Actinomycetales|f__Actinomycetaceae|g__GGB753|s__GGB753_SGB989|t__SGB989",0,0,NA,FALSE,FALSE,FALSE,NA,"HMP1-2 taxonomy oral"
"k__Bacteria|p__Firmicutes|c__Clostridia|o__Clostridiales|f__Lachnospiraceae|g__Lachnospiraceae_unclassified|s__Lachnospiraceae_bacterium|t__SGB5267",0,0,NA,FALSE,FALSE,FALSE,NA,"HMP1-2 taxonomy oral"
"k__Bacteria|p__Firmicutes|c__Clostridia|o__Clostridiales|f__Peptostreptococcaceae|g__Peptostreptococcus|s__Peptostreptococcus_anaerobius|t__SGB746",3,0.00233644859813084,5.95666925766861e-05,FALSE,FALSE,FALSE,NA,"HMP1-2 taxonomy oral"
"k__Bacteria|p__Firmicutes|c__Clostridia|o__Clostridiales|f__Peptostreptococcaceae|g__Peptostreptococcus|s__Peptostreptococcus_sp_MV1|t__SGB747",0,0,NA,FALSE,FALSE,FALSE,NA,"HMP1-2 taxonomy oral"
"k__Bacteria|p__Firmicutes|c__Clostridia|o__Clostridiales|f__Peptostreptococcaceae|g__Criibacterium|s__Criibacterium_bergeronii|t__SGB6645",0,0,NA,FALSE,FALSE,FALSE,NA,"HMP1-2 taxonomy oral"
"k__Bacteria|p__Firmicutes|c__Bacilli|o__Lactobacillales|f__Streptococcaceae|g__Streptococcus|s__Streptococcus_sp_DD11|t__SGB8055",2,0.00155763239875389,1.15000023500007e-06,FALSE,FALSE,FALSE,NA,"HMP1-2 taxonomy oral"
"k__Bacteria|p__Firmicutes|c__Tissierellia|o__Tissierellales|f__Peptoniphilaceae|g__Anaerococcus|s__Anaerococcus_prevotii|t__SGB6676",0,0,NA,FALSE,FALSE,FALSE,NA,"HMP1-2 taxonomy oral"
"k__Bacteria|p__Firmicutes|c__Tissierellia|o__Tissierellales|f__Peptoniphilaceae|g__Peptoniphilus|s__Peptoniphilus_sp_Marseille_P3761|t__SGB29485",0,0,NA,FALSE,FALSE,FALSE,NA,"HMP1-2 taxonomy oral"
"k__Bacteria|p__Actinobacteria|c__Actinobacteria|o__Actinomycetales|f__Actinomycetaceae|g__Mobiluncus|s__Mobiluncus_SGB15488|t__SGB15488",0,0,NA,FALSE,FALSE,FALSE,NA,"HMP1-2 taxonomy oral"
"k__Bacteria|p__Actinobacteria|c__Actinobacteria|o__Corynebacteriales|f__Corynebacteriaceae|g__Corynebacterium|s__Corynebacterium_amycolatum|t__SGB17036",0,0,NA,FALSE,FALSE,FALSE,NA,"HMP1-2 taxonomy oral"
"k__Bacteria|p__Firmicutes|c__Tissierellia|o__Tissierellales|f__Peptoniphilaceae|g__Peptoniphilus|s__Peptoniphilus_pacaensis|t__SGB29484",0,0,NA,FALSE,FALSE,FALSE,NA,"HMP1-2 taxonomy oral"
"k__Bacteria|p__Firmicutes|c__Tissierellia|o__Tissierellales|f__Peptoniphilaceae|g__Anaerococcus|s__Anaerococcus_marasmi|t__SGB29494",0,0,NA,FALSE,FALSE,FALSE,NA,"HMP1-2 taxonomy oral"
"k__Bacteria|p__Proteobacteria|c__Betaproteobacteria|o__Rhodocyclales|f__Rhodocyclaceae|g__Azospira|s__Dechlorosoma_suillum|t__SGB12609",0,0,NA,FALSE,FALSE,FALSE,NA,"HMP1-2 taxonomy oral"
"k__Bacteria|p__Proteobacteria|c__Gammaproteobacteria|o__Pseudomonadales|f__Moraxellaceae|g__Acinetobacter|s__Acinetobacter_junii|t__SGB10370",11,0.00856697819314642,0.00099869087607822,FALSE,TRUE,FALSE,NA,"HMP1-2 taxonomy oral"
"k__Bacteria|p__Firmicutes|c__Tissierellia|o__Tissierellales|f__Peptoniphilaceae|g__Anaerococcus|s__Anaerococcus_mediterraneensis|t__SGB29507",0,0,NA,FALSE,FALSE,FALSE,NA,"HMP1-2 taxonomy oral"
"k__Bacteria|p__Proteobacteria|c__Deltaproteobacteria|o__Desulfovibrionales|f__Desulfovibrionaceae|g__GGB9815|s__GGB9815_SGB15449|t__SGB15449",0,0,NA,FALSE,FALSE,FALSE,NA,"HMP1-2 taxonomy oral"
"k__Bacteria|p__Firmicutes|c__Clostridia|o__Clostridiales|f__Lachnospiraceae|g__Blautia|s__Blautia_producta|t__SGB4785",0,0,NA,FALSE,FALSE,FALSE,NA,"HMP1-2 taxonomy oral"
"k__Bacteria|p__Firmicutes|c__Clostridia|o__Clostridia_unclassified|f__Clostridia_unclassified|g__GGB9104|s__GGB9104_SGB14036|t__SGB14036",0,0,NA,FALSE,FALSE,FALSE,NA,"HMP1-2 taxonomy oral"
"k__Bacteria|p__Verrucomicrobia|c__CFGB2164|o__OFGB2164|f__FGB2164|g__GGB6132|s__GGB6132_SGB8779|t__SGB8779",0,0,NA,FALSE,FALSE,FALSE,NA,"HMP1-2 taxonomy oral"
"k__Bacteria|p__Firmicutes|c__Clostridia|o__Clostridiales|f__Ruminococcaceae|g__Gemmiger|s__Gemmiger_SGB15292|t__SGB15292",0,0,NA,FALSE,FALSE,FALSE,NA,"HMP1-2 taxonomy oral"
"k__Bacteria|p__Firmicutes|c__Bacilli|o__Lactobacillales|f__Streptococcaceae|g__Streptococcus|s__Streptococcus_sinensis|t__SGB8030",9,0.00700934579439252,0.000432866377523604,FALSE,TRUE,FALSE,NA,"HMP1-2 taxonomy oral"
"k__Bacteria|p__Proteobacteria|c__Betaproteobacteria|o__Burkholderiales|f__Burkholderiaceae|g__Burkholderia|s__Burkholderia_cenocepacia|t__SGB13000",0,0,NA,FALSE,FALSE,FALSE,NA,"HMP1-2 taxonomy oral"
"k__Bacteria|p__Bacteroidetes|c__Bacteroidia|o__Bacteroidales|f__Rikenellaceae|g__GGB1631|s__GGB1631_SGB2239|t__SGB2239",2,0.00155763239875389,2.88500087950027e-05,FALSE,FALSE,FALSE,NA,"HMP1-2 taxonomy oral"
"k__Bacteria|p__Bacteroidetes|c__Bacteroidia|o__Bacteroidales|f__Bacteroidaceae|g__Bacteroidaceae_unclassified|s__Bacteroidaceae_bacterium|t__SGB1404",0,0,NA,FALSE,FALSE,FALSE,NA,"HMP1-2 taxonomy oral"
"k__Bacteria|p__Firmicutes|c__Bacilli|o__Bacilli_unclassified|f__Bacilli_unclassified|g__Bacilli_unclassified|s__Bacilli_unclassified_SGB6502|t__SGB6502",0,0,NA,FALSE,FALSE,FALSE,NA,"HMP1-2 taxonomy oral"
"k__Bacteria|p__Bacteroidetes|c__Bacteroidia|o__Bacteroidales|f__Rikenellaceae|g__Rikenellaceae_unclassified|s__Rikenellaceae_unclassified_SGB2230|t__SGB2230",1,0.000778816199376947,1.90000019000002e-05,FALSE,FALSE,FALSE,NA,"HMP1-2 taxonomy oral"
"k__Bacteria|p__Proteobacteria|c__Alphaproteobacteria|o__Sphingomonadales|f__Sphingomonadaceae|g__Sphingomonas|s__Sphingomonas_ginsenosidimutans|t__SGB11685",3,0.00233644859813084,5.15666688600014e-05,FALSE,FALSE,FALSE,NA,"HMP1-2 taxonomy oral"
"k__Bacteria|p__Proteobacteria|c__Alphaproteobacteria|o__Rhizobiales|f__Bradyrhizobiaceae|g__Bradyrhizobium|s__Bradyrhizobium_elkanii|t__SGB11334",17,0.0132398753894081,0.000442923462860611,FALSE,TRUE,FALSE,NA,"HMP1-2 taxonomy oral"
"k__Bacteria|p__Firmicutes|c__Clostridia|o__Clostridia_unclassified|f__Clostridia_unclassified|g__Clostridia_unclassified|s__Clostridia_bacterium|t__SGB14017",0,0,NA,FALSE,FALSE,FALSE,NA,"HMP1-2 taxonomy oral"
"k__Eukaryota|p__Eukaryota_unclassified|c__Eukaryota_unclassified|o__Eukaryota_unclassified|f__Eukaryota_unclassified|g__Blastocystis|s__Blastocystis_sp_subtype_1|t__EUK944036",1,0.000778816199376947,8.30000166000033e-05,FALSE,FALSE,FALSE,NA,"HMP1-2 taxonomy oral"
"k__Bacteria|p__Firmicutes|c__Clostridia|o__Clostridia_unclassified|f__Clostridia_unclassified|g__Clostridia_unclassified|s__Clostridia_bacterium|t__SGB53819",0,0,NA,FALSE,FALSE,FALSE,NA,"HMP1-2 taxonomy oral"
"k__Bacteria|p__Bacteroidetes|c__Bacteroidia|o__Bacteroidales|f__Odoribacteraceae|g__GGB1332|s__GGB1332_SGB1789|t__SGB1789",2,0.00155763239875389,0.00276809946435011,FALSE,TRUE,FALSE,NA,"HMP1-2 taxonomy oral"
"k__Bacteria|p__Proteobacteria|c__Gammaproteobacteria|o__Aeromonadales|f__Aeromonadaceae|g__GGB41458|s__GGB41458_SGB58520|t__SGB58520",0,0,NA,FALSE,FALSE,FALSE,NA,"HMP1-2 taxonomy oral"
"k__Bacteria|p__Bacteroidetes|c__Bacteroidia|o__Bacteroidales|f__Rikenellaceae|g__GGB1681|s__GGB1681_SGB2313|t__SGB2313",0,0,NA,FALSE,FALSE,FALSE,NA,"HMP1-2 taxonomy oral"
"k__Bacteria|p__Firmicutes|c__Clostridia|o__Clostridiales|f__Lachnospiraceae|g__Lachnospiraceae_unclassified|s__Lachnospiraceae_bacterium|t__SGB4668",0,0,NA,FALSE,FALSE,FALSE,NA,"HMP1-2 taxonomy oral"
"k__Bacteria|p__Firmicutes|c__Clostridia|o__Clostridia_unclassified|f__Clostridia_unclassified|g__Clostridia_unclassified|s__Clostridia_bacterium|t__SGB6264",0,0,NA,FALSE,FALSE,FALSE,NA,"HMP1-2 taxonomy oral"
"k__Bacteria|p__Firmicutes|c__Clostridia|o__Clostridia_unclassified|f__Clostridia_unclassified|g__GGB31790|s__GGB31790_SGB45159|t__SGB45159",0,0,NA,FALSE,FALSE,FALSE,NA,"HMP1-2 taxonomy oral"
"k__Bacteria|p__Bacteroidetes|c__Bacteroidia|o__Bacteroidales|f__Bacteroidaceae|g__Bacteroidaceae_unclassified|s__Bacteroidaceae_bacterium|t__SGB1408",0,0,NA,FALSE,FALSE,FALSE,NA,"HMP1-2 taxonomy oral"
"k__Bacteria|p__Firmicutes|c__Clostridia|o__Clostridia_unclassified|f__Clostridia_unclassified|g__Clostridia_unclassified|s__Clostridia_bacterium|t__SGB14862",0,0,NA,FALSE,FALSE,FALSE,NA,"HMP1-2 taxonomy oral"
"k__Bacteria|p__Firmicutes|c__Clostridia|o__Clostridia_unclassified|f__Clostridia_unclassified|g__Clostridia_unclassified|s__Clostridia_unclassified_SGB6344|t__SGB6344",0,0,NA,FALSE,FALSE,FALSE,NA,"HMP1-2 taxonomy oral"
"k__Bacteria|p__Candidatus_Melainabacteria|c__Candidatus_Melainabacteria_unclassified|o__Candidatus_Gastranaerophilales|f__Candidatus_Gastranaerophilales_unclassified|g__Candidatus_Gastranaerophilales_unclassified|s__Candidatus_Gastranaerophilales_bacterium|t__SGB8625",2,0.00155763239875389,4.73000093600019e-05,FALSE,FALSE,FALSE,NA,"HMP1-2 taxonomy oral"
"k__Bacteria|p__Proteobacteria|c__Gammaproteobacteria|o__Enterobacterales|f__Erwiniaceae|g__Pantoea|s__Pantoea_agglomerans|t__SGB10187",0,0,NA,FALSE,FALSE,FALSE,NA,"HMP1-2 taxonomy oral"
"k__Bacteria|p__Candidatus_Melainabacteria|c__Candidatus_Melainabacteria_unclassified|o__Candidatus_Gastranaerophilales|f__Candidatus_Gastranaerophilales_unclassified|g__Candidatus_Gastranaerophilales_unclassified|s__Candidatus_Gastranaerophilales_unclassified_SGB8630|t__SGB8630",0,0,NA,FALSE,FALSE,FALSE,NA,"HMP1-2 taxonomy oral"
"k__Bacteria|p__Actinobacteria|c__Coriobacteriia|o__Eggerthellales|f__Eggerthellaceae|g__Eggerthellaceae_unclassified|s__Eggerthellaceae_bacterium|t__SGB14327",0,0,NA,FALSE,FALSE,FALSE,NA,"HMP1-2 taxonomy oral"
"k__Bacteria|p__Firmicutes|c__Bacilli|o__Bacillales|f__Bacillales_unclassified|g__Gemella|s__Gemella_cuniculi|t__SGB29652",1,0.000778816199376947,6.99999860000028e-07,FALSE,FALSE,FALSE,NA,"HMP1-2 taxonomy oral"
"k__Bacteria|p__Firmicutes|c__Clostridia|o__Clostridiales|f__Ruminococcaceae|g__Ruminococcaceae_unclassified|s__Ruminococcaceae_bacterium_UBA1375|t__SGB14840",0,0,NA,FALSE,FALSE,FALSE,NA,"HMP1-2 taxonomy oral"
"k__Bacteria|p__Bacteroidetes|c__Bacteroidia|o__Bacteroidales|f__Bacteroidales_unclassified|g__GGB1515|s__GGB1515_SGB2095|t__SGB2095",2,0.00155763239875389,2.72999934300016e-05,FALSE,FALSE,FALSE,NA,"HMP1-2 taxonomy oral"
"k__Bacteria|p__Firmicutes|c__CFGB12541|o__OFGB12541|f__FGB12541|g__GGB35551|s__GGB35551_SGB53794|t__SGB53794",0,0,NA,FALSE,FALSE,FALSE,NA,"HMP1-2 taxonomy oral"
"k__Bacteria|p__Firmicutes|c__Bacilli|o__Lactobacillales|f__Lactobacillaceae|g__Lactobacillus|s__Lactobacillus_delbrueckii|t__SGB7020",4,0.00311526479750779,3.01000036850007e-05,FALSE,FALSE,FALSE,NA,"HMP1-2 taxonomy oral"
"k__Bacteria|p__Proteobacteria|c__Gammaproteobacteria|o__Enterobacterales|f__Enterobacteriaceae|g__Klebsiella|s__Klebsiella_sp_WP3_S18_ESBL_05|t__SGB23240",0,0,NA,FALSE,FALSE,FALSE,NA,"HMP1-2 taxonomy oral"
"k__Bacteria|p__Firmicutes|c__Clostridia|o__Clostridiales|f__Lachnospiraceae|g__Lachnospiraceae_unclassified|s__Lachnospiraceae_bacterium_UBA1818|t__SGB4604",0,0,NA,FALSE,FALSE,FALSE,NA,"HMP1-2 taxonomy oral"
"k__Bacteria|p__Actinobacteria|c__Coriobacteriia|o__Eggerthellales|f__Eggerthellaceae|g__GGB9434|s__GGB9434_SGB14812|t__SGB14812",0,0,NA,FALSE,FALSE,FALSE,NA,"HMP1-2 taxonomy oral"
"k__Bacteria|p__Firmicutes|c__Clostridia|o__Clostridiales|f__Clostridiales_unclassified|g__Intestinimonas|s__Intestinimonas_massiliensis|t__SGB29331",0,0,NA,FALSE,FALSE,FALSE,NA,"HMP1-2 taxonomy oral"
"k__Bacteria|p__Actinobacteria|c__Actinobacteria|o__Actinomycetales|f__Actinomycetaceae|g__Schaalia|s__Schaalia_turicensis|t__SGB17195",0,0,NA,FALSE,FALSE,FALSE,NA,"HMP1-2 taxonomy oral"
"k__Bacteria|p__Firmicutes|c__Clostridia|o__Clostridiales|f__Lachnospiraceae|g__Lachnospira|s__Lachnospira_SGB5076|t__SGB5076",0,0,NA,FALSE,FALSE,FALSE,NA,"HMP1-2 taxonomy oral"
"k__Bacteria|p__Firmicutes|c__Clostridia|o__Clostridiales|f__Peptococcaceae|g__Peptococcaceae_unclassified|s__Peptococcaceae_bacterium|t__SGB4053",0,0,NA,FALSE,FALSE,FALSE,NA,"HMP1-2 taxonomy oral"
"k__Bacteria|p__Actinobacteria|c__Coriobacteriia|o__Coriobacteriia_unclassified|f__Coriobacteriia_unclassified|g__Coriobacteriia_unclassified|s__Coriobacteriia_unclassified_SGB14764|t__SGB14764",0,0,NA,FALSE,FALSE,FALSE,NA,"HMP1-2 taxonomy oral"
"k__Bacteria|p__Firmicutes|c__Erysipelotrichia|o__Erysipelotrichales|f__Erysipelotrichaceae|g__Erysipelotrichaceae_unclassified|s__Erysipelotrichaceae_bacterium|t__SGB4028",0,0,NA,FALSE,FALSE,FALSE,NA,"HMP1-2 taxonomy oral"
"k__Bacteria|p__Bacteroidetes|c__Bacteroidia|o__Bacteroidales|f__Bacteroidaceae|g__Bacteroides|s__Bacteroides_acidifaciens|t__SGB27814",0,0,NA,FALSE,FALSE,FALSE,NA,"HMP1-2 taxonomy oral"
"k__Bacteria|p__Bacteroidetes|c__Bacteroidia|o__Bacteroidales|f__Dysgonomonadaceae|g__Dysgonomonas|s__Dysgonomonas_capnocytophagoides|t__SGB1769",0,0,NA,FALSE,FALSE,FALSE,NA,"HMP1-2 taxonomy oral"
"k__Bacteria|p__Firmicutes|c__Bacilli|o__Lactobacillales|f__Lactobacillaceae|g__Ligilactobacillus|s__Ligilactobacillus_salivarius|t__SGB7082",4,0.00311526479750779,0.000515924911335021,FALSE,TRUE,FALSE,NA,"HMP1-2 taxonomy oral"
"k__Bacteria|p__Firmicutes|c__Clostridia|o__Clostridiales|f__Ruminococcaceae|g__Ruminococcaceae_unclassified|s__Ruminococcaceae_bacterium|t__SGB4252",0,0,NA,FALSE,FALSE,FALSE,NA,"HMP1-2 taxonomy oral"
"k__Bacteria|p__Firmicutes|c__Clostridia|o__Clostridia_unclassified|f__Clostridia_unclassified|g__Clostridia_unclassified|s__Clostridia_bacterium|t__SGB14203",0,0,NA,FALSE,FALSE,FALSE,NA,"HMP1-2 taxonomy oral"
"k__Bacteria|p__Proteobacteria|c__Deltaproteobacteria|o__Desulfovibrionales|f__Desulfovibrionaceae|g__Desulfovibrionaceae_unclassified|s__Desulfovibrionaceae_unclassified_SGB40890|t__SGB40890",0,0,NA,FALSE,FALSE,FALSE,NA,"HMP1-2 taxonomy oral"
"k__Bacteria|p__Firmicutes|c__Clostridia|o__Clostridia_unclassified|f__Clostridia_unclassified|g__Candidatus_Cryptoclostridium|s__Candidatus_Cryptoclostridium_obscurum|t__SGB61016",0,0,NA,FALSE,FALSE,FALSE,NA,"HMP1-2 taxonomy oral"
"k__Bacteria|p__Firmicutes|c__Clostridia|o__Clostridiales|f__Ruminococcaceae|g__GGB9730|s__GGB9730_SGB15290|t__SGB15290",0,0,NA,FALSE,FALSE,FALSE,NA,"HMP1-2 taxonomy oral"
"k__Bacteria|p__Firmicutes|c__Clostridia|o__Clostridia_unclassified|f__Clostridia_unclassified|g__Clostridia_unclassified|s__Clostridia_bacterium|t__SGB4151",0,0,NA,FALSE,FALSE,FALSE,NA,"HMP1-2 taxonomy oral"
"k__Bacteria|p__Firmicutes|c__Tissierellia|o__Tissierellales|f__Peptoniphilaceae|g__Anaerococcus|s__Anaerococcus_nagyae|t__SGB24935",0,0,NA,FALSE,FALSE,FALSE,NA,"HMP1-2 taxonomy oral"
"k__Bacteria|p__Proteobacteria|c__Gammaproteobacteria|o__Pseudomonadales|f__Moraxellaceae|g__Acinetobacter|s__Acinetobacter_baumannii|t__SGB10343",0,0,NA,FALSE,FALSE,FALSE,NA,"HMP1-2 taxonomy oral"
"k__Bacteria|p__Actinobacteria|c__Actinobacteria|o__Micrococcales|f__Dermabacteraceae|g__Dermabacter|s__Dermabacter_hominis|t__SGB17179",0,0,NA,FALSE,FALSE,FALSE,NA,"HMP1-2 taxonomy oral"
"k__Bacteria|p__Proteobacteria|c__Gammaproteobacteria|o__Pseudomonadales|f__Moraxellaceae|g__Acinetobacter|s__Acinetobacter_lwoffii|t__SGB10405",0,0,NA,FALSE,FALSE,FALSE,NA,"HMP1-2 taxonomy oral"
"k__Bacteria|p__Actinobacteria|c__Actinobacteria|o__Micrococcales|f__Micrococcaceae|g__Micrococcus|s__Micrococcus_lylae|t__SGB16675",0,0,NA,FALSE,FALSE,FALSE,NA,"HMP1-2 taxonomy oral"
"k__Bacteria|p__Actinobacteria|c__Actinobacteria|o__Corynebacteriales|f__Corynebacteriaceae|g__Corynebacterium|s__Corynebacterium_phoceense|t__SGB17119",0,0,NA,FALSE,FALSE,FALSE,NA,"HMP1-2 taxonomy oral"
"k__Bacteria|p__Actinobacteria|c__Actinobacteria|o__Corynebacteriales|f__Corynebacteriaceae|g__Corynebacterium|s__Corynebacterium_appendicis|t__SGB17051",0,0,NA,FALSE,FALSE,FALSE,NA,"HMP1-2 taxonomy oral"
"k__Bacteria|p__Firmicutes|c__Tissierellia|o__Tissierellales|f__Peptoniphilaceae|g__Anaerococcus|s__Anaerococcus_urinomassiliensis|t__SGB29510",0,0,NA,FALSE,FALSE,FALSE,NA,"HMP1-2 taxonomy oral"
"k__Bacteria|p__Firmicutes|c__Bacilli|o__Lactobacillales|f__Aerococcaceae|g__Facklamia|s__Facklamia_hominis|t__SGB7882",1,0.000778816199376947,2.79999804000137e-06,FALSE,FALSE,FALSE,NA,"HMP1-2 taxonomy oral"
"k__Bacteria|p__Fusobacteria|c__Fusobacteriia|o__Fusobacteriales|f__Fusobacteriaceae|g__Fusobacterium|s__Fusobacterium_gonidiaformans|t__SGB5985",1,0.000778816199376947,3.20999807400116e-05,FALSE,FALSE,FALSE,NA,"HMP1-2 taxonomy oral"
"k__Bacteria|p__Synergistetes|c__Synergistia|o__Synergistales|f__Synergistaceae|g__Pyramidobacter|s__Pyramidobacter_piscolens|t__SGB15497",0,0,NA,FALSE,FALSE,FALSE,NA,"HMP1-2 taxonomy oral"
"k__Bacteria|p__Actinobacteria|c__Actinobacteria|o__Corynebacteriales|f__Corynebacteriaceae|g__Corynebacterium|s__Corynebacterium_bovis|t__SGB33717",0,0,NA,FALSE,FALSE,FALSE,NA,"HMP1-2 taxonomy oral"
"k__Bacteria|p__Firmicutes|c__Clostridia|o__Clostridia_unclassified|f__Clostridia_unclassified|g__GGB9270|s__GGB9270_SGB14221|t__SGB14221",0,0,NA,FALSE,FALSE,FALSE,NA,"HMP1-2 taxonomy oral"
"k__Bacteria|p__Proteobacteria|c__CFGB2395|o__OFGB2395|f__FGB2395|g__GGB6547|s__GGB6547_SGB9247|t__SGB9247",0,0,NA,FALSE,FALSE,FALSE,NA,"HMP1-2 taxonomy oral"
"k__Bacteria|p__Bacteroidetes|c__Bacteroidia|o__Bacteroidales|f__Bacteroidales_unclassified|g__Bacteroidales_unclassified|s__Bacteroidales_bacterium|t__SGB2073",0,0,NA,FALSE,FALSE,FALSE,NA,"HMP1-2 taxonomy oral"
"k__Bacteria|p__Firmicutes|c__Bacilli|o__Bacilli_unclassified|f__Bacilli_unclassified|g__Bacilli_unclassified|s__Bacilli_bacterium|t__SGB6538",0,0,NA,FALSE,FALSE,FALSE,NA,"HMP1-2 taxonomy oral"
"k__Bacteria|p__Bacteroidetes|c__Bacteroidia|o__Bacteroidales|f__Rikenellaceae|g__GGB1689|s__GGB1689_SGB2321|t__SGB2321",0,0,NA,FALSE,FALSE,FALSE,NA,"HMP1-2 taxonomy oral"
"k__Bacteria|p__Firmicutes|c__Negativicutes|o__Veillonellales|f__Veillonellaceae|g__Veillonella|s__Veillonella_montpellierensis|t__SGB6960",0,0,NA,FALSE,FALSE,FALSE,NA,"HMP1-2 taxonomy oral"
"k__Bacteria|p__Firmicutes|c__Bacilli|o__Lactobacillales|f__Enterococcaceae|g__Enterococcus|s__Enterococcus_hirae|t__SGB7970",0,0,NA,FALSE,FALSE,FALSE,NA,"HMP1-2 taxonomy oral"
"k__Bacteria|p__Firmicutes|c__Tissierellia|o__Tissierellales|f__Peptoniphilaceae|g__Anaerococcus|s__Anaerococcus_jeddahensis|t__SGB6665_group",0,0,NA,FALSE,FALSE,FALSE,NA,"HMP1-2 taxonomy oral"
"k__Bacteria|p__Actinobacteria|c__Actinobacteria|o__Micrococcales|f__Dermatophilaceae|g__Kineosphaera|s__Kineosphaera_limosa|t__SGB16013",1,0.000778816199376947,0.0001766,FALSE,TRUE,FALSE,NA,"HMP1-2 taxonomy oral"
"k__Bacteria|p__Firmicutes|c__Bacilli|o__Bacilli_unclassified|f__Bacilli_unclassified|g__Bacilli_unclassified|s__Bacilli_bacterium|t__SGB6511",0,0,NA,FALSE,FALSE,FALSE,NA,"HMP1-2 taxonomy oral"
"k__Bacteria|p__Firmicutes|c__Clostridia|o__Clostridia_unclassified|f__Clostridia_unclassified|g__GGB9278|s__GGB9278_SGB14230|t__SGB14230",0,0,NA,FALSE,FALSE,FALSE,NA,"HMP1-2 taxonomy oral"
"k__Bacteria|p__Firmicutes|c__Clostridia|o__Clostridia_unclassified|f__Clostridia_unclassified|g__Clostridia_unclassified|s__Clostridia_bacterium|t__SGB14193",0,0,NA,FALSE,FALSE,FALSE,NA,"HMP1-2 taxonomy oral"
"k__Bacteria|p__Firmicutes|c__Clostridia|o__Clostridia_unclassified|f__Clostridia_unclassified|g__GGB9052|s__GGB9052_SGB13957|t__SGB13957",0,0,NA,FALSE,FALSE,FALSE,NA,"HMP1-2 taxonomy oral"
"k__Bacteria|p__Firmicutes|c__Clostridia|o__Clostridia_unclassified|f__Clostridia_unclassified|g__Clostridia_unclassified|s__Clostridia_bacterium|t__SGB14113",0,0,NA,FALSE,FALSE,FALSE,NA,"HMP1-2 taxonomy oral"
"k__Bacteria|p__Firmicutes|c__Clostridia|o__Clostridiales|f__Eubacteriaceae|g__Eubacterium|s__Eubacterium_sp_AF22_8LB|t__SGB6816",0,0,NA,FALSE,FALSE,FALSE,NA,"HMP1-2 taxonomy oral"
"k__Bacteria|p__Actinobacteria|c__Coriobacteriia|o__Eggerthellales|f__Eggerthellaceae|g__Eggerthellaceae_unclassified|s__Eggerthellaceae_bacterium|t__SGB14334",0,0,NA,FALSE,FALSE,FALSE,NA,"HMP1-2 taxonomy oral"
"k__Bacteria|p__Firmicutes|c__Negativicutes|o__Acidaminococcales|f__Acidaminococcaceae|g__GGB4237|s__GGB4237_SGB5728|t__SGB5728",0,0,NA,FALSE,FALSE,FALSE,NA,"HMP1-2 taxonomy oral"
"k__Bacteria|p__Firmicutes|c__Clostridia|o__Clostridia_unclassified|f__Clostridia_unclassified|g__Clostridia_unclassified|s__Clostridia_bacterium|t__SGB14955",0,0,NA,FALSE,FALSE,FALSE,NA,"HMP1-2 taxonomy oral"
"k__Bacteria|p__Proteobacteria|c__Betaproteobacteria|o__Burkholderiales|f__Comamonadaceae|g__Comamonas|s__Comamonas_kerstersii|t__SGB12676",0,0,NA,FALSE,FALSE,FALSE,NA,"HMP1-2 taxonomy oral"
"k__Bacteria|p__Firmicutes|c__Clostridia|o__Clostridiales|f__Ruminococcaceae|g__Ruminococcaceae_unclassified|s__Ruminococcaceae_bacterium|t__SGB53790",0,0,NA,FALSE,FALSE,FALSE,NA,"HMP1-2 taxonomy oral"
"k__Bacteria|p__Firmicutes|c__CFGB12479|o__OFGB12479|f__FGB12479|g__GGB35456|s__GGB35456_SGB47582|t__SGB47582",0,0,NA,FALSE,FALSE,FALSE,NA,"HMP1-2 taxonomy oral"
"k__Bacteria|p__Firmicutes|c__Clostridia|o__Clostridiales|f__Eubacteriaceae|g__Eubacterium|s__Eubacterium_sp_NSJ_61|t__SGB4040",0,0,NA,FALSE,FALSE,FALSE,NA,"HMP1-2 taxonomy oral"
"k__Bacteria|p__Firmicutes|c__Clostridia|o__Clostridiales|f__Ruminococcaceae|g__Ruminococcus|s__Ruminococcus_gauvreauii|t__SGB29375",0,0,NA,FALSE,FALSE,FALSE,NA,"HMP1-2 taxonomy oral"
"k__Bacteria|p__Bacteroidetes|c__Bacteroidia|o__Bacteroidales|f__Prevotellaceae|g__GGB1250|s__GGB1250_SGB1673|t__SGB1673",0,0,NA,FALSE,FALSE,FALSE,NA,"HMP1-2 taxonomy oral"
"k__Bacteria|p__Bacteroidetes|c__Bacteroidia|o__Bacteroidales|f__Prevotellaceae|g__Prevotella|s__Prevotella_sp_P4_51|t__SGB1666",0,0,NA,FALSE,FALSE,FALSE,NA,"HMP1-2 taxonomy oral"
"k__Bacteria|p__Bacteroidetes|c__Bacteroidia|o__Bacteroidales|f__Rikenellaceae|g__GGB1629|s__GGB1629_SGB2237|t__SGB2237",0,0,NA,FALSE,FALSE,FALSE,NA,"HMP1-2 taxonomy oral"
"k__Bacteria|p__Bacteroidetes|c__Bacteroidia|o__Bacteroidales|f__Bacteroidaceae|g__Bacteroidaceae_unclassified|s__Bacteroidaceae_bacterium|t__SGB1475",0,0,NA,FALSE,FALSE,FALSE,NA,"HMP1-2 taxonomy oral"
"k__Bacteria|p__Bacteroidetes|c__Bacteroidia|o__Bacteroidales|f__Rikenellaceae|g__GGB1672|s__GGB1672_SGB2289|t__SGB2289",0,0,NA,FALSE,FALSE,FALSE,NA,"HMP1-2 taxonomy oral"
"k__Bacteria|p__Bacteroidetes|c__CFGB544|o__OFGB544|f__FGB544|g__GGB1123|s__GGB1123_SGB1437|t__SGB1437",0,0,NA,FALSE,FALSE,FALSE,NA,"HMP1-2 taxonomy oral"
"k__Bacteria|p__Bacteroidetes|c__Bacteroidia|o__Bacteroidales|f__Prevotellaceae|g__GGB1247|s__GGB1247_SGB1668|t__SGB1668",0,0,NA,FALSE,FALSE,FALSE,NA,"HMP1-2 taxonomy oral"
"k__Bacteria|p__Firmicutes|c__Clostridia|o__Clostridia_unclassified|f__Clostridia_unclassified|g__Clostridia_unclassified|s__Clostridia_bacterium|t__SGB47307",0,0,NA,FALSE,FALSE,FALSE,NA,"HMP1-2 taxonomy oral"
"k__Bacteria|p__Bacteroidetes|c__Bacteroidia|o__Bacteroidales|f__Prevotellaceae|g__GGB1246|s__GGB1246_SGB1667|t__SGB1667",0,0,NA,FALSE,FALSE,FALSE,NA,"HMP1-2 taxonomy oral"
"k__Bacteria|p__Bacteroidetes|c__Bacteroidia|o__Bacteroidales|f__Bacteroidaceae|g__Bacteroides|s__Bacteroides_cutis|t__SGB1827",0,0,NA,FALSE,FALSE,FALSE,NA,"HMP1-2 taxonomy oral"
"k__Bacteria|p__Lentisphaerae|c__Lentisphaeria|o__Lentisphaeria_unclassified|f__Lentisphaeria_unclassified|g__Lentisphaeria_unclassified|s__Lentisphaeria_bacterium|t__SGB48040",0,0,NA,FALSE,FALSE,FALSE,NA,"HMP1-2 taxonomy oral"
"k__Bacteria|p__Bacteroidetes|c__Bacteroidia|o__Bacteroidales|f__Prevotellaceae|g__Prevotella|s__Prevotella_SGB1680|t__SGB1680",0,0,NA,FALSE,FALSE,FALSE,NA,"HMP1-2 taxonomy oral"
"k__Bacteria|p__Lentisphaerae|c__Lentisphaeria|o__Lentisphaeria_unclassified|f__Lentisphaeria_unclassified|g__Lentisphaeria_unclassified|s__Lentisphaeria_bacterium|t__SGB9210",0,0,NA,FALSE,FALSE,FALSE,NA,"HMP1-2 taxonomy oral"
"k__Bacteria|p__Proteobacteria|c__Alphaproteobacteria|o__Rhizobiales|f__Phyllobacteriaceae|g__GGB38171|s__GGB38171_SGB72433|t__SGB72433_group",0,0,NA,FALSE,FALSE,FALSE,NA,"HMP1-2 taxonomy oral"
"k__Bacteria|p__Bacteroidetes|c__Bacteroidia|o__Bacteroidales|f__Prevotellaceae|g__GGB1235|s__GGB1235_SGB1614|t__SGB1614",0,0,NA,FALSE,FALSE,FALSE,NA,"HMP1-2 taxonomy oral"
"k__Bacteria|p__Firmicutes|c__Bacilli|o__Bacillales|f__Staphylococcaceae|g__Staphylococcus|s__Staphylococcus_haemolyticus|t__SGB7861",0,0,NA,FALSE,FALSE,FALSE,NA,"HMP1-2 taxonomy oral"
"k__Bacteria|p__Synergistetes|c__Synergistia|o__Synergistales|f__Synergistaceae|g__Jonquetella|s__Jonquetella_anthropi|t__SGB15495",0,0,NA,FALSE,FALSE,FALSE,NA,"HMP1-2 taxonomy oral"
"k__Bacteria|p__Lentisphaerae|c__Lentisphaeria|o__Lentisphaeria_unclassified|f__Lentisphaeria_unclassified|g__Lentisphaeria_unclassified|s__Lentisphaeria_bacterium|t__SGB9207",0,0,NA,FALSE,FALSE,FALSE,NA,"HMP1-2 taxonomy oral"
"k__Bacteria|p__Bacteroidetes|c__Bacteroidia|o__Bacteroidales|f__Bacteroidaceae|g__Bacteroides|s__Bacteroides_stercorirosoris|t__SGB1848",0,0,NA,FALSE,FALSE,FALSE,NA,"HMP1-2 taxonomy oral"
"k__Bacteria|p__Bacteroidetes|c__Bacteroidia|o__Bacteroidales|f__Rikenellaceae|g__GGB27776|s__GGB27776_SGB40190|t__SGB40190",0,0,NA,FALSE,FALSE,FALSE,NA,"HMP1-2 taxonomy oral"
"k__Bacteria|p__Bacteroidetes|c__Bacteroidia|o__Bacteroidales|f__Porphyromonadaceae|g__Sanguibacteroides|s__Sanguibacteroides_SGB1777|t__SGB1777",0,0,NA,FALSE,FALSE,FALSE,NA,"HMP1-2 taxonomy oral"
"k__Bacteria|p__Firmicutes|c__CFGB2801|o__OFGB2801|f__FGB2801|g__GGB8965|s__GGB8965_SGB13825|t__SGB13825",0,0,NA,FALSE,FALSE,FALSE,NA,"HMP1-2 taxonomy oral"
"k__Bacteria|p__Firmicutes|c__Bacilli|o__Lactobacillales|f__Lactobacillaceae|g__Lacticaseibacillus|s__Lacticaseibacillus_paracasei|t__SGB7142",0,0,NA,FALSE,FALSE,FALSE,NA,"HMP1-2 taxonomy oral"
"k__Bacteria|p__Actinobacteria|c__Coriobacteriia|o__Coriobacteriales|f__Coriobacteriaceae|g__Enorma|s__Enorma_phocaeensis|t__SGB33571",0,0,NA,FALSE,FALSE,FALSE,NA,"HMP1-2 taxonomy oral"
"k__Bacteria|p__Bacteroidetes|c__Bacteroidia|o__Bacteroidales|f__Bacteroidaceae|g__Bacteroides|s__Bacteroides_sp_AM10_21B|t__SGB1831",0,0,NA,FALSE,FALSE,FALSE,NA,"HMP1-2 taxonomy oral"
"k__Bacteria|p__Lentisphaerae|c__Lentisphaeria|o__Lentisphaeria_unclassified|f__Lentisphaeria_unclassified|g__Lentisphaeria_unclassified|s__Lentisphaeria_bacterium|t__SGB9193",0,0,NA,FALSE,FALSE,FALSE,NA,"HMP1-2 taxonomy oral"
"k__Bacteria|p__Actinobacteria|c__Actinobacteria|o__Corynebacteriales|f__Corynebacteriaceae|g__Corynebacterium|s__Corynebacterium_afermentans|t__SGB17067",0,0,NA,FALSE,FALSE,FALSE,NA,"HMP1-2 taxonomy oral"
"k__Bacteria|p__Actinobacteria|c__Actinobacteria|o__Micrococcales|f__Dermabacteraceae|g__Dermabacter|s__Dermabacter_vaginalis|t__SGB17180",0,0,NA,FALSE,FALSE,FALSE,NA,"HMP1-2 taxonomy oral"
"k__Bacteria|p__Actinobacteria|c__Actinobacteria|o__Corynebacteriales|f__Corynebacteriaceae|g__Corynebacterium|s__Corynebacterium_genitalium|t__SGB17050",0,0,NA,FALSE,FALSE,FALSE,NA,"HMP1-2 taxonomy oral"
"k__Bacteria|p__Firmicutes|c__Bacilli|o__Lactobacillales|f__Lactobacillaceae|g__Latilactobacillus|s__Latilactobacillus_curvatus|t__SGB7249",0,0,NA,FALSE,FALSE,FALSE,NA,"HMP1-2 taxonomy oral"
"k__Bacteria|p__Firmicutes|c__Negativicutes|o__Veillonellales|f__Veillonellaceae|g__Megasphaera|s__Megasphaera_sp_MJR8396C|t__SGB5855",0,0,NA,FALSE,FALSE,FALSE,NA,"HMP1-2 taxonomy oral"
"k__Bacteria|p__Firmicutes|c__Clostridia|o__Clostridiales|f__Clostridiaceae|g__Clostridiaceae_unclassified|s__Clostridiaceae_bacterium_DONG20_135|t__SGB4034",0,0,NA,FALSE,FALSE,FALSE,NA,"HMP1-2 taxonomy oral"
"k__Bacteria|p__Bacteroidetes|c__Bacteroidia|o__Bacteroidales|f__Bacteroidaceae|g__Bacteroides|s__Bacteroides_acidifaciens|t__SGB48548",0,0,NA,FALSE,FALSE,FALSE,NA,"HMP1-2 taxonomy oral"
"k__Bacteria|p__Firmicutes|c__Clostridia|o__Clostridia_unclassified|f__Clostridia_unclassified|g__Clostridia_unclassified|s__Clostridia_bacterium|t__SGB15400",0,0,NA,FALSE,FALSE,FALSE,NA,"HMP1-2 taxonomy oral"
"k__Bacteria|p__Firmicutes|c__Clostridia|o__Clostridiales|f__Peptostreptococcaceae|g__Clostridioides|s__Clostridioides_difficile|t__SGB6136",0,0,NA,FALSE,FALSE,FALSE,NA,"HMP1-2 taxonomy oral"
"k__Bacteria|p__Firmicutes|c__Bacilli|o__Lactobacillales|f__Lactobacillaceae|g__Lactiplantibacillus|s__Lactiplantibacillus_plantarum|t__SGB7202",2,0.00155763239875389,0.000170700169620169,FALSE,TRUE,FALSE,NA,"HMP1-2 taxonomy oral"
"k__Eukaryota|p__Ascomycota|c__Saccharomycetes|o__Saccharomycetales|f__Debaryomycetaceae|g__Candida|s__Candida_dubliniensis|t__EUK42374",1,0.000778816199376947,0.000845699830860033,FALSE,TRUE,FALSE,NA,"HMP1-2 taxonomy oral"
"k__Bacteria|p__Firmicutes|c__Clostridia|o__Clostridia_unclassified|f__Clostridia_unclassified|g__Clostridia_unclassified|s__Clostridia_bacterium|t__SGB4111",0,0,NA,FALSE,FALSE,FALSE,NA,"HMP1-2 taxonomy oral"
"k__Bacteria|p__Firmicutes|c__Bacilli|o__Bacilli_unclassified|f__Bacilli_unclassified|g__GGB4652|s__GGB4652_SGB6439|t__SGB6439",0,0,NA,FALSE,FALSE,FALSE,NA,"HMP1-2 taxonomy oral"
"k__Bacteria|p__Firmicutes|c__Clostridia|o__Clostridia_unclassified|f__Clostridia_unclassified|g__Clostridia_unclassified|s__Clostridia_bacterium|t__SGB14945",0,0,NA,FALSE,FALSE,FALSE,NA,"HMP1-2 taxonomy oral"
"k__Bacteria|p__Firmicutes|c__Clostridia|o__Clostridiales|f__Ruminococcaceae|g__GGB3189|s__GGB3189_SGB4212|t__SGB4212",0,0,NA,FALSE,FALSE,FALSE,NA,"HMP1-2 taxonomy oral"
"k__Bacteria|p__Firmicutes|c__Clostridia|o__Clostridia_unclassified|f__Clostridia_unclassified|g__Clostridia_unclassified|s__Clostridia_bacterium|t__SGB14202",0,0,NA,FALSE,FALSE,FALSE,NA,"HMP1-2 taxonomy oral"
"k__Bacteria|p__Firmicutes|c__Bacilli|o__Bacilli_unclassified|f__Bacilli_unclassified|g__Bacilli_unclassified|s__Bacilli_bacterium|t__SGB6578",0,0,NA,FALSE,FALSE,FALSE,NA,"HMP1-2 taxonomy oral"
"k__Bacteria|p__Bacteroidetes|c__Bacteroidia|o__Bacteroidales|f__Tannerellaceae|g__GGB1410|s__GGB1410_SGB1935|t__SGB1935",0,0,NA,FALSE,FALSE,FALSE,NA,"HMP1-2 taxonomy oral"
"k__Bacteria|p__Firmicutes|c__Negativicutes|o__Acidaminococcales|f__Acidaminococcaceae|g__Acidaminococcaceae_unclassified|s__Acidaminococcaceae_bacterium|t__SGB5789",0,0,NA,FALSE,FALSE,FALSE,NA,"HMP1-2 taxonomy oral"
"k__Bacteria|p__Proteobacteria|c__Gammaproteobacteria|o__Enterobacterales|f__Hafniaceae|g__Hafnia|s__Hafnia_paralvei|t__SGB10207",0,0,NA,FALSE,FALSE,FALSE,NA,"HMP1-2 taxonomy oral"
"k__Bacteria|p__Firmicutes|c__Clostridia|o__Clostridia_unclassified|f__Clostridia_unclassified|g__Candidatus_Flemingibacterium|s__Candidatus_Flemingibacterium_merdigallinarum|t__SGB59451",0,0,NA,FALSE,FALSE,FALSE,NA,"HMP1-2 taxonomy oral"
"k__Bacteria|p__Firmicutes|c__Clostridia|o__Clostridiales|f__Ruminococcaceae|g__GGB9695|s__GGB9695_SGB15211|t__SGB15211",0,0,NA,FALSE,FALSE,FALSE,NA,"HMP1-2 taxonomy oral"
"k__Bacteria|p__Firmicutes|c__Clostridia|o__Clostridia_unclassified|f__Clostridia_unclassified|g__Candidatus_Alangreenwoodia|s__Candidatus_Alangreenwoodia_gallinarii|t__SGB60876",0,0,NA,FALSE,FALSE,FALSE,NA,"HMP1-2 taxonomy oral"
"k__Bacteria|p__Bacteroidetes|c__Bacteroidia|o__Bacteroidales|f__Bacteroidaceae|g__Bacteroidaceae_unclassified|s__Bacteroidaceae_bacterium|t__SGB48432",0,0,NA,FALSE,FALSE,FALSE,NA,"HMP1-2 taxonomy oral"
"k__Bacteria|p__Firmicutes|c__CFGB12952|o__OFGB12952|f__FGB12952|g__GGB36472|s__GGB36472_SGB47660|t__SGB47660",0,0,NA,FALSE,FALSE,FALSE,NA,"HMP1-2 taxonomy oral"
"k__Bacteria|p__Firmicutes|c__Clostridia|o__Clostridiales|f__Lachnospiraceae|g__Blautia|s__Blautia_hominis|t__SGB29381",0,0,NA,FALSE,FALSE,FALSE,NA,"HMP1-2 taxonomy oral"
"k__Bacteria|p__Firmicutes|c__Clostridia|o__Clostridia_unclassified|f__Clostridia_unclassified|g__GGB3264|s__GGB3264_SGB4312|t__SGB4312",0,0,NA,FALSE,FALSE,FALSE,NA,"HMP1-2 taxonomy oral"
"k__Bacteria|p__Firmicutes|c__Bacilli|o__Bacilli_unclassified|f__Bacilli_unclassified|g__Bacilli_unclassified|s__Bacilli_bacterium|t__SGB6521",0,0,NA,FALSE,FALSE,FALSE,NA,"HMP1-2 taxonomy oral"
"k__Bacteria|p__Firmicutes|c__Bacilli|o__Bacilli_unclassified|f__Bacilli_unclassified|g__GGB4661|s__GGB4661_SGB6449|t__SGB6449",0,0,NA,FALSE,FALSE,FALSE,NA,"HMP1-2 taxonomy oral"
"k__Bacteria|p__Firmicutes|c__Clostridia|o__Clostridia_unclassified|f__Clostridia_unclassified|g__GGB3271|s__GGB3271_SGB4321|t__SGB4321",0,0,NA,FALSE,FALSE,FALSE,NA,"HMP1-2 taxonomy oral"
"k__Bacteria|p__Firmicutes|c__Clostridia|o__Clostridiales|f__Ruminococcaceae|g__GGB3204|s__GGB3204_SGB4228|t__SGB4228",0,0,NA,FALSE,FALSE,FALSE,NA,"HMP1-2 taxonomy oral"
"k__Bacteria|p__Firmicutes|c__Clostridia|o__Clostridiales|f__Lachnospiraceae|g__Lachnospiraceae_unclassified|s__Lachnospiraceae_bacterium|t__SGB4704",0,0,NA,FALSE,FALSE,FALSE,NA,"HMP1-2 taxonomy oral"
"k__Bacteria|p__Bacteroidetes|c__Bacteroidia|o__Bacteroidales|f__Bacteroidaceae|g__GGB33839|s__GGB33839_SGB48227|t__SGB48227",0,0,NA,FALSE,FALSE,FALSE,NA,"HMP1-2 taxonomy oral"
"k__Bacteria|p__Bacteroidetes|c__Bacteroidia|o__Bacteroidales|f__Bacteroidales_unclassified|g__GGB1514|s__GGB1514_SGB2094|t__SGB2094",0,0,NA,FALSE,FALSE,FALSE,NA,"HMP1-2 taxonomy oral"
"k__Bacteria|p__Actinobacteria|c__Actinobacteria|o__Micrococcales|f__Micrococcaceae|g__Kocuria|s__Kocuria_indica|t__SGB16668",0,0,NA,FALSE,FALSE,FALSE,NA,"HMP1-2 taxonomy oral"
"k__Bacteria|p__Firmicutes|c__Clostridia|o__Clostridia_unclassified|f__Clostridia_unclassified|g__Clostridia_unclassified|s__Clostridia_bacterium|t__SGB4154",0,0,NA,FALSE,FALSE,FALSE,NA,"HMP1-2 taxonomy oral"
"k__Bacteria|p__Firmicutes|c__Clostridia|o__Clostridia_unclassified|f__Clostridia_unclassified|g__Clostridia_unclassified|s__Clostridia_bacterium|t__SGB6364",0,0,NA,FALSE,FALSE,FALSE,NA,"HMP1-2 taxonomy oral"
"k__Bacteria|p__Firmicutes|c__Clostridia|o__Clostridiales|f__Lachnospiraceae|g__Lachnospiraceae_unclassified|s__Lachnospiraceae_bacterium|t__SGB4913",0,0,NA,FALSE,FALSE,FALSE,NA,"HMP1-2 taxonomy oral"
"k__Bacteria|p__Firmicutes|c__Clostridia|o__Clostridiales|f__Lachnospiraceae|g__Lachnospiraceae_unclassified|s__Lachnospiraceae_bacterium|t__SGB4907",0,0,NA,FALSE,FALSE,FALSE,NA,"HMP1-2 taxonomy oral"
"k__Bacteria|p__Firmicutes|c__Clostridia|o__Clostridiales|f__Lachnospiraceae|g__Lachnospiraceae_unclassified|s__Lachnospiraceae_bacterium|t__SGB4915",0,0,NA,FALSE,FALSE,FALSE,NA,"HMP1-2 taxonomy oral"
"k__Bacteria|p__Firmicutes|c__Bacilli|o__Lactobacillales|f__Enterococcaceae|g__Enterococcus|s__Enterococcus_dispar|t__SGB7957",0,0,NA,FALSE,FALSE,FALSE,NA,"HMP1-2 taxonomy oral"
"k__Bacteria|p__Firmicutes|c__Clostridia|o__Clostridiales|f__Clostridiales_unclassified|g__Clostridiales_unclassified|s__Clostridiales_bacterium_Marseille_P5551|t__SGB4592",0,0,NA,FALSE,FALSE,FALSE,NA,"HMP1-2 taxonomy oral"
"k__Bacteria|p__Actinobacteria|c__Coriobacteriia|o__Eggerthellales|f__Eggerthellaceae|g__Eggerthella|s__Eggerthella_sinensis|t__SGB14810",0,0,NA,FALSE,FALSE,FALSE,NA,"HMP1-2 taxonomy oral"
"k__Bacteria|p__Firmicutes|c__Clostridia|o__Clostridiales|f__Ruminococcaceae|g__Gemmiger|s__Gemmiger_sp_An194|t__SGB15283",0,0,NA,FALSE,FALSE,FALSE,NA,"HMP1-2 taxonomy oral"
"k__Bacteria|p__Actinobacteria|c__Actinobacteria|o__Micrococcales|f__Micrococcaceae|g__Rothia|s__Rothia_amarae|t__SGB34818",1,0.000778816199376947,2.48999726100301e-05,FALSE,FALSE,FALSE,NA,"HMP1-2 taxonomy oral"
"k__Bacteria|p__Firmicutes|c__Tissierellia|o__Tissierellales|f__Peptoniphilaceae|g__Peptoniphilus|s__Peptoniphilus_vaginalis|t__SGB6696",0,0,NA,FALSE,FALSE,FALSE,NA,"HMP1-2 taxonomy oral"
"k__Bacteria|p__Actinobacteria|c__Actinobacteria|o__Actinomycetales|f__Actinomycetaceae|g__Arcanobacterium|s__Arcanobacterium_sp_S3PF19|t__SGB17200",0,0,NA,FALSE,FALSE,FALSE,NA,"HMP1-2 taxonomy oral"
"k__Bacteria|p__Bacteroidetes|c__Bacteroidia|o__Bacteroidales|f__Bacteroidales_unclassified|g__Bacteroidales_unclassified|s__Bacteroidales_bacterium_KA00251|t__SGB3324",0,0,NA,FALSE,FALSE,FALSE,NA,"HMP1-2 taxonomy oral"
"k__Bacteria|p__Tenericutes|c__Mollicutes|o__Mycoplasmatales|f__Mycoplasmataceae|g__Ureaplasma|s__Ureaplasma_urealyticum|t__SGB5567",0,0,NA,FALSE,FALSE,FALSE,NA,"HMP1-2 taxonomy oral"
"k__Bacteria|p__Actinobacteria|c__Actinobacteria|o__Bifidobacteriales|f__Bifidobacteriaceae|g__Bifidobacteriaceae_unclassified|s__Bifidobacteriaceae_bacterium_NR047|t__SGB33639",0,0,NA,FALSE,FALSE,FALSE,NA,"HMP1-2 taxonomy oral"
"k__Bacteria|p__Firmicutes|c__Bacilli|o__Bacilli_unclassified|f__Bacilli_unclassified|g__Bacilli_unclassified|s__Bacilli_bacterium|t__SGB6486",7,0.00545171339563863,0.000558028678764317,FALSE,TRUE,FALSE,NA,"HMP1-2 taxonomy oral"
"k__Bacteria|p__Firmicutes|c__Erysipelotrichia|o__Erysipelotrichales|f__Erysipelotrichaceae|g__Candidatus_Stoquefichus|s__Candidatus_Stoquefichus_sp_SB1|t__SGB6772",0,0,NA,FALSE,FALSE,FALSE,NA,"HMP1-2 taxonomy oral"
"k__Bacteria|p__Firmicutes|c__Tissierellia|o__Tissierellales|f__Peptoniphilaceae|g__Peptoniphilus|s__Peptoniphilus_obesi|t__SGB29505",0,0,NA,FALSE,FALSE,FALSE,NA,"HMP1-2 taxonomy oral"
"k__Bacteria|p__Actinobacteria|c__Actinobacteria|o__Actinomycetales|f__Actinomycetaceae|g__Actinomyces|s__Actinomyces_urogenitalis|t__SGB15868",0,0,NA,FALSE,FALSE,FALSE,NA,"HMP1-2 taxonomy oral"
"k__Bacteria|p__Actinobacteria|c__Coriobacteriia|o__Coriobacteriales|f__Atopobiaceae|g__Olsenella|s__Olsenella_sp_HMSC062G07|t__SGB14385",0,0,NA,FALSE,FALSE,FALSE,NA,"HMP1-2 taxonomy oral"
"k__Bacteria|p__Firmicutes|c__Negativicutes|o__Veillonellales|f__Veillonellaceae|g__Megasphaera|s__Megasphaera_vaginalis|t__SGB5848",0,0,NA,FALSE,FALSE,FALSE,NA,"HMP1-2 taxonomy oral"
"k__Bacteria|p__Firmicutes|c__Negativicutes|o__Veillonellales|f__Veillonellaceae|g__Veillonella|s__Veillonella_caviae|t__SGB30380",1,0.000778816199376947,1.999998000002e-07,FALSE,FALSE,FALSE,NA,"HMP1-2 taxonomy oral"
"k__Bacteria|p__Bacteroidetes|c__Bacteroidia|o__Bacteroidales|f__Bacteroidaceae|g__Bacteroidaceae_unclassified|s__Bacteroidaceae_bacterium|t__SGB1890",0,0,NA,FALSE,FALSE,FALSE,NA,"HMP1-2 taxonomy oral"
"k__Bacteria|p__Fusobacteria|c__Fusobacteriia|o__Fusobacteriales|f__Fusobacteriaceae|g__Fusobacterium|s__Fusobacterium_ulcerans|t__SGB6039_group",0,0,NA,FALSE,FALSE,FALSE,NA,"HMP1-2 taxonomy oral"
"k__Bacteria|p__Firmicutes|c__Bacilli|o__Lactobacillales|f__Streptococcaceae|g__Streptococcus|s__Streptococcus_lutetiensis|t__SGB8021",0,0,NA,FALSE,FALSE,FALSE,NA,"HMP1-2 taxonomy oral"
"k__Bacteria|p__Firmicutes|c__Clostridia|o__Clostridia_unclassified|f__Clostridia_unclassified|g__Clostridia_unclassified|s__Clostridia_bacterium|t__SGB14013",0,0,NA,FALSE,FALSE,FALSE,NA,"HMP1-2 taxonomy oral"
"k__Bacteria|p__Firmicutes|c__Clostridia|o__Clostridia_unclassified|f__Clostridia_unclassified|g__Clostridia_unclassified|s__Clostridia_bacterium|t__SGB14019",0,0,NA,FALSE,FALSE,FALSE,NA,"HMP1-2 taxonomy oral"
"k__Bacteria|p__Firmicutes|c__Clostridia|o__Clostridiales|f__Ruminococcaceae|g__GGB9608|s__GGB9608_SGB15042|t__SGB15042_group",0,0,NA,FALSE,FALSE,FALSE,NA,"HMP1-2 taxonomy oral"
"k__Bacteria|p__Firmicutes|c__Clostridia|o__Clostridia_unclassified|f__Clostridia_unclassified|g__Clostridia_unclassified|s__Clostridia_bacterium|t__SGB54336",0,0,NA,FALSE,FALSE,FALSE,NA,"HMP1-2 taxonomy oral"
"k__Bacteria|p__Firmicutes|c__Clostridia|o__Clostridia_unclassified|f__Clostridia_unclassified|g__Clostridia_unclassified|s__Clostridia_bacterium|t__SGB13952",0,0,NA,FALSE,FALSE,FALSE,NA,"HMP1-2 taxonomy oral"
"k__Bacteria|p__Firmicutes|c__Clostridia|o__Clostridiales|f__Oscillospiraceae|g__Oscillospiraceae_unclassified|s__Oscillospiraceae_bacterium_N12|t__SGB1802",0,0,NA,FALSE,FALSE,FALSE,NA,"HMP1-2 taxonomy oral"
"k__Bacteria|p__Firmicutes|c__Clostridia|o__Clostridia_unclassified|f__Clostridia_unclassified|g__Candidatus_Pseudoscilispira|s__Candidatus_Pseudoscilispira_falkowii|t__SGB63238",0,0,NA,FALSE,FALSE,FALSE,NA,"HMP1-2 taxonomy oral"
"k__Bacteria|p__Proteobacteria|c__Gammaproteobacteria|o__Enterobacterales|f__Enterobacteriaceae|g__Klebsiella|s__Klebsiella_michiganensis|t__SGB10119",1,0.000778816199376947,4.59000183600073e-05,FALSE,FALSE,FALSE,NA,"HMP1-2 taxonomy oral"
"k__Bacteria|p__Firmicutes|c__Clostridia|o__Clostridia_unclassified|f__Clostridia_unclassified|g__Clostridia_unclassified|s__Clostridia_bacterium|t__SGB14235",1,0.000778816199376947,0.000574000516600465,FALSE,TRUE,FALSE,NA,"HMP1-2 taxonomy oral"
"k__Bacteria|p__Firmicutes|c__Clostridia|o__Clostridiales|f__Lachnospiraceae|g__GGB3738|s__GGB3738_SGB5072|t__SGB5072",0,0,NA,FALSE,FALSE,FALSE,NA,"HMP1-2 taxonomy oral"
"k__Bacteria|p__Firmicutes|c__Clostridia|o__Clostridia_unclassified|f__Clostridia_unclassified|g__Clostridia_unclassified|s__Clostridia_bacterium|t__SGB15408",0,0,NA,FALSE,FALSE,FALSE,NA,"HMP1-2 taxonomy oral"
"k__Bacteria|p__Verrucomicrobia|c__Opitutae|o__Opitutales|f__Opitutales_unclassified|g__Opitutales_unclassified|s__Opitutales_bacterium|t__SGB8767_group",0,0,NA,FALSE,FALSE,FALSE,NA,"HMP1-2 taxonomy oral"
"k__Bacteria|p__Bacteroidetes|c__Bacteroidia|o__Bacteroidales|f__Rikenellaceae|g__Rikenellaceae_unclassified|s__Rikenellaceae_bacterium_DSM_108975|t__SGB2329",0,0,NA,FALSE,FALSE,FALSE,NA,"HMP1-2 taxonomy oral"
"k__Bacteria|p__Firmicutes|c__CFGB4614|o__OFGB4614|f__FGB4614|g__GGB13418|s__GGB13418_SGB20686|t__SGB20686",0,0,NA,FALSE,FALSE,FALSE,NA,"HMP1-2 taxonomy oral"
"k__Bacteria|p__Proteobacteria|c__Gammaproteobacteria|o__Pseudomonadales|f__Moraxellaceae|g__Acinetobacter|s__Acinetobacter_johnsonii|t__SGB10398",0,0,NA,FALSE,FALSE,FALSE,NA,"HMP1-2 taxonomy oral"
"k__Bacteria|p__Proteobacteria|c__Gammaproteobacteria|o__Enterobacterales|f__Enterobacteriaceae|g__Citrobacter|s__Citrobacter_koseri|t__SGB10079",0,0,NA,FALSE,FALSE,FALSE,NA,"HMP1-2 taxonomy oral"
"k__Bacteria|p__Bacteroidetes|c__Bacteroidia|o__Bacteroidales|f__Tannerellaceae|g__Parabacteroides|s__Parabacteroides_bouchesdurhonensis|t__SGB21587",0,0,NA,FALSE,FALSE,FALSE,NA,"HMP1-2 taxonomy oral"
"k__Bacteria|p__Fusobacteria|c__Fusobacteriia|o__Fusobacteriales|f__Leptotrichiaceae|g__Streptobacillus|s__Streptobacillus_hongkongensis|t__SGB29040",5,0.00389408099688474,8.6600002980002e-06,FALSE,FALSE,FALSE,NA,"HMP1-2 taxonomy oral"
"k__Bacteria|p__Planctomycetes|c__Planctomycetia|o__Pirellulales|f__Pirellulaceae|g__GGB6565|s__GGB6565_SGB9274|t__SGB9274",0,0,NA,FALSE,FALSE,FALSE,NA,"HMP1-2 taxonomy oral"
"k__Bacteria|p__Firmicutes|c__Clostridia|o__Clostridia_unclassified|f__Clostridia_unclassified|g__Clostridia_unclassified|s__Clostridia_bacterium|t__SGB14004",0,0,NA,FALSE,FALSE,FALSE,NA,"HMP1-2 taxonomy oral"
"k__Bacteria|p__Firmicutes|c__CFGB1379|o__OFGB1379|f__FGB1379|g__GGB3360|s__GGB3360_SGB4444|t__SGB4444",0,0,NA,FALSE,FALSE,FALSE,NA,"HMP1-2 taxonomy oral"
"k__Bacteria|p__Firmicutes|c__Clostridia|o__Clostridiales|f__Lachnospiraceae|g__Lachnospiraceae_unclassified|s__Lachnospiraceae_bacterium_2_1_46FAA|t__SGB4549",0,0,NA,FALSE,FALSE,FALSE,NA,"HMP1-2 taxonomy oral"
"k__Bacteria|p__Fusobacteria|c__Fusobacteriia|o__Fusobacteriales|f__Fusobacteriaceae|g__Fusobacteriaceae_unclassified|s__Fusobacteriaceae_unclassified_SGB6035|t__SGB6035_group",0,0,NA,FALSE,FALSE,FALSE,NA,"HMP1-2 taxonomy oral"
"k__Bacteria|p__Firmicutes|c__Bacilli|o__Lactobacillales|f__Lactobacillaceae|g__Dellaglioa|s__Dellaglioa_algida|t__SGB7252",0,0,NA,FALSE,FALSE,FALSE,NA,"HMP1-2 taxonomy oral"
"k__Bacteria|p__Firmicutes|c__Clostridia|o__Clostridia_unclassified|f__Clostridia_unclassified|g__Clostridia_unclassified|s__Clostridia_bacterium|t__SGB58484",0,0,NA,FALSE,FALSE,FALSE,NA,"HMP1-2 taxonomy oral"
"k__Bacteria|p__Proteobacteria|c__Betaproteobacteria|o__Neisseriales|f__Neisseriaceae|g__Conchiformibius|s__Conchiformibius_steedae|t__SGB30651",0,0,NA,FALSE,FALSE,FALSE,NA,"HMP1-2 taxonomy oral"
"k__Bacteria|p__Actinobacteria|c__Actinobacteria|o__Corynebacteriales|f__Corynebacteriaceae|g__Corynebacterium|s__Corynebacterium_sp_HMSC08D02|t__SGB17071",0,0,NA,FALSE,FALSE,FALSE,NA,"HMP1-2 taxonomy oral"
"k__Bacteria|p__Actinobacteria|c__Actinobacteria|o__Corynebacteriales|f__Corynebacteriaceae|g__Corynebacterium|s__Corynebacterium_atypicum|t__SGB17094",0,0,NA,FALSE,FALSE,FALSE,NA,"HMP1-2 taxonomy oral"
"k__Bacteria|p__Proteobacteria|c__Gammaproteobacteria|o__Pseudomonadales|f__Moraxellaceae|g__Acinetobacter|s__Acinetobacter_ursingii|t__SGB10372",0,0,NA,FALSE,FALSE,FALSE,NA,"HMP1-2 taxonomy oral"
"k__Bacteria|p__Firmicutes|c__Clostridia|o__Clostridiales|f__Ruminococcaceae|g__GGB9716|s__GGB9716_SGB15269|t__SGB15269",0,0,NA,FALSE,FALSE,FALSE,NA,"HMP1-2 taxonomy oral"
"k__Bacteria|p__Proteobacteria|c__Gammaproteobacteria|o__Pseudomonadales|f__Moraxellaceae|g__Acinetobacter|s__Acinetobacter_venetianus|t__SGB10365",0,0,NA,FALSE,FALSE,FALSE,NA,"HMP1-2 taxonomy oral"
"k__Bacteria|p__Proteobacteria|c__Alphaproteobacteria|o__Rhizobiales|f__Bradyrhizobiaceae|g__Afipia|s__Afipia_broomeae|t__SGB11355",0,0,NA,FALSE,FALSE,FALSE,NA,"HMP1-2 taxonomy oral"
"k__Bacteria|p__Firmicutes|c__Bacilli|o__Lactobacillales|f__Lactobacillaceae|g__Limosilactobacillus|s__Limosilactobacillus_reuteri|t__SGB7095",1,0.000778816199376947,6.99999790000064e-06,FALSE,FALSE,FALSE,NA,"HMP1-2 taxonomy oral"
"k__Bacteria|p__Firmicutes|c__CFGB3546|o__OFGB3546|f__FGB3546|g__GGB58071|s__GGB58071_SGB79702|t__SGB79702",0,0,NA,FALSE,FALSE,FALSE,NA,"HMP1-2 taxonomy oral"
"k__Bacteria|p__Firmicutes|c__Erysipelotrichia|o__Erysipelotrichales|f__Erysipelotrichaceae|g__GGB31184|s__GGB31184_SGB44478|t__SGB44478",0,0,NA,FALSE,FALSE,FALSE,NA,"HMP1-2 taxonomy oral"
"k__Bacteria|p__Firmicutes|c__Bacilli|o__Lactobacillales|f__Lactobacillaceae|g__Limosilactobacillus|s__Lactobacillus_pontis|t__SGB7090",2,0.00155763239875389,0.000163649967270007,FALSE,TRUE,FALSE,NA,"HMP1-2 taxonomy oral"
"k__Bacteria|p__Proteobacteria|c__Gammaproteobacteria|o__Pseudomonadales|f__Moraxellaceae|g__Moraxella|s__Moraxella_lacunata|t__SGB10428",0,0,NA,FALSE,FALSE,FALSE,NA,"HMP1-2 taxonomy oral"
"k__Bacteria|p__Actinobacteria|c__Actinobacteria|o__Corynebacteriales|f__Dietziaceae|g__Dietzia|s__Dietzia_timorensis|t__SGB15768",0,0,NA,FALSE,FALSE,FALSE,NA,"HMP1-2 taxonomy oral"
"k__Bacteria|p__Proteobacteria|c__Gammaproteobacteria|o__Enterobacterales|f__Erwiniaceae|g__Pantoea|s__Pantoea_ananatis|t__SGB10194",1,0.000778816199376947,9.70000485000244e-06,FALSE,FALSE,FALSE,NA,"HMP1-2 taxonomy oral"
"k__Bacteria|p__Bacteroidetes|c__Bacteroidia|o__Bacteroidales|f__Bacteroidaceae|g__GGB1153|s__GGB1153_SGB1481|t__SGB1481",3,0.00233644859813084,0.0216048978398302,FALSE,TRUE,FALSE,NA,"HMP1-2 taxonomy oral"
"k__Bacteria|p__Bacteroidetes|c__Bacteroidia|o__Bacteroidales|f__Prevotellaceae|g__Paraprevotella|s__Paraprevotella_xylaniphila|t__SGB1797",1,0.000778816199376947,0.0148762985123702,FALSE,TRUE,FALSE,NA,"HMP1-2 taxonomy oral"
"k__Bacteria|p__Bacteroidetes|c__Bacteroidia|o__Bacteroidales|f__Bacteroidales_unclassified|g__Bacteroidales_unclassified|s__Bacteroidales_bacterium|t__SGB2067",0,0,NA,FALSE,FALSE,FALSE,NA,"HMP1-2 taxonomy oral"
"k__Bacteria|p__Bacteroidetes|c__Bacteroidia|o__Bacteroidales|f__Bacteroidaceae|g__GGB1350|s__GGB1350_SGB1808|t__SGB1808",1,0.000778816199376947,0.00231029976897002,FALSE,TRUE,FALSE,NA,"HMP1-2 taxonomy oral"
"k__Bacteria|p__Actinobacteria|c__Coriobacteriia|o__Eggerthellales|f__Eggerthellaceae|g__GGB9423|s__GGB9423_SGB14792|t__SGB14792",0,0,NA,FALSE,FALSE,FALSE,NA,"HMP1-2 taxonomy oral"
"k__Bacteria|p__Proteobacteria|c__Alphaproteobacteria|o__Caulobacterales|f__Caulobacteraceae|g__Caulobacteraceae_unclassified|s__Caulobacteraceae_bacterium|t__SGB56795",13,0.0101246105919003,0.0024740688258355,FALSE,TRUE,FALSE,NA,"HMP1-2 taxonomy oral"
"k__Bacteria|p__Proteobacteria|c__Alphaproteobacteria|o__Rhizobiales|f__Bradyrhizobiaceae|g__Bradyrhizobium|s__Bradyrhizobium_sp_17_4|t__SGB11337",13,0.0101246105919003,0.000285292262829245,FALSE,TRUE,FALSE,NA,"HMP1-2 taxonomy oral"
"k__Bacteria|p__Proteobacteria|c__Betaproteobacteria|o__Burkholderiales|f__Burkholderiaceae|g__Ralstonia|s__Ralstonia_pickettii|t__SGB12924",14,0.0109034267912773,0.000107135698277863,FALSE,TRUE,FALSE,NA,"HMP1-2 taxonomy oral"
"k__Bacteria|p__Firmicutes|c__Bacilli|o__Bacilli_unclassified|f__Bacilli_unclassified|g__Bacilli_unclassified|s__Bacilli_bacterium|t__SGB6766",1,0.000778816199376947,4.39000087800017e-05,FALSE,FALSE,FALSE,NA,"HMP1-2 taxonomy oral"
"k__Bacteria|p__Firmicutes|c__Bacilli|o__Bacilli_unclassified|f__Bacilli_unclassified|g__Bacilli_unclassified|s__Bacilli_unclassified_SGB6428|t__SGB6428",0,0,NA,FALSE,FALSE,FALSE,NA,"HMP1-2 taxonomy oral"
"k__Bacteria|p__Firmicutes|c__Clostridia|o__Clostridia_unclassified|f__Clostridia_unclassified|g__Clostridia_unclassified|s__Clostridia_bacterium|t__SGB14216",0,0,NA,FALSE,FALSE,FALSE,NA,"HMP1-2 taxonomy oral"
"k__Bacteria|p__Firmicutes|c__Clostridia|o__Clostridiales|f__Ruminococcaceae|g__GGB9701|s__GGB9701_SGB15218|t__SGB15218",0,0,NA,FALSE,FALSE,FALSE,NA,"HMP1-2 taxonomy oral"
"k__Bacteria|p__Firmicutes|c__Clostridia|o__Clostridia_unclassified|f__Clostridia_unclassified|g__GGB3266|s__GGB3266_SGB4315|t__SGB4315",0,0,NA,FALSE,FALSE,FALSE,NA,"HMP1-2 taxonomy oral"
"k__Bacteria|p__Firmicutes|c__Clostridia|o__Clostridiales|f__Ruminococcaceae|g__Flavonifractor|s__Flavonifractor_sp_An112|t__SGB15138",0,0,NA,FALSE,FALSE,FALSE,NA,"HMP1-2 taxonomy oral"
"k__Bacteria|p__Firmicutes|c__Clostridia|o__Clostridiales|f__Eubacteriaceae|g__Intestinibacillus|s__Intestinibacillus_massiliensis|t__SGB29304",0,0,NA,FALSE,FALSE,FALSE,NA,"HMP1-2 taxonomy oral"
"k__Bacteria|p__Actinobacteria|c__Actinobacteria|o__Corynebacteriales|f__Corynebacteriaceae|g__Corynebacterium|s__Corynebacterium_imitans|t__SGB17060",0,0,NA,FALSE,FALSE,FALSE,NA,"HMP1-2 taxonomy oral"
"k__Bacteria|p__Proteobacteria|c__Alphaproteobacteria|o__Caulobacterales|f__Caulobacteraceae|g__Brevundimonas|s__Brevundimonas_diminuta|t__SGB11729_group",0,0,NA,FALSE,FALSE,FALSE,NA,"HMP1-2 taxonomy oral"
"k__Bacteria|p__Bacteroidetes|c__Flavobacteriia|o__Flavobacteriales|f__Weeksellaceae|g__Kaistella|s__Chryseobacterium_haifense|t__SGB2641",0,0,NA,FALSE,FALSE,FALSE,NA,"HMP1-2 taxonomy oral"
"k__Bacteria|p__Proteobacteria|c__Alphaproteobacteria|o__Caulobacterales|f__Caulobacteraceae|g__GGB7899|s__GGB7899_SGB11736|t__SGB11736",0,0,NA,FALSE,FALSE,FALSE,NA,"HMP1-2 taxonomy oral"
"k__Bacteria|p__Proteobacteria|c__Alphaproteobacteria|o__Caulobacterales|f__Caulobacteraceae|g__Brevundimonas|s__Brevundimonas_SGB38300|t__SGB38300",0,0,NA,FALSE,FALSE,FALSE,NA,"HMP1-2 taxonomy oral"
"k__Bacteria|p__Proteobacteria|c__Gammaproteobacteria|o__Enterobacterales|f__Erwiniaceae|g__Mixta|s__Mixta_calida|t__SGB10159",0,0,NA,FALSE,FALSE,FALSE,NA,"HMP1-2 taxonomy oral"
"k__Bacteria|p__Proteobacteria|c__Gammaproteobacteria|o__Pseudomonadales|f__Moraxellaceae|g__Acinetobacter|s__Acinetobacter_parvus|t__SGB10366",0,0,NA,FALSE,FALSE,FALSE,NA,"HMP1-2 taxonomy oral"
"k__Bacteria|p__Proteobacteria|c__Alphaproteobacteria|o__Caulobacterales|f__Caulobacteraceae|g__Brevundimonas|s__Brevundimonas_SGB38301|t__SGB38301",0,0,NA,FALSE,FALSE,FALSE,NA,"HMP1-2 taxonomy oral"
"k__Bacteria|p__Proteobacteria|c__Alphaproteobacteria|o__Rhodobacterales|f__Rhodobacteraceae|g__Paracoccus|s__Paracoccus_sanguinis|t__SGB10730",0,0,NA,FALSE,FALSE,FALSE,NA,"HMP1-2 taxonomy oral"
"k__Bacteria|p__Proteobacteria|c__Gammaproteobacteria|o__Pseudomonadales|f__Moraxellaceae|g__Acinetobacter|s__Acinetobacter_bereziniae|t__SGB10379",0,0,NA,FALSE,FALSE,FALSE,NA,"HMP1-2 taxonomy oral"
"k__Bacteria|p__Firmicutes|c__Bacilli|o__Bacillales|f__Staphylococcaceae|g__Mammaliicoccus|s__Mammaliicoccus_sciuri|t__SGB7818",0,0,NA,FALSE,FALSE,FALSE,NA,"HMP1-2 taxonomy oral"
"k__Bacteria|p__Firmicutes|c__Negativicutes|o__Selenomonadales|f__Selenomonadaceae|g__Mitsuokella|s__Mitsuokella_sp_oral_taxon_131|t__SGB5901",3,0.00233644859813084,9.97333437833346e-05,FALSE,FALSE,FALSE,NA,"HMP1-2 taxonomy oral"
"k__Bacteria|p__Firmicutes|c__Clostridia|o__Clostridiales|f__Lachnospiraceae|g__Lachnospiraceae_unclassified|s__Lachnospiraceae_bacterium|t__SGB4591",0,0,NA,FALSE,FALSE,FALSE,NA,"HMP1-2 taxonomy oral"
"k__Bacteria|p__Bacteroidetes|c__Bacteroidia|o__Bacteroidales|f__Rikenellaceae|g__Alistipes|s__Alistipes_sp_An66|t__SGB2306",0,0,NA,FALSE,FALSE,FALSE,NA,"HMP1-2 taxonomy oral"
"k__Bacteria|p__Proteobacteria|c__Gammaproteobacteria|o__Pseudomonadales|f__Moraxellaceae|g__Moraxella|s__Moraxella_canis|t__SGB10431",0,0,NA,FALSE,FALSE,FALSE,NA,"HMP1-2 taxonomy oral"
"k__Bacteria|p__Candidatus_Melainabacteria|c__Candidatus_Melainabacteria_unclassified|o__Candidatus_Gastranaerophilales|f__Candidatus_Gastranaerophilales_unclassified|g__GGB6007|s__GGB6007_SGB8634|t__SGB8634",0,0,NA,FALSE,FALSE,FALSE,NA,"HMP1-2 taxonomy oral"
"k__Bacteria|p__Bacteroidetes|c__Flavobacteriia|o__Flavobacteriales|f__Weeksellaceae|g__Algoriella|s__Algoriella_xinjiangensis|t__SGB3057",0,0,NA,FALSE,FALSE,FALSE,NA,"HMP1-2 taxonomy oral"
"k__Bacteria|p__Actinobacteria|c__Coriobacteriia|o__Coriobacteriales|f__Coriobacteriaceae|g__Collinsella|s__Collinsella_sp_AK_207A|t__SGB14762",0,0,NA,FALSE,FALSE,FALSE,NA,"HMP1-2 taxonomy oral"
"k__Bacteria|p__Firmicutes|c__Bacilli|o__Bacilli_unclassified|f__Bacilli_unclassified|g__Bacilli_unclassified|s__Bacilli_bacterium|t__SGB47354",0,0,NA,FALSE,FALSE,FALSE,NA,"HMP1-2 taxonomy oral"
"k__Bacteria|p__Bacteroidetes|c__Bacteroidia|o__Bacteroidales|f__Porphyromonadaceae|g__Porphyromonas|s__Porphyromonas_sp_COT_290_OH3588|t__SGB2058",0,0,NA,FALSE,FALSE,FALSE,NA,"HMP1-2 taxonomy oral"
"k__Bacteria|p__Bacteroidetes|c__Bacteroidia|o__Bacteroidales|f__Porphyromonadaceae|g__Porphyromonas|s__Porphyromonas_canoris|t__SGB2061",0,0,NA,FALSE,FALSE,FALSE,NA,"HMP1-2 taxonomy oral"
"k__Bacteria|p__Bacteroidetes|c__Bacteroidia|o__Bacteroidales|f__Porphyromonadaceae|g__Porphyromonas|s__Porphyromonas_cangingivalis|t__SGB2060",0,0,NA,FALSE,FALSE,FALSE,NA,"HMP1-2 taxonomy oral"
"k__Bacteria|p__Bacteroidetes|c__Bacteroidia|o__Bacteroidales|f__Porphyromonadaceae|g__Porphyromonas|s__Porphyromonas_gulae|t__SGB2056",0,0,NA,FALSE,FALSE,FALSE,NA,"HMP1-2 taxonomy oral"
"k__Bacteria|p__Bacteroidetes|c__Bacteroidia|o__Bacteroidales|f__Porphyromonadaceae|g__Porphyromonas|s__Porphyromonas_gingivicanis|t__SGB2063",0,0,NA,FALSE,FALSE,FALSE,NA,"HMP1-2 taxonomy oral"
"k__Bacteria|p__Bacteroidetes|c__Flavobacteriia|o__Flavobacteriales|f__Weeksellaceae|g__Bergeyella|s__Bergeyella_zoohelcum|t__SGB2924",0,0,NA,FALSE,FALSE,FALSE,NA,"HMP1-2 taxonomy oral"
"k__Bacteria|p__Proteobacteria|c__Epsilonproteobacteria|o__Campylobacterales|f__Campylobacteraceae|g__Campylobacter|s__Campylobacter_sp_CCUG_57310|t__SGB77311",0,0,NA,FALSE,FALSE,FALSE,NA,"HMP1-2 taxonomy oral"
"k__Bacteria|p__Proteobacteria|c__Gammaproteobacteria|o__Pseudomonadales|f__Moraxellaceae|g__Moraxella|s__Moraxella_sp_VT_16_12|t__SGB10433",0,0,NA,FALSE,FALSE,FALSE,NA,"HMP1-2 taxonomy oral"
"k__Bacteria|p__Proteobacteria|c__Betaproteobacteria|o__Neisseriales|f__Neisseriaceae|g__Neisseria|s__Neisseria_dumasiana|t__SGB9444",0,0,NA,FALSE,FALSE,FALSE,NA,"HMP1-2 taxonomy oral"
"k__Bacteria|p__Proteobacteria|c__Betaproteobacteria|o__Neisseriales|f__Neisseriaceae|g__Neisseria|s__Neisseria_weaveri|t__SGB9442",0,0,NA,FALSE,FALSE,FALSE,NA,"HMP1-2 taxonomy oral"
"k__Bacteria|p__Bacteroidetes|c__Bacteroidia|o__Bacteroidales|f__Porphyromonadaceae|g__Porphyromonas|s__Porphyromonas_sp_COT_239_OH1446|t__SGB2059",0,0,NA,FALSE,FALSE,FALSE,NA,"HMP1-2 taxonomy oral"
"k__Bacteria|p__Firmicutes|c__Clostridia|o__Clostridiales|f__Lachnospiraceae|g__Murimonas|s__Murimonas_intestini|t__SGB25538",0,0,NA,FALSE,FALSE,FALSE,NA,"HMP1-2 taxonomy oral"
"k__Bacteria|p__Firmicutes|c__Clostridia|o__Clostridia_unclassified|f__Clostridia_unclassified|g__Clostridia_unclassified|s__Clostridia_bacterium|t__SGB4304",0,0,NA,FALSE,FALSE,FALSE,NA,"HMP1-2 taxonomy oral"
"k__Bacteria|p__Firmicutes|c__Bacilli|o__Lactobacillales|f__Streptococcaceae|g__Streptococcus|s__Streptococcus_sobrinus|t__SGB7995",5,0.00389408099688474,0.00670256004067606,FALSE,TRUE,FALSE,NA,"HMP1-2 taxonomy oral"
"k__Bacteria|p__Proteobacteria|c__Alphaproteobacteria|o__Rhodobacterales|f__Rhodobacteraceae|g__Paracoccus|s__Paracoccus_haeundaensis|t__SGB10707",0,0,NA,FALSE,FALSE,FALSE,NA,"HMP1-2 taxonomy oral"
"k__Bacteria|p__Proteobacteria|c__Alphaproteobacteria|o__Sphingomonadales|f__Sphingomonadaceae|g__Sphingobium|s__Sphingobium_yanoikuyae|t__SGB11614_group",1,0.000778816199376947,2.31000092400037e-05,FALSE,FALSE,FALSE,NA,"HMP1-2 taxonomy oral"
"k__Bacteria|p__Proteobacteria|c__Hydrogenophilalia|o__Hydrogenophilales|f__Hydrogenophilaceae|g__Hydrogenophilus|s__Hydrogenophilus_thermoluteolus|t__SGB23500",0,0,NA,FALSE,FALSE,FALSE,NA,"HMP1-2 taxonomy oral"
"k__Bacteria|p__Candidatus_Melainabacteria|c__Candidatus_Melainabacteria_unclassified|o__Candidatus_Gastranaerophilales|f__Candidatus_Gastranaerophilales_unclassified|g__Candidatus_Gastranaerophilales_unclassified|s__Candidatus_Gastranaerophilales_bacterium|t__SGB8597",1,0.000778816199376947,5.81999883600024e-05,FALSE,FALSE,FALSE,NA,"HMP1-2 taxonomy oral"
"k__Bacteria|p__Firmicutes|c__Clostridia|o__Clostridiales|f__Ruminococcaceae|g__GGB3247|s__GGB3247_SGB4294|t__SGB4294",1,0.000778816199376947,0.00116999976600005,FALSE,TRUE,FALSE,NA,"HMP1-2 taxonomy oral"
"k__Bacteria|p__Firmicutes|c__Clostridia|o__Clostridia_unclassified|f__Clostridia_unclassified|g__Clostridia_unclassified|s__Clostridia_bacterium|t__SGB14873",0,0,NA,FALSE,FALSE,FALSE,NA,"HMP1-2 taxonomy oral"
"k__Bacteria|p__Bacteroidetes|c__Bacteroidia|o__Bacteroidales|f__Rikenellaceae|g__Rikenellaceae_unclassified|s__Rikenellaceae_unclassified_SGB2227|t__SGB2227",0,0,NA,FALSE,FALSE,FALSE,NA,"HMP1-2 taxonomy oral"
"k__Bacteria|p__Proteobacteria|c__CFGB2394|o__OFGB2394|f__FGB2394|g__GGB6544|s__GGB6544_SGB9243|t__SGB9243",0,0,NA,FALSE,FALSE,FALSE,NA,"HMP1-2 taxonomy oral"
"k__Bacteria|p__Firmicutes|c__Clostridia|o__Clostridiales|f__Ruminococcaceae|g__Ruminococcaceae_unclassified|s__Ruminococcaceae_bacterium|t__SGB42516",0,0,NA,FALSE,FALSE,FALSE,NA,"HMP1-2 taxonomy oral"
"k__Bacteria|p__Bacteroidetes|c__Flavobacteriia|o__Flavobacteriales|f__Weeksellaceae|g__Epilithonimonas|s__Chryseobacterium_hominis|t__SGB2549",0,0,NA,FALSE,FALSE,FALSE,NA,"HMP1-2 taxonomy oral"
"k__Bacteria|p__Bacteroidetes|c__Bacteroidia|o__Bacteroidales|f__Bacteroidaceae|g__Bacteroides|s__Bacteroides_zoogleoformans|t__SGB21590",2,0.00155763239875389,4.58499821050103e-05,FALSE,FALSE,FALSE,NA,"HMP1-2 taxonomy oral"
"k__Bacteria|p__Firmicutes|c__Tissierellia|o__Tissierellales|f__Peptoniphilaceae|g__Anaerococcus|s__Anaerococcus_hydrogenalis|t__SGB6663",0,0,NA,FALSE,FALSE,FALSE,NA,"HMP1-2 taxonomy oral"
"k__Bacteria|p__Actinobacteria|c__Actinobacteria|o__Actinomycetales|f__Actinomycetaceae|g__Winkia|s__Winkia_neuii|t__SGB17192",0,0,NA,FALSE,FALSE,FALSE,NA,"HMP1-2 taxonomy oral"
"k__Bacteria|p__Actinobacteria|c__Actinobacteria|o__Actinomycetales|f__Actinomycetaceae|g__Actinomyces|s__Actinomyces_culturomici|t__SGB17171",1,0.000778816199376947,3.12000062400012e-05,FALSE,FALSE,FALSE,NA,"HMP1-2 taxonomy oral"
"k__Bacteria|p__Actinobacteria|c__Coriobacteriia|o__Coriobacteriales|f__Coriobacteriaceae|g__Coriobacteriaceae_unclassified|s__Coriobacteriaceae_bacterium_68_1_3|t__SGB14791",7,0.00545171339563863,6.81285880700179e-05,FALSE,FALSE,FALSE,NA,"HMP1-2 taxonomy oral"
"k__Bacteria|p__Actinobacteria|c__Coriobacteriia|o__Coriobacteriales|f__Atopobiaceae|g__Olsenella|s__Olsenella_sp_KGMB02461|t__SGB72466",0,0,NA,FALSE,FALSE,FALSE,NA,"HMP1-2 taxonomy oral"
"k__Bacteria|p__Firmicutes|c__Clostridia|o__Clostridiales|f__Ruminococcaceae|g__Agathobaculum|s__Agathobaculum_desmolans|t__SGB14989",0,0,NA,FALSE,FALSE,FALSE,NA,"HMP1-2 taxonomy oral"
"k__Bacteria|p__Firmicutes|c__Erysipelotrichia|o__Erysipelotrichales|f__Erysipelotrichaceae|g__Erysipelotrichaceae_unclassified|s__Erysipelotrichaceae_bacterium|t__SGB6823",0,0,NA,FALSE,FALSE,FALSE,NA,"HMP1-2 taxonomy oral"
"k__Bacteria|p__Firmicutes|c__Clostridia|o__Clostridiales|f__Ruminococcaceae|g__GGB9637|s__GGB9637_SGB15111|t__SGB15111",0,0,NA,FALSE,FALSE,FALSE,NA,"HMP1-2 taxonomy oral"
"k__Bacteria|p__Firmicutes|c__Clostridia|o__Clostridiales|f__Ruminococcaceae|g__Ruminococcaceae_unclassified|s__Ruminococcaceae_bacterium|t__SGB14908",0,0,NA,FALSE,FALSE,FALSE,NA,"HMP1-2 taxonomy oral"
"k__Bacteria|p__Firmicutes|c__Clostridia|o__Clostridiales|f__Clostridiaceae|g__GGB3528|s__GGB3528_SGB4713|t__SGB4713",0,0,NA,FALSE,FALSE,FALSE,NA,"HMP1-2 taxonomy oral"
"k__Bacteria|p__Firmicutes|c__Clostridia|o__Clostridiales|f__Ruminococcaceae|g__Ruminococcaceae_unclassified|s__Ruminococcaceae_bacterium|t__SGB15355",0,0,NA,FALSE,FALSE,FALSE,NA,"HMP1-2 taxonomy oral"
"k__Bacteria|p__Actinobacteria|c__Actinobacteria|o__Corynebacteriales|f__Corynebacteriaceae|g__Corynebacterium|s__Corynebacterium_timonense|t__SGB17057",0,0,NA,FALSE,FALSE,FALSE,NA,"HMP1-2 taxonomy oral"
"k__Bacteria|p__Actinobacteria|c__Coriobacteriia|o__Eggerthellales|f__Eggerthellaceae|g__Eggerthellaceae_unclassified|s__Eggerthellaceae_bacterium|t__SGB53822",0,0,NA,FALSE,FALSE,FALSE,NA,"HMP1-2 taxonomy oral"
"k__Bacteria|p__Firmicutes|c__Clostridia|o__Clostridiales|f__Clostridiaceae|g__Clostridium|s__Clostridium_celatum|t__SGB6180",0,0,NA,FALSE,FALSE,FALSE,NA,"HMP1-2 taxonomy oral"
"k__Bacteria|p__Firmicutes|c__Clostridia|o__Clostridiales|f__Ruminococcaceae|g__Ruminococcaceae_unclassified|s__Ruminococcaceae_bacterium|t__SGB14911",0,0,NA,FALSE,FALSE,FALSE,NA,"HMP1-2 taxonomy oral"
"k__Bacteria|p__Proteobacteria|c__Alphaproteobacteria|o__Alphaproteobacteria_unclassified|f__Alphaproteobacteria_unclassified|g__Alphaproteobacteria_unclassified|s__Alphaproteobacteria_bacterium|t__SGB57593",9,0.00700934579439252,0.00109197806267011,FALSE,TRUE,FALSE,NA,"HMP1-2 taxonomy oral"
"k__Bacteria|p__Proteobacteria|c__Alphaproteobacteria|o__Sphingomonadales|f__Sphingomonadaceae|g__Novosphingobium|s__Novosphingobium_sp_SG900|t__SGB24585",1,0.000778816199376947,0.000119000071400043,FALSE,TRUE,FALSE,NA,"HMP1-2 taxonomy oral"
"k__Bacteria|p__Proteobacteria|c__Gammaproteobacteria|o__Pseudomonadales|f__Pseudomonadaceae|g__Pseudomonas|s__Pseudomonas_aeruginosa|t__SGB12320",0,0,NA,FALSE,FALSE,FALSE,NA,"HMP1-2 taxonomy oral"
"k__Bacteria|p__Proteobacteria|c__Gammaproteobacteria|o__Pseudomonadales|f__Pseudomonadaceae|g__Pseudomonas|s__Pseudomonas_guariconensis|t__SGB12273",0,0,NA,FALSE,FALSE,FALSE,NA,"HMP1-2 taxonomy oral"
"k__Bacteria|p__Proteobacteria|c__Betaproteobacteria|o__Burkholderiales|f__Comamonadaceae|g__Comamonas|s__Comamonas_thiooxydans|t__SGB12682_group",6,0.00467289719626168,9.05000237766812e-05,FALSE,FALSE,FALSE,NA,"HMP1-2 taxonomy oral"
"k__Bacteria|p__Proteobacteria|c__Gammaproteobacteria|o__Pseudomonadales|f__Moraxellaceae|g__Acinetobacter|s__Acinetobacter_parvus|t__SGB10367",18,0.014018691588785,0.000285638932645047,FALSE,TRUE,FALSE,NA,"HMP1-2 taxonomy oral"
"k__Bacteria|p__Proteobacteria|c__Betaproteobacteria|o__Burkholderiales|f__Comamonadaceae|g__Comamonas|s__Comamonas_aquatica|t__SGB12677",0,0,NA,FALSE,FALSE,FALSE,NA,"HMP1-2 taxonomy oral"
"k__Bacteria|p__Proteobacteria|c__Alphaproteobacteria|o__Rhizobiales|f__Methylobacteriaceae|g__Methylobacterium|s__Methylobacterium_sp_CLZ|t__SGB24428",0,0,NA,FALSE,FALSE,FALSE,NA,"HMP1-2 taxonomy oral"
"k__Bacteria|p__Actinobacteria|c__Actinobacteria|o__Actinomycetales|f__Actinomycetaceae|g__Actinomyces|s__Actinomyces_oricola|t__SGB33758",4,0.00311526479750779,8.00000092500412e-07,FALSE,FALSE,FALSE,NA,"HMP1-2 taxonomy oral"
"k__Bacteria|p__Firmicutes|c__Clostridia|o__Clostridiales|f__Ruminococcaceae|g__GGB9635|s__GGB9635_SGB15100|t__SGB15100",0,0,NA,FALSE,FALSE,FALSE,NA,"HMP1-2 taxonomy oral"
"k__Bacteria|p__Firmicutes|c__Clostridia|o__Clostridiales|f__Ruminococcaceae|g__GGB9687|s__GGB9687_SGB15191|t__SGB15191",0,0,NA,FALSE,FALSE,FALSE,NA,"HMP1-2 taxonomy oral"
"k__Bacteria|p__Firmicutes|c__Clostridia|o__Clostridiales|f__Ruminococcaceae|g__GGB9636|s__GGB9636_SGB15108|t__SGB15108",0,0,NA,FALSE,FALSE,FALSE,NA,"HMP1-2 taxonomy oral"
"k__Bacteria|p__Firmicutes|c__Clostridia|o__Clostridia_unclassified|f__Clostridia_unclassified|g__Clostridia_unclassified|s__Clostridia_bacterium|t__SGB15384",0,0,NA,FALSE,FALSE,FALSE,NA,"HMP1-2 taxonomy oral"
"k__Bacteria|p__Firmicutes|c__Clostridia|o__Clostridiales|f__Ruminococcaceae|g__Ruminococcaceae_unclassified|s__Ruminococcaceae_bacterium|t__SGB15084",0,0,NA,FALSE,FALSE,FALSE,NA,"HMP1-2 taxonomy oral"
"k__Bacteria|p__Synergistetes|c__Synergistia|o__Synergistales|f__Synergistaceae|g__Cloacibacillus|s__Cloacibacillus_porcorum|t__SGB15507",0,0,NA,FALSE,FALSE,FALSE,NA,"HMP1-2 taxonomy oral"
"k__Bacteria|p__Firmicutes|c__Clostridia|o__Clostridia_unclassified|f__Clostridia_unclassified|g__Clostridia_unclassified|s__Clostridia_bacterium|t__SGB13997",0,0,NA,FALSE,FALSE,FALSE,NA,"HMP1-2 taxonomy oral"
"k__Bacteria|p__Firmicutes|c__Bacilli|o__Bacillales|f__Bacillaceae|g__Salicibibacter|s__Salicibibacter_halophilus|t__SGB82671",0,0,NA,FALSE,FALSE,FALSE,NA,"HMP1-2 taxonomy oral"
"k__Bacteria|p__Actinobacteria|c__Actinobacteria|o__Corynebacteriales|f__Corynebacteriaceae|g__Corynebacterium|s__Corynebacterium_pyruviciproducens|t__SGB17029",0,0,NA,FALSE,FALSE,FALSE,NA,"HMP1-2 taxonomy oral"
"k__Bacteria|p__Actinobacteria|c__Actinobacteria|o__Micrococcales|f__Sanguibacteraceae|g__Sanguibacter|s__Sanguibacter_inulinus|t__SGB16047",0,0,NA,FALSE,FALSE,FALSE,NA,"HMP1-2 taxonomy oral"
"k__Bacteria|p__Actinobacteria|c__Actinobacteria|o__Micrococcales|f__Microbacteriaceae|g__Plantibacter|s__Plantibacter_flavus|t__SGB16794",0,0,NA,FALSE,FALSE,FALSE,NA,"HMP1-2 taxonomy oral"
"k__Bacteria|p__Proteobacteria|c__CFGB2395|o__OFGB2395|f__FGB2395|g__GGB6554|s__GGB6554_SGB9256|t__SGB9256",0,0,NA,FALSE,FALSE,FALSE,NA,"HMP1-2 taxonomy oral"
"k__Bacteria|p__Firmicutes|c__Clostridia|o__Clostridia_unclassified|f__Clostridia_unclassified|g__Clostridia_unclassified|s__Clostridia_bacterium|t__SGB14081",0,0,NA,FALSE,FALSE,FALSE,NA,"HMP1-2 taxonomy oral"
"k__Bacteria|p__Verrucomicrobia|c__Opitutae|o__Opitutales|f__Opitutales_unclassified|g__GGB6128|s__GGB6128_SGB8774|t__SGB8774",0,0,NA,FALSE,FALSE,FALSE,NA,"HMP1-2 taxonomy oral"
"k__Bacteria|p__Firmicutes|c__Bacilli|o__Bacilli_unclassified|f__Bacilli_unclassified|g__GGB4702|s__GGB4702_SGB6509|t__SGB6509",0,0,NA,FALSE,FALSE,FALSE,NA,"HMP1-2 taxonomy oral"
"k__Bacteria|p__Candidatus_Melainabacteria|c__Candidatus_Melainabacteria_unclassified|o__Candidatus_Gastranaerophilales|f__Candidatus_Gastranaerophilales_unclassified|g__Candidatus_Gastranaerophilales_unclassified|s__Candidatus_Gastranaerophilales_bacterium|t__SGB8590",0,0,NA,FALSE,FALSE,FALSE,NA,"HMP1-2 taxonomy oral"
"k__Bacteria|p__Firmicutes|c__Clostridia|o__Clostridia_unclassified|f__Clostridia_unclassified|g__Clostridia_unclassified|s__Clostridia_bacterium|t__SGB14025",0,0,NA,FALSE,FALSE,FALSE,NA,"HMP1-2 taxonomy oral"
"k__Bacteria|p__Firmicutes|c__Clostridia|o__Clostridia_unclassified|f__Clostridia_unclassified|g__Clostridia_unclassified|s__Clostridia_bacterium|t__SGB14213",0,0,NA,FALSE,FALSE,FALSE,NA,"HMP1-2 taxonomy oral"
"k__Bacteria|p__Firmicutes|c__Clostridia|o__Clostridiales|f__Ruminococcaceae|g__GGB9636|s__GGB9636_SGB15109|t__SGB15109",0,0,NA,FALSE,FALSE,FALSE,NA,"HMP1-2 taxonomy oral"
"k__Bacteria|p__Firmicutes|c__Clostridia|o__Clostridiales|f__Ruminococcaceae|g__GGB9595|s__GGB9595_SGB15017|t__SGB15017",0,0,NA,FALSE,FALSE,FALSE,NA,"HMP1-2 taxonomy oral"
"k__Bacteria|p__Firmicutes|c__CFGB2950|o__OFGB2950|f__FGB2950|g__GGB9291|s__GGB9291_SGB14248|t__SGB14248",0,0,NA,FALSE,FALSE,FALSE,NA,"HMP1-2 taxonomy oral"
"k__Bacteria|p__Firmicutes|c__Clostridia|o__Clostridia_unclassified|f__Clostridia_unclassified|g__Clostridia_unclassified|s__Clostridia_bacterium|t__SGB14950",0,0,NA,FALSE,FALSE,FALSE,NA,"HMP1-2 taxonomy oral"
"k__Bacteria|p__Firmicutes|c__Clostridia|o__Clostridia_unclassified|f__Clostridia_unclassified|g__Clostridia_unclassified|s__Clostridia_bacterium|t__SGB13978",0,0,NA,FALSE,FALSE,FALSE,NA,"HMP1-2 taxonomy oral"
"k__Bacteria|p__Firmicutes|c__Clostridia|o__Clostridiales|f__Lachnospiraceae|g__Coprococcus|s__Coprococcus_SGB5116|t__SGB5116",0,0,NA,FALSE,FALSE,FALSE,NA,"HMP1-2 taxonomy oral"
"k__Bacteria|p__Firmicutes|c__Clostridia|o__Clostridia_unclassified|f__Clostridia_unclassified|g__GGB9768|s__GGB9768_SGB15386|t__SGB15386",0,0,NA,FALSE,FALSE,FALSE,NA,"HMP1-2 taxonomy oral"
"k__Bacteria|p__Firmicutes|c__Clostridia|o__Clostridia_unclassified|f__Clostridia_unclassified|g__Candidatus_Avimonas|s__Candidatus_Avimonas_intestinalis|t__SGB53519",0,0,NA,FALSE,FALSE,FALSE,NA,"HMP1-2 taxonomy oral"
"k__Bacteria|p__Firmicutes|c__Clostridia|o__Clostridiales|f__Ruminococcaceae|g__GGB9696|s__GGB9696_SGB15212|t__SGB15212",0,0,NA,FALSE,FALSE,FALSE,NA,"HMP1-2 taxonomy oral"
"k__Bacteria|p__Actinobacteria|c__Coriobacteriia|o__Coriobacteriales|f__Atopobiaceae|g__Parolsenella|s__Parolsenella_catena|t__SGB14379",0,0,NA,FALSE,FALSE,FALSE,NA,"HMP1-2 taxonomy oral"
"k__Bacteria|p__Firmicutes|c__Negativicutes|o__Acidaminococcales|f__Acidaminococcaceae|g__Acidaminococcus|s__Acidaminococcus_fermentans|t__SGB5743",0,0,NA,FALSE,FALSE,FALSE,NA,"HMP1-2 taxonomy oral"
"k__Bacteria|p__Firmicutes|c__Clostridia|o__Clostridiales|f__Ruminococcaceae|g__Flavonifractor|s__Flavonifractor_SGB15137|t__SGB15137",0,0,NA,FALSE,FALSE,FALSE,NA,"HMP1-2 taxonomy oral"
"k__Bacteria|p__Firmicutes|c__CFGB1470|o__OFGB1470|f__FGB1470|g__GGB3717|s__GGB3717_SGB5040|t__SGB5040",0,0,NA,FALSE,FALSE,FALSE,NA,"HMP1-2 taxonomy oral"
"k__Bacteria|p__Firmicutes|c__Negativicutes|o__Acidaminococcales|f__Acidaminococcaceae|g__GGB4249|s__GGB4249_SGB5749|t__SGB5749",0,0,NA,FALSE,FALSE,FALSE,NA,"HMP1-2 taxonomy oral"
"k__Bacteria|p__Actinobacteria|c__Actinobacteria|o__Corynebacteriales|f__Mycobacteriaceae|g__Mycobacterium|s__Mycobacterium_grossiae|t__SGB15683",0,0,NA,FALSE,FALSE,FALSE,NA,"HMP1-2 taxonomy oral"
"k__Bacteria|p__Proteobacteria|c__Alphaproteobacteria|o__Rhizobiales|f__Methylobacteriaceae|g__Methylobacterium|s__Methylobacterium_brachiatum|t__SGB11381",1,0.000778816199376947,3.29999802000119e-06,FALSE,FALSE,FALSE,NA,"HMP1-2 taxonomy oral"
"k__Bacteria|p__Firmicutes|c__Clostridia|o__Clostridia_unclassified|f__Clostridia_unclassified|g__Clostridia_unclassified|s__Clostridia_bacterium|t__SGB6270",0,0,NA,FALSE,FALSE,FALSE,NA,"HMP1-2 taxonomy oral"
"k__Bacteria|p__Firmicutes|c__Bacilli|o__Bacilli_unclassified|f__Bacilli_unclassified|g__GGB4701|s__GGB4701_SGB6508|t__SGB6508",0,0,NA,FALSE,FALSE,FALSE,NA,"HMP1-2 taxonomy oral"
"k__Bacteria|p__Firmicutes|c__Bacilli|o__Bacilli_unclassified|f__Bacilli_unclassified|g__GGB4667|s__GGB4667_SGB6456|t__SGB6456",0,0,NA,FALSE,FALSE,FALSE,NA,"HMP1-2 taxonomy oral"
"k__Bacteria|p__Firmicutes|c__Bacilli|o__Bacilli_unclassified|f__Bacilli_unclassified|g__GGB4678|s__GGB4678_SGB6468|t__SGB6468",0,0,NA,FALSE,FALSE,FALSE,NA,"HMP1-2 taxonomy oral"
"k__Bacteria|p__Actinobacteria|c__Actinobacteria|o__Corynebacteriales|f__Corynebacteriaceae|g__Corynebacterium|s__Corynebacterium_striatum|t__SGB17121",0,0,NA,FALSE,FALSE,FALSE,NA,"HMP1-2 taxonomy oral"
"k__Bacteria|p__Firmicutes|c__Bacilli|o__Bacilli_unclassified|f__Bacilli_unclassified|g__Bacilli_unclassified|s__Bacilli_bacterium|t__SGB6494",0,0,NA,FALSE,FALSE,FALSE,NA,"HMP1-2 taxonomy oral"
"k__Bacteria|p__Firmicutes|c__Clostridia|o__Clostridia_unclassified|f__Clostridia_unclassified|g__GGB4608|s__GGB4608_SGB6382|t__SGB6382",0,0,NA,FALSE,FALSE,FALSE,NA,"HMP1-2 taxonomy oral"
"k__Bacteria|p__Firmicutes|c__Clostridia|o__Clostridia_unclassified|f__Clostridia_unclassified|g__Clostridia_unclassified|s__Clostridia_unclassified_SGB14016|t__SGB14016",0,0,NA,FALSE,FALSE,FALSE,NA,"HMP1-2 taxonomy oral"
"k__Bacteria|p__Firmicutes|c__Clostridia|o__Clostridia_unclassified|f__Clostridia_unclassified|g__Clostridia_unclassified|s__Clostridia_bacterium|t__SGB4143",0,0,NA,FALSE,FALSE,FALSE,NA,"HMP1-2 taxonomy oral"
"k__Bacteria|p__Firmicutes|c__Clostridia|o__Clostridia_unclassified|f__Clostridia_unclassified|g__Clostridia_unclassified|s__Clostridia_bacterium|t__SGB13984",0,0,NA,FALSE,FALSE,FALSE,NA,"HMP1-2 taxonomy oral"
"k__Bacteria|p__Firmicutes|c__Clostridia|o__Clostridia_unclassified|f__Clostridia_unclassified|g__Clostridia_unclassified|s__Clostridia_bacterium|t__SGB14011",0,0,NA,FALSE,FALSE,FALSE,NA,"HMP1-2 taxonomy oral"
"k__Bacteria|p__Firmicutes|c__Clostridia|o__Clostridia_unclassified|f__Clostridia_unclassified|g__GGB9540|s__GGB9540_SGB14943|t__SGB14943",0,0,NA,FALSE,FALSE,FALSE,NA,"HMP1-2 taxonomy oral"
"k__Bacteria|p__Firmicutes|c__Bacilli|o__Lactobacillales|f__Leuconostocaceae|g__Leuconostoc|s__Leuconostoc_lactis|t__SGB7121",0,0,NA,FALSE,FALSE,FALSE,NA,"HMP1-2 taxonomy oral"
"k__Bacteria|p__Firmicutes|c__Bacilli|o__Bacillales|f__Staphylococcaceae|g__Staphylococcus|s__Staphylococcus_pasteuri|t__SGB7855",1,0.000778816199376947,1.13999920200056e-05,FALSE,FALSE,FALSE,NA,"HMP1-2 taxonomy oral"
"k__Bacteria|p__Firmicutes|c__Bacilli|o__Bacilli_unclassified|f__Bacilli_unclassified|g__GGB4713|s__GGB4713_SGB6526|t__SGB6526",0,0,NA,FALSE,FALSE,FALSE,NA,"HMP1-2 taxonomy oral"
"k__Bacteria|p__Firmicutes|c__Clostridia|o__Clostridia_unclassified|f__Clostridia_unclassified|g__GGB9074|s__GGB9074_SGB13995|t__SGB13995",0,0,NA,FALSE,FALSE,FALSE,NA,"HMP1-2 taxonomy oral"
"k__Archaea|p__Candidatus_Thermoplasmatota|c__Thermoplasmata|o__Methanomassiliicoccales|f__Methanomassiliicoccaceae|g__Methanomassiliicoccaceae_unclassified|s__Methanomassiliicoccaceae_unclassified_SGB380|t__SGB380",0,0,NA,FALSE,FALSE,FALSE,NA,"HMP1-2 taxonomy oral"
"k__Bacteria|p__Firmicutes|c__Negativicutes|o__Veillonellales|f__Veillonellaceae|g__Dialister|s__Dialister_SGB5817|t__SGB5817",0,0,NA,FALSE,FALSE,FALSE,NA,"HMP1-2 taxonomy oral"
"k__Bacteria|p__Bacteroidetes|c__Bacteroidia|o__Bacteroidales|f__Bacteroidales_unclassified|g__Bacteroidales_unclassified|s__Bacteroidales_bacterium|t__SGB2021",0,0,NA,FALSE,FALSE,FALSE,NA,"HMP1-2 taxonomy oral"
"k__Bacteria|p__Firmicutes|c__Bacilli|o__Bacilli_unclassified|f__Bacilli_unclassified|g__GGB4687|s__GGB4687_SGB6484|t__SGB6484",0,0,NA,FALSE,FALSE,FALSE,NA,"HMP1-2 taxonomy oral"
"k__Bacteria|p__Lentisphaerae|c__Lentisphaeria|o__Lentisphaeria_unclassified|f__Lentisphaeria_unclassified|g__GGB6522|s__GGB6522_SGB9214|t__SGB9214",0,0,NA,FALSE,FALSE,FALSE,NA,"HMP1-2 taxonomy oral"
"k__Bacteria|p__Lentisphaerae|c__Lentisphaeria|o__Lentisphaeria_unclassified|f__Lentisphaeria_unclassified|g__Lentisphaeria_unclassified|s__Lentisphaeria_bacterium|t__SGB9153",0,0,NA,FALSE,FALSE,FALSE,NA,"HMP1-2 taxonomy oral"
"k__Bacteria|p__Lentisphaerae|c__Lentisphaeria|o__Lentisphaeria_unclassified|f__Lentisphaeria_unclassified|g__Lentisphaeria_unclassified|s__Lentisphaeria_bacterium|t__SGB9192",0,0,NA,FALSE,FALSE,FALSE,NA,"HMP1-2 taxonomy oral"
"k__Bacteria|p__Proteobacteria|c__Betaproteobacteria|o__Burkholderiales|f__Sutterellaceae|g__Sutterella|s__Sutterella_sp_AM11_39|t__SGB9280",0,0,NA,FALSE,FALSE,FALSE,NA,"HMP1-2 taxonomy oral"
"k__Archaea|p__Candidatus_Thermoplasmatota|c__Thermoplasmata|o__Methanomassiliicoccales|f__Methanomassiliicoccaceae|g__GGB260|s__GGB260_SGB362|t__SGB362",0,0,NA,FALSE,FALSE,FALSE,NA,"HMP1-2 taxonomy oral"
"k__Bacteria|p__Firmicutes|c__Clostridia|o__Clostridia_unclassified|f__Clostridia_unclassified|g__Clostridia_unclassified|s__Clostridia_bacterium|t__SGB14291",0,0,NA,FALSE,FALSE,FALSE,NA,"HMP1-2 taxonomy oral"
"k__Bacteria|p__Synergistetes|c__Synergistia|o__Synergistales|f__Synergistaceae|g__Pyramidobacter|s__Pyramidobacter_sp_C12_8|t__SGB15498",0,0,NA,FALSE,FALSE,FALSE,NA,"HMP1-2 taxonomy oral"
"k__Bacteria|p__Firmicutes|c__Clostridia|o__Clostridia_unclassified|f__Clostridia_unclassified|g__Clostridia_unclassified|s__Clostridia_bacterium|t__SGB14949",0,0,NA,FALSE,FALSE,FALSE,NA,"HMP1-2 taxonomy oral"
"k__Bacteria|p__Bacteroidetes|c__Bacteroidia|o__Bacteroidales|f__Rikenellaceae|g__Millionella|s__Millionella_massiliensis|t__SGB27758",0,0,NA,FALSE,FALSE,FALSE,NA,"HMP1-2 taxonomy oral"
"k__Bacteria|p__Firmicutes|c__Clostridia|o__Clostridiales|f__Ruminococcaceae|g__Gemmiger|s__Gemmiger_sp_An50|t__SGB15282",0,0,NA,FALSE,FALSE,FALSE,NA,"HMP1-2 taxonomy oral"
"k__Bacteria|p__Actinobacteria|c__Actinobacteria|o__Corynebacteriales|f__Corynebacteriaceae|g__Corynebacterium|s__Corynebacterium_mucifaciens|t__SGB17064",0,0,NA,FALSE,FALSE,FALSE,NA,"HMP1-2 taxonomy oral"
"k__Bacteria|p__Actinobacteria|c__Actinobacteria|o__Corynebacteriales|f__Corynebacteriaceae|g__Corynebacterium|s__Corynebacterium_aurimucosum|t__SGB17109",0,0,NA,FALSE,FALSE,FALSE,NA,"HMP1-2 taxonomy oral"
"k__Bacteria|p__Firmicutes|c__Bacilli|o__Lactobacillales|f__Lactobacillaceae|g__Latilactobacillus|s__Latilactobacillus_sakei|t__SGB7248",0,0,NA,FALSE,FALSE,FALSE,NA,"HMP1-2 taxonomy oral"
"k__Bacteria|p__Bacteroidetes|c__Bacteroidia|o__Bacteroidales|f__Porphyromonadaceae|g__Porphyromonas|s__Porphyromonas_crevioricanis|t__SGB2062",0,0,NA,FALSE,FALSE,FALSE,NA,"HMP1-2 taxonomy oral"
"k__Bacteria|p__Bacteroidetes|c__Bacteroidia|o__Bacteroidales|f__Prevotellaceae|g__Alloprevotella|s__Alloprevotella_sp_OH1205_COT_284|t__SGB27854",0,0,NA,FALSE,FALSE,FALSE,NA,"HMP1-2 taxonomy oral"
"k__Bacteria|p__Actinobacteria|c__Actinobacteria|o__Corynebacteriales|f__Corynebacteriaceae|g__Corynebacterium|s__Corynebacterium_canis|t__SGB86814",0,0,NA,FALSE,FALSE,FALSE,NA,"HMP1-2 taxonomy oral"
"k__Bacteria|p__Actinobacteria|c__Actinobacteria|o__Corynebacteriales|f__Mycobacteriaceae|g__Mycolicibacterium|s__Mycolicibacterium_mucogenicum|t__SGB15716",0,0,NA,FALSE,FALSE,FALSE,NA,"HMP1-2 taxonomy oral"
"k__Bacteria|p__Proteobacteria|c__Alphaproteobacteria|o__Sphingomonadales|f__Sphingomonadaceae|g__Sphingomonas|s__Sphingomonas_dokdonensis|t__SGB11645",0,0,NA,FALSE,FALSE,FALSE,NA,"HMP1-2 taxonomy oral"
"k__Bacteria|p__Proteobacteria|c__Alphaproteobacteria|o__Sphingomonadales|f__Sphingomonadaceae|g__Sphingomonas|s__Sphingomonas_sp_CCH5_D11|t__SGB11646",1,0.000778816199376947,0.0010902,FALSE,TRUE,FALSE,NA,"HMP1-2 taxonomy oral"
"k__Bacteria|p__Bacteroidetes|c__Flavobacteriia|o__Flavobacteriales|f__Weeksellaceae|g__Empedobacter|s__Empedobacter_falsenii|t__SGB3056",0,0,NA,FALSE,FALSE,FALSE,NA,"HMP1-2 taxonomy oral"
"k__Bacteria|p__Firmicutes|c__Bacilli|o__Bacillales|f__Staphylococcaceae|g__Nosocomiicoccus|s__Nosocomiicoccus_ampullae|t__SGB82656",0,0,NA,FALSE,FALSE,FALSE,NA,"HMP1-2 taxonomy oral"
"k__Bacteria|p__Actinobacteria|c__Actinobacteria|o__Corynebacteriales|f__Corynebacteriaceae|g__Corynebacterium|s__Corynebacterium_urealyticum|t__SGB17041",0,0,NA,FALSE,FALSE,FALSE,NA,"HMP1-2 taxonomy oral"
"k__Bacteria|p__Proteobacteria|c__Alphaproteobacteria|o__Rhodobacterales|f__Rhodobacteraceae|g__Paracoccus|s__Paracoccus_yeei|t__SGB10717",0,0,NA,FALSE,FALSE,FALSE,NA,"HMP1-2 taxonomy oral"
"k__Bacteria|p__Firmicutes|c__Clostridia|o__Clostridiales|f__Lachnospiraceae|g__Lachnospiraceae_unclassified|s__Lachnospiraceae_bacterium|t__SGB4754",0,0,NA,FALSE,FALSE,FALSE,NA,"HMP1-2 taxonomy oral"
"k__Bacteria|p__Bacteroidetes|c__Bacteroidia|o__Bacteroidales|f__Muribaculaceae|g__GGB24127|s__GGB24127_SGB35930|t__SGB35930",0,0,NA,FALSE,FALSE,FALSE,NA,"HMP1-2 taxonomy oral"
"k__Bacteria|p__Firmicutes|c__Clostridia|o__Clostridia_unclassified|f__Clostridia_unclassified|g__Candidatus_Heritagella|s__Candidatus_Heritagella_intestinalis|t__SGB63346",0,0,NA,FALSE,FALSE,FALSE,NA,"HMP1-2 taxonomy oral"
"k__Bacteria|p__Actinobacteria|c__Coriobacteriia|o__Eggerthellales|f__Eggerthellaceae|g__Paraeggerthella|s__Paraeggerthella_hongkongensis|t__SGB33559",0,0,NA,FALSE,FALSE,FALSE,NA,"HMP1-2 taxonomy oral"
"k__Bacteria|p__Bacteroidetes|c__Bacteroidia|o__Bacteroidales|f__Dysgonomonadaceae|g__Dysgonomonas|s__Dysgonomonas_gadei|t__SGB1774",0,0,NA,FALSE,FALSE,FALSE,NA,"HMP1-2 taxonomy oral"
"k__Bacteria|p__Firmicutes|c__Clostridia|o__Clostridiales|f__Lachnospiraceae|g__Lachnospiraceae_unclassified|s__Lachnospiraceae_unclassified_SGB4550|t__SGB4550",0,0,NA,FALSE,FALSE,FALSE,NA,"HMP1-2 taxonomy oral"
"k__Bacteria|p__Firmicutes|c__Bacilli|o__Lactobacillales|f__Leuconostocaceae|g__Weissella|s__Weissella_confusa|t__SGB7115",0,0,NA,FALSE,FALSE,FALSE,NA,"HMP1-2 taxonomy oral"
"k__Bacteria|p__Firmicutes|c__Clostridia|o__Clostridia_unclassified|f__Clostridia_unclassified|g__Candidatus_Gallimonas|s__Candidatus_Gallimonas_caecicola|t__SGB14041",0,0,NA,FALSE,FALSE,FALSE,NA,"HMP1-2 taxonomy oral"
"k__Bacteria|p__Firmicutes|c__Clostridia|o__Clostridiales|f__Ruminococcaceae|g__GGB9742|s__GGB9742_SGB15348|t__SGB15348",0,0,NA,FALSE,FALSE,FALSE,NA,"HMP1-2 taxonomy oral"
"k__Bacteria|p__Proteobacteria|c__Betaproteobacteria|o__Neisseriales|f__Neisseriaceae|g__Kingella|s__Kingella_negevensis|t__SGB9476",6,0.00467289719626168,0.0100471332665884,FALSE,TRUE,FALSE,NA,"HMP1-2 taxonomy oral"
"k__Bacteria|p__Firmicutes|c__Clostridia|o__Clostridiales|f__Ruminococcaceae|g__Candidatus_Soleaferrea|s__Candidatus_Soleaferrea_massiliensis|t__SGB29379",0,0,NA,FALSE,FALSE,FALSE,NA,"HMP1-2 taxonomy oral"
"k__Bacteria|p__Firmicutes|c__Clostridia|o__Clostridia_unclassified|f__Clostridia_unclassified|g__GGB4590|s__GGB4590_SGB6349|t__SGB6349",0,0,NA,FALSE,FALSE,FALSE,NA,"HMP1-2 taxonomy oral"
"k__Bacteria|p__Chloroflexi|c__Chloroflexia|o__Chloroflexales|f__Roseiflexaceae|g__Roseiflexus|s__Roseiflexus_sp_RS_1|t__SGB17336",1,0.000778816199376947,0.0334006,FALSE,TRUE,FALSE,NA,"HMP1-2 taxonomy oral"
"k__Bacteria|p__Cyanobacteria|c__Cyanobacteria_unclassified|o__Synechococcales|f__Synechococcaceae|g__Synechococcus|s__Synechococcus_sp_JA_2_3B_a_2_13|t__SGB13383",1,0.000778816199376947,0.0276697,FALSE,TRUE,FALSE,NA,"HMP1-2 taxonomy oral"
"k__Bacteria|p__Firmicutes|c__CFGB53340|o__OFGB53340|f__FGB53340|g__GGB55179|s__GGB55179_SGB76443|t__SGB76443",1,0.000778816199376947,0.0252558,FALSE,TRUE,FALSE,NA,"HMP1-2 taxonomy oral"
"k__Bacteria|p__Cyanobacteria|c__CFGB2413|o__OFGB2413|f__FGB2413|g__GGB43425|s__GGB43425_SGB60738|t__SGB60738",1,0.000778816199376947,0.0037304,FALSE,TRUE,FALSE,NA,"HMP1-2 taxonomy oral"
"k__Bacteria|p__Cyanobacteria|c__Cyanobacteria_unclassified|o__Synechococcales|f__Synechococcaceae|g__Synechococcus|s__Synechococcus_sp_60AY4M2|t__SGB13382",1,0.000778816199376947,0.0004216,FALSE,TRUE,FALSE,NA,"HMP1-2 taxonomy oral"
"k__Bacteria|p__Acidobacteria|c__Blastocatellia|o__Blastocatellia_unclassified|f__Blastocatellia_unclassified|g__Chloracidobacterium|s__Chloracidobacterium_SGB76761|t__SGB76761",1,0.000778816199376947,0.0004128,FALSE,TRUE,FALSE,NA,"HMP1-2 taxonomy oral"
"k__Bacteria|p__Firmicutes|c__Clostridia|o__Clostridia_unclassified|f__Clostridia_unclassified|g__Clostridia_unclassified|s__Clostridia_bacterium|t__SGB6301",0,0,NA,FALSE,FALSE,FALSE,NA,"HMP1-2 taxonomy oral"
"k__Bacteria|p__Actinobacteria|c__Actinobacteria|o__Corynebacteriales|f__Dietziaceae|g__Dietzia|s__Dietzia_cercidiphylli|t__SGB86977",0,0,NA,FALSE,FALSE,FALSE,NA,"HMP1-2 taxonomy oral"
"k__Bacteria|p__Actinobacteria|c__Actinobacteria|o__Corynebacteriales|f__Dietziaceae|g__Dietzia|s__Dietzia_kunjamensis|t__SGB15765",0,0,NA,FALSE,FALSE,FALSE,NA,"HMP1-2 taxonomy oral"
"k__Bacteria|p__Actinobacteria|c__Actinobacteria|o__Corynebacteriales|f__Mycobacteriaceae|g__Mycolicibacterium|s__Mycolicibacterium_neoaurum|t__SGB15710",0,0,NA,FALSE,FALSE,FALSE,NA,"HMP1-2 taxonomy oral"
"k__Bacteria|p__Actinobacteria|c__Actinobacteria|o__Corynebacteriales|f__Nocardiaceae|g__Rhodococcus|s__Rhodococcus_kroppenstedtii|t__SGB15803",0,0,NA,FALSE,FALSE,FALSE,NA,"HMP1-2 taxonomy oral"
"k__Bacteria|p__Proteobacteria|c__Alphaproteobacteria|o__Rhodospirillales|f__Rhodospirillaceae|g__Skermanella|s__Skermanella_aerolata|t__SGB11248",0,0,NA,FALSE,FALSE,FALSE,NA,"HMP1-2 taxonomy oral"
"k__Bacteria|p__Actinobacteria|c__Actinobacteria|o__Corynebacteriales|f__Nocardiaceae|g__Rhodococcus|s__Rhodococcus_fascians|t__SGB15814",0,0,NA,FALSE,FALSE,FALSE,NA,"HMP1-2 taxonomy oral"
"k__Bacteria|p__Proteobacteria|c__Gammaproteobacteria|o__Pseudomonadales|f__Pseudomonadaceae|g__Pseudomonas|s__Pseudomonas_helleri|t__SGB12098",0,0,NA,FALSE,FALSE,FALSE,NA,"HMP1-2 taxonomy oral"
"k__Bacteria|p__Proteobacteria|c__Gammaproteobacteria|o__Pseudomonadales|f__Pseudomonadaceae|g__Pseudomonas|s__Pseudomonas_taetrolens|t__SGB12103",0,0,NA,FALSE,FALSE,FALSE,NA,"HMP1-2 taxonomy oral"
"k__Bacteria|p__Firmicutes|c__Clostridia|o__Clostridiales|f__Lachnospiraceae|g__Roseburia|s__Roseburia_sp_MUC_MUC_530_WT_4D|t__SGB66053",0,0,NA,FALSE,FALSE,FALSE,NA,"HMP1-2 taxonomy oral"
"k__Bacteria|p__Firmicutes|c__Clostridia|o__Clostridia_unclassified|f__Clostridia_unclassified|g__Clostridia_unclassified|s__Clostridia_bacterium|t__SGB14242",0,0,NA,FALSE,FALSE,FALSE,NA,"HMP1-2 taxonomy oral"
"k__Bacteria|p__Firmicutes|c__Clostridia|o__Clostridia_unclassified|f__Clostridia_unclassified|g__Clostridia_unclassified|s__Clostridia_bacterium|t__SGB14023",0,0,NA,FALSE,FALSE,FALSE,NA,"HMP1-2 taxonomy oral"
"k__Bacteria|p__Firmicutes|c__Clostridia|o__Clostridia_unclassified|f__Clostridia_unclassified|g__Clostridia_unclassified|s__Clostridia_unclassified_SGB14297|t__SGB14297",0,0,NA,FALSE,FALSE,FALSE,NA,"HMP1-2 taxonomy oral"
"k__Bacteria|p__Proteobacteria|c__Gammaproteobacteria|o__Enterobacterales|f__Enterobacteriaceae|g__Klebsiella|s__Klebsiella_oxytoca|t__SGB10118",0,0,NA,FALSE,FALSE,FALSE,NA,"HMP1-2 taxonomy oral"
"k__Bacteria|p__Proteobacteria|c__Gammaproteobacteria|o__Enterobacterales|f__Enterobacteriaceae|g__Klebsiella|s__Klebsiella_grimontii|t__SGB10120",0,0,NA,FALSE,FALSE,FALSE,NA,"HMP1-2 taxonomy oral"
"k__Bacteria|p__Actinobacteria|c__Actinobacteria|o__Corynebacteriales|f__Corynebacteriaceae|g__Corynebacterium|s__Corynebacterium_jeikeium|t__SGB17045",0,0,NA,FALSE,FALSE,FALSE,NA,"HMP1-2 taxonomy oral"
"k__Bacteria|p__Actinobacteria|c__Actinobacteria|o__Corynebacteriales|f__Corynebacteriaceae|g__Corynebacterium|s__Corynebacterium_simulans|t__SGB17120",0,0,NA,FALSE,FALSE,FALSE,NA,"HMP1-2 taxonomy oral"
"k__Bacteria|p__Proteobacteria|c__Alphaproteobacteria|o__Rhizobiales|f__Phyllobacteriaceae|g__Mesorhizobium|s__Mesorhizobium_amorphae|t__SGB32228",9,0.00700934579439252,8.46444306144486e-05,FALSE,FALSE,FALSE,NA,"HMP1-2 taxonomy oral"
"k__Bacteria|p__Proteobacteria|c__Alphaproteobacteria|o__Sphingomonadales|f__Sphingomonadaceae|g__Sphingomonas|s__Sphingomonas_leidyi|t__SGB24634",8,0.00623052959501558,3.33374953800019e-05,FALSE,FALSE,FALSE,NA,"HMP1-2 taxonomy oral"
"k__Bacteria|p__Bacteroidetes|c__Bacteroidia|o__Bacteroidales|f__Prevotellaceae|g__Prevotella|s__Prevotella_lascolaii|t__SGB1585",0,0,NA,FALSE,FALSE,FALSE,NA,"HMP1-2 taxonomy oral"
"k__Bacteria|p__Bacteria_unclassified|c__Bacteria_unclassified|o__Bacteria_unclassified|f__Bacteria_unclassified|g__Bacteria_unclassified|s__bacterium_J10_2018|t__SGB27771",0,0,NA,FALSE,FALSE,FALSE,NA,"HMP1-2 taxonomy oral"
"k__Bacteria|p__Candidatus_Melainabacteria|c__Candidatus_Melainabacteria_unclassified|o__Candidatus_Gastranaerophilales|f__Candidatus_Gastranaerophilales_unclassified|g__Candidatus_Gastranaerophilales_unclassified|s__Candidatus_Gastranaerophilales_unclassified_SGB8631|t__SGB8631",0,0,NA,FALSE,FALSE,FALSE,NA,"HMP1-2 taxonomy oral"
"k__Bacteria|p__Bacteroidetes|c__Bacteroidia|o__Bacteroidales|f__Bacteroidales_unclassified|g__Bacteroidales_unclassified|s__Bacteroidales_bacterium|t__SGB58508",0,0,NA,FALSE,FALSE,FALSE,NA,"HMP1-2 taxonomy oral"
"k__Bacteria|p__Bacteroidetes|c__Bacteroidia|o__Bacteroidales|f__Muribaculaceae|g__Muribaculaceae_unclassified|s__Muribaculaceae_bacterium|t__SGB35903",0,0,NA,FALSE,FALSE,FALSE,NA,"HMP1-2 taxonomy oral"
"k__Bacteria|p__Bacteroidetes|c__Bacteroidia|o__Bacteroidales|f__Bacteroidales_unclassified|g__GGB27873|s__GGB27873_SGB40307|t__SGB40307",0,0,NA,FALSE,FALSE,FALSE,NA,"HMP1-2 taxonomy oral"
"k__Bacteria|p__Firmicutes|c__Clostridia|o__Clostridia_unclassified|f__Clostridia_unclassified|g__Clostridia_unclassified|s__Clostridia_bacterium|t__SGB14301",0,0,NA,FALSE,FALSE,FALSE,NA,"HMP1-2 taxonomy oral"
"k__Bacteria|p__Firmicutes|c__Clostridia|o__Clostridiales|f__Ruminococcaceae|g__Fournierella|s__Fournierella_massiliensis|t__SGB15280",0,0,NA,FALSE,FALSE,FALSE,NA,"HMP1-2 taxonomy oral"
"k__Bacteria|p__Firmicutes|c__Clostridia|o__Clostridiales|f__Lachnospiraceae|g__Lachnospiraceae_unclassified|s__Lachnospiraceae_unclassified_SGB66069|t__SGB66069",0,0,NA,FALSE,FALSE,FALSE,NA,"HMP1-2 taxonomy oral"
"k__Bacteria|p__Proteobacteria|c__Gammaproteobacteria|o__Pseudomonadales|f__Pseudomonadaceae|g__Pseudomonas|s__Pseudomonas_agarici|t__SGB12111",0,0,NA,FALSE,FALSE,FALSE,NA,"HMP1-2 taxonomy oral"
"k__Bacteria|p__Firmicutes|c__Clostridia|o__Clostridiales|f__Clostridiaceae|g__Clostridium|s__Clostridium_thermobutyricum|t__SGB6193",0,0,NA,FALSE,FALSE,FALSE,NA,"HMP1-2 taxonomy oral"
"k__Bacteria|p__Firmicutes|c__Clostridia|o__Clostridia_unclassified|f__Clostridia_unclassified|g__Clostridia_unclassified|s__Clostridia_bacterium|t__SGB47453",0,0,NA,FALSE,FALSE,FALSE,NA,"HMP1-2 taxonomy oral"
"k__Bacteria|p__Firmicutes|c__CFGB2829|o__OFGB2829|f__FGB2829|g__GGB9045|s__GGB9045_SGB13947|t__SGB13947",0,0,NA,FALSE,FALSE,FALSE,NA,"HMP1-2 taxonomy oral"
"k__Bacteria|p__Actinobacteria|c__Actinobacteria|o__Bifidobacteriales|f__Bifidobacteriaceae|g__Gardnerella|s__Gardnerella_vaginalis|t__SGB17310",1,0.000778816199376947,3.4e-06,FALSE,FALSE,FALSE,NA,"HMP1-2 taxonomy oral"
"k__Bacteria|p__Actinobacteria|c__Actinobacteria|o__Bifidobacteriales|f__Bifidobacteriaceae|g__Gardnerella|s__Gardnerella_vaginalis|t__SGB17308",0,0,NA,FALSE,FALSE,FALSE,NA,"HMP1-2 taxonomy oral"
"k__Bacteria|p__Firmicutes|c__Clostridia|o__Clostridia_unclassified|f__Clostridia_unclassified|g__GGB29685|s__GGB29685_SGB42494|t__SGB42494",0,0,NA,FALSE,FALSE,FALSE,NA,"HMP1-2 taxonomy oral"
"k__Bacteria|p__Firmicutes|c__Clostridia|o__Clostridiales|f__Clostridiaceae|g__Clostridium|s__Clostridium_sp_AF32_12BH|t__SGB4710",0,0,NA,FALSE,FALSE,FALSE,NA,"HMP1-2 taxonomy oral"
"k__Bacteria|p__Firmicutes|c__Bacilli|o__Bacilli_unclassified|f__Bacilli_unclassified|g__Bacilli_unclassified|s__Bacilli_bacterium|t__SGB6492",0,0,NA,FALSE,FALSE,FALSE,NA,"HMP1-2 taxonomy oral"
"k__Bacteria|p__Firmicutes|c__Bacilli|o__Lactobacillales|f__Streptococcaceae|g__Lactococcus|s__Lactococcus_piscium|t__SGB7987",1,0.000778816199376947,4.46000401400361e-05,FALSE,FALSE,FALSE,NA,"HMP1-2 taxonomy oral"
"k__Bacteria|p__Candidatus_Melainabacteria|c__Candidatus_Melainabacteria_unclassified|o__Candidatus_Gastranaerophilales|f__Candidatus_Gastranaerophilales_unclassified|g__Candidatus_Gastranaerophilales_unclassified|s__Candidatus_Gastranaerophilales_bacterium|t__SGB8589",0,0,NA,FALSE,FALSE,FALSE,NA,"HMP1-2 taxonomy oral"
"k__Bacteria|p__Firmicutes|c__CFGB1799|o__OFGB1799|f__FGB1799|g__GGB4770|s__GGB4770_SGB6604|t__SGB6604",0,0,NA,FALSE,FALSE,FALSE,NA,"HMP1-2 taxonomy oral"
"k__Bacteria|p__Firmicutes|c__Clostridia|o__Clostridia_unclassified|f__Clostridia_unclassified|g__Clostridia_unclassified|s__Clostridia_bacterium|t__SGB4110",0,0,NA,FALSE,FALSE,FALSE,NA,"HMP1-2 taxonomy oral"
"k__Bacteria|p__Firmicutes|c__Clostridia|o__Clostridiales|f__Lachnospiraceae|g__GGB3636|s__GGB3636_SGB4929|t__SGB4929",0,0,NA,FALSE,FALSE,FALSE,NA,"HMP1-2 taxonomy oral"
"k__Bacteria|p__Firmicutes|c__Clostridia|o__Clostridia_unclassified|f__Clostridia_unclassified|g__Clostridia_unclassified|s__Clostridia_bacterium|t__SGB15406",0,0,NA,FALSE,FALSE,FALSE,NA,"HMP1-2 taxonomy oral"
"k__Bacteria|p__Actinobacteria|c__Coriobacteriia|o__Coriobacteriales|f__Coriobacteriaceae|g__Collinsella|s__Collinsella_SGB14747|t__SGB14747",0,0,NA,FALSE,FALSE,FALSE,NA,"HMP1-2 taxonomy oral"
"k__Bacteria|p__Actinobacteria|c__Coriobacteriia|o__Eggerthellales|f__Eggerthellaceae|g__Gordonibacter|s__Gordonibacter_massiliensis|t__SGB33566",0,0,NA,FALSE,FALSE,FALSE,NA,"HMP1-2 taxonomy oral"
"k__Bacteria|p__Firmicutes|c__Clostridia|o__Clostridiales|f__Lachnospiraceae|g__Lachnospiraceae_unclassified|s__Lachnospiraceae_bacterium|t__SGB4995",0,0,NA,FALSE,FALSE,FALSE,NA,"HMP1-2 taxonomy oral"
"k__Bacteria|p__Firmicutes|c__Clostridia|o__Clostridiales|f__Lachnospiraceae|g__Lachnospiraceae_unclassified|s__Lachnospiraceae_bacterium|t__SGB4596",0,0,NA,FALSE,FALSE,FALSE,NA,"HMP1-2 taxonomy oral"
"k__Bacteria|p__Tenericutes|c__Mollicutes|o__Mycoplasmatales|f__Mycoplasmataceae|g__Mycoplasma|s__Mycoplasma_amphoriforme|t__SGB58372",1,0.000778816199376947,2.00000040000008e-07,FALSE,FALSE,FALSE,NA,"HMP1-2 taxonomy oral"
"k__Bacteria|p__Firmicutes|c__Bacilli|o__Bacilli_unclassified|f__Bacilli_unclassified|g__Bacilli_unclassified|s__Bacilli_bacterium|t__SGB6517",0,0,NA,FALSE,FALSE,FALSE,NA,"HMP1-2 taxonomy oral"
"k__Bacteria|p__Proteobacteria|c__CFGB1062|o__OFGB1062|f__FGB1062|g__GGB2732|s__GGB2732_SGB58358|t__SGB58358",0,0,NA,FALSE,FALSE,FALSE,NA,"HMP1-2 taxonomy oral"
"k__Bacteria|p__Firmicutes|c__Clostridia|o__Clostridia_unclassified|f__Clostridia_unclassified|g__Clostridia_unclassified|s__Clostridia_bacterium|t__SGB4329",0,0,NA,FALSE,FALSE,FALSE,NA,"HMP1-2 taxonomy oral"
"k__Bacteria|p__Bacteroidetes|c__Flavobacteriia|o__Flavobacteriales|f__Weeksellaceae|g__Planobacterium|s__Chryseobacterium_taklimakanense|t__SGB2643",0,0,NA,FALSE,FALSE,FALSE,NA,"HMP1-2 taxonomy oral"
"k__Bacteria|p__Proteobacteria|c__Gammaproteobacteria|o__Pseudomonadales|f__Moraxellaceae|g__Acinetobacter|s__Acinetobacter_indicus|t__SGB10410",0,0,NA,FALSE,FALSE,FALSE,NA,"HMP1-2 taxonomy oral"
"k__Bacteria|p__Bacteroidetes|c__Sphingobacteriia|o__Sphingobacteriales|f__Sphingobacteriaceae|g__Sphingobacterium|s__Sphingobacterium_sp_DN04309|t__SGB78603",0,0,NA,FALSE,FALSE,FALSE,NA,"HMP1-2 taxonomy oral"
"k__Bacteria|p__Proteobacteria|c__Gammaproteobacteria|o__Alteromonadales|f__Alteromonadaceae|g__Alishewanella|s__Alishewanella_agri|t__SGB9784",0,0,NA,FALSE,FALSE,FALSE,NA,"HMP1-2 taxonomy oral"
"k__Bacteria|p__Firmicutes|c__Clostridia|o__Clostridiales|f__Clostridiaceae|g__GGB9580|s__GGB9580_SGB14996|t__SGB14996",0,0,NA,FALSE,FALSE,FALSE,NA,"HMP1-2 taxonomy oral"
"k__Bacteria|p__Firmicutes|c__Clostridia|o__Clostridia_unclassified|f__Clostridia_unclassified|g__Clostridia_unclassified|s__Clostridia_bacterium|t__SGB4145",0,0,NA,FALSE,FALSE,FALSE,NA,"HMP1-2 taxonomy oral"
"k__Bacteria|p__Proteobacteria|c__Gammaproteobacteria|o__Pseudomonadales|f__Pseudomonadaceae|g__Pseudomonas|s__Pseudomonas_thermotolerans|t__SGB33286",0,0,NA,FALSE,FALSE,FALSE,NA,"HMP1-2 taxonomy oral"
"k__Bacteria|p__Proteobacteria|c__Betaproteobacteria|o__Neisseriales|f__Chromobacteriaceae|g__Gulbenkiania|s__Gulbenkiania_indica|t__SGB22519",0,0,NA,FALSE,FALSE,FALSE,NA,"HMP1-2 taxonomy oral"
"k__Bacteria|p__Proteobacteria|c__Betaproteobacteria|o__Rhodocyclales|f__Zoogloeaceae|g__Thauera|s__Thauera_hydrothermalis|t__SGB12606",0,0,NA,FALSE,FALSE,FALSE,NA,"HMP1-2 taxonomy oral"
"k__Bacteria|p__Proteobacteria|c__Gammaproteobacteria|o__Pseudomonadales|f__Pseudomonadaceae|g__Pseudomonas|s__Pseudomonas_yamanorum|t__SGB89072",0,0,NA,FALSE,FALSE,FALSE,NA,"HMP1-2 taxonomy oral"
"k__Bacteria|p__Proteobacteria|c__Alphaproteobacteria|o__Sphingomonadales|f__Sphingomonadaceae|g__Sphingomonas|s__Sphingomonas_zeae|t__SGB90167",0,0,NA,FALSE,FALSE,FALSE,NA,"HMP1-2 taxonomy oral"
"k__Bacteria|p__Proteobacteria|c__Gammaproteobacteria|o__Enterobacterales|f__Erwiniaceae|g__Buchnera|s__Buchnera_aphidicola|t__SGB50669",0,0,NA,FALSE,FALSE,FALSE,NA,"HMP1-2 taxonomy oral"
"k__Bacteria|p__Proteobacteria|c__Alphaproteobacteria|o__Rhodospirillales|f__Acetobacteraceae|g__Roseomonas|s__Roseomonas_mucosa|t__SGB11236",0,0,NA,FALSE,FALSE,FALSE,NA,"HMP1-2 taxonomy oral"
"k__Bacteria|p__Firmicutes|c__Bacilli|o__Bacillales|f__Staphylococcaceae|g__Staphylococcus|s__Staphylococcus_arlettae|t__SGB7838",0,0,NA,FALSE,FALSE,FALSE,NA,"HMP1-2 taxonomy oral"
"k__Bacteria|p__Firmicutes|c__Clostridia|o__Clostridia_unclassified|f__Clostridia_unclassified|g__Clostridia_unclassified|s__Clostridia_bacterium|t__SGB14229",0,0,NA,FALSE,FALSE,FALSE,NA,"HMP1-2 taxonomy oral"
"k__Bacteria|p__Actinobacteria|c__CFGB25442|o__OFGB25442|f__FGB25442|g__GGB51960|s__GGB51960_SGB72480|t__SGB72480",0,0,NA,FALSE,FALSE,FALSE,NA,"HMP1-2 taxonomy oral"
"k__Bacteria|p__Actinobacteria|c__Actinobacteria|o__Micrococcales|f__Intrasporangiaceae|g__Janibacter|s__Janibacter_indicus|t__SGB16017",0,0,NA,FALSE,FALSE,FALSE,NA,"HMP1-2 taxonomy oral"
"k__Bacteria|p__Actinobacteria|c__Actinobacteria|o__Micrococcales|f__Intrasporangiaceae|g__Janibacter|s__Janibacter_hoylei|t__SGB16018",0,0,NA,FALSE,FALSE,FALSE,NA,"HMP1-2 taxonomy oral"
"k__Bacteria|p__Proteobacteria|c__Alphaproteobacteria|o__Rhodospirillales|f__Acetobacteraceae|g__Gluconobacter|s__Gluconobacter_sp_Gdi|t__SGB69210",0,0,NA,FALSE,FALSE,FALSE,NA,"HMP1-2 taxonomy oral"
"k__Bacteria|p__Proteobacteria|c__Gammaproteobacteria|o__Enterobacterales|f__Yersiniaceae|g__Rahnella|s__Rahnella_aquatilis|t__SGB10239",0,0,NA,FALSE,FALSE,FALSE,NA,"HMP1-2 taxonomy oral"
"k__Bacteria|p__Firmicutes|c__Clostridia|o__Clostridiales|f__Lachnospiraceae|g__Blautia|s__Blautia_sp_An81|t__SGB4800",0,0,NA,FALSE,FALSE,FALSE,NA,"HMP1-2 taxonomy oral"
"k__Bacteria|p__Firmicutes|c__Clostridia|o__Clostridia_unclassified|f__Clostridia_unclassified|g__Candidatus_Howiella|s__Candidatus_Howiella_intestinavium|t__SGB63345",0,0,NA,FALSE,FALSE,FALSE,NA,"HMP1-2 taxonomy oral"
"k__Bacteria|p__Proteobacteria|c__Alphaproteobacteria|o__Alphaproteobacteria_unclassified|f__Alphaproteobacteria_unclassified|g__Alphaproteobacteria_unclassified|s__Alphaproteobacteria_bacterium|t__SGB57596",3,0.00233644859813084,0.000187566699370008,FALSE,TRUE,FALSE,NA,"HMP1-2 taxonomy oral"
"k__Bacteria|p__Firmicutes|c__Bacilli|o__Bacilli_unclassified|f__Bacilli_unclassified|g__Bacilli_unclassified|s__Bacilli_bacterium|t__SGB6566",3,0.00233644859813084,0.000106700017876671,FALSE,TRUE,FALSE,NA,"HMP1-2 taxonomy oral"
"k__Bacteria|p__Firmicutes|c__Clostridia|o__Clostridia_unclassified|f__Clostridia_unclassified|g__GGB4609|s__GGB4609_SGB6383|t__SGB6383",0,0,NA,FALSE,FALSE,FALSE,NA,"HMP1-2 taxonomy oral"
"k__Bacteria|p__Actinobacteria|c__Actinobacteria|o__Actinomycetales|f__Actinomycetaceae|g__Neoactinobaculum|s__Neoactinobaculum_massilliense|t__SGB33733",0,0,NA,FALSE,FALSE,FALSE,NA,"HMP1-2 taxonomy oral"
"k__Bacteria|p__Firmicutes|c__Clostridia|o__Clostridiales|f__Ruminococcaceae|g__GGB9668|s__GGB9668_SGB15165|t__SGB15165",0,0,NA,FALSE,FALSE,FALSE,NA,"HMP1-2 taxonomy oral"
"k__Bacteria|p__Firmicutes|c__Clostridia|o__Clostridiales|f__Clostridiaceae|g__Clostridium|s__Clostridium_disporicum|t__SGB6172",0,0,NA,FALSE,FALSE,FALSE,NA,"HMP1-2 taxonomy oral"
"k__Bacteria|p__Firmicutes|c__Clostridia|o__Clostridiales|f__Lachnospiraceae|g__Extibacter|s__Extibacter_muris|t__SGB4633",0,0,NA,FALSE,FALSE,FALSE,NA,"HMP1-2 taxonomy oral"
"k__Bacteria|p__Bacteroidetes|c__Bacteroidia|o__Bacteroidales|f__Bacteroidaceae|g__Bacteroides|s__Bacteroides_sp_CBA7301|t__SGB77863",0,0,NA,FALSE,FALSE,FALSE,NA,"HMP1-2 taxonomy oral"
"k__Bacteria|p__Actinobacteria|c__Actinobacteria|o__Corynebacteriales|f__Corynebacteriaceae|g__Corynebacterium|s__Corynebacterium_otitidis|t__SGB17081",0,0,NA,FALSE,FALSE,FALSE,NA,"HMP1-2 taxonomy oral"
"k__Bacteria|p__Lentisphaerae|c__Lentisphaeria|o__Lentisphaeria_unclassified|f__Lentisphaeria_unclassified|g__Lentisphaeria_unclassified|s__Lentisphaeria_bacterium|t__SGB9197",0,0,NA,FALSE,FALSE,FALSE,NA,"HMP1-2 taxonomy oral"
"k__Bacteria|p__Bacteroidetes|c__Bacteroidia|o__Bacteroidales|f__Bacteroidaceae|g__Bacteroides|s__Bacteroides_heparinolyticus|t__SGB21589",3,0.00233644859813084,6.32000054066699e-05,FALSE,FALSE,FALSE,NA,"HMP1-2 taxonomy oral"
"k__Bacteria|p__Actinobacteria|c__Actinobacteria|o__Micrococcales|f__Cellulomonadaceae|g__Actinotalea|s__Actinotalea_caeni|t__SGB87560",0,0,NA,FALSE,FALSE,FALSE,NA,"HMP1-2 taxonomy oral"
"k__Bacteria|p__Actinobacteria|c__Actinobacteria|o__Corynebacteriales|f__Mycobacteriaceae|g__Mycolicibacterium|s__Mycolicibacterium_smegmatis|t__SGB15721",0,0,NA,FALSE,FALSE,FALSE,NA,"HMP1-2 taxonomy oral"
"k__Bacteria|p__Actinobacteria|c__Actinobacteria|o__Corynebacteriales|f__Mycobacteriaceae|g__Mycolicibacterium|s__Mycolicibacterium_phlei|t__SGB15687",0,0,NA,FALSE,FALSE,FALSE,NA,"HMP1-2 taxonomy oral"
"k__Bacteria|p__Proteobacteria|c__Gammaproteobacteria|o__Xanthomonadales|f__Xanthomonadaceae|g__Pseudoxanthomonas|s__Pseudoxanthomonas_suwonensis|t__SGB32972",0,0,NA,FALSE,FALSE,FALSE,NA,"HMP1-2 taxonomy oral"
"k__Bacteria|p__Actinobacteria|c__Actinobacteria|o__Micrococcales|f__Promicromonosporaceae|g__Cellulosimicrobium|s__Cellulosimicrobium_cellulans|t__SGB16056",0,0,NA,FALSE,FALSE,FALSE,NA,"HMP1-2 taxonomy oral"
"k__Bacteria|p__Actinobacteria|c__Actinobacteria|o__Corynebacteriales|f__Corynebacteriaceae|g__Corynebacterium|s__Corynebacterium_sanguinis|t__SGB86809_group",0,0,NA,FALSE,FALSE,FALSE,NA,"HMP1-2 taxonomy oral"
"k__Bacteria|p__Proteobacteria|c__Alphaproteobacteria|o__Rhodobacterales|f__Rhodobacteraceae|g__Paracoccus|s__Paracoccus_salipaludis|t__SGB10728",0,0,NA,FALSE,FALSE,FALSE,NA,"HMP1-2 taxonomy oral"
"k__Bacteria|p__Proteobacteria|c__Gammaproteobacteria|o__Enterobacterales|f__Yersiniaceae|g__Ewingella|s__Ewingella_americana|t__SGB10238",0,0,NA,FALSE,FALSE,FALSE,NA,"HMP1-2 taxonomy oral"
"k__Bacteria|p__Proteobacteria|c__Gammaproteobacteria|o__Pseudomonadales|f__Pseudomonadaceae|g__Pseudomonas|s__Pseudomonas_oryzihabitans|t__SGB12308",1,0.000778816199376947,3.87000116100035e-05,FALSE,FALSE,FALSE,NA,"HMP1-2 taxonomy oral"
"k__Bacteria|p__Proteobacteria|c__Alphaproteobacteria|o__Sphingomonadales|f__Sphingomonadaceae|g__Sphingomonas|s__Sphingomonas_sp_ABOLF|t__SGB31686",0,0,NA,FALSE,FALSE,FALSE,NA,"HMP1-2 taxonomy oral"
"k__Bacteria|p__Proteobacteria|c__Gammaproteobacteria|o__Enterobacterales|f__Enterobacteriaceae|g__Raoultella|s__Raoultella_ornithinolytica|t__SGB10124",0,0,NA,FALSE,FALSE,FALSE,NA,"HMP1-2 taxonomy oral"
"k__Bacteria|p__Firmicutes|c__Clostridia|o__Clostridiales|f__Ruminococcaceae|g__GGB9702|s__GGB9702_SGB15220|t__SGB15220",0,0,NA,FALSE,FALSE,FALSE,NA,"HMP1-2 taxonomy oral"
"k__Bacteria|p__Firmicutes|c__Clostridia|o__Clostridia_unclassified|f__Clostridia_unclassified|g__Clostridia_unclassified|s__Clostridia_bacterium|t__SGB4368",0,0,NA,FALSE,FALSE,FALSE,NA,"HMP1-2 taxonomy oral"
"k__Bacteria|p__Bacteroidetes|c__Bacteroidia|o__Bacteroidales|f__Bacteroidaceae|g__Bacteroidaceae_unclassified|s__Bacteroidaceae_bacterium|t__SGB48196",0,0,NA,FALSE,FALSE,FALSE,NA,"HMP1-2 taxonomy oral"
"k__Bacteria|p__Bacteroidetes|c__Bacteroidia|o__Bacteroidales|f__Tannerellaceae|g__Parabacteroides|s__Parabacteroides_goldsteinii|t__SGB1937",0,0,NA,FALSE,FALSE,FALSE,NA,"HMP1-2 taxonomy oral"
"k__Bacteria|p__Firmicutes|c__Clostridia|o__Clostridia_unclassified|f__Clostridia_unclassified|g__GGB9284|s__GGB9284_SGB14237|t__SGB14237",0,0,NA,FALSE,FALSE,FALSE,NA,"HMP1-2 taxonomy oral"
"k__Bacteria|p__Candidatus_Melainabacteria|c__Candidatus_Melainabacteria_unclassified|o__Candidatus_Gastranaerophilales|f__Candidatus_Gastranaerophilales_unclassified|g__Candidatus_Gastranaerophilales_unclassified|s__Candidatus_Gastranaerophilales_bacterium|t__SGB8608",0,0,NA,FALSE,FALSE,FALSE,NA,"HMP1-2 taxonomy oral"
"k__Bacteria|p__Firmicutes|c__Bacilli|o__Bacilli_unclassified|f__Bacilli_unclassified|g__GGB4640|s__GGB4640_SGB6419|t__SGB6419",0,0,NA,FALSE,FALSE,FALSE,NA,"HMP1-2 taxonomy oral"
"k__Bacteria|p__Firmicutes|c__Clostridia|o__Clostridia_unclassified|f__Clostridia_unclassified|g__Clostridia_unclassified|s__Clostridia_bacterium|t__SGB4311",0,0,NA,FALSE,FALSE,FALSE,NA,"HMP1-2 taxonomy oral"
"k__Bacteria|p__Actinobacteria|c__Coriobacteriia|o__Eggerthellales|f__Eggerthellaceae|g__Raoultibacter|s__Raoultibacter_sp_Marseille_P8396|t__SGB86224",0,0,NA,FALSE,FALSE,FALSE,NA,"HMP1-2 taxonomy oral"
"k__Bacteria|p__Firmicutes|c__Bacilli|o__Lactobacillales|f__Streptococcaceae|g__Lactococcus|s__Lactococcus_petauri|t__SGB7980_group",0,0,NA,FALSE,FALSE,FALSE,NA,"HMP1-2 taxonomy oral"
"k__Archaea|p__Crenarchaeota|c__Thermoprotei|o__Thermoproteales|f__Thermofilaceae|g__GGB1567|s__GGB1567_SGB2154|t__SGB2154",0,0,NA,FALSE,FALSE,FALSE,NA,"HMP1-2 taxonomy oral"
"k__Bacteria|p__Actinobacteria|c__Coriobacteriia|o__Eggerthellales|f__Eggerthellaceae|g__Phoenicibacter|s__Phoenicibacter_congonensis|t__SGB957",0,0,NA,FALSE,FALSE,FALSE,NA,"HMP1-2 taxonomy oral"
"k__Bacteria|p__Firmicutes|c__Clostridia|o__Clostridia_unclassified|f__Clostridia_unclassified|g__Clostridia_unclassified|s__Clostridia_bacterium|t__SGB4307",0,0,NA,FALSE,FALSE,FALSE,NA,"HMP1-2 taxonomy oral"
"k__Bacteria|p__Firmicutes|c__Clostridia|o__Clostridiales|f__Ruminococcaceae|g__GGB9582|s__GGB9582_SGB15000|t__SGB15000",0,0,NA,FALSE,FALSE,FALSE,NA,"HMP1-2 taxonomy oral"
"k__Bacteria|p__Actinobacteria|c__Coriobacteriia|o__Coriobacteriales|f__Coriobacteriaceae|g__Collinsella|s__Collinsella_phocaeensis|t__SGB14745",0,0,NA,FALSE,FALSE,FALSE,NA,"HMP1-2 taxonomy oral"
"k__Bacteria|p__Bacteroidetes|c__Bacteroidia|o__Bacteroidales|f__Muribaculaceae|g__GGB14014|s__GGB14014_SGB21441|t__SGB21441",0,0,NA,FALSE,FALSE,FALSE,NA,"HMP1-2 taxonomy oral"
"k__Bacteria|p__Firmicutes|c__Clostridia|o__Clostridiales|f__Lachnospiraceae|g__Coprococcus|s__Coprococcus_sp_OM04_5BH|t__SGB5115",0,0,NA,FALSE,FALSE,FALSE,NA,"HMP1-2 taxonomy oral"
"k__Bacteria|p__Bacteroidetes|c__Bacteroidia|o__Bacteroidales|f__Odoribacteraceae|g__Culturomica|s__Culturomica_massiliensis|t__SGB1791",0,0,NA,FALSE,FALSE,FALSE,NA,"HMP1-2 taxonomy oral"
"k__Bacteria|p__Firmicutes|c__Clostridia|o__Clostridia_unclassified|f__Clostridia_unclassified|g__Clostridia_unclassified|s__Clostridia_bacterium|t__SGB14067",0,0,NA,FALSE,FALSE,FALSE,NA,"HMP1-2 taxonomy oral"
"k__Bacteria|p__Bacteroidetes|c__Bacteroidia|o__Bacteroidales|f__Bacteroidaceae|g__Bacteroidaceae_unclassified|s__Bacteroidaceae_bacterium|t__SGB48437",0,0,NA,FALSE,FALSE,FALSE,NA,"HMP1-2 taxonomy oral"
"k__Bacteria|p__Firmicutes|c__Negativicutes|o__Acidaminococcales|f__Acidaminococcaceae|g__GGB4238|s__GGB4238_SGB5730|t__SGB5730",0,0,NA,FALSE,FALSE,FALSE,NA,"HMP1-2 taxonomy oral"
"k__Bacteria|p__Firmicutes|c__Clostridia|o__Clostridia_unclassified|f__Clostridia_unclassified|g__Clostridia_unclassified|s__Clostridia_bacterium|t__SGB14848",0,0,NA,FALSE,FALSE,FALSE,NA,"HMP1-2 taxonomy oral"
"k__Bacteria|p__Proteobacteria|c__Alphaproteobacteria|o__Alphaproteobacteria_unclassified|f__Alphaproteobacteria_unclassified|g__Alphaproteobacteria_unclassified|s__Alphaproteobacteria_bacterium|t__SGB9345",0,0,NA,FALSE,FALSE,FALSE,NA,"HMP1-2 taxonomy oral"
"k__Bacteria|p__Firmicutes|c__Clostridia|o__Clostridiales|f__Lachnospiraceae|g__GGB3623|s__GGB3623_SGB4900|t__SGB4900",0,0,NA,FALSE,FALSE,FALSE,NA,"HMP1-2 taxonomy oral"
"k__Bacteria|p__Bacteroidetes|c__Bacteroidia|o__Bacteroidales|f__Muribaculaceae|g__GGB14009|s__GGB14009_SGB21436|t__SGB21436",0,0,NA,FALSE,FALSE,FALSE,NA,"HMP1-2 taxonomy oral"
"k__Bacteria|p__Fusobacteria|c__Fusobacteriia|o__Fusobacteriales|f__Fusobacteriaceae|g__Fusobacteriaceae_unclassified|s__Fusobacteriaceae_unclassified_SGB59307|t__SGB59307_group",0,0,NA,FALSE,FALSE,FALSE,NA,"HMP1-2 taxonomy oral"
"k__Bacteria|p__Firmicutes|c__CFGB25373|o__OFGB25373|f__FGB25373|g__GGB45597|s__GGB45597_SGB72777|t__SGB72777",0,0,NA,FALSE,FALSE,FALSE,NA,"HMP1-2 taxonomy oral"
"k__Bacteria|p__Bacteroidetes|c__Flavobacteriia|o__Flavobacteriales|f__Weeksellaceae|g__Chryseobacterium|s__Chryseobacterium_indologenes|t__SGB2570",0,0,NA,FALSE,FALSE,FALSE,NA,"HMP1-2 taxonomy oral"
"k__Bacteria|p__Actinobacteria|c__Actinobacteria|o__Bifidobacteriales|f__Bifidobacteriaceae|g__Parascardovia|s__Parascardovia_denticolens|t__SGB17291",7,0.00545171339563863,0.00114774275380287,FALSE,TRUE,FALSE,NA,"HMP1-2 taxonomy oral"
"k__Bacteria|p__Proteobacteria|c__Alphaproteobacteria|o__Alphaproteobacteria_unclassified|f__Alphaproteobacteria_unclassified|g__Alphaproteobacteria_unclassified|s__Alphaproteobacteria_bacterium|t__SGB9323",0,0,NA,FALSE,FALSE,FALSE,NA,"HMP1-2 taxonomy oral"
"k__Bacteria|p__Firmicutes|c__Clostridia|o__Clostridia_unclassified|f__Clostridia_unclassified|g__Clostridia_unclassified|s__Clostridia_bacterium|t__SGB14131",0,0,NA,FALSE,FALSE,FALSE,NA,"HMP1-2 taxonomy oral"
"k__Bacteria|p__Proteobacteria|c__Alphaproteobacteria|o__Alphaproteobacteria_unclassified|f__Alphaproteobacteria_unclassified|g__Alphaproteobacteria_unclassified|s__Alphaproteobacteria_bacterium|t__SGB57594",0,0,NA,FALSE,FALSE,FALSE,NA,"HMP1-2 taxonomy oral"
"k__Bacteria|p__Proteobacteria|c__Alphaproteobacteria|o__Rhizobiales|f__Phyllobacteriaceae|g__Phyllobacterium|s__Phyllobacterium_myrsinacearum|t__SGB24484",3,0.00233644859813084,3.18000071100026e-05,FALSE,FALSE,FALSE,NA,"HMP1-2 taxonomy oral"
"k__Bacteria|p__Proteobacteria|c__Alphaproteobacteria|o__Sphingomonadales|f__Sphingomonadaceae|g__Sphingomonas|s__Sphingomonas_sp_3F27E9_B|t__SGB11639",3,0.00233644859813084,0.000222500032520013,FALSE,TRUE,FALSE,NA,"HMP1-2 taxonomy oral"
"k__Bacteria|p__Proteobacteria|c__Alphaproteobacteria|o__Rhizobiales|f__Bradyrhizobiaceae|g__GGB7699|s__GGB7699_SGB11380|t__SGB11380",0,0,NA,FALSE,FALSE,FALSE,NA,"HMP1-2 taxonomy oral"
"k__Bacteria|p__Firmicutes|c__Clostridia|o__Clostridiales|f__Ruminococcaceae|g__GGB29848|s__GGB29848_SGB42690|t__SGB42690",0,0,NA,FALSE,FALSE,FALSE,NA,"HMP1-2 taxonomy oral"
"k__Bacteria|p__Bacteroidetes|c__Bacteroidia|o__Bacteroidales|f__Tannerellaceae|g__Parabacteroides|s__Parabacteroides_acidifaciens|t__SGB1943",0,0,NA,FALSE,FALSE,FALSE,NA,"HMP1-2 taxonomy oral"
"k__Bacteria|p__Proteobacteria|c__Gammaproteobacteria|o__Enterobacterales|f__Enterobacteriaceae|g__Enterobacter|s__Enterobacter_mori|t__SGB10132",0,0,NA,FALSE,FALSE,FALSE,NA,"HMP1-2 taxonomy oral"
"k__Bacteria|p__Proteobacteria|c__Betaproteobacteria|o__Burkholderiales|f__Alcaligenaceae|g__Oligella|s__Oligella_urethralis|t__SGB9505",0,0,NA,FALSE,FALSE,FALSE,NA,"HMP1-2 taxonomy oral"
"k__Bacteria|p__Firmicutes|c__Clostridia|o__Clostridiales|f__Ruminococcaceae|g__GGB9695|s__GGB9695_SGB15210|t__SGB15210",0,0,NA,FALSE,FALSE,FALSE,NA,"HMP1-2 taxonomy oral"
"k__Bacteria|p__Proteobacteria|c__Gammaproteobacteria|o__Xanthomonadales|f__Xanthomonadaceae|g__Stenotrophomonas|s__Stenotrophomonas_maltophilia|t__SGB12459_group",0,0,NA,FALSE,FALSE,FALSE,NA,"HMP1-2 taxonomy oral"
"k__Bacteria|p__Proteobacteria|c__Betaproteobacteria|o__Burkholderiales|f__Alcaligenaceae|g__Achromobacter|s__Achromobacter_deleyi|t__SGB32683",0,0,NA,FALSE,FALSE,FALSE,NA,"HMP1-2 taxonomy oral"
"k__Bacteria|p__Actinobacteria|c__Actinobacteria|o__Corynebacteriales|f__Corynebacteriaceae|g__Corynebacterium|s__Corynebacterium_massiliense|t__SGB17124",0,0,NA,FALSE,FALSE,FALSE,NA,"HMP1-2 taxonomy oral"
"k__Bacteria|p__Proteobacteria|c__Gammaproteobacteria|o__Enterobacterales|f__Yersiniaceae|g__Serratia|s__Serratia_sp_M24T3|t__SGB10237",0,0,NA,FALSE,FALSE,FALSE,NA,"HMP1-2 taxonomy oral"
"k__Bacteria|p__Firmicutes|c__Clostridia|o__Clostridiales|f__Ruminococcaceae|g__GGB9673|s__GGB9673_SGB15172|t__SGB15172",0,0,NA,FALSE,FALSE,FALSE,NA,"HMP1-2 taxonomy oral"
"k__Bacteria|p__Firmicutes|c__CFGB14246|o__OFGB14246|f__FGB14246|g__GGB38987|s__GGB38987_SGB63305|t__SGB63305",0,0,NA,FALSE,FALSE,FALSE,NA,"HMP1-2 taxonomy oral"
"k__Bacteria|p__Firmicutes|c__Clostridia|o__Clostridia_unclassified|f__Clostridia_unclassified|g__Candidatus_Heritagella|s__Candidatus_Heritagella_gallinarum|t__SGB63347",0,0,NA,FALSE,FALSE,FALSE,NA,"HMP1-2 taxonomy oral"
"k__Bacteria|p__Firmicutes|c__Clostridia|o__Clostridiales|f__Oscillospiraceae|g__Oscillospiraceae_unclassified|s__Oscillospiraceae_bacterium_NSJ_54|t__SGB79871",0,0,NA,FALSE,FALSE,FALSE,NA,"HMP1-2 taxonomy oral"
"k__Bacteria|p__Proteobacteria|c__Betaproteobacteria|o__Burkholderiales|f__Comamonadaceae|g__Brachymonas|s__Brachymonas_chironomi|t__SGB32580",1,0.000778816199376947,5.70000057000005e-06,FALSE,FALSE,FALSE,NA,"HMP1-2 taxonomy oral"
"k__Bacteria|p__Bacteroidetes|c__Bacteroidia|o__Bacteroidales|f__Prevotellaceae|g__Prevotella|s__Prevotella_sp_DNF00663|t__SGB3322",1,0.000778816199376947,4.88000341600239e-05,FALSE,FALSE,FALSE,NA,"HMP1-2 taxonomy oral"
"k__Bacteria|p__Fusobacteria|c__Fusobacteriia|o__Fusobacteriales|f__Fusobacteriaceae|g__Fusobacterium|s__Fusobacterium_varium|t__SGB6038",0,0,NA,FALSE,FALSE,FALSE,NA,"HMP1-2 taxonomy oral"
"k__Bacteria|p__Proteobacteria|c__Alphaproteobacteria|o__Sphingomonadales|f__Sphingomonadaceae|g__Sphingomonas|s__Sphingomonas_sp_ZLT_5|t__SGB56335",2,0.00155763239875389,3.30000132500053e-05,FALSE,FALSE,FALSE,NA,"HMP1-2 taxonomy oral"
"k__Bacteria|p__Proteobacteria|c__Gammaproteobacteria|o__Pseudomonadales|f__Pseudomonadaceae|g__Pseudomonas|s__Pseudomonas_helleri|t__SGB89058",0,0,NA,FALSE,FALSE,FALSE,NA,"HMP1-2 taxonomy oral"
"k__Bacteria|p__Firmicutes|c__Clostridia|o__Clostridia_unclassified|f__Clostridia_unclassified|g__Clostridia_unclassified|s__Clostridia_bacterium|t__SGB14099",0,0,NA,FALSE,FALSE,FALSE,NA,"HMP1-2 taxonomy oral"
"k__Bacteria|p__Firmicutes|c__Clostridia|o__Clostridia_unclassified|f__Clostridia_unclassified|g__Clostridia_unclassified|s__Clostridia_bacterium|t__SGB14855",0,0,NA,FALSE,FALSE,FALSE,NA,"HMP1-2 taxonomy oral"
"k__Bacteria|p__Proteobacteria|c__Alphaproteobacteria|o__Rhodobacterales|f__Rhodobacteraceae|g__Paracoccus|s__Paracoccus_pantotrophus|t__SGB10720",0,0,NA,FALSE,FALSE,FALSE,NA,"HMP1-2 taxonomy oral"
"k__Bacteria|p__Actinobacteria|c__Actinobacteria|o__Actinomycetales|f__Actinomycetaceae|g__Schaalia|s__Schaalia_canis|t__SGB33774",0,0,NA,FALSE,FALSE,FALSE,NA,"HMP1-2 taxonomy oral"
"k__Bacteria|p__Proteobacteria|c__Gammaproteobacteria|o__Pseudomonadales|f__Pseudomonadaceae|g__Pseudomonas|s__Pseudomonas_luteola|t__SGB12056",0,0,NA,FALSE,FALSE,FALSE,NA,"HMP1-2 taxonomy oral"
"k__Bacteria|p__Bacteroidetes|c__Flavobacteriia|o__Flavobacteriales|f__Flavobacteriaceae|g__Capnocytophaga|s__Capnocytophaga_cynodegmi|t__SGB2927",0,0,NA,FALSE,FALSE,FALSE,NA,"HMP1-2 taxonomy oral"
"k__Bacteria|p__Proteobacteria|c__Gammaproteobacteria|o__Pseudomonadales|f__Pseudomonadaceae|g__Pseudomonas|s__Pseudomonas_stutzeri|t__SGB12382",0,0,NA,FALSE,FALSE,FALSE,NA,"HMP1-2 taxonomy oral"
"k__Bacteria|p__Proteobacteria|c__Gammaproteobacteria|o__Enterobacterales|f__Erwiniaceae|g__Pantoea|s__Pantoea_sp_PSNIH1|t__SGB10168_group",0,0,NA,FALSE,FALSE,FALSE,NA,"HMP1-2 taxonomy oral"
"k__Bacteria|p__Firmicutes|c__Bacilli|o__Bacillales|f__Bacillaceae|g__Priestia|s__Priestia_megaterium|t__SGB7678",0,0,NA,FALSE,FALSE,FALSE,NA,"HMP1-2 taxonomy oral"
"k__Bacteria|p__Proteobacteria|c__Gammaproteobacteria|o__Pasteurellales|f__Pasteurellaceae|g__Pasteurella|s__Pasteurella_dagmatis|t__SGB9763",0,0,NA,FALSE,FALSE,FALSE,NA,"HMP1-2 taxonomy oral"
"k__Bacteria|p__Actinobacteria|c__Actinobacteria|o__Corynebacteriales|f__Nocardiaceae|g__Rhodococcus|s__Rhodococcus_sp_Leaf225|t__SGB15804",0,0,NA,FALSE,FALSE,FALSE,NA,"HMP1-2 taxonomy oral"
"k__Bacteria|p__Proteobacteria|c__Gammaproteobacteria|o__Legionellales|f__Coxiellaceae|g__Rickettsiella|s__Rickettsiella_grylli|t__SGB9368",0,0,NA,FALSE,FALSE,FALSE,NA,"HMP1-2 taxonomy oral"
"k__Bacteria|p__Actinobacteria|c__Actinobacteria|o__Micrococcales|f__Microbacteriaceae|g__Canibacter|s__Canibacter_oris|t__SGB33649",0,0,NA,FALSE,FALSE,FALSE,NA,"HMP1-2 taxonomy oral"
"k__Bacteria|p__Proteobacteria|c__Betaproteobacteria|o__Burkholderiales|f__Comamonadaceae|g__Comamonadaceae_unclassified|s__Comamonadaceae_bacterium_NML161473|t__SGB32532",0,0,NA,FALSE,FALSE,FALSE,NA,"HMP1-2 taxonomy oral"
"k__Bacteria|p__Proteobacteria|c__Gammaproteobacteria|o__Pasteurellales|f__Pasteurellaceae|g__Frederiksenia|s__Frederiksenia_canicola|t__SGB30988",0,0,NA,FALSE,FALSE,FALSE,NA,"HMP1-2 taxonomy oral"
"k__Bacteria|p__Bacteroidetes|c__Flavobacteriia|o__Flavobacteriales|f__Flavobacteriaceae|g__Capnocytophaga|s__Capnocytophaga_canis|t__SGB2925",0,0,NA,FALSE,FALSE,FALSE,NA,"HMP1-2 taxonomy oral"
"k__Bacteria|p__Firmicutes|c__Bacilli|o__Lactobacillales|f__Streptococcaceae|g__Streptococcus|s__Streptococcus_minor|t__SGB29817",0,0,NA,FALSE,FALSE,FALSE,NA,"HMP1-2 taxonomy oral"
"k__Bacteria|p__Firmicutes|c__Erysipelotrichia|o__Erysipelotrichales|f__Erysipelotrichaceae|g__Erysipelotrichaceae_unclassified|s__Erysipelotrichaceae_bacterium_OH741_COT_311|t__SGB28718",0,0,NA,FALSE,FALSE,FALSE,NA,"HMP1-2 taxonomy oral"
"k__Bacteria|p__Proteobacteria|c__Gammaproteobacteria|o__Enterobacterales|f__Enterobacteriaceae|g__Enterobacter|s__Enterobacter_cloacae|t__SGB10152",0,0,NA,FALSE,FALSE,FALSE,NA,"HMP1-2 taxonomy oral"
"k__Bacteria|p__Actinobacteria|c__Actinobacteria|o__Micrococcales|f__Micrococcaceae|g__Micrococcus|s__Micrococcus_terreus|t__SGB16678",0,0,NA,FALSE,FALSE,FALSE,NA,"HMP1-2 taxonomy oral"
"k__Bacteria|p__Bacteroidetes|c__Flavobacteriia|o__Flavobacteriales|f__Flavobacteriaceae|g__Capnocytophaga|s__Capnocytophaga_canimorsus|t__SGB2926",0,0,NA,FALSE,FALSE,FALSE,NA,"HMP1-2 taxonomy oral"
"k__Bacteria|p__Actinobacteria|c__Actinobacteria|o__Bifidobacteriales|f__Bifidobacteriaceae|g__Bifidobacterium|s__Bifidobacterium_pseudolongum|t__SGB17279",0,0,NA,FALSE,FALSE,FALSE,NA,"HMP1-2 taxonomy oral"
"k__Bacteria|p__Proteobacteria|c__Alphaproteobacteria|o__Sphingomonadales|f__Sphingomonadaceae|g__Sphingobium|s__Sphingobium_limneticum|t__SGB31652",0,0,NA,FALSE,FALSE,FALSE,NA,"HMP1-2 taxonomy oral"
"k__Bacteria|p__Firmicutes|c__Clostridia|o__Clostridia_unclassified|f__Clostridia_unclassified|g__Candidatus_Paralachnospira|s__Candidatus_Paralachnospira_sangeri|t__SGB59820",0,0,NA,FALSE,FALSE,FALSE,NA,"HMP1-2 taxonomy oral"
"k__Bacteria|p__Actinobacteria|c__Actinobacteria|o__Corynebacteriales|f__Corynebacteriaceae|g__Corynebacterium|s__Corynebacterium_sp_HMSC034A01|t__SGB17065",0,0,NA,FALSE,FALSE,FALSE,NA,"HMP1-2 taxonomy oral"
"k__Bacteria|p__Bacteroidetes|c__Flavobacteriia|o__Flavobacteriales|f__Weeksellaceae|g__Cruoricaptor|s__Cruoricaptor_ignavus|t__SGB2539",0,0,NA,FALSE,FALSE,FALSE,NA,"HMP1-2 taxonomy oral"
"k__Bacteria|p__Tenericutes|c__Mollicutes|o__Acholeplasmatales|f__Acholeplasmataceae|g__Candidatus_Phytoplasma|s__Catharanthus_roseus_aster_yellows_phytoplasma|t__SGB6860",0,0,NA,FALSE,FALSE,FALSE,NA,"HMP1-2 taxonomy oral"
"k__Bacteria|p__Firmicutes|c__Clostridia|o__Clostridiales|f__Lachnospiraceae|g__Lachnospiraceae_unclassified|s__Lachnospiraceae_bacterium|t__SGB82501",0,0,NA,FALSE,FALSE,FALSE,NA,"HMP1-2 taxonomy oral"
"k__Bacteria|p__Firmicutes|c__Clostridia|o__Clostridiales|f__Eubacteriaceae|g__Eubacteriaceae_unclassified|s__Eubacteriaceae_bacterium|t__SGB3972",0,0,NA,FALSE,FALSE,FALSE,NA,"HMP1-2 taxonomy oral"
"k__Bacteria|p__Actinobacteria|c__Coriobacteriia|o__Eggerthellales|f__Eggerthellaceae|g__Enterorhabdus|s__Enterorhabdus_sp_P55|t__SGB42958",0,0,NA,FALSE,FALSE,FALSE,NA,"HMP1-2 taxonomy oral"
"k__Bacteria|p__Actinobacteria|c__Actinobacteria|o__Corynebacteriales|f__Corynebacteriaceae|g__Corynebacterium|s__Corynebacterium_glaucum|t__SGB17054",0,0,NA,FALSE,FALSE,FALSE,NA,"HMP1-2 taxonomy oral"
"k__Bacteria|p__Planctomycetes|c__Planctomycetia|o__Pirellulales|f__Pirellulaceae|g__GGB6567|s__GGB6567_SGB9277|t__SGB9277",0,0,NA,FALSE,FALSE,FALSE,NA,"HMP1-2 taxonomy oral"
"k__Bacteria|p__Firmicutes|c__Clostridia|o__Clostridia_unclassified|f__Clostridia_unclassified|g__Clostridia_unclassified|s__Clostridia_bacterium|t__SGB14316",0,0,NA,FALSE,FALSE,FALSE,NA,"HMP1-2 taxonomy oral"
"k__Bacteria|p__Bacteroidetes|c__Bacteroidia|o__Bacteroidales|f__Prevotellaceae|g__Prevotella|s__Prevotella_pectinovora|t__SGB1662",0,0,NA,FALSE,FALSE,FALSE,NA,"HMP1-2 taxonomy oral"
"k__Bacteria|p__Candidatus_Melainabacteria|c__Candidatus_Melainabacteria_unclassified|o__Candidatus_Gastranaerophilales|f__Candidatus_Gastranaerophilales_unclassified|g__Candidatus_Gastranaerophilales_unclassified|s__Candidatus_Gastranaerophilales_bacterium|t__SGB8624",0,0,NA,FALSE,FALSE,FALSE,NA,"HMP1-2 taxonomy oral"
"k__Bacteria|p__Bacteroidetes|c__Bacteroidia|o__Bacteroidales|f__Prevotellaceae|g__GGB1250|s__GGB1250_SGB1672|t__SGB1672_group",0,0,NA,FALSE,FALSE,FALSE,NA,"HMP1-2 taxonomy oral"
"k__Bacteria|p__Chlamydiae|c__Chlamydiia|o__Chlamydiales|f__Chlamydiaceae|g__Chlamydia|s__Chlamydia_trachomatis|t__SGB5498",0,0,NA,FALSE,FALSE,FALSE,NA,"HMP1-2 taxonomy oral"
"k__Bacteria|p__Firmicutes|c__Clostridia|o__Clostridia_unclassified|f__Clostridia_unclassified|g__GGB3003|s__GGB3003_SGB3994|t__SGB3994",0,0,NA,FALSE,FALSE,FALSE,NA,"HMP1-2 taxonomy oral"
"k__Bacteria|p__Firmicutes|c__CFGB9736|o__OFGB9736|f__FGB9736|g__GGB45599|s__GGB45599_SGB63311|t__SGB63311",0,0,NA,FALSE,FALSE,FALSE,NA,"HMP1-2 taxonomy oral"
"k__Bacteria|p__Proteobacteria|c__Gammaproteobacteria|o__Enterobacterales|f__Enterobacteriaceae|g__Citrobacter|s__Citrobacter_amalonaticus|t__SGB10074",0,0,NA,FALSE,FALSE,FALSE,NA,"HMP1-2 taxonomy oral"
"k__Bacteria|p__Actinobacteria|c__Coriobacteriia|o__Coriobacteriales|f__Atopobiaceae|g__Atopobium|s__Atopobium_minutum|t__SGB987",0,0,NA,FALSE,FALSE,FALSE,NA,"HMP1-2 taxonomy oral"
"k__Bacteria|p__Actinobacteria|c__Actinobacteria|o__Actinomycetales|f__Actinomycetaceae|g__Gleimia|s__Gleimia_europaea|t__SGB17196",0,0,NA,FALSE,FALSE,FALSE,NA,"HMP1-2 taxonomy oral"
"k__Bacteria|p__Firmicutes|c__Clostridia|o__Clostridia_unclassified|f__Clostridia_unclassified|g__Clostridia_unclassified|s__Clostridia_bacterium|t__SGB4450",0,0,NA,FALSE,FALSE,FALSE,NA,"HMP1-2 taxonomy oral"
"k__Bacteria|p__Firmicutes|c__Clostridia|o__Clostridia_unclassified|f__Clostridia_unclassified|g__Clostridia_unclassified|s__Clostridia_bacterium|t__SGB13990",0,0,NA,FALSE,FALSE,FALSE,NA,"HMP1-2 taxonomy oral"
"k__Bacteria|p__Firmicutes|c__Clostridia|o__Clostridiales|f__Ruminococcaceae|g__GGB9582|s__GGB9582_SGB15002|t__SGB15002",0,0,NA,FALSE,FALSE,FALSE,NA,"HMP1-2 taxonomy oral"
"k__Bacteria|p__Firmicutes|c__Clostridia|o__Clostridiales|f__Eubacteriaceae|g__GGB28645|s__GGB28645_SGB41268|t__SGB41268",0,0,NA,FALSE,FALSE,FALSE,NA,"HMP1-2 taxonomy oral"
"k__Bacteria|p__Firmicutes|c__Tissierellia|o__Tissierellales|f__Peptoniphilaceae|g__Peptoniphilus|s__Peptoniphilus_senegalensis|t__SGB6698",0,0,NA,FALSE,FALSE,FALSE,NA,"HMP1-2 taxonomy oral"
"k__Bacteria|p__Bacteroidetes|c__Bacteroidia|o__Bacteroidales|f__Prevotellaceae|g__Prevotella|s__Prevotella_brunnea|t__SGB1503",0,0,NA,FALSE,FALSE,FALSE,NA,"HMP1-2 taxonomy oral"
"k__Bacteria|p__Proteobacteria|c__Gammaproteobacteria|o__Enterobacterales|f__Yersiniaceae|g__Serratia|s__Serratia_marcescens|t__SGB10251",1,0.000778816199376947,0.000648899805330058,FALSE,TRUE,FALSE,NA,"HMP1-2 taxonomy oral"
"k__Bacteria|p__Firmicutes|c__Bacilli|o__Lactobacillales|f__Streptococcaceae|g__Streptococcus|s__Streptococcus_equi|t__SGB8214",1,0.000778816199376947,3.29999967000004e-06,FALSE,FALSE,FALSE,NA,"HMP1-2 taxonomy oral"
"k__Bacteria|p__Firmicutes|c__Clostridia|o__Clostridiales|f__Ruminococcaceae|g__Ruminococcaceae_unclassified|s__Ruminococcaceae_bacterium|t__SGB4253",0,0,NA,FALSE,FALSE,FALSE,NA,"HMP1-2 taxonomy oral"
"k__Bacteria|p__Proteobacteria|c__Betaproteobacteria|o__Burkholderiales|f__Burkholderiaceae|g__Cupriavidus|s__Cupriavidus_basilensis|t__SGB32711",1,0.000778816199376947,7.03000070300007e-05,FALSE,FALSE,FALSE,NA,"HMP1-2 taxonomy oral"
"k__Bacteria|p__Proteobacteria|c__Alphaproteobacteria|o__Sphingomonadales|f__Sphingomonadaceae|g__Sphingomonas|s__Sphingomonas_echinoides|t__SGB31712",1,0.000778816199376947,2.19000021900002e-05,FALSE,FALSE,FALSE,NA,"HMP1-2 taxonomy oral"
"k__Bacteria|p__Firmicutes|c__CFGB11875|o__OFGB11875|f__FGB11875|g__GGB34476|s__GGB34476_SGB65958|t__SGB65958",0,0,NA,FALSE,FALSE,FALSE,NA,"HMP1-2 taxonomy oral"
"k__Bacteria|p__Proteobacteria|c__Gammaproteobacteria|o__Enterobacterales|f__Enterobacteriaceae|g__Kosakonia|s__Kosakonia_cowanii|t__SGB10050",0,0,NA,FALSE,FALSE,FALSE,NA,"HMP1-2 taxonomy oral"
"k__Bacteria|p__Firmicutes|c__Clostridia|o__Clostridia_unclassified|f__Clostridia_unclassified|g__Clostridia_unclassified|s__Clostridia_bacterium|t__SGB4309",0,0,NA,FALSE,FALSE,FALSE,NA,"HMP1-2 taxonomy oral"
"k__Bacteria|p__Bacteroidetes|c__Bacteroidia|o__Bacteroidales|f__Tannerellaceae|g__GGB1407|s__GGB1407_SGB1930|t__SGB1930",0,0,NA,FALSE,FALSE,FALSE,NA,"HMP1-2 taxonomy oral"
"k__Bacteria|p__Actinobacteria|c__Actinobacteria|o__Propionibacteriales|f__Propionibacteriaceae|g__Propionibacterium|s__Propionibacterium_freudenreichii|t__SGB15904",0,0,NA,FALSE,FALSE,FALSE,NA,"HMP1-2 taxonomy oral"
"k__Bacteria|p__Actinobacteria|c__Actinobacteria|o__Corynebacteriales|f__Corynebacteriaceae|g__Corynebacterium|s__Corynebacterium_glutamicum|t__SGB17021",0,0,NA,FALSE,FALSE,FALSE,NA,"HMP1-2 taxonomy oral"
"k__Bacteria|p__Actinobacteria|c__Coriobacteriia|o__Coriobacteriales|f__Atopobiaceae|g__Olsenella|s__Olsenella_profusa|t__SGB14387",1,0.000778816199376947,0.00419789958021004,FALSE,TRUE,FALSE,NA,"HMP1-2 taxonomy oral"
"k__Bacteria|p__Firmicutes|c__Clostridia|o__Clostridiales|f__Ruminococcaceae|g__GGB3226|s__GGB3226_SGB4260|t__SGB4260",0,0,NA,FALSE,FALSE,FALSE,NA,"HMP1-2 taxonomy oral"
"k__Bacteria|p__Candidatus_Melainabacteria|c__Candidatus_Melainabacteria_unclassified|o__Candidatus_Gastranaerophilales|f__Candidatus_Gastranaerophilales_unclassified|g__GGB6010|s__GGB6010_SGB8637|t__SGB8637",0,0,NA,FALSE,FALSE,FALSE,NA,"HMP1-2 taxonomy oral"
"k__Bacteria|p__Firmicutes|c__Clostridia|o__Clostridia_unclassified|f__Clostridia_unclassified|g__Clostridia_unclassified|s__Clostridia_bacterium|t__SGB14948",0,0,NA,FALSE,FALSE,FALSE,NA,"HMP1-2 taxonomy oral"
"k__Bacteria|p__Firmicutes|c__Clostridia|o__Clostridiales|f__Lachnospiraceae|g__Lachnospiraceae_unclassified|s__Lachnospiraceae_unclassified_SGB26919|t__SGB26919",0,0,NA,FALSE,FALSE,FALSE,NA,"HMP1-2 taxonomy oral"
"k__Bacteria|p__Actinobacteria|c__Coriobacteriia|o__Eggerthellales|f__Eggerthellaceae|g__Eggerthellaceae_unclassified|s__Eggerthellaceae_unclassified_SGB14332|t__SGB14332",0,0,NA,FALSE,FALSE,FALSE,NA,"HMP1-2 taxonomy oral"
"k__Bacteria|p__Firmicutes|c__Bacilli|o__Lactobacillales|f__Streptococcaceae|g__Streptococcus|s__Streptococcus_suis|t__SGB29821",0,0,NA,FALSE,FALSE,FALSE,NA,"HMP1-2 taxonomy oral"
"k__Bacteria|p__Firmicutes|c__Bacilli|o__Lactobacillales|f__Streptococcaceae|g__Streptococcus|s__Streptococcus_sobrinus|t__SGB7996",1,0.000778816199376947,7.70000077000008e-05,FALSE,FALSE,FALSE,NA,"HMP1-2 taxonomy oral"
"k__Bacteria|p__Bacteroidetes|c__Bacteroidia|o__Bacteroidales|f__Tannerellaceae|g__GGB1405|s__GGB1405_SGB1928|t__SGB1928",0,0,NA,FALSE,FALSE,FALSE,NA,"HMP1-2 taxonomy oral"
"k__Bacteria|p__Firmicutes|c__Clostridia|o__Clostridia_unclassified|f__Clostridia_unclassified|g__Clostridia_unclassified|s__Clostridia_bacterium|t__SGB14300",0,0,NA,FALSE,FALSE,FALSE,NA,"HMP1-2 taxonomy oral"
"k__Bacteria|p__Firmicutes|c__Clostridia|o__Clostridia_unclassified|f__Clostridia_unclassified|g__GGB9047|s__GGB9047_SGB13950|t__SGB13950",0,0,NA,FALSE,FALSE,FALSE,NA,"HMP1-2 taxonomy oral"
"k__Archaea|p__Candidatus_Thermoplasmatota|c__Thermoplasmata|o__Methanomassiliicoccales|f__Methanomassiliicoccales_unclassified|g__Methanomassiliicoccales_unclassified|s__Methanomassiliicoccales_archaeon|t__SGB376",0,0,NA,FALSE,FALSE,FALSE,NA,"HMP1-2 taxonomy oral"
"k__Bacteria|p__Firmicutes|c__CFGB1289|o__OFGB1289|f__FGB1289|g__GGB3106|s__GGB3106_SGB4115|t__SGB4115",0,0,NA,FALSE,FALSE,FALSE,NA,"HMP1-2 taxonomy oral"
"k__Bacteria|p__Firmicutes|c__Clostridia|o__Clostridia_unclassified|f__Clostridia_unclassified|g__Clostridia_unclassified|s__Clostridia_bacterium|t__SGB14232",0,0,NA,FALSE,FALSE,FALSE,NA,"HMP1-2 taxonomy oral"
"k__Bacteria|p__Firmicutes|c__Clostridia|o__Clostridiales|f__Ruminococcaceae|g__GGB9727|s__GGB9727_SGB15285|t__SGB15285",0,0,NA,FALSE,FALSE,FALSE,NA,"HMP1-2 taxonomy oral"
"k__Bacteria|p__Firmicutes|c__Clostridia|o__Clostridiales|f__Ruminococcaceae|g__Ruminococcaceae_unclassified|s__Ruminococcaceae_bacterium|t__SGB15352",0,0,NA,FALSE,FALSE,FALSE,NA,"HMP1-2 taxonomy oral"
"k__Bacteria|p__Firmicutes|c__Clostridia|o__Clostridia_unclassified|f__Clostridia_unclassified|g__Clostridia_unclassified|s__Clostridia_bacterium|t__SGB14211",0,0,NA,FALSE,FALSE,FALSE,NA,"HMP1-2 taxonomy oral"
"k__Bacteria|p__Firmicutes|c__Clostridia|o__Clostridia_unclassified|f__Clostridia_unclassified|g__GGB9528|s__GGB9528_SGB14928|t__SGB14928",0,0,NA,FALSE,FALSE,FALSE,NA,"HMP1-2 taxonomy oral"
"k__Archaea|p__Euryarchaeota|c__Methanobacteria|o__Methanobacteriales|f__Methanobacteriaceae|g__Methanosphaera|s__Methanosphaera_cuniculi|t__SGB696",0,0,NA,FALSE,FALSE,FALSE,NA,"HMP1-2 taxonomy oral"
"k__Bacteria|p__Firmicutes|c__Clostridia|o__Clostridia_unclassified|f__Clostridia_unclassified|g__Clostridia_unclassified|s__Clostridia_bacterium|t__SGB15038",0,0,NA,FALSE,FALSE,FALSE,NA,"HMP1-2 taxonomy oral"
"k__Bacteria|p__Actinobacteria|c__Coriobacteriia|o__Eggerthellales|f__Eggerthellaceae|g__Eggerthellaceae_unclassified|s__Eggerthellaceae_bacterium|t__SGB14794",0,0,NA,FALSE,FALSE,FALSE,NA,"HMP1-2 taxonomy oral"
"k__Bacteria|p__Firmicutes|c__Clostridia|o__Clostridiales|f__Ruminococcaceae|g__GGB9628|s__GGB9628_SGB15082|t__SGB15082",0,0,NA,FALSE,FALSE,FALSE,NA,"HMP1-2 taxonomy oral"
"k__Bacteria|p__Firmicutes|c__Clostridia|o__Clostridia_unclassified|f__Clostridia_unclassified|g__Clostridia_unclassified|s__Clostridia_bacterium|t__SGB53511",0,0,NA,FALSE,FALSE,FALSE,NA,"HMP1-2 taxonomy oral"
"k__Bacteria|p__Firmicutes|c__Clostridia|o__Clostridia_unclassified|f__Clostridia_unclassified|g__Clostridia_unclassified|s__Clostridia_bacterium|t__SGB50367",0,0,NA,FALSE,FALSE,FALSE,NA,"HMP1-2 taxonomy oral"
"k__Bacteria|p__Proteobacteria|c__Gammaproteobacteria|o__Enterobacterales|f__Morganellaceae|g__Morganella|s__Morganella_morganii|t__SGB10028",0,0,NA,FALSE,FALSE,FALSE,NA,"HMP1-2 taxonomy oral"
"k__Bacteria|p__Actinobacteria|c__Actinobacteria|o__Micrococcales|f__Microbacteriaceae|g__GGB33356|s__GGB33356_SGB54315|t__SGB54315",0,0,NA,FALSE,FALSE,FALSE,NA,"HMP1-2 taxonomy oral"
