"feature","positive_samples","prevalence","nonzero_mean_relative_abundance","prevalence_pass","abundance_pass","retained","transformed_sd","dataset"
"k__Bacteria|p__Bacteroidetes|c__Bacteroidia|o__Bacteroidales|f__Bacteroidaceae|g__Bacteroides|s__Bacteroides_cellulosilyticus|t__SGB1844",266,0.485401459854015,0.0198564629952598,TRUE,TRUE,TRUE,0.09341024331141,"HMP1-2 taxonomy stool"
"k__Bacteria|p__Bacteroidetes|c__Bacteroidia|o__Bacteroidales|f__Bacteroidales_unclassified|g__Phocaeicola|s__Phocaeicola_vulgatus|t__SGB1814",492,0.897810218978102,0.159542216618613,TRUE,TRUE,TRUE,0.206939532468563,"HMP1-2 taxonomy stool"
"k__Bacteria|p__Bacteroidetes|c__Bacteroidia|o__Bacteroidales|f__Tannerellaceae|g__Parabacteroides|s__Parabacteroides_merdae|t__SGB1949",370,0.675182481751825,0.0298093105419039,TRUE,TRUE,TRUE,0.0825403051922126,"HMP1-2 taxonomy stool"
"k__Bacteria|p__Firmicutes|c__Clostridia|o__Clostridiales|f__Ruminococcaceae|g__Ruminococcaceae_unclassified|s__Ruminococcaceae_bacterium|t__SGB4247",43,0.0784671532846715,0.0136432633108558,FALSE,TRUE,FALSE,NA,"HMP1-2 taxonomy stool"
"k__Bacteria|p__Bacteroidetes|c__Bacteroidia|o__Bacteroidales|f__Bacteroidales_unclassified|g__Bacteroidales_unclassified|s__Bacteroidales_bacterium|t__SGB2118",3,0.00547445255474453,0.0595261611971232,FALSE,TRUE,FALSE,NA,"HMP1-2 taxonomy stool"
"k__Bacteria|p__Bacteroidetes|c__Bacteroidia|o__Bacteroidales|f__Tannerellaceae|g__Parabacteroides|s__Parabacteroides_distasonis|t__SGB1934",426,0.777372262773723,0.0190431369281667,TRUE,TRUE,TRUE,0.0739018469025306,"HMP1-2 taxonomy stool"
"k__Bacteria|p__Bacteroidetes|c__Bacteroidia|o__Bacteroidales|f__Bacteroidaceae|g__Bacteroides|s__Bacteroides_ovatus|t__SGB1871",513,0.936131386861314,0.0707544210496663,TRUE,TRUE,TRUE,0.184332108377384,"HMP1-2 taxonomy stool"
"k__Bacteria|p__Bacteroidetes|c__Bacteroidia|o__Bacteroidales|f__Muribaculaceae|g__GGB1511|s__GGB1511_SGB2091|t__SGB2091",6,0.0109489051094891,0.047914502121577,FALSE,TRUE,FALSE,NA,"HMP1-2 taxonomy stool"
"k__Bacteria|p__Bacteroidetes|c__Bacteroidia|o__Bacteroidales|f__Bacteroidaceae|g__Bacteroides|s__Bacteroides_caccae|t__SGB1877",350,0.638686131386861,0.0293899629164487,TRUE,TRUE,TRUE,0.105653544648978,"HMP1-2 taxonomy stool"
"k__Bacteria|p__Firmicutes|c__Clostridia|o__Clostridia_unclassified|f__Clostridia_unclassified|g__GGB4569|s__GGB4569_SGB6310|t__SGB6310",14,0.0255474452554745,0.0193816731621882,FALSE,TRUE,FALSE,NA,"HMP1-2 taxonomy stool"
"k__Bacteria|p__Bacteroidetes|c__Bacteroidia|o__Bacteroidales|f__Rikenellaceae|g__Alistipes|s__Alistipes_putredinis|t__SGB2318",420,0.766423357664234,0.0532280366414404,TRUE,TRUE,TRUE,0.107537251820925,"HMP1-2 taxonomy stool"
"k__Bacteria|p__Proteobacteria|c__Betaproteobacteria|o__Burkholderiales|f__Sutterellaceae|g__Parasutterella|s__Parasutterella_excrementihominis|t__SGB9262",335,0.611313868613139,0.00301471219064233,TRUE,TRUE,TRUE,0.0358905660306787,"HMP1-2 taxonomy stool"
"k__Bacteria|p__Bacteroidetes|c__Bacteroidia|o__Bacteroidales|f__Bacteroidales_unclassified|g__Bacteroidales_unclassified|s__Bacteroidales_bacterium|t__SGB1964",8,0.0145985401459854,0.038220874771132,FALSE,TRUE,FALSE,NA,"HMP1-2 taxonomy stool"
"k__Bacteria|p__Firmicutes|c__Negativicutes|o__Acidaminococcales|f__Acidaminococcaceae|g__GGB4239|s__GGB4239_SGB5731|t__SGB5731",20,0.0364963503649635,0.0140834260247357,FALSE,TRUE,FALSE,NA,"HMP1-2 taxonomy stool"
"k__Bacteria|p__Bacteroidetes|c__Bacteroidia|o__Bacteroidales|f__Bacteroidales_unclassified|g__Bacteroidales_unclassified|s__Bacteroidales_bacterium|t__SGB2120",3,0.00547445255474453,0.016371197502521,FALSE,TRUE,FALSE,NA,"HMP1-2 taxonomy stool"
"k__Bacteria|p__Bacteroidetes|c__Bacteroidia|o__Bacteroidales|f__Rikenellaceae|g__Alistipes|s__Alistipes_finegoldii|t__SGB2301",351,0.64051094890511,0.0139424144158054,TRUE,TRUE,TRUE,0.0789361087764338,"HMP1-2 taxonomy stool"
"k__Bacteria|p__Bacteroidetes|c__Bacteroidia|o__Bacteroidales|f__Rikenellaceae|g__Alistipes|s__Alistipes_shahii|t__SGB2295",378,0.68978102189781,0.0171879512821145,TRUE,TRUE,TRUE,0.0631309077597068,"HMP1-2 taxonomy stool"
"k__Bacteria|p__Firmicutes|c__Clostridia|o__Clostridiales|f__Ruminococcaceae|g__Ruminococcaceae_unclassified|s__Ruminococcaceae_bacterium|t__SGB15356",101,0.184306569343066,0.00751319938209332,TRUE,TRUE,TRUE,0.0450740540591213,"HMP1-2 taxonomy stool"
"k__Bacteria|p__Bacteroidetes|c__Bacteroidia|o__Bacteroidales|f__Bacteroidales_unclassified|g__Bacteroidales_unclassified|s__Bacteroidales_bacterium|t__SGB2093",3,0.00547445255474453,0.00904609925809716,FALSE,TRUE,FALSE,NA,"HMP1-2 taxonomy stool"
"k__Bacteria|p__Firmicutes|c__Clostridia|o__Clostridiales|f__Oscillospiraceae|g__Oscillibacter|s__Oscillibacter_sp_ER4|t__SGB15254",327,0.596715328467153,0.0117166280852095,TRUE,TRUE,TRUE,0.0528577193877575,"HMP1-2 taxonomy stool"
"k__Bacteria|p__Bacteroidetes|c__Bacteroidia|o__Bacteroidales|f__Bacteroidales_unclassified|g__Bacteroidales_unclassified|s__Bacteroidales_bacterium|t__SGB2161",3,0.00547445255474453,0.00951086532423392,FALSE,TRUE,FALSE,NA,"HMP1-2 taxonomy stool"
"k__Bacteria|p__Firmicutes|c__Clostridia|o__Clostridia_unclassified|f__Clostridia_unclassified|g__Clostridia_unclassified|s__Clostridia_bacterium|t__SGB4406",13,0.0237226277372263,0.00164965371368935,FALSE,TRUE,FALSE,NA,"HMP1-2 taxonomy stool"
"k__Bacteria|p__Firmicutes|c__Clostridia|o__Clostridiales|f__Ruminococcaceae|g__Ruminococcaceae_unclassified|s__Ruminococcaceae_unclassified_SGB4191|t__SGB4191",132,0.240875912408759,0.00420247669849728,TRUE,TRUE,TRUE,0.0378923845765957,"HMP1-2 taxonomy stool"
"k__Bacteria|p__Firmicutes|c__Clostridia|o__Clostridiales|f__Ruminococcaceae|g__Ruminococcus|s__Ruminococcus_bicirculans|t__SGB4262",379,0.691605839416058,0.0270656917641018,TRUE,TRUE,TRUE,0.131393500034597,"HMP1-2 taxonomy stool"
"k__Bacteria|p__Firmicutes|c__Clostridia|o__Clostridiales|f__Clostridiaceae|g__Clostridium|s__Clostridium_sp_AF36_4|t__SGB4644",313,0.571167883211679,0.00371178478694367,TRUE,TRUE,TRUE,0.0343369591025952,"HMP1-2 taxonomy stool"
"k__Bacteria|p__Bacteroidetes|c__Bacteroidia|o__Bacteroidales|f__Bacteroidales_unclassified|g__Bacteroidales_unclassified|s__Bacteroidales_bacterium|t__SGB48240",3,0.00547445255474453,0.00609123289459027,FALSE,TRUE,FALSE,NA,"HMP1-2 taxonomy stool"
"k__Bacteria|p__Firmicutes|c__Clostridia|o__Clostridia_unclassified|f__Clostridia_unclassified|g__GGB4596|s__GGB4596_SGB6358|t__SGB6358",24,0.0437956204379562,0.00758996882124554,FALSE,TRUE,FALSE,NA,"HMP1-2 taxonomy stool"
"k__Bacteria|p__Firmicutes|c__Clostridia|o__Clostridia_unclassified|f__Clostridia_unclassified|g__Clostridia_unclassified|s__Clostridia_unclassified_SGB6293|t__SGB6293",28,0.0510948905109489,0.0109284384589223,FALSE,TRUE,FALSE,NA,"HMP1-2 taxonomy stool"
"k__Bacteria|p__Firmicutes|c__Clostridia|o__Clostridia_unclassified|f__Clostridia_unclassified|g__GGB4585|s__GGB4585_SGB6340|t__SGB6340",104,0.18978102189781,0.00619310413447617,TRUE,TRUE,TRUE,0.0461760358199714,"HMP1-2 taxonomy stool"
"k__Bacteria|p__Firmicutes|c__Clostridia|o__Clostridiales|f__Ruminococcaceae|g__Ruminococcaceae_unclassified|s__Ruminococcaceae_bacterium|t__SGB15249",246,0.448905109489051,0.00715935128931504,TRUE,TRUE,TRUE,0.0509758383203028,"HMP1-2 taxonomy stool"
"k__Bacteria|p__Firmicutes|c__Clostridia|o__Clostridia_unclassified|f__Clostridia_unclassified|g__Clostridia_unclassified|s__Clostridia_bacterium|t__SGB14109",7,0.0127737226277372,0.00155562863212149,FALSE,TRUE,FALSE,NA,"HMP1-2 taxonomy stool"
"k__Bacteria|p__Firmicutes|c__Clostridia|o__Clostridia_unclassified|f__Clostridia_unclassified|g__Clostridia_unclassified|s__Clostridia_bacterium|t__SGB14005",9,0.0164233576642336,0.00509385828585674,FALSE,TRUE,FALSE,NA,"HMP1-2 taxonomy stool"
"k__Bacteria|p__Bacteroidetes|c__Bacteroidia|o__Bacteroidales|f__Bacteroidales_unclassified|g__Bacteroidales_unclassified|s__Bacteroidales_bacterium|t__SGB48260",3,0.00547445255474453,0.00321919983324014,FALSE,TRUE,FALSE,NA,"HMP1-2 taxonomy stool"
"k__Bacteria|p__Bacteroidetes|c__Bacteroidia|o__Bacteroidales|f__Bacteroidales_unclassified|g__Bacteroidales_unclassified|s__Bacteroidales_bacterium|t__SGB2111",5,0.00912408759124088,0.00358188047565652,FALSE,TRUE,FALSE,NA,"HMP1-2 taxonomy stool"
"k__Bacteria|p__Bacteroidetes|c__Bacteroidia|o__Bacteroidales|f__Bacteroidales_unclassified|g__Bacteroidales_unclassified|s__Bacteroidales_bacterium|t__SGB48242",3,0.00547445255474453,0.00721806544043374,FALSE,TRUE,FALSE,NA,"HMP1-2 taxonomy stool"
"k__Bacteria|p__Firmicutes|c__Clostridia|o__Clostridiales|f__Lachnospiraceae|g__GGB3746|s__GGB3746_SGB5089|t__SGB5089",256,0.467153284671533,0.00116123083244837,TRUE,TRUE,TRUE,0.0219653414916495,"HMP1-2 taxonomy stool"
"k__Bacteria|p__Firmicutes|c__Clostridia|o__Clostridiales|f__Lachnospiraceae|g__Lachnospira|s__Lachnospira_pectinoschiza|t__SGB5075_group",265,0.483576642335766,0.00298267032080439,TRUE,TRUE,TRUE,0.0302285798968349,"HMP1-2 taxonomy stool"
"k__Bacteria|p__Firmicutes|c__Clostridia|o__Clostridia_unclassified|f__Clostridia_unclassified|g__GGB9176|s__GGB9176_SGB14114|t__SGB14114",84,0.153284671532847,0.0121217321995374,TRUE,TRUE,TRUE,0.058991932738215,"HMP1-2 taxonomy stool"
"k__Bacteria|p__Firmicutes|c__Clostridia|o__Clostridiales|f__Lachnospiraceae|g__Roseburia|s__Roseburia_intestinalis|t__SGB4951",388,0.708029197080292,0.00362312622057353,TRUE,TRUE,TRUE,0.0369048181411621,"HMP1-2 taxonomy stool"
"k__Bacteria|p__Bacteroidetes|c__Bacteroidia|o__Bacteroidales|f__Bacteroidales_unclassified|g__Bacteroidales_unclassified|s__Bacteroidales_bacterium|t__SGB2103",5,0.00912408759124088,0.00335930025496441,FALSE,TRUE,FALSE,NA,"HMP1-2 taxonomy stool"
"k__Bacteria|p__Bacteroidetes|c__Bacteroidia|o__Bacteroidales|f__Bacteroidales_unclassified|g__GGB1548|s__GGB1548_SGB2132|t__SGB2132",8,0.0145985401459854,0.00233267562529678,FALSE,TRUE,FALSE,NA,"HMP1-2 taxonomy stool"
"k__Bacteria|p__Bacteroidetes|c__CFGB640|o__OFGB640|f__FGB640|g__GGB1566|s__GGB1566_SGB2153|t__SGB2153",9,0.0164233576642336,0.00191042237307458,FALSE,TRUE,FALSE,NA,"HMP1-2 taxonomy stool"
"k__Bacteria|p__Bacteroidetes|c__Bacteroidia|o__Bacteroidales|f__Bacteroidales_unclassified|g__Bacteroidales_unclassified|s__Bacteroidales_bacterium|t__SGB2122",3,0.00547445255474453,0.00438379913522365,FALSE,TRUE,FALSE,NA,"HMP1-2 taxonomy stool"
"k__Bacteria|p__Firmicutes|c__Bacilli|o__Bacilli_unclassified|f__Bacilli_unclassified|g__Bacilli_unclassified|s__Bacilli_unclassified_SGB6473|t__SGB6473",82,0.14963503649635,0.00745649426694875,TRUE,TRUE,TRUE,0.0509089453428865,"HMP1-2 taxonomy stool"
"k__Bacteria|p__Bacteroidetes|c__Bacteroidia|o__Bacteroidales|f__Bacteroidales_unclassified|g__GGB1573|s__GGB1573_SGB2160|t__SGB2160",3,0.00547445255474453,0.00141706663521673,FALSE,TRUE,FALSE,NA,"HMP1-2 taxonomy stool"
"k__Bacteria|p__Firmicutes|c__Clostridia|o__Clostridiales|f__Ruminococcaceae|g__Faecalibacterium|s__Faecalibacterium_prausnitzii|t__SGB15322",37,0.0675182481751825,0.00759300817859079,FALSE,TRUE,FALSE,NA,"HMP1-2 taxonomy stool"
"k__Bacteria|p__Bacteroidetes|c__Bacteroidia|o__Bacteroidales|f__Odoribacteraceae|g__Butyricimonas|s__Butyricimonas_paravirosa|t__SGB1785",97,0.177007299270073,0.0030647724049994,TRUE,TRUE,TRUE,0.0275705758739096,"HMP1-2 taxonomy stool"
"k__Bacteria|p__Firmicutes|c__Clostridia|o__Clostridiales|f__Ruminococcaceae|g__Faecalibacterium|s__Faecalibacterium_prausnitzii|t__SGB15332_group",387,0.706204379562044,0.00968909465284249,TRUE,TRUE,TRUE,0.0589173928233622,"HMP1-2 taxonomy stool"
"k__Bacteria|p__Firmicutes|c__CFGB1677|o__OFGB1677|f__FGB1677|g__GGB4197|s__GGB4197_SGB5684|t__SGB5684",9,0.0164233576642336,0.00974471448830056,FALSE,TRUE,FALSE,NA,"HMP1-2 taxonomy stool"
"k__Bacteria|p__Firmicutes|c__Bacilli|o__Bacilli_unclassified|f__Bacilli_unclassified|g__Bacilli_unclassified|s__Bacilli_unclassified_SGB6540|t__SGB6540",23,0.041970802919708,0.00203426952328906,FALSE,TRUE,FALSE,NA,"HMP1-2 taxonomy stool"
"k__Bacteria|p__Bacteroidetes|c__Bacteroidia|o__Bacteroidales|f__Odoribacteraceae|g__Odoribacter|s__Odoribacter_splanchnicus|t__SGB1790",392,0.715328467153285,0.00785093398159554,TRUE,TRUE,TRUE,0.0332576248269163,"HMP1-2 taxonomy stool"
"k__Bacteria|p__Firmicutes|c__Firmicutes_unclassified|o__Firmicutes_unclassified|f__Firmicutes_unclassified|g__Firmicutes_unclassified|s__Firmicutes_bacterium_AF16_15|t__SGB4993",436,0.795620437956204,0.00409667914783573,TRUE,TRUE,TRUE,0.0406075255781738,"HMP1-2 taxonomy stool"
"k__Bacteria|p__Firmicutes|c__Clostridia|o__Clostridiales|f__Clostridiales_unclassified|g__Clostridiales_unclassified|s__Clostridiales_bacterium_KLE1615|t__SGB5090_group",394,0.718978102189781,0.000869053557198984,TRUE,TRUE,TRUE,0.0175710478075201,"HMP1-2 taxonomy stool"
"k__Bacteria|p__Bacteroidetes|c__Bacteroidia|o__Bacteroidales|f__Rikenellaceae|g__Alistipes|s__Alistipes_communis|t__SGB2290",284,0.518248175182482,0.00732544228159714,TRUE,TRUE,TRUE,0.0454365205017631,"HMP1-2 taxonomy stool"
"k__Bacteria|p__Bacteroidetes|c__Bacteroidia|o__Bacteroidales|f__Bacteroidales_unclassified|g__Bacteroidales_unclassified|s__Bacteroidales_bacterium|t__SGB2133",10,0.0182481751824818,0.00473375951978876,FALSE,TRUE,FALSE,NA,"HMP1-2 taxonomy stool"
"k__Bacteria|p__Bacteroidetes|c__Bacteroidia|o__Bacteroidales|f__Bacteroidales_unclassified|g__Bacteroidales_unclassified|s__Bacteroidales_bacterium|t__SGB2128",5,0.00912408759124088,0.00290368062217034,FALSE,TRUE,FALSE,NA,"HMP1-2 taxonomy stool"
"k__Bacteria|p__Firmicutes|c__Clostridia|o__Clostridia_unclassified|f__Clostridia_unclassified|g__Clostridia_unclassified|s__Clostridia_bacterium|t__SGB13981",174,0.317518248175182,0.00076891094469706,TRUE,TRUE,TRUE,0.0166953583298301,"HMP1-2 taxonomy stool"
"k__Bacteria|p__Firmicutes|c__Clostridia|o__Clostridia_unclassified|f__Clostridia_unclassified|g__Clostridia_unclassified|s__Clostridia_bacterium|t__SGB5184",190,0.346715328467153,0.000724102128721208,TRUE,TRUE,TRUE,0.0144674679691187,"HMP1-2 taxonomy stool"
"k__Bacteria|p__Bacteroidetes|c__CFGB636|o__OFGB636|f__FGB636|g__GGB1554|s__GGB1554_SGB2141|t__SGB2141",6,0.0109489051094891,0.000591933269596703,FALSE,TRUE,FALSE,NA,"HMP1-2 taxonomy stool"
"k__Bacteria|p__Bacteroidetes|c__Bacteroidia|o__Bacteroidales|f__Bacteroidales_unclassified|g__Bacteroidales_unclassified|s__Bacteroidales_bacterium|t__SGB2124",4,0.0072992700729927,0.0461984772877264,FALSE,TRUE,FALSE,NA,"HMP1-2 taxonomy stool"
"k__Bacteria|p__Firmicutes|c__Clostridia|o__Clostridia_unclassified|f__Clostridia_unclassified|g__Clostridia_unclassified|s__Clostridia_unclassified_SGB4367|t__SGB4367",116,0.211678832116788,0.00911061468563127,TRUE,TRUE,TRUE,0.0706223706072311,"HMP1-2 taxonomy stool"
"k__Bacteria|p__Bacteroidetes|c__Bacteroidia|o__Bacteroidales|f__Rikenellaceae|g__Alistipes|s__Alistipes_ihumii|t__SGB2328",214,0.39051094890511,0.00273160103762865,TRUE,TRUE,TRUE,0.0282054330078081,"HMP1-2 taxonomy stool"
"k__Bacteria|p__Proteobacteria|c__Alphaproteobacteria|o__Alphaproteobacteria_unclassified|f__Alphaproteobacteria_unclassified|g__Alphaproteobacteria_unclassified|s__Alphaproteobacteria_bacterium|t__SGB9305",2,0.00364963503649635,0.000781099991440031,FALSE,TRUE,FALSE,NA,"HMP1-2 taxonomy stool"
"k__Bacteria|p__Firmicutes|c__Clostridia|o__Clostridiales|f__Clostridiales_unclassified|g__Clostridiales_unclassified|s__Clostridiales_bacterium|t__SGB15143",448,0.817518248175182,0.000769604038200683,TRUE,TRUE,TRUE,0.011934732906056,"HMP1-2 taxonomy stool"
"k__Bacteria|p__Verrucomicrobia|c__Verrucomicrobiae|o__Verrucomicrobiales|f__Akkermansiaceae|g__Akkermansia|s__Akkermansia_muciniphila|t__SGB9226",209,0.381386861313869,0.0208245300852042,TRUE,TRUE,TRUE,0.109685711639182,"HMP1-2 taxonomy stool"
"k__Bacteria|p__Firmicutes|c__Clostridia|o__Clostridiales|f__Lachnospiraceae|g__Anaerotignum|s__Anaerotignum_faecicola|t__SGB5190",272,0.496350364963504,0.000786752226001282,TRUE,TRUE,TRUE,0.0149419096297095,"HMP1-2 taxonomy stool"
"k__Bacteria|p__Firmicutes|c__Clostridia|o__Clostridiales|f__Ruminococcaceae|g__GGB9707|s__GGB9707_SGB15229|t__SGB15229",198,0.361313868613139,0.000541630302061114,TRUE,TRUE,TRUE,0.0126042446093208,"HMP1-2 taxonomy stool"
"k__Bacteria|p__Firmicutes|c__Clostridia|o__Clostridiales|f__Lachnospiraceae|g__Lachnospiraceae_unclassified|s__Eubacterium_rectale|t__SGB4933_group",515,0.93978102189781,0.0182945690846481,TRUE,TRUE,TRUE,0.0787596978002505,"HMP1-2 taxonomy stool"
"k__Bacteria|p__Firmicutes|c__Clostridia|o__Clostridiales|f__Lachnospiraceae|g__Coprococcus|s__Coprococcus_eutactus|t__SGB5117",135,0.246350364963504,0.00406961334912527,TRUE,TRUE,TRUE,0.0416902080586331,"HMP1-2 taxonomy stool"
"k__Bacteria|p__Firmicutes|c__Clostridia|o__Clostridia_unclassified|f__Clostridia_unclassified|g__Clostridia_unclassified|s__Clostridia_bacterium|t__SGB3952",147,0.268248175182482,0.000553866654483736,TRUE,TRUE,TRUE,0.0108495712951481,"HMP1-2 taxonomy stool"
"k__Bacteria|p__Firmicutes|c__Clostridia|o__Clostridiales|f__Lachnospiraceae|g__Lachnospiraceae_unclassified|s__Lachnospiraceae_bacterium|t__SGB4963",115,0.20985401459854,0.000220836535401249,TRUE,TRUE,TRUE,0.00941969151428711,"HMP1-2 taxonomy stool"
"k__Bacteria|p__Firmicutes|c__Clostridia|o__Clostridiales|f__Lachnospiraceae|g__Roseburia|s__Roseburia_hominis|t__SGB4936",437,0.797445255474453,0.00122152467805814,TRUE,TRUE,TRUE,0.0218932044921489,"HMP1-2 taxonomy stool"
"k__Bacteria|p__Firmicutes|c__Clostridia|o__Clostridiales|f__Ruminococcaceae|g__GGB9635|s__GGB9635_SGB15103|t__SGB15103",22,0.0401459854014599,0.00286004732240502,FALSE,TRUE,FALSE,NA,"HMP1-2 taxonomy stool"
"k__Bacteria|p__Bacteroidetes|c__Bacteroidia|o__Bacteroidales|f__Bacteroidaceae|g__Bacteroides|s__Bacteroides_fragilis|t__SGB1855_group",283,0.516423357664234,0.0158074697516316,TRUE,TRUE,TRUE,0.0863466684330465,"HMP1-2 taxonomy stool"
"k__Bacteria|p__Firmicutes|c__Clostridia|o__Clostridiales|f__Ruminococcaceae|g__GGB9615|s__GGB9615_SGB15053|t__SGB15053_group",376,0.686131386861314,0.00542511691666857,TRUE,TRUE,TRUE,0.0360530309707086,"HMP1-2 taxonomy stool"
"k__Bacteria|p__Firmicutes|c__Clostridia|o__Clostridia_unclassified|f__Clostridia_unclassified|g__Clostridia_unclassified|s__Clostridia_bacterium|t__SGB14182",91,0.166058394160584,0.00105502120681467,TRUE,TRUE,TRUE,0.0213946066650688,"HMP1-2 taxonomy stool"
"k__Bacteria|p__Firmicutes|c__Clostridia|o__Clostridia_unclassified|f__Clostridia_unclassified|g__Candidatus_Heteroclostridium|s__Candidatus_Heteroclostridium_caecigallinarum|t__SGB61601",27,0.0492700729927007,0.000200918517104857,FALSE,TRUE,FALSE,NA,"HMP1-2 taxonomy stool"
"k__Bacteria|p__Firmicutes|c__Clostridia|o__Clostridiales|f__Lachnospiraceae|g__Lachnospiraceae_unclassified|s__Lachnospiraceae_bacterium|t__SGB4638",85,0.155109489051095,0.00114921537333206,TRUE,TRUE,TRUE,0.0216196394306322,"HMP1-2 taxonomy stool"
"k__Bacteria|p__Firmicutes|c__Clostridia|o__Clostridiales|f__Oscillospiraceae|g__Dysosmobacter|s__Dysosmobacter_welbionis|t__SGB15078",530,0.967153284671533,0.00297115287589167,TRUE,TRUE,TRUE,0.0292115288902631,"HMP1-2 taxonomy stool"
"k__Bacteria|p__Firmicutes|c__Clostridia|o__Clostridiales|f__Ruminococcaceae|g__Gemmiger|s__Gemmiger_formicilis|t__SGB15300",417,0.760948905109489,0.00469184536086978,TRUE,TRUE,TRUE,0.0432132017490287,"HMP1-2 taxonomy stool"
"k__Bacteria|p__Firmicutes|c__Bacilli|o__Bacilli_unclassified|f__Bacilli_unclassified|g__Bacilli_unclassified|s__Bacilli_bacterium|t__SGB6447",30,0.0547445255474453,0.00107024322222942,FALSE,TRUE,FALSE,NA,"HMP1-2 taxonomy stool"
"k__Bacteria|p__Bacteroidetes|c__Bacteroidia|o__Bacteroidales|f__Bacteroidales_unclassified|g__Bacteroidales_unclassified|s__Bacteroidales_bacterium|t__SGB2127",4,0.0072992700729927,0.000747724843545053,FALSE,TRUE,FALSE,NA,"HMP1-2 taxonomy stool"
"k__Bacteria|p__Firmicutes|c__Clostridia|o__Clostridia_unclassified|f__Clostridia_unclassified|g__Clostridia_unclassified|s__Clostridia_bacterium|t__SGB47298",6,0.0109489051094891,0.000380933428420035,FALSE,TRUE,FALSE,NA,"HMP1-2 taxonomy stool"
"k__Bacteria|p__Firmicutes|c__Clostridia|o__Clostridiales|f__Eubacteriaceae|g__Eubacterium|s__Eubacterium_ventriosum|t__SGB5045",300,0.547445255474453,0.0013699610045598,TRUE,TRUE,TRUE,0.0199316989379333,"HMP1-2 taxonomy stool"
"k__Bacteria|p__Firmicutes|c__Clostridia|o__Clostridia_unclassified|f__Clostridia_unclassified|g__Clostridia_unclassified|s__Clostridia_bacterium|t__SGB15385",53,0.0967153284671533,0.00108810958432949,FALSE,TRUE,FALSE,NA,"HMP1-2 taxonomy stool"
"k__Bacteria|p__Firmicutes|c__Clostridia|o__Clostridia_unclassified|f__Clostridia_unclassified|g__Clostridia_unclassified|s__Clostridia_bacterium|t__SGB14311",139,0.253649635036496,0.00209307353934493,TRUE,TRUE,TRUE,0.0306199325094216,"HMP1-2 taxonomy stool"
"k__Bacteria|p__Firmicutes|c__Clostridia|o__Clostridia_unclassified|f__Clostridia_unclassified|g__Clostridia_unclassified|s__Clostridia_bacterium|t__SGB14259",75,0.136861313868613,0.000473072026459934,TRUE,TRUE,TRUE,0.0134005473055339,"HMP1-2 taxonomy stool"
"k__Bacteria|p__Firmicutes|c__Clostridia|o__Clostridia_unclassified|f__Clostridia_unclassified|g__Clostridia_unclassified|s__Clostridia_bacterium|t__SGB14042",47,0.0857664233576642,0.00158154678835061,FALSE,TRUE,FALSE,NA,"HMP1-2 taxonomy stool"
"k__Bacteria|p__Candidatus_Melainabacteria|c__Candidatus_Melainabacteria_unclassified|o__Candidatus_Gastranaerophilales|f__Candidatus_Gastranaerophilales_unclassified|g__GGB6007|s__GGB6007_SGB8633|t__SGB8633",7,0.0127737226277372,0.0068109286129002,FALSE,TRUE,FALSE,NA,"HMP1-2 taxonomy stool"
"k__Bacteria|p__Firmicutes|c__Clostridia|o__Clostridiales|f__Ruminococcaceae|g__Ruminococcus|s__Ruminococcus_sp_NSJ_71|t__SGB4290",65,0.118613138686131,0.0165486318727551,TRUE,TRUE,TRUE,0.087596025517512,"HMP1-2 taxonomy stool"
"k__Bacteria|p__Firmicutes|c__CFGB2897|o__OFGB2897|f__FGB2897|g__GGB9209|s__GGB9209_SGB14148|t__SGB14148",29,0.0529197080291971,0.000183448269151072,FALSE,TRUE,FALSE,NA,"HMP1-2 taxonomy stool"
"k__Bacteria|p__Firmicutes|c__Clostridia|o__Clostridia_unclassified|f__Clostridia_unclassified|g__Clostridia_unclassified|s__Clostridia_bacterium|t__SGB14150",65,0.118613138686131,0.00103792618615167,TRUE,TRUE,TRUE,0.018401583421658,"HMP1-2 taxonomy stool"
"k__Bacteria|p__Firmicutes|c__Clostridia|o__Clostridiales|f__Lachnospiraceae|g__Lachnospiraceae_unclassified|s__Lachnospiraceae_bacterium|t__SGB4767",373,0.680656934306569,0.000585882849345332,TRUE,TRUE,TRUE,0.0130422000275869,"HMP1-2 taxonomy stool"
"k__Bacteria|p__Firmicutes|c__Negativicutes|o__Veillonellales|f__Veillonellaceae|g__Dialister|s__Dialister_invisus|t__SGB5825_group",252,0.45985401459854,0.0150230709230692,TRUE,TRUE,TRUE,0.0726506390728692,"HMP1-2 taxonomy stool"
"k__Bacteria|p__Firmicutes|c__Clostridia|o__Clostridiales|f__Lachnospiraceae|g__Lacrimispora|s__Lacrimispora_amygdalina|t__SGB4716",352,0.642335766423358,0.000477980674983725,TRUE,TRUE,TRUE,0.0129236241409079,"HMP1-2 taxonomy stool"
"k__Bacteria|p__Firmicutes|c__Clostridia|o__Clostridiales|f__Clostridiaceae|g__Clostridium|s__Clostridium_sp_AF34_10BH|t__SGB4914",476,0.868613138686131,0.00717543817386569,TRUE,TRUE,TRUE,0.0534095702865392,"HMP1-2 taxonomy stool"
"k__Bacteria|p__Bacteroidetes|c__Bacteroidia|o__Bacteroidales|f__Bacteroidales_unclassified|g__Bacteroidales_unclassified|s__Bacteroidales_unclassified_SGB2164|t__SGB2164",8,0.0145985401459854,0.00101732439087304,FALSE,TRUE,FALSE,NA,"HMP1-2 taxonomy stool"
"k__Bacteria|p__Actinobacteria|c__Coriobacteriia|o__Eggerthellales|f__Eggerthellaceae|g__Slackia|s__Slackia_SGB14778|t__SGB14778",11,0.0200729927007299,0.00015254546762093,FALSE,TRUE,FALSE,NA,"HMP1-2 taxonomy stool"
"k__Bacteria|p__Bacteroidetes|c__Bacteroidia|o__Bacteroidales|f__Bacteroidales_unclassified|g__Bacteroidales_unclassified|s__Bacteroidales_unclassified_SGB2166|t__SGB2166",12,0.0218978102189781,0.00190538275060571,FALSE,TRUE,FALSE,NA,"HMP1-2 taxonomy stool"
"k__Bacteria|p__Bacteroidetes|c__Bacteroidia|o__Bacteroidales|f__Rikenellaceae|g__Alistipes|s__Alistipes_indistinctus|t__SGB2325",261,0.476277372262774,0.0019609843990918,TRUE,TRUE,TRUE,0.0300579951509217,"HMP1-2 taxonomy stool"
"k__Bacteria|p__Firmicutes|c__Clostridia|o__Clostridia_unclassified|f__Clostridia_unclassified|g__Clostridia_unclassified|s__Clostridia_bacterium|t__SGB6388",7,0.0127737226277372,0.00202427134221447,FALSE,TRUE,FALSE,NA,"HMP1-2 taxonomy stool"
"k__Bacteria|p__Firmicutes|c__Clostridia|o__Clostridiales|f__Clostridiaceae|g__Clostridiaceae_unclassified|s__Clostridiaceae_bacterium|t__SGB4269",490,0.894160583941606,0.00129371980043085,TRUE,TRUE,TRUE,0.0206073265818599,"HMP1-2 taxonomy stool"
"k__Bacteria|p__Firmicutes|c__Clostridia|o__Clostridiales|f__Christensenellaceae|g__Christensenellaceae_unclassified|s__Christensenellaceae_bacterium|t__SGB14123",8,0.0145985401459854,0.000113487492371259,FALSE,TRUE,FALSE,NA,"HMP1-2 taxonomy stool"
"k__Bacteria|p__Firmicutes|c__Clostridia|o__Clostridia_unclassified|f__Clostridia_unclassified|g__Clostridia_unclassified|s__Clostridia_bacterium|t__SGB14937",295,0.538321167883212,0.000435133920006403,TRUE,TRUE,TRUE,0.0139281697003217,"HMP1-2 taxonomy stool"
"k__Bacteria|p__Firmicutes|c__Clostridia|o__Clostridiales|f__Ruminococcaceae|g__Faecalibacterium|s__Faecalibacterium_prausnitzii|t__SGB15316_group",470,0.857664233576642,0.00440237136576515,TRUE,TRUE,TRUE,0.0404293163371575,"HMP1-2 taxonomy stool"
"k__Bacteria|p__Proteobacteria|c__Gammaproteobacteria|o__Pasteurellales|f__Pasteurellaceae|g__Haemophilus|s__Haemophilus_parainfluenzae|t__SGB9712_group",364,0.664233576642336,0.000987378211272189,TRUE,TRUE,TRUE,0.0244240238874184,"HMP1-2 taxonomy stool"
"k__Bacteria|p__Bacteroidetes|c__Bacteroidia|o__Bacteroidales|f__Bacteroidales_unclassified|g__Bacteroidales_unclassified|s__Bacteroidales_bacterium|t__SGB2169",6,0.0109489051094891,0.000356299993685013,FALSE,TRUE,FALSE,NA,"HMP1-2 taxonomy stool"
"k__Bacteria|p__Firmicutes|c__Clostridia|o__Clostridiales|f__Eubacteriaceae|g__Eubacterium|s__Eubacterium_ramulus|t__SGB4959",309,0.563868613138686,0.000465523286848909,TRUE,TRUE,TRUE,0.0129130254721549,"HMP1-2 taxonomy stool"
"k__Bacteria|p__Firmicutes|c__Clostridia|o__Clostridiales|f__Clostridiales_unclassified|g__Intestinimonas|s__Intestinimonas_massiliensis|t__SGB15127",154,0.281021897810219,0.000381977290282438,TRUE,TRUE,TRUE,0.0137757398993226,"HMP1-2 taxonomy stool"
"k__Bacteria|p__Firmicutes|c__Clostridia|o__Clostridia_unclassified|f__Clostridia_unclassified|g__GGB3005|s__GGB3005_SGB3996|t__SGB3996",156,0.284671532846715,0.000619440964553798,TRUE,TRUE,TRUE,0.0177102900363864,"HMP1-2 taxonomy stool"
"k__Bacteria|p__Firmicutes|c__Clostridia|o__Clostridiales|f__Ruminococcaceae|g__Ruthenibacterium|s__Ruthenibacterium_lactatiformans|t__SGB15271",506,0.923357664233577,0.00245115357100296,TRUE,TRUE,TRUE,0.0371846671563779,"HMP1-2 taxonomy stool"
"k__Bacteria|p__Firmicutes|c__Clostridia|o__Clostridiales|f__Oscillospiraceae|g__Dysosmobacter|s__Dysosmobacter_sp_NSJ_60|t__SGB15124",416,0.759124087591241,0.000248250727582246,TRUE,TRUE,TRUE,0.00818337662090831,"HMP1-2 taxonomy stool"
"k__Bacteria|p__Firmicutes|c__Clostridia|o__Clostridiales|f__Ruminococcaceae|g__Ruminococcaceae_unclassified|s__Ruminococcaceae_unclassified_SGB15265|t__SGB15265_group",244,0.445255474452555,0.00125200038523502,TRUE,TRUE,TRUE,0.0222601987536213,"HMP1-2 taxonomy stool"
"k__Bacteria|p__Bacteroidetes|c__Bacteroidia|o__Bacteroidales|f__Rikenellaceae|g__GGB27782|s__GGB27782_SGB40196|t__SGB40196",3,0.00547445255474453,0.000583333189976711,FALSE,TRUE,FALSE,NA,"HMP1-2 taxonomy stool"
"k__Bacteria|p__Firmicutes|c__Clostridia|o__Clostridia_unclassified|f__Clostridia_unclassified|g__Clostridia_unclassified|s__Clostridia_bacterium|t__SGB14020",52,0.0948905109489051,0.00101434427415974,FALSE,TRUE,FALSE,NA,"HMP1-2 taxonomy stool"
"k__Bacteria|p__Firmicutes|c__Clostridia|o__Clostridiales|f__Lachnospiraceae|g__Anaerostipes|s__Anaerostipes_hadrus|t__SGB4540_group",440,0.802919708029197,0.000914418147700177,TRUE,TRUE,TRUE,0.020562735211034,"HMP1-2 taxonomy stool"
"k__Bacteria|p__Firmicutes|c__Erysipelotrichia|o__Erysipelotrichales|f__Erysipelotrichaceae|g__Erysipelatoclostridium|s__Clostridium_saccharogumia|t__SGB6749",24,0.0437956204379562,0.000163583302602106,FALSE,TRUE,FALSE,NA,"HMP1-2 taxonomy stool"
"k__Bacteria|p__Firmicutes|c__Clostridia|o__Clostridiales|f__Lachnospiraceae|g__Lachnospira|s__Lachnospira_eligens|t__SGB5082_group",409,0.746350364963504,0.00451056701913844,TRUE,TRUE,TRUE,0.038696237462064,"HMP1-2 taxonomy stool"
"k__Bacteria|p__Firmicutes|c__Clostridia|o__Clostridiales|f__Ruminococcaceae|g__Ruminococcaceae_unclassified|s__Ruminococcaceae_bacterium|t__SGB4184",46,0.083941605839416,0.00136575650136626,FALSE,TRUE,FALSE,NA,"HMP1-2 taxonomy stool"
"k__Bacteria|p__Firmicutes|c__Clostridia|o__Clostridiales|f__Clostridiaceae|g__Clostridiaceae_unclassified|s__Clostridiaceae_bacterium|t__SGB4770",242,0.441605839416058,0.000190926448594413,TRUE,TRUE,TRUE,0.00677241010353051,"HMP1-2 taxonomy stool"
"k__Bacteria|p__Firmicutes|c__Clostridia|o__Clostridiales|f__Lachnospiraceae|g__Fusicatenibacter|s__Fusicatenibacter_saccharivorans|t__SGB4874",471,0.85948905109489,0.0017562108319327,TRUE,TRUE,TRUE,0.0268943804514239,"HMP1-2 taxonomy stool"
"k__Bacteria|p__Firmicutes|c__Clostridia|o__Clostridiales|f__Lachnospiraceae|g__Blautia|s__Blautia_faecis|t__SGB4820",452,0.824817518248175,0.000773751528529612,TRUE,TRUE,TRUE,0.0177238026061104,"HMP1-2 taxonomy stool"
"k__Bacteria|p__Firmicutes|c__Clostridia|o__Clostridia_unclassified|f__Clostridia_unclassified|g__Candidatus_Pseudoscilispira|s__Candidatus_Pseudoscilispira_faecavium|t__SGB63239",26,0.0474452554744526,9.04115463350114e-05,FALSE,FALSE,FALSE,NA,"HMP1-2 taxonomy stool"
"k__Bacteria|p__Firmicutes|c__Clostridia|o__Clostridiales|f__Eubacteriaceae|g__Eubacterium|s__Eubacterium_sp_AM28_29|t__SGB6796_group",67,0.122262773722628,0.00205694047617644,TRUE,TRUE,TRUE,0.0246906200339116,"HMP1-2 taxonomy stool"
"k__Bacteria|p__Firmicutes|c__Clostridia|o__Clostridiales|f__Ruminococcaceae|g__Candidatus_Cibiobacter|s__Candidatus_Cibiobacter_qucibialis|t__SGB15286",446,0.813868613138686,0.0063458093590155,TRUE,TRUE,TRUE,0.0482797124923947,"HMP1-2 taxonomy stool"
"k__Bacteria|p__Firmicutes|c__Clostridia|o__Clostridiales|f__Ruminococcaceae|g__GGB9633|s__GGB9633_SGB15091|t__SGB15091",135,0.246350364963504,0.00507525642645976,TRUE,TRUE,TRUE,0.0494836288741357,"HMP1-2 taxonomy stool"
"k__Bacteria|p__Firmicutes|c__Clostridia|o__Clostridiales|f__Lachnospiraceae|g__Dorea|s__Dorea_formicigenerans|t__SGB4575",453,0.826642335766423,0.000725291619695261,TRUE,TRUE,TRUE,0.0137728131099809,"HMP1-2 taxonomy stool"
"k__Bacteria|p__Firmicutes|c__Clostridia|o__Clostridia_unclassified|f__Clostridia_unclassified|g__Clostridia_unclassified|s__Clostridia_unclassified_SGB6276|t__SGB6276",127,0.231751824817518,0.00733597005799346,TRUE,TRUE,TRUE,0.0530554095189175,"HMP1-2 taxonomy stool"
"k__Bacteria|p__Firmicutes|c__Bacilli|o__Lactobacillales|f__Streptococcaceae|g__Streptococcus|s__Streptococcus_parasanguinis|t__SGB8071",253,0.461678832116788,0.000860178445648929,TRUE,TRUE,TRUE,0.0269479690184972,"HMP1-2 taxonomy stool"
"k__Bacteria|p__Firmicutes|c__Clostridia|o__Clostridia_unclassified|f__Clostridia_unclassified|g__Clostridia_unclassified|s__Clostridia_bacterium|t__SGB15382",77,0.140510948905109,0.000148301307253009,TRUE,TRUE,TRUE,0.00683032188752032,"HMP1-2 taxonomy stool"
"k__Bacteria|p__Firmicutes|c__Clostridia|o__Clostridiales|f__Ruminococcaceae|g__Pseudoruminococcus|s__Pseudoruminococcus_massiliensis|t__SGB4280",44,0.0802919708029197,0.0035639423305117,FALSE,TRUE,FALSE,NA,"HMP1-2 taxonomy stool"
"k__Bacteria|p__Firmicutes|c__Clostridia|o__Clostridiales|f__Ruminococcaceae|g__Ruminococcaceae_unclassified|s__Ruminococcaceae_unclassified_SGB15236|t__SGB15236",200,0.364963503649635,0.00147014909489512,TRUE,TRUE,TRUE,0.0257918319605971,"HMP1-2 taxonomy stool"
"k__Bacteria|p__Firmicutes|c__Clostridia|o__Clostridiales|f__Ruminococcaceae|g__Faecalibacterium|s__Faecalibacterium_prausnitzii|t__SGB15342",472,0.861313868613139,0.00628788626052335,TRUE,TRUE,TRUE,0.0502459752348015,"HMP1-2 taxonomy stool"
"k__Bacteria|p__Firmicutes|c__Clostridia|o__Clostridia_unclassified|f__Clostridia_unclassified|g__Clostridia_unclassified|s__Clostridia_bacterium|t__SGB6320",35,0.0638686131386861,0.00230072549046763,FALSE,TRUE,FALSE,NA,"HMP1-2 taxonomy stool"
"k__Bacteria|p__Firmicutes|c__Clostridia|o__Clostridiales|f__Lachnospiraceae|g__Lachnospiraceae_unclassified|s__Lachnospiraceae_bacterium|t__SGB4706",202,0.368613138686131,0.000185011886573995,TRUE,TRUE,TRUE,0.00733277521348231,"HMP1-2 taxonomy stool"
"k__Bacteria|p__Firmicutes|c__Clostridia|o__Clostridia_unclassified|f__Clostridia_unclassified|g__Candidatus_Woodwardibium|s__Candidatus_Woodwardibium_gallinarum|t__SGB14953",47,0.0857664233576642,0.000710842665472267,FALSE,TRUE,FALSE,NA,"HMP1-2 taxonomy stool"
"k__Bacteria|p__Firmicutes|c__CFGB9830|o__OFGB9830|f__FGB9830|g__GGB29535|s__GGB29535_SGB42321|t__SGB42321",83,0.151459854014599,0.000174867454130517,TRUE,TRUE,TRUE,0.00824303943414535,"HMP1-2 taxonomy stool"
"k__Bacteria|p__Bacteroidetes|c__Bacteroidia|o__Bacteroidales|f__Bacteroidales_unclassified|g__GGB1530|s__GGB1530_SGB2113|t__SGB2113",3,0.00547445255474453,0.000102866651076672,FALSE,TRUE,FALSE,NA,"HMP1-2 taxonomy stool"
"k__Bacteria|p__Firmicutes|c__Clostridia|o__Clostridiales|f__Ruminococcaceae|g__GGB9730|s__GGB9730_SGB15291|t__SGB15291",150,0.273722627737226,0.000536229360930351,TRUE,TRUE,TRUE,0.0143207999659697,"HMP1-2 taxonomy stool"
"k__Bacteria|p__Firmicutes|c__Clostridia|o__Clostridia_unclassified|f__Clostridia_unclassified|g__Clostridia_unclassified|s__Clostridia_bacterium|t__SGB14048",58,0.105839416058394,0.000663017190569904,TRUE,TRUE,TRUE,0.0153024846854964,"HMP1-2 taxonomy stool"
"k__Bacteria|p__Firmicutes|c__Negativicutes|o__Veillonellales|f__Veillonellaceae|g__Veillonella|s__Veillonella_atypica|t__SGB6936",125,0.228102189781022,0.000871586972162618,TRUE,TRUE,TRUE,0.0266930470723426,"HMP1-2 taxonomy stool"
"k__Bacteria|p__Firmicutes|c__Clostridia|o__Clostridiales|f__Lachnospiraceae|g__Lachnospiraceae_unclassified|s__Lachnospiraceae_bacterium_WCA3_601_WT_6H|t__SGB4910",349,0.636861313868613,0.0035294606404374,TRUE,TRUE,TRUE,0.0436606435185575,"HMP1-2 taxonomy stool"
"k__Bacteria|p__Firmicutes|c__Clostridia|o__Clostridiales|f__Ruminococcaceae|g__GGB9634|s__GGB9634_SGB15095|t__SGB15095_group",12,0.0218978102189781,0.00848536914811321,FALSE,TRUE,FALSE,NA,"HMP1-2 taxonomy stool"
"k__Bacteria|p__Firmicutes|c__Erysipelotrichia|o__Erysipelotrichales|f__Erysipelotrichaceae|g__Catenibacterium|s__Catenibacterium_sp_AM22_15|t__SGB6783_group",33,0.0602189781021898,0.00163224556470685,FALSE,TRUE,FALSE,NA,"HMP1-2 taxonomy stool"
"k__Bacteria|p__Firmicutes|c__Clostridia|o__Clostridiales|f__Ruminococcaceae|g__Agathobaculum|s__Agathobaculum_butyriciproducens|t__SGB14993_group",379,0.691605839416058,0.000384620582230426,TRUE,TRUE,TRUE,0.0122130797268747,"HMP1-2 taxonomy stool"
"k__Bacteria|p__Firmicutes|c__Negativicutes|o__Veillonellales|f__Veillonellaceae|g__Veillonella|s__Veillonella_dispar|t__SGB6952",209,0.381386861313869,0.00133419710784529,TRUE,TRUE,TRUE,0.0343145243743058,"HMP1-2 taxonomy stool"
"k__Bacteria|p__Firmicutes|c__Clostridia|o__Clostridiales|f__Lachnospiraceae|g__Blautia|s__Blautia_obeum|t__SGB4811_group",371,0.677007299270073,0.000505636641543746,TRUE,TRUE,TRUE,0.0133113749480502,"HMP1-2 taxonomy stool"
"k__Bacteria|p__Firmicutes|c__Clostridia|o__Clostridiales|f__Clostridiales_unclassified|g__Intestinimonas|s__Intestinimonas_gabonensis|t__SGB79840",275,0.501824817518248,7.16890948468123e-05,TRUE,FALSE,FALSE,NA,"HMP1-2 taxonomy stool"
"k__Bacteria|p__Firmicutes|c__Clostridia|o__Clostridia_unclassified|f__Clostridia_unclassified|g__Candidatus_Geddesella|s__Candidatus_Geddesella_stercoravicola|t__SGB14262",82,0.14963503649635,0.000236332952813459,TRUE,TRUE,TRUE,0.00952370714604997,"HMP1-2 taxonomy stool"
"k__Bacteria|p__Firmicutes|c__Clostridia|o__Clostridiales|f__Lachnospiraceae|g__Lachnospiraceae_unclassified|s__Lachnospiraceae_bacterium|t__SGB4780",288,0.525547445255474,0.000180602423564265,TRUE,TRUE,TRUE,0.00739231975059581,"HMP1-2 taxonomy stool"
"k__Bacteria|p__Firmicutes|c__Clostridia|o__Clostridia_unclassified|f__Clostridia_unclassified|g__Clostridia_unclassified|s__Clostridia_bacterium|t__SGB54299",12,0.0218978102189781,0.000499458143970975,FALSE,TRUE,FALSE,NA,"HMP1-2 taxonomy stool"
"k__Bacteria|p__Firmicutes|c__Clostridia|o__Clostridia_unclassified|f__Clostridia_unclassified|g__GGB9532|s__GGB9532_SGB14933|t__SGB14933",72,0.131386861313869,6.8950002553764e-05,TRUE,FALSE,FALSE,NA,"HMP1-2 taxonomy stool"
"k__Bacteria|p__Firmicutes|c__Clostridia|o__Clostridiales|f__Lachnospiraceae|g__Blautia|s__Blautia_wexlerae|t__SGB4837_group",531,0.968978102189781,0.00193978704589339,TRUE,TRUE,TRUE,0.023826736451413,"HMP1-2 taxonomy stool"
"k__Bacteria|p__Firmicutes|c__Negativicutes|o__Veillonellales|f__Veillonellaceae|g__Veillonella|s__Veillonella_parvula|t__SGB6939",199,0.363138686131387,0.000655497807403349,TRUE,TRUE,TRUE,0.0218027335790165,"HMP1-2 taxonomy stool"
"k__Bacteria|p__Firmicutes|c__Clostridia|o__Clostridia_unclassified|f__Clostridia_unclassified|g__Clostridia_unclassified|s__Clostridia_bacterium|t__SGB4314",8,0.0145985401459854,0.0003849624789988,FALSE,TRUE,FALSE,NA,"HMP1-2 taxonomy stool"
"k__Bacteria|p__Bacteroidetes|c__Bacteroidia|o__Bacteroidales|f__Bacteroidaceae|g__Bacteroides|s__Bacteroides_intestinalis|t__SGB1846",142,0.259124087591241,0.00800817540917407,TRUE,TRUE,TRUE,0.0695213973115469,"HMP1-2 taxonomy stool"
"k__Bacteria|p__Candidatus_Melainabacteria|c__Candidatus_Melainabacteria_unclassified|o__Candidatus_Gastranaerophilales|f__Candidatus_Gastranaerophilales_unclassified|g__GGB6016|s__GGB6016_SGB8648|t__SGB8648",11,0.0200729927007299,0.00106794559343381,FALSE,TRUE,FALSE,NA,"HMP1-2 taxonomy stool"
"k__Bacteria|p__Firmicutes|c__Clostridia|o__Clostridiales|f__Clostridiales_unclassified|g__Intestinimonas|s__Intestinimonas_butyriciproducens|t__SGB15126",318,0.58029197080292,0.000368905958742162,TRUE,TRUE,TRUE,0.013339388019453,"HMP1-2 taxonomy stool"
"k__Bacteria|p__Firmicutes|c__Clostridia|o__Clostridiales|f__Clostridiaceae|g__Clostridiaceae_unclassified|s__Clostridiaceae_bacterium_NSJ_31|t__SGB14839",116,0.211678832116788,5.8368102498546e-05,TRUE,FALSE,FALSE,NA,"HMP1-2 taxonomy stool"
"k__Bacteria|p__Firmicutes|c__CFGB1302|o__OFGB1302|f__FGB1302|g__GGB3123|s__GGB3123_SGB4135|t__SGB4135",12,0.0218978102189781,0.000309208346890055,FALSE,TRUE,FALSE,NA,"HMP1-2 taxonomy stool"
"k__Bacteria|p__Firmicutes|c__Firmicutes_unclassified|o__Firmicutes_unclassified|f__Firmicutes_unclassified|g__Firmicutes_unclassified|s__Firmicutes_bacterium|t__SGB49188",203,0.37043795620438,0.000257482252803938,TRUE,TRUE,TRUE,0.00844605834501616,"HMP1-2 taxonomy stool"
"k__Bacteria|p__Firmicutes|c__Clostridia|o__Clostridia_unclassified|f__Clostridia_unclassified|g__Clostridia_unclassified|s__Clostridia_bacterium|t__SGB6334",11,0.0200729927007299,0.00114485494914565,FALSE,TRUE,FALSE,NA,"HMP1-2 taxonomy stool"
"k__Bacteria|p__Firmicutes|c__Clostridia|o__Clostridiales|f__Lachnospiraceae|g__Lachnospiraceae_unclassified|s__Lachnospiraceae_bacterium|t__SGB4782",159,0.29014598540146,0.000101811326356258,TRUE,TRUE,TRUE,0.00595061497232596,"HMP1-2 taxonomy stool"
"k__Bacteria|p__Firmicutes|c__Clostridia|o__Clostridiales|f__Clostridiaceae|g__Clostridium|s__Clostridium_sp_AM49_4BH|t__SGB4652",263,0.47992700729927,0.00153657908351308,TRUE,TRUE,TRUE,0.023715141200736,"HMP1-2 taxonomy stool"
"k__Bacteria|p__Bacteria_unclassified|c__Bacteria_unclassified|o__Bacteria_unclassified|f__Bacteria_unclassified|g__Bacteria_unclassified|s__bacterium_0_1xD8_71|t__SGB29428",1,0.00182481751824818,6.20000124000024e-06,FALSE,FALSE,FALSE,NA,"HMP1-2 taxonomy stool"
"k__Bacteria|p__Firmicutes|c__Erysipelotrichia|o__Erysipelotrichales|f__Erysipelotrichaceae|g__Dielma|s__Dielma_fastidiosa|t__SGB4031",146,0.266423357664234,0.000264633594918461,TRUE,TRUE,TRUE,0.0124176503445202,"HMP1-2 taxonomy stool"
"k__Bacteria|p__Bacteroidetes|c__Bacteroidia|o__Bacteroidales|f__Rikenellaceae|g__Alistipes|s__Alistipes_inops|t__SGB2286",66,0.12043795620438,0.0172818799120277,TRUE,TRUE,TRUE,0.0957082367875193,"HMP1-2 taxonomy stool"
"k__Bacteria|p__Firmicutes|c__Clostridia|o__Clostridiales|f__Clostridiales_unclassified|g__Clostridiales_unclassified|s__Clostridiales_bacterium|t__SGB59899",14,0.0255474452554745,7.06499972585734e-05,FALSE,FALSE,FALSE,NA,"HMP1-2 taxonomy stool"
"k__Bacteria|p__Firmicutes|c__Clostridia|o__Clostridiales|f__Ruminococcaceae|g__Faecalibacterium|s__Faecalibacterium_prausnitzii|t__SGB15318_group",403,0.735401459854015,0.00460686403056914,TRUE,TRUE,TRUE,0.0402118945961624,"HMP1-2 taxonomy stool"
"k__Bacteria|p__Firmicutes|c__Clostridia|o__Clostridiales|f__Christensenellaceae|g__Christensenellaceae_unclassified|s__Christensenellaceae_bacterium|t__SGB3813",170,0.31021897810219,0.000169642356504271,TRUE,TRUE,TRUE,0.00898071241534449,"HMP1-2 taxonomy stool"
"k__Bacteria|p__Firmicutes|c__Clostridia|o__Clostridiales|f__Lachnospiraceae|g__Lachnospiraceae_unclassified|s__Lachnospiraceae_bacterium|t__SGB5060",62,0.113138686131387,0.0003908532356133,TRUE,TRUE,TRUE,0.0110638919201605,"HMP1-2 taxonomy stool"
"k__Bacteria|p__Firmicutes|c__Bacilli|o__Lactobacillales|f__Streptococcaceae|g__Streptococcus|s__Streptococcus_salivarius|t__SGB8007_group",200,0.364963503649635,0.000949508807808346,TRUE,TRUE,TRUE,0.02871254057629,"HMP1-2 taxonomy stool"
"k__Bacteria|p__Actinobacteria|c__Actinobacteria|o__Micrococcales|f__Micrococcaceae|g__Rothia|s__Rothia_mucilaginosa|t__SGB16971",41,0.0748175182481752,0.000962136353163006,FALSE,TRUE,FALSE,NA,"HMP1-2 taxonomy stool"
"k__Bacteria|p__Bacteroidetes|c__Bacteroidia|o__Bacteroidales|f__Prevotellaceae|g__Prevotella|s__Prevotella_melaninogenica|t__SGB1552",65,0.118613138686131,0.00226160973105753,TRUE,TRUE,TRUE,0.0460490192396747,"HMP1-2 taxonomy stool"
"k__Bacteria|p__Actinobacteria|c__Actinobacteria|o__Actinomycetales|f__Actinomycetaceae|g__Actinomyces|s__Actinomyces_sp_ICM47|t__SGB17167",52,0.0948905109489051,0.00070301520918432,FALSE,TRUE,FALSE,NA,"HMP1-2 taxonomy stool"
"k__Bacteria|p__Firmicutes|c__Bacilli|o__Lactobacillales|f__Streptococcaceae|g__Streptococcus|s__Streptococcus_sp_263_SSPC|t__SGB8255_group",55,0.10036496350365,0.00119155966192033,TRUE,TRUE,TRUE,0.0327337585667289,"HMP1-2 taxonomy stool"
"k__Bacteria|p__Actinobacteria|c__Actinobacteria|o__Actinomycetales|f__Actinomycetaceae|g__Trueperella|s__Trueperella_pyogenes|t__SGB17137",39,0.0711678832116788,0.000391356316530548,FALSE,TRUE,FALSE,NA,"HMP1-2 taxonomy stool"
"k__Bacteria|p__Actinobacteria|c__Actinobacteria|o__Actinomycetales|f__Actinomycetaceae|g__Actinomyces|s__Actinomyces_graevenitzii|t__SGB17130",38,0.0693430656934307,0.00142406817008406,FALSE,TRUE,FALSE,NA,"HMP1-2 taxonomy stool"
"k__Bacteria|p__Firmicutes|c__Bacilli|o__Lactobacillales|f__Streptococcaceae|g__Streptococcus|s__Streptococcus_infantis|t__SGB8095",83,0.151459854014599,0.000446354089265491,TRUE,TRUE,TRUE,0.0193751057234533,"HMP1-2 taxonomy stool"
"k__Bacteria|p__Firmicutes|c__Bacilli|o__Bacillales|f__Bacillales_unclassified|g__Gemella|s__Gemella_sanguinis|t__SGB7298",10,0.0182481751824818,0.00152124952205621,FALSE,TRUE,FALSE,NA,"HMP1-2 taxonomy stool"
"k__Bacteria|p__Firmicutes|c__Negativicutes|o__Veillonellales|f__Veillonellaceae|g__Veillonella|s__Veillonella_rogosae|t__SGB6956",155,0.282846715328467,0.00032698703368883,TRUE,TRUE,TRUE,0.0143251052284734,"HMP1-2 taxonomy stool"
"k__Bacteria|p__Bacteroidetes|c__Bacteroidia|o__Bacteroidales|f__Prevotellaceae|g__Prevotella|s__Prevotella_salivae|t__SGB1522",7,0.0127737226277372,0.00168864259341877,FALSE,TRUE,FALSE,NA,"HMP1-2 taxonomy stool"
"k__Bacteria|p__Bacteroidetes|c__Bacteroidia|o__Bacteroidales|f__Prevotellaceae|g__Prevotella|s__Prevotella_histicola|t__SGB1543",27,0.0492700729927007,0.00189056656602343,FALSE,TRUE,FALSE,NA,"HMP1-2 taxonomy stool"
"k__Bacteria|p__Firmicutes|c__Clostridia|o__Clostridiales|f__Lachnospiraceae|g__Oribacterium|s__Oribacterium_sinus|t__SGB5273",6,0.0109489051094891,0.00282896539310236,FALSE,TRUE,FALSE,NA,"HMP1-2 taxonomy stool"
"k__Bacteria|p__Proteobacteria|c__Epsilonproteobacteria|o__Campylobacterales|f__Campylobacteraceae|g__Campylobacter|s__Campylobacter_concisus|t__SGB19351",21,0.0383211678832117,0.00279676604588265,FALSE,TRUE,FALSE,NA,"HMP1-2 taxonomy stool"
"k__Bacteria|p__Bacteroidetes|c__Bacteroidia|o__Bacteroidales|f__Prevotellaceae|g__Prevotella|s__Prevotella_nanceiensis|t__SGB1536",23,0.041970802919708,0.000128491258030471,FALSE,TRUE,FALSE,NA,"HMP1-2 taxonomy stool"
"k__Bacteria|p__Actinobacteria|c__Coriobacteriia|o__Coriobacteriales|f__Atopobiaceae|g__Lancefieldella|s__Lancefieldella_parvula|t__SGB969",22,0.0401459854014599,0.00220715856127385,FALSE,TRUE,FALSE,NA,"HMP1-2 taxonomy stool"
"k__Bacteria|p__Candidatus_Saccharibacteria|c__Candidatus_Saccharibacteria_unclassified|o__Candidatus_Saccharibacteria_unclassified|f__Candidatus_Saccharibacteria_unclassified|g__Candidatus_Saccharibacteria_unclassified|s__Candidatus_Saccharibacteria_unclassified_SGB19850|t__SGB19850_group",270,0.492700729927007,0.000183013314813842,TRUE,TRUE,TRUE,0.0103713426559204,"HMP1-2 taxonomy stool"
"k__Bacteria|p__Firmicutes|c__Negativicutes|o__Veillonellales|f__Veillonellaceae|g__Megasphaera|s__Megasphaera_micronuciformis|t__SGB5868",19,0.0346715328467153,0.000938710324972199,FALSE,TRUE,FALSE,NA,"HMP1-2 taxonomy stool"
"k__Bacteria|p__Fusobacteria|c__Fusobacteriia|o__Fusobacteriales|f__Leptotrichiaceae|g__Leptotrichia|s__Leptotrichia_wadei|t__SGB6055",11,0.0200729927007299,0.000545090829083677,FALSE,TRUE,FALSE,NA,"HMP1-2 taxonomy stool"
"k__Bacteria|p__Fusobacteria|c__Fusobacteriia|o__Fusobacteriales|f__Fusobacteriaceae|g__Fusobacterium|s__Fusobacterium_pseudoperiodonticum|t__SGB5989",33,0.0602189781021898,0.000522348296125865,FALSE,TRUE,FALSE,NA,"HMP1-2 taxonomy stool"
"k__Bacteria|p__Actinobacteria|c__Actinobacteria|o__Actinomycetales|f__Actinomycetaceae|g__Actinomyces|s__Actinomyces_SGB17168|t__SGB17168",25,0.0456204379562044,0.0394585477989453,FALSE,TRUE,FALSE,NA,"HMP1-2 taxonomy stool"
"k__Bacteria|p__Firmicutes|c__Clostridia|o__Clostridiales|f__Lachnospiraceae|g__GGB3887|s__GGB3887_SGB5270|t__SGB5270",5,0.00912408759124088,0.0016203596551241,FALSE,TRUE,FALSE,NA,"HMP1-2 taxonomy stool"
"k__Bacteria|p__Firmicutes|c__Erysipelotrichia|o__Erysipelotrichales|f__Erysipelotrichaceae|g__Solobacterium|s__Solobacterium_SGB6833|t__SGB6833_group",50,0.0912408759124088,0.000370231934492652,FALSE,TRUE,FALSE,NA,"HMP1-2 taxonomy stool"
"k__Bacteria|p__Firmicutes|c__Clostridia|o__Clostridiales|f__Lachnospiraceae|g__Stomatobaculum|s__Stomatobaculum_SGB5266|t__SGB5266",3,0.00547445255474453,0.00405889823789426,FALSE,TRUE,FALSE,NA,"HMP1-2 taxonomy stool"
"k__Bacteria|p__Actinobacteria|c__Actinobacteria|o__Micrococcales|f__Promicromonosporaceae|g__Isoptericola|s__Isoptericola_variabilis|t__SGB17153_group",21,0.0383211678832117,0.000520276082391463,FALSE,TRUE,FALSE,NA,"HMP1-2 taxonomy stool"
"k__Bacteria|p__Bacteroidetes|c__Bacteroidia|o__Bacteroidales|f__Prevotellaceae|g__Prevotella|s__Prevotella_pallens|t__SGB1564",14,0.0255474452554745,0.00140484971544737,FALSE,TRUE,FALSE,NA,"HMP1-2 taxonomy stool"
"k__Bacteria|p__Firmicutes|c__Bacilli|o__Lactobacillales|f__Streptococcaceae|g__Streptococcus|s__Streptococcus_mitis|t__SGB8163",183,0.333941605839416,0.000178411462985922,TRUE,TRUE,TRUE,0.0102587831488864,"HMP1-2 taxonomy stool"
"k__Bacteria|p__Firmicutes|c__Bacilli|o__Lactobacillales|f__Streptococcaceae|g__Streptococcus|s__Streptococcus_sp_A12|t__SGB8059_group",86,0.156934306569343,0.000172824386297806,TRUE,TRUE,TRUE,0.0113152029007713,"HMP1-2 taxonomy stool"
"k__Bacteria|p__Firmicutes|c__Clostridia|o__Clostridiales|f__Lachnospiraceae|g__Lachnoanaerobaculum|s__Lachnoanaerobaculum_orale|t__SGB4482",7,0.0127737226277372,0.00217947060543763,FALSE,TRUE,FALSE,NA,"HMP1-2 taxonomy stool"
"k__Bacteria|p__Firmicutes|c__Clostridia|o__Clostridiales|f__Lachnospiraceae|g__Stomatobaculum|s__Stomatobaculum_longum|t__SGB5265",3,0.00547445255474453,0.00137983302866675,FALSE,TRUE,FALSE,NA,"HMP1-2 taxonomy stool"
"k__Bacteria|p__Proteobacteria|c__Betaproteobacteria|o__Neisseriales|f__Neisseriaceae|g__Neisseria|s__Neisseria_subflava|t__SGB9450_group",111,0.202554744525547,0.000904415113098432,TRUE,TRUE,TRUE,0.0275256592125894,"HMP1-2 taxonomy stool"
"k__Bacteria|p__Firmicutes|c__Bacilli|o__Lactobacillales|f__Streptococcaceae|g__Streptococcus|s__Streptococcus_thermophilus|t__SGB8002",116,0.211678832116788,0.00018693964114942,TRUE,TRUE,TRUE,0.0079696465177718,"HMP1-2 taxonomy stool"
"k__Bacteria|p__Fusobacteria|c__Fusobacteriia|o__Fusobacteriales|f__Leptotrichiaceae|g__GGB4395|s__GGB4395_SGB6050|t__SGB6050",4,0.0072992700729927,0.000199799894947568,FALSE,TRUE,FALSE,NA,"HMP1-2 taxonomy stool"
"k__Bacteria|p__Bacteroidetes|c__Bacteroidia|o__Bacteroidales|f__Porphyromonadaceae|g__Porphyromonas|s__Porphyromonas_pasteri|t__SGB2043",44,0.0802919708029197,0.00029599535678802,FALSE,TRUE,FALSE,NA,"HMP1-2 taxonomy stool"
"k__Bacteria|p__Firmicutes|c__Clostridia|o__Clostridiales|f__Lachnospiraceae|g__Lachnoanaerobaculum|s__Lachnoanaerobaculum_sp_ICM7|t__SGB4494_group",3,0.00547445255474453,0.000575766324880207,FALSE,TRUE,FALSE,NA,"HMP1-2 taxonomy stool"
"k__Bacteria|p__Fusobacteria|c__Fusobacteriia|o__Fusobacteriales|f__Leptotrichiaceae|g__Leptotrichia|s__Leptotrichia_sp_oral_taxon_215|t__SGB6067",6,0.0109489051094891,0.00249344877880235,FALSE,TRUE,FALSE,NA,"HMP1-2 taxonomy stool"
"k__Bacteria|p__Actinobacteria|c__Actinobacteria|o__Actinomycetales|f__Actinomycetaceae|g__Actinomyces|s__Actinomyces_sp_S6_Spd3|t__SGB17132_group",24,0.0437956204379562,0.000185083299363354,FALSE,TRUE,FALSE,NA,"HMP1-2 taxonomy stool"
"k__Bacteria|p__Firmicutes|c__Bacilli|o__Lactobacillales|f__Streptococcaceae|g__Streptococcus|s__Streptococcus_oralis|t__SGB8130",44,0.0802919708029197,0.000316386219745086,FALSE,TRUE,FALSE,NA,"HMP1-2 taxonomy stool"
"k__Bacteria|p__Candidatus_Saccharibacteria|c__Candidatus_Saccharibacteria_unclassified|o__Candidatus_Saccharibacteria_unclassified|f__Candidatus_Saccharibacteria_unclassified|g__Candidatus_Saccharibacteria_unclassified|s__TM7_phylum_sp_oral_taxon_351|t__SGB76214",1,0.00182481751824818,5.30000265000132e-06,FALSE,FALSE,FALSE,NA,"HMP1-2 taxonomy stool"
"k__Bacteria|p__Firmicutes|c__Bacilli|o__Lactobacillales|f__Streptococcaceae|g__Streptococcus|s__Streptococcus_sanguinis|t__SGB8047",46,0.083941605839416,0.000152039057078309,FALSE,TRUE,FALSE,NA,"HMP1-2 taxonomy stool"
"k__Bacteria|p__Bacteroidetes|c__Bacteroidia|o__Bacteroidales|f__Bacteroidaceae|g__Bacteroidaceae_unclassified|s__Bacteroidaceae_unclassified_SGB1468|t__SGB1468",7,0.0127737226277372,0.00131858548769725,FALSE,TRUE,FALSE,NA,"HMP1-2 taxonomy stool"
"k__Bacteria|p__Fusobacteria|c__Fusobacteriia|o__Fusobacteriales|f__Fusobacteriaceae|g__Fusobacterium|s__Fusobacterium_nucleatum|t__SGB6001",11,0.0200729927007299,0.000353654384076448,FALSE,TRUE,FALSE,NA,"HMP1-2 taxonomy stool"
"k__Bacteria|p__Firmicutes|c__Clostridia|o__Clostridiales|f__Lachnospiraceae|g__Oribacterium|s__Oribacterium_asaccharolyticum|t__SGB5285",4,0.0072992700729927,0.00149787458272266,FALSE,TRUE,FALSE,NA,"HMP1-2 taxonomy stool"
"k__Bacteria|p__Proteobacteria|c__Gammaproteobacteria|o__Pasteurellales|f__Pasteurellaceae|g__Haemophilus|s__Haemophilus_haemolyticus|t__SGB9649",3,0.00547445255474453,0.000694099995533388,FALSE,TRUE,FALSE,NA,"HMP1-2 taxonomy stool"
"k__Bacteria|p__Bacteroidetes|c__Flavobacteriia|o__Flavobacteriales|f__Weeksellaceae|g__GGB1843|s__GGB1843_SGB2524|t__SGB2524_group",7,0.0127737226277372,0.000858528228904451,FALSE,TRUE,FALSE,NA,"HMP1-2 taxonomy stool"
"k__Bacteria|p__Firmicutes|c__Bacilli|o__Lactobacillales|f__Streptococcaceae|g__Streptococcus|s__Streptococcus_gordonii|t__SGB8053",24,0.0437956204379562,0.000216104070581728,FALSE,TRUE,FALSE,NA,"HMP1-2 taxonomy stool"
"k__Bacteria|p__Proteobacteria|c__Betaproteobacteria|o__Neisseriales|f__Neisseriaceae|g__Kingella|s__Kingella_oralis|t__SGB9422",5,0.00912408759124088,0.00137269929930837,FALSE,TRUE,FALSE,NA,"HMP1-2 taxonomy stool"
"k__Bacteria|p__Actinobacteria|c__Actinobacteria|o__Micrococcales|f__Micrococcaceae|g__Rothia|s__Rothia_dentocariosa|t__SGB16988_group",35,0.0638686131386861,0.000523519731962721,FALSE,TRUE,FALSE,NA,"HMP1-2 taxonomy stool"
"k__Bacteria|p__Proteobacteria|c__Gammaproteobacteria|o__Pasteurellales|f__Pasteurellaceae|g__Haemophilus|s__Haemophilus_sputorum|t__SGB9631",20,0.0364963503649635,9.34699920225095e-05,FALSE,FALSE,FALSE,NA,"HMP1-2 taxonomy stool"
"k__Bacteria|p__Firmicutes|c__Bacilli|o__Lactobacillales|f__Lactobacillaceae|g__Lactobacillus|s__Lactobacillus_helveticus|t__SGB7048",0,0,NA,FALSE,FALSE,FALSE,NA,"HMP1-2 taxonomy stool"
"k__Bacteria|p__Firmicutes|c__Bacilli|o__Bacillales|f__Staphylococcaceae|g__Staphylococcus|s__Staphylococcus_aureus|t__SGB7852",0,0,NA,FALSE,FALSE,FALSE,NA,"HMP1-2 taxonomy stool"
"k__Bacteria|p__Actinobacteria|c__Actinobacteria|o__Actinomycetales|f__Actinomycetaceae|g__Actinomyces|s__Actinomyces_SGB17154|t__SGB17154",11,0.0200729927007299,0.00037334534290278,FALSE,TRUE,FALSE,NA,"HMP1-2 taxonomy stool"
"k__Bacteria|p__Bacteroidetes|c__Flavobacteriia|o__Flavobacteriales|f__Flavobacteriaceae|g__Capnocytophaga|s__Capnocytophaga_SGB2480|t__SGB2480",0,0,NA,FALSE,FALSE,FALSE,NA,"HMP1-2 taxonomy stool"
"k__Bacteria|p__Bacteroidetes|c__Bacteroidia|o__Bacteroidales|f__Prevotellaceae|g__Prevotella|s__Prevotella_nigrescens|t__SGB1561",0,0,NA,FALSE,FALSE,FALSE,NA,"HMP1-2 taxonomy stool"
"k__Bacteria|p__Firmicutes|c__Bacilli|o__Bacillales|f__Bacillales_unclassified|g__Gemella|s__Gemella_haemolysans|t__SGB7285",6,0.0109489051094891,0.000136316635848342,FALSE,TRUE,FALSE,NA,"HMP1-2 taxonomy stool"
"k__Bacteria|p__Bacteroidetes|c__Flavobacteriia|o__Flavobacteriales|f__Flavobacteriaceae|g__Capnocytophaga|s__Capnocytophaga_leadbetteri|t__SGB2492",4,0.0072992700729927,0.00165364919518293,FALSE,TRUE,FALSE,NA,"HMP1-2 taxonomy stool"
"k__Bacteria|p__Fusobacteria|c__Fusobacteriia|o__Fusobacteriales|f__Fusobacteriaceae|g__Fusobacterium|s__Fusobacterium_nucleatum|t__SGB6007",7,0.0127737226277372,0.000104628557707151,FALSE,TRUE,FALSE,NA,"HMP1-2 taxonomy stool"
"k__Bacteria|p__Candidatus_Saccharibacteria|c__Candidatus_Nanosyncoccalia|o__Candidatus_Nanogingivales|f__Candidatus_Nanogingivalaceae|g__GGB12785|s__GGB12785_SGB19823|t__SGB19823",10,0.0182481751824818,0.000631359665679266,FALSE,TRUE,FALSE,NA,"HMP1-2 taxonomy stool"
"k__Bacteria|p__Fusobacteria|c__Fusobacteriia|o__Fusobacteriales|f__Leptotrichiaceae|g__Leptotrichia|s__Leptotrichia_sp_oral_taxon_212|t__SGB6070_group",3,0.00547445255474453,0.000214066558016723,FALSE,TRUE,FALSE,NA,"HMP1-2 taxonomy stool"
"k__Bacteria|p__Firmicutes|c__Bacilli|o__Lactobacillales|f__Carnobacteriaceae|g__Granulicatella|s__Granulicatella_adiacens|t__SGB8249",2,0.00364963503649635,8.26999570200245e-05,FALSE,FALSE,FALSE,NA,"HMP1-2 taxonomy stool"
"k__Bacteria|p__Bacteroidetes|c__Bacteroidia|o__Bacteroidales|f__Prevotellaceae|g__Alloprevotella|s__Alloprevotella_SGB1466|t__SGB1466",2,0.00364963503649635,0.000162550062290025,FALSE,TRUE,FALSE,NA,"HMP1-2 taxonomy stool"
"k__Bacteria|p__Firmicutes|c__Bacilli|o__Lactobacillales|f__Streptococcaceae|g__Streptococcus|s__Streptococcus_peroris|t__SGB8084",1,0.00182481751824818,2.98999940200012e-05,FALSE,FALSE,FALSE,NA,"HMP1-2 taxonomy stool"
"k__Bacteria|p__Actinobacteria|c__Actinobacteria|o__Actinomycetales|f__Actinomycetaceae|g__Actinomyces|s__Actinomyces_oris|t__SGB15878",27,0.0492700729927007,0.000493896057992349,FALSE,TRUE,FALSE,NA,"HMP1-2 taxonomy stool"
"k__Bacteria|p__Bacteroidetes|c__Flavobacteriia|o__Flavobacteriales|f__Flavobacteriaceae|g__Capnocytophaga|s__Capnocytophaga_gingivalis|t__SGB2479",6,0.0109489051094891,0.00128268265395038,FALSE,TRUE,FALSE,NA,"HMP1-2 taxonomy stool"
"k__Bacteria|p__Fusobacteria|c__Fusobacteriia|o__Fusobacteriales|f__Fusobacteriaceae|g__Fusobacterium|s__Fusobacterium_nucleatum|t__SGB6011",3,0.00547445255474453,7.70999639800176e-05,FALSE,FALSE,FALSE,NA,"HMP1-2 taxonomy stool"
"k__Bacteria|p__Bacteroidetes|c__Flavobacteriia|o__Flavobacteriales|f__Flavobacteriaceae|g__Capnocytophaga|s__Capnocytophaga_sputigena|t__SGB2502_group",3,0.00547445255474453,0.00153229917458712,FALSE,TRUE,FALSE,NA,"HMP1-2 taxonomy stool"
"k__Bacteria|p__Proteobacteria|c__Betaproteobacteria|o__Neisseriales|f__Neisseriaceae|g__Neisseria|s__Neisseria_sicca|t__SGB9467_group",15,0.0273722627737226,0.00296866493054238,FALSE,TRUE,FALSE,NA,"HMP1-2 taxonomy stool"
"k__Bacteria|p__Firmicutes|c__Negativicutes|o__Selenomonadales|f__Selenomonadaceae|g__Selenomonas|s__Selenomonas_SGB5880|t__SGB5880_group",7,0.0127737226277372,0.000260085634335765,FALSE,TRUE,FALSE,NA,"HMP1-2 taxonomy stool"
"k__Bacteria|p__Proteobacteria|c__Gammaproteobacteria|o__Pasteurellales|f__Pasteurellaceae|g__Aggregatibacter|s__Aggregatibacter_sp_oral_taxon_458|t__SGB9733",2,0.00364963503649635,0.00153684923495038,FALSE,TRUE,FALSE,NA,"HMP1-2 taxonomy stool"
"k__Bacteria|p__Firmicutes|c__Bacilli|o__Lactobacillales|f__Streptococcaceae|g__Streptococcus|s__Streptococcus_cristatus|t__SGB8031",8,0.0145985401459854,0.000230587389730059,FALSE,TRUE,FALSE,NA,"HMP1-2 taxonomy stool"
"k__Bacteria|p__Actinobacteria|c__Actinobacteria|o__Micrococcales|f__Micrococcaceae|g__Rothia|s__Rothia_aeria|t__SGB16987",4,0.0072992700729927,0.000253324867215083,FALSE,TRUE,FALSE,NA,"HMP1-2 taxonomy stool"
"k__Bacteria|p__Firmicutes|c__Bacilli|o__Lactobacillales|f__Streptococcaceae|g__Streptococcus|s__Streptococcus_mutans|t__SGB8000",2,0.00364963503649635,0.000259199871460064,FALSE,TRUE,FALSE,NA,"HMP1-2 taxonomy stool"
"k__Bacteria|p__Bacteroidetes|c__Flavobacteriia|o__Flavobacteriales|f__Flavobacteriaceae|g__Capnocytophaga|s__Capnocytophaga_granulosa|t__SGB2483",2,0.00364963503649635,0.0011337494206703,FALSE,TRUE,FALSE,NA,"HMP1-2 taxonomy stool"
"k__Bacteria|p__Proteobacteria|c__Betaproteobacteria|o__Neisseriales|f__Neisseriaceae|g__GGB6688|s__GGB6688_SGB9473|t__SGB9473",0,0,NA,FALSE,FALSE,FALSE,NA,"HMP1-2 taxonomy stool"
"k__Bacteria|p__Actinobacteria|c__Actinobacteria|o__Corynebacteriales|f__Corynebacteriaceae|g__Corynebacterium|s__Corynebacterium_durum|t__SGB17008",2,0.00364963503649635,0.00119509930290041,FALSE,TRUE,FALSE,NA,"HMP1-2 taxonomy stool"
"k__Bacteria|p__Actinobacteria|c__Actinobacteria|o__Propionibacteriales|f__Propionibacteriaceae|g__GGB10022|s__GGB10022_SGB15896|t__SGB15896",2,0.00364963503649635,7.60000658500614e-06,FALSE,FALSE,FALSE,NA,"HMP1-2 taxonomy stool"
"k__Bacteria|p__Bacteroidetes|c__Bacteroidia|o__Bacteroidales|f__Prevotellaceae|g__Prevotella|s__Prevotella_oris|t__SGB1525",1,0.00182481751824818,2.5199994960001e-05,FALSE,FALSE,FALSE,NA,"HMP1-2 taxonomy stool"
"k__Bacteria|p__Firmicutes|c__Bacilli|o__Lactobacillales|f__Aerococcaceae|g__Abiotrophia|s__Abiotrophia_defectiva|t__SGB8235",2,0.00364963503649635,0.00326334804443117,FALSE,TRUE,FALSE,NA,"HMP1-2 taxonomy stool"
"k__Bacteria|p__Proteobacteria|c__Gammaproteobacteria|o__Pasteurellales|f__Pasteurellaceae|g__Haemophilus|s__Haemophilus_influenzae|t__SGB9648_group",3,0.00547445255474453,0.000419299922870016,FALSE,TRUE,FALSE,NA,"HMP1-2 taxonomy stool"
"k__Bacteria|p__Firmicutes|c__Bacilli|o__Lactobacillales|f__Streptococcaceae|g__Streptococcus|s__Streptococcus_intermedius|t__SGB8025",3,0.00547445255474453,0.000107999952370037,FALSE,TRUE,FALSE,NA,"HMP1-2 taxonomy stool"
"k__Bacteria|p__Proteobacteria|c__Gammaproteobacteria|o__Cardiobacteriales|f__Cardiobacteriaceae|g__Cardiobacterium|s__Cardiobacterium_hominis|t__SGB9418",1,0.00182481751824818,0.000272499863750068,FALSE,TRUE,FALSE,NA,"HMP1-2 taxonomy stool"
"k__Bacteria|p__Bacteroidetes|c__Bacteroidia|o__Bacteroidales|f__Prevotellaceae|g__Prevotella|s__Prevotella_sp_F0091|t__SGB1547",0,0,NA,FALSE,FALSE,FALSE,NA,"HMP1-2 taxonomy stool"
"k__Bacteria|p__Bacteroidetes|c__Bacteroidia|o__Bacteroidales|f__Prevotellaceae|g__Alloprevotella|s__Prevotella_sp_oral_taxon_473|t__SGB1464",0,0,NA,FALSE,FALSE,FALSE,NA,"HMP1-2 taxonomy stool"
"k__Bacteria|p__Bacteroidetes|c__CFGB524|o__OFGB524|f__FGB524|g__GGB1088|s__GGB1088_SGB1395|t__SGB1395",5,0.00912408759124088,0.000169480040038027,FALSE,TRUE,FALSE,NA,"HMP1-2 taxonomy stool"
"k__Bacteria|p__Bacteroidetes|c__Bacteroidia|o__Bacteroidales|f__Prevotellaceae|g__Prevotella|s__Prevotella_pleuritidis|t__SGB1526",1,0.00182481751824818,0.000516299690220186,FALSE,TRUE,FALSE,NA,"HMP1-2 taxonomy stool"
"k__Bacteria|p__Fusobacteria|c__Fusobacteriia|o__Fusobacteriales|f__Fusobacteriaceae|g__Fusobacterium|s__Fusobacterium_nucleatum|t__SGB6014",8,0.0145985401459854,0.000149762424131293,FALSE,TRUE,FALSE,NA,"HMP1-2 taxonomy stool"
"k__Bacteria|p__Firmicutes|c__Bacilli|o__Lactobacillales|f__Streptococcaceae|g__Streptococcus|s__Streptococcus_mitis|t__SGB8091",5,0.00912408759124088,9.81399807980044e-05,FALSE,FALSE,FALSE,NA,"HMP1-2 taxonomy stool"
"k__Bacteria|p__Actinobacteria|c__Coriobacteriia|o__Coriobacteriales|f__Atopobiaceae|g__Lancefieldella|s__Lancefieldella_parvula|t__SGB964",0,0,NA,FALSE,FALSE,FALSE,NA,"HMP1-2 taxonomy stool"
"k__Bacteria|p__Proteobacteria|c__Betaproteobacteria|o__Burkholderiales|f__Burkholderiaceae|g__Lautropia|s__Lautropia_mirabilis|t__SGB13165",7,0.0127737226277372,7.61428424071542e-05,FALSE,FALSE,FALSE,NA,"HMP1-2 taxonomy stool"
"k__Bacteria|p__Actinobacteria|c__Actinobacteria|o__Actinomycetales|f__Actinomycetaceae|g__Actinomyces|s__Actinomyces_sp_ICM58|t__SGB17169",13,0.0237226277372263,0.000376738484263856,FALSE,TRUE,FALSE,NA,"HMP1-2 taxonomy stool"
"k__Bacteria|p__Firmicutes|c__Clostridia|o__Clostridiales|f__Lachnospiraceae|g__Oribacterium|s__Oribacterium_SGB5283|t__SGB5283",1,0.00182481751824818,3.90000039000004e-05,FALSE,FALSE,FALSE,NA,"HMP1-2 taxonomy stool"
"k__Bacteria|p__Candidatus_Saccharibacteria|c__Candidatus_Saccharibacteria_unclassified|o__Candidatus_Saccharibacteria_unclassified|f__Candidatus_Saccharibacteria_unclassified|g__Candidatus_Saccharibacteria_unclassified|s__Candidatus_Saccharibacteria_unclassified_SGB19782|t__SGB19782",4,0.0072992700729927,0.00105619961960018,FALSE,TRUE,FALSE,NA,"HMP1-2 taxonomy stool"
"k__Bacteria|p__Proteobacteria|c__Gammaproteobacteria|o__Pasteurellales|f__Pasteurellaceae|g__Haemophilus|s__Haemophilus_parahaemolyticus|t__SGB9632",0,0,NA,FALSE,FALSE,FALSE,NA,"HMP1-2 taxonomy stool"
"k__Bacteria|p__Fusobacteria|c__Fusobacteriia|o__Fusobacteriales|f__Fusobacteriaceae|g__Fusobacterium|s__Fusobacterium_nucleatum|t__SGB6013",1,0.00182481751824818,0.000269799946040011,FALSE,TRUE,FALSE,NA,"HMP1-2 taxonomy stool"
"k__Bacteria|p__Bacteroidetes|c__Bacteroidia|o__Bacteroidales|f__Prevotellaceae|g__Prevotella|s__Prevotella_jejuni|t__SGB1545",11,0.0200729927007299,0.00114931789803649,FALSE,TRUE,FALSE,NA,"HMP1-2 taxonomy stool"
"k__Bacteria|p__Firmicutes|c__Negativicutes|o__Veillonellales|f__Veillonellaceae|g__Veillonella|s__Veillonella_tobetsuensis|t__SGB6935",10,0.0182481751824818,2.77900030060035e-05,FALSE,FALSE,FALSE,NA,"HMP1-2 taxonomy stool"
"k__Bacteria|p__Firmicutes|c__Bacilli|o__Lactobacillales|f__Carnobacteriaceae|g__Granulicatella|s__Granulicatella_elegans|t__SGB8245_group",10,0.0182481751824818,5.27699944320039e-05,FALSE,FALSE,FALSE,NA,"HMP1-2 taxonomy stool"
"k__Bacteria|p__Fusobacteria|c__Fusobacteriia|o__Fusobacteriales|f__Leptotrichiaceae|g__Leptotrichia|s__Leptotrichia_massiliensis|t__SGB6063",0,0,NA,FALSE,FALSE,FALSE,NA,"HMP1-2 taxonomy stool"
"k__Bacteria|p__Firmicutes|c__Bacilli|o__Bacillales|f__Bacillales_unclassified|g__Gemella|s__Gemella_haemolysans|t__SGB7292",2,0.00364963503649635,0.000340849843990084,FALSE,TRUE,FALSE,NA,"HMP1-2 taxonomy stool"
"k__Bacteria|p__Proteobacteria|c__Betaproteobacteria|o__Burkholderiales|f__Comamonadaceae|g__Curvibacter|s__Curvibacter_gracilis|t__SGB32622",0,0,NA,FALSE,FALSE,FALSE,NA,"HMP1-2 taxonomy stool"
"k__Bacteria|p__Actinobacteria|c__Actinobacteria|o__Corynebacteriales|f__Corynebacteriaceae|g__Corynebacterium|s__Corynebacterium_matruchotii|t__SGB17007",39,0.0711678832116788,0.000642663789996062,FALSE,TRUE,FALSE,NA,"HMP1-2 taxonomy stool"
"k__Bacteria|p__Candidatus_Gracilibacteria|c__Candidatus_Gracilibacteria_unclassified|o__Candidatus_Gracilibacteria_unclassified|f__Candidatus_Gracilibacteria_unclassified|g__Candidatus_Gracilibacteria_unclassified|s__Candidatus_Gracilibacteria_bacterium_GN02_872|t__SGB5978",0,0,NA,FALSE,FALSE,FALSE,NA,"HMP1-2 taxonomy stool"
"k__Bacteria|p__Actinobacteria|c__Actinobacteria|o__Actinomycetales|f__Actinomycetaceae|g__Actinomyces|s__Actinomyces_naeslundii|t__SGB15888",1,0.00182481751824818,0.000158899904660057,FALSE,TRUE,FALSE,NA,"HMP1-2 taxonomy stool"
"k__Bacteria|p__Candidatus_Saccharibacteria|c__CFGB4355|o__OFGB4355|f__FGB4355|g__GGB12788|s__GGB12788_SGB19831|t__SGB19831",3,0.00547445255474453,0.000197966568573397,FALSE,TRUE,FALSE,NA,"HMP1-2 taxonomy stool"
"k__Bacteria|p__Candidatus_Absconditabacteria|c__Candidatus_Absconditabacteria_unclassified|o__Candidatus_Absconditabacteria_unclassified|f__Candidatus_Absconditabacteria_unclassified|g__Candidatus_Absconditabacteria_unclassified|s__candidate_division_SR1_bacterium_MGEHA|t__SGB6891",0,0,NA,FALSE,FALSE,FALSE,NA,"HMP1-2 taxonomy stool"
"k__Bacteria|p__Actinobacteria|c__Actinobacteria|o__Actinomycetales|f__Actinomycetaceae|g__Actinobaculum|s__Actinobaculum_sp_oral_taxon_183|t__SGB15892",6,0.0109489051094891,0.000153066588890051,FALSE,TRUE,FALSE,NA,"HMP1-2 taxonomy stool"
"k__Bacteria|p__Actinobacteria|c__Actinobacteria|o__Actinomycetales|f__Actinomycetaceae|g__Actinomyces|s__Actinomyces_massiliensis|t__SGB15873",1,0.00182481751824818,4.57000091400019e-05,FALSE,FALSE,FALSE,NA,"HMP1-2 taxonomy stool"
"k__Bacteria|p__Bacteroidetes|c__Flavobacteriia|o__Flavobacteriales|f__Flavobacteriaceae|g__Capnocytophaga|s__Capnocytophaga_sp_oral_taxon_863|t__SGB2486",1,0.00182481751824818,0.000176099894340063,FALSE,TRUE,FALSE,NA,"HMP1-2 taxonomy stool"
"k__Bacteria|p__Proteobacteria|c__Epsilonproteobacteria|o__Campylobacterales|f__Campylobacteraceae|g__Campylobacter|s__Campylobacter_gracilis|t__SGB19300",2,0.00364963503649635,4.84999765550119e-05,FALSE,FALSE,FALSE,NA,"HMP1-2 taxonomy stool"
"k__Bacteria|p__Bacteroidetes|c__Bacteroidia|o__Bacteroidales|f__Prevotellaceae|g__Prevotella|s__Prevotella_loescheii|t__SGB1457",1,0.00182481751824818,0.000984799409120355,FALSE,TRUE,FALSE,NA,"HMP1-2 taxonomy stool"
"k__Bacteria|p__Actinobacteria|c__Actinobacteria|o__Propionibacteriales|f__Propionibacteriaceae|g__Arachnia|s__Arachnia_SGB15899|t__SGB15899",1,0.00182481751824818,0.00049879970072018,FALSE,TRUE,FALSE,NA,"HMP1-2 taxonomy stool"
"k__Bacteria|p__Candidatus_Saccharibacteria|c__Candidatus_Saccharibacteria_unclassified|o__Candidatus_Saccharibacteria_unclassified|f__Candidatus_Saccharibacteria_unclassified|g__GGB12796|s__GGB12796_SGB19893|t__SGB19893",2,0.00364963503649635,0.000231499860665084,FALSE,TRUE,FALSE,NA,"HMP1-2 taxonomy stool"
"k__Bacteria|p__Proteobacteria|c__Betaproteobacteria|o__Neisseriales|f__Neisseriaceae|g__Eikenella|s__Eikenella_corrodens|t__SGB9434",1,0.00182481751824818,6.02000060200006e-05,FALSE,FALSE,FALSE,NA,"HMP1-2 taxonomy stool"
"k__Bacteria|p__Actinobacteria|c__Actinobacteria|o__Propionibacteriales|f__Propionibacteriaceae|g__Arachnia|s__Pseudopropionibacterium_massiliense|t__SGB35138",0,0,NA,FALSE,FALSE,FALSE,NA,"HMP1-2 taxonomy stool"
"k__Bacteria|p__Bacteroidetes|c__Flavobacteriia|o__Flavobacteriales|f__Flavobacteriaceae|g__GGB1832|s__GGB1832_SGB2476|t__SGB2476",1,0.00182481751824818,2.34999859000085e-05,FALSE,FALSE,FALSE,NA,"HMP1-2 taxonomy stool"
"k__Bacteria|p__Firmicutes|c__Bacilli|o__Lactobacillales|f__Streptococcaceae|g__Streptococcus|s__Streptococcus_gordonii|t__SGB8054",2,0.00364963503649635,1.28999896100087e-05,FALSE,FALSE,FALSE,NA,"HMP1-2 taxonomy stool"
"k__Bacteria|p__Firmicutes|c__Bacilli|o__Bacillales|f__Bacillales_unclassified|g__Gemella|s__Gemella_morbillorum|t__SGB7295",3,0.00547445255474453,0.000159100054133426,FALSE,TRUE,FALSE,NA,"HMP1-2 taxonomy stool"
"k__Bacteria|p__Proteobacteria|c__Epsilonproteobacteria|o__Campylobacterales|f__Campylobacteraceae|g__Campylobacter|s__Campylobacter_SGB19317|t__SGB19317",1,0.00182481751824818,0.000405399797300101,FALSE,TRUE,FALSE,NA,"HMP1-2 taxonomy stool"
"k__Bacteria|p__Actinobacteria|c__Actinobacteria|o__Actinomycetales|f__Actinomycetaceae|g__Actinomyces|s__Actinomyces_timonensis|t__SGB33750",0,0,NA,FALSE,FALSE,FALSE,NA,"HMP1-2 taxonomy stool"
"k__Bacteria|p__Actinobacteria|c__Actinobacteria|o__Propionibacteriales|f__Propionibacteriaceae|g__Arachnia|s__Pseudopropionibacterium_propionicum|t__SGB15897",0,0,NA,FALSE,FALSE,FALSE,NA,"HMP1-2 taxonomy stool"
"k__Bacteria|p__Proteobacteria|c__Betaproteobacteria|o__Neisseriales|f__Neisseriaceae|g__Eikenella|s__Eikenella_halliae|t__SGB9430",0,0,NA,FALSE,FALSE,FALSE,NA,"HMP1-2 taxonomy stool"
"k__Bacteria|p__Actinobacteria|c__Actinobacteria|o__Actinomycetales|f__Actinomycetaceae|g__Peptidiphaga|s__Peptidiphaga_gingivicola|t__SGB15894",0,0,NA,FALSE,FALSE,FALSE,NA,"HMP1-2 taxonomy stool"
"k__Bacteria|p__Actinobacteria|c__Actinobacteria|o__Actinomycetales|f__Actinomycetaceae|g__Actinomyces|s__Actinomyces_johnsonii|t__SGB15887",0,0,NA,FALSE,FALSE,FALSE,NA,"HMP1-2 taxonomy stool"
"k__Bacteria|p__Firmicutes|c__Clostridia|o__Clostridiales|f__Clostridiales_Family_XIII_Incertae_Sedis|g__Clostridiales_Family_XIII_Incertae_Sedis_unclassified|s__Eubacterium_brachy|t__SGB3931",2,0.00364963503649635,5.94999863500323e-06,FALSE,FALSE,FALSE,NA,"HMP1-2 taxonomy stool"
"k__Bacteria|p__Actinobacteria|c__Actinobacteria|o__Actinomycetales|f__Actinomycetaceae|g__Actinomyces|s__Actinomyces_gerencseriae|t__SGB15874",0,0,NA,FALSE,FALSE,FALSE,NA,"HMP1-2 taxonomy stool"
"k__Bacteria|p__Firmicutes|c__Tissierellia|o__Tissierellales|f__Peptoniphilaceae|g__Parvimonas|s__Parvimonas_micra|t__SGB6653",16,0.0291970802919708,0.000490868906823406,FALSE,TRUE,FALSE,NA,"HMP1-2 taxonomy stool"
"k__Bacteria|p__Bacteroidetes|c__Flavobacteriia|o__Flavobacteriales|f__Flavobacteriaceae|g__Capnocytophaga|s__Capnocytophaga_ochracea|t__SGB2497",1,0.00182481751824818,0.000128399935800032,FALSE,TRUE,FALSE,NA,"HMP1-2 taxonomy stool"
"k__Bacteria|p__Firmicutes|c__Negativicutes|o__Selenomonadales|f__Selenomonadaceae|g__Selenomonas|s__Selenomonas_noxia|t__SGB5884",1,0.00182481751824818,7.35999632000184e-05,FALSE,FALSE,FALSE,NA,"HMP1-2 taxonomy stool"
"k__Bacteria|p__Firmicutes|c__Negativicutes|o__Veillonellales|f__Veillonellaceae|g__Veillonella|s__Veillonella_sp_3627|t__SGB6934",1,0.00182481751824818,2.29000022900002e-05,FALSE,FALSE,FALSE,NA,"HMP1-2 taxonomy stool"
"k__Bacteria|p__Firmicutes|c__Clostridia|o__Clostridiales|f__Lachnospiraceae|g__Oribacterium|s__Oribacterium_sp_oral_taxon_078|t__SGB7282",0,0,NA,FALSE,FALSE,FALSE,NA,"HMP1-2 taxonomy stool"
"k__Bacteria|p__Actinobacteria|c__Actinobacteria|o__Actinomycetales|f__Actinomycetaceae|g__Actinomyces|s__Actinomyces_sp_oral_taxon_448|t__SGB15872",2,0.00364963503649635,0.00294929853790574,FALSE,TRUE,FALSE,NA,"HMP1-2 taxonomy stool"
"k__Bacteria|p__Candidatus_Saccharibacteria|c__Candidatus_Saccharimonia|o__Candidatus_Nanosynbacterales|f__Candidatus_Nanosynbacteraceae|g__Candidatus_Nanosynbacter|s__Candidatus_Nanosynbacter_lyticus|t__SGB19849",1,0.00182481751824818,5.49999945000005e-06,FALSE,FALSE,FALSE,NA,"HMP1-2 taxonomy stool"
"k__Bacteria|p__Actinobacteria|c__Actinobacteria|o__Actinomycetales|f__Actinomycetaceae|g__Schaalia|s__Schaalia_meyeri|t__SGB17150",0,0,NA,FALSE,FALSE,FALSE,NA,"HMP1-2 taxonomy stool"
"k__Bacteria|p__Actinobacteria|c__Actinobacteria|o__Micrococcales|f__Kytococcaceae|g__Kytococcus|s__Kytococcus_sedentarius|t__SGB17151",0,0,NA,FALSE,FALSE,FALSE,NA,"HMP1-2 taxonomy stool"
"k__Bacteria|p__Proteobacteria|c__Gammaproteobacteria|o__Pasteurellales|f__Pasteurellaceae|g__Aggregatibacter|s__Aggregatibacter_actinomycetemcomitans|t__SGB9729",0,0,NA,FALSE,FALSE,FALSE,NA,"HMP1-2 taxonomy stool"
"k__Bacteria|p__Firmicutes|c__Negativicutes|o__Selenomonadales|f__Selenomonadaceae|g__Selenomonas|s__Selenomonas_infelix|t__SGB5894",0,0,NA,FALSE,FALSE,FALSE,NA,"HMP1-2 taxonomy stool"
"k__Bacteria|p__Firmicutes|c__Bacilli|o__Lactobacillales|f__Aerococcaceae|g__Abiotrophia|s__Abiotrophia_sp_HMSC24B09|t__SGB8236",1,0.00182481751824818,0.000183399889960066,FALSE,TRUE,FALSE,NA,"HMP1-2 taxonomy stool"
"k__Bacteria|p__Proteobacteria|c__Epsilonproteobacteria|o__Campylobacterales|f__Campylobacteraceae|g__Campylobacter|s__Campylobacter_showae|t__SGB19322",1,0.00182481751824818,3.1200012480005e-05,FALSE,FALSE,FALSE,NA,"HMP1-2 taxonomy stool"
"k__Bacteria|p__Candidatus_Saccharibacteria|c__Candidatus_Saccharibacteria_unclassified|o__Candidatus_Saccharibacteria_unclassified|f__Candidatus_Saccharibacteria_unclassified|g__Candidatus_Saccharibacteria_unclassified|s__Candidatus_Saccharibacteria_bacterium_oral_taxon_488|t__SGB19903",0,0,NA,FALSE,FALSE,FALSE,NA,"HMP1-2 taxonomy stool"
"k__Bacteria|p__Fusobacteria|c__Fusobacteriia|o__Fusobacteriales|f__Fusobacteriaceae|g__Fusobacterium|s__Fusobacterium_hwasookii|t__SGB5997",0,0,NA,FALSE,FALSE,FALSE,NA,"HMP1-2 taxonomy stool"
"k__Bacteria|p__Proteobacteria|c__Gammaproteobacteria|o__Cardiobacteriales|f__Cardiobacteriaceae|g__Cardiobacterium|s__Cardiobacterium_valvarum|t__SGB9416",0,0,NA,FALSE,FALSE,FALSE,NA,"HMP1-2 taxonomy stool"
"k__Bacteria|p__Actinobacteria|c__Actinobacteria|o__Actinomycetales|f__Actinomycetaceae|g__Actinomyces|s__Actinomyces_sp_ZJ308|t__SGB86822",0,0,NA,FALSE,FALSE,FALSE,NA,"HMP1-2 taxonomy stool"
"k__Bacteria|p__Fusobacteria|c__Fusobacteriia|o__Fusobacteriales|f__Leptotrichiaceae|g__Leptotrichia|s__Leptotrichia_hongkongensis|t__SGB6059",2,0.00364963503649635,0.00502149747296627,FALSE,TRUE,FALSE,NA,"HMP1-2 taxonomy stool"
"k__Bacteria|p__Candidatus_Saccharibacteria|c__Candidatus_Saccharibacteria_unclassified|o__Candidatus_Saccharibacteria_unclassified|f__Candidatus_Saccharibacteria_unclassified|g__Candidatus_Saccharibacteria_unclassified|s__TM7_phylum_sp_oral_taxon_348|t__SGB19880",8,0.0145985401459854,4.18624872387648e-05,FALSE,FALSE,FALSE,NA,"HMP1-2 taxonomy stool"
"k__Bacteria|p__Actinobacteria|c__Actinobacteria|o__Actinomycetales|f__Actinomycetaceae|g__Actinomyces|s__Actinomyces_dentalis|t__SGB15877",1,0.00182481751824818,0.000283199858400071,FALSE,TRUE,FALSE,NA,"HMP1-2 taxonomy stool"
"k__Bacteria|p__Firmicutes|c__Clostridia|o__Clostridiales|f__Peptostreptococcaceae|g__Peptoanaerobacter|s__Eubacterium_yurii|t__SGB6622",0,0,NA,FALSE,FALSE,FALSE,NA,"HMP1-2 taxonomy stool"
"k__Bacteria|p__Proteobacteria|c__Betaproteobacteria|o__Neisseriales|f__Neisseriaceae|g__Kingella|s__Kingella_denitrificans|t__SGB9437",4,0.0072992700729927,0.000291124828652604,FALSE,TRUE,FALSE,NA,"HMP1-2 taxonomy stool"
"k__Bacteria|p__Firmicutes|c__CFGB1395|o__OFGB1395|f__FGB1395|g__GGB3388|s__GGB3388_SGB4476|t__SGB4476",0,0,NA,FALSE,FALSE,FALSE,NA,"HMP1-2 taxonomy stool"
"k__Bacteria|p__Proteobacteria|c__Epsilonproteobacteria|o__Campylobacterales|f__Campylobacteraceae|g__Campylobacter|s__Campylobacter_rectus|t__SGB19315",0,0,NA,FALSE,FALSE,FALSE,NA,"HMP1-2 taxonomy stool"
"k__Bacteria|p__Firmicutes|c__Bacilli|o__Lactobacillales|f__Streptococcaceae|g__Streptococcus|s__Streptococcus_oralis|t__SGB8121",0,0,NA,FALSE,FALSE,FALSE,NA,"HMP1-2 taxonomy stool"
"k__Bacteria|p__Firmicutes|c__Bacilli|o__Bacillales|f__Staphylococcaceae|g__Staphylococcus|s__Staphylococcus_epidermidis|t__SGB7865",2,0.00364963503649635,0.000980299845245068,FALSE,TRUE,FALSE,NA,"HMP1-2 taxonomy stool"
"k__Bacteria|p__Bacteroidetes|c__Bacteroidia|o__Bacteroidales|f__Bacteroidales_unclassified|g__Phocaeicola|s__Phocaeicola_dorei|t__SGB1815",266,0.485401459854015,0.0564134033875882,TRUE,TRUE,TRUE,0.175485390383101,"HMP1-2 taxonomy stool"
"k__Bacteria|p__Actinobacteria|c__Actinobacteria|o__Corynebacteriales|f__Corynebacteriaceae|g__Corynebacterium|s__Corynebacterium_accolens|t__SGB17097",3,0.00547445255474453,0.00405993256754016,FALSE,TRUE,FALSE,NA,"HMP1-2 taxonomy stool"
"k__Bacteria|p__Actinobacteria|c__Actinobacteria|o__Propionibacteriales|f__Propionibacteriaceae|g__Cutibacterium|s__Cutibacterium_acnes|t__SGB16955",42,0.0766423357664234,0.000137928587980035,FALSE,TRUE,FALSE,NA,"HMP1-2 taxonomy stool"
"k__Bacteria|p__Bacteroidetes|c__Bacteroidia|o__Bacteroidales|f__Rikenellaceae|g__Alistipes|s__Alistipes_onderdonkii|t__SGB2303",390,0.711678832116788,0.0220931529576382,TRUE,TRUE,TRUE,0.0929050033562233,"HMP1-2 taxonomy stool"
"k__Bacteria|p__Actinobacteria|c__Actinobacteria|o__Corynebacteriales|f__Lawsonellaceae|g__GGB2722|s__GGB2722_SGB3663|t__SGB3663",2,0.00364963503649635,0.00348139931582015,FALSE,TRUE,FALSE,NA,"HMP1-2 taxonomy stool"
"k__Bacteria|p__Firmicutes|c__Clostridia|o__Clostridia_unclassified|f__Clostridia_unclassified|g__GGB9758|s__GGB9758_SGB15368|t__SGB15368",179,0.326642335766423,0.00941413084639813,TRUE,TRUE,TRUE,0.0623486558627117,"HMP1-2 taxonomy stool"
"k__Bacteria|p__Firmicutes|c__Clostridia|o__Clostridiales|f__Lachnospiraceae|g__Lachnospira|s__Lachnospira_sp_NSJ_43|t__SGB5087",238,0.434306569343066,0.00244764711236384,TRUE,TRUE,TRUE,0.0325516416034792,"HMP1-2 taxonomy stool"
"k__Bacteria|p__Firmicutes|c__Clostridia|o__Clostridiales|f__Lachnospiraceae|g__Lachnospiraceae_unclassified|s__Lachnospiraceae_unclassified_SGB4882|t__SGB4882",112,0.204379562043796,0.00187001863299372,TRUE,TRUE,TRUE,0.0308340339066232,"HMP1-2 taxonomy stool"
"k__Bacteria|p__Firmicutes|c__Bacilli|o__Bacillales|f__Staphylococcaceae|g__Staphylococcus|s__Staphylococcus_argenteus|t__SGB7853",0,0,NA,FALSE,FALSE,FALSE,NA,"HMP1-2 taxonomy stool"
"k__Bacteria|p__Firmicutes|c__Clostridia|o__Clostridiales|f__Lachnospiraceae|g__Dorea|s__Dorea_phocaeensis|t__SGB4572",40,0.072992700729927,0.00137899745760255,FALSE,TRUE,FALSE,NA,"HMP1-2 taxonomy stool"
"k__Bacteria|p__Firmicutes|c__Clostridia|o__Clostridiales|f__Lachnospiraceae|g__Mediterraneibacter|s__Ruminococcus_torques|t__SGB4608",390,0.711678832116788,0.0042944024488252,TRUE,TRUE,TRUE,0.045818809710214,"HMP1-2 taxonomy stool"
"k__Bacteria|p__Actinobacteria|c__Actinobacteria|o__Bifidobacteriales|f__Bifidobacteriaceae|g__Gardnerella|s__Gardnerella_vaginalis|t__SGB17307",8,0.0145985401459854,0.00018325004114129,FALSE,TRUE,FALSE,NA,"HMP1-2 taxonomy stool"
"k__Bacteria|p__Actinobacteria|c__Actinobacteria|o__Bifidobacteriales|f__Bifidobacteriaceae|g__Gardnerella|s__Gardnerella_vaginalis|t__SGB17302",6,0.0109489051094891,0.00042966667052336,FALSE,TRUE,FALSE,NA,"HMP1-2 taxonomy stool"
"k__Bacteria|p__Firmicutes|c__Bacilli|o__Lactobacillales|f__Lactobacillaceae|g__Lactobacillus|s__Lactobacillus_iners|t__SGB7025",8,0.0145985401459854,0.000106999967560016,FALSE,TRUE,FALSE,NA,"HMP1-2 taxonomy stool"
"k__Bacteria|p__Actinobacteria|c__Actinobacteria|o__Actinomycetales|f__Actinomycetaceae|g__Fannyhessea|s__Fannyhessea_vaginae|t__SGB991",6,0.0109489051094891,3.27500102466751e-05,FALSE,FALSE,FALSE,NA,"HMP1-2 taxonomy stool"
"k__Bacteria|p__Fusobacteria|c__Fusobacteriia|o__Fusobacteriales|f__Leptotrichiaceae|g__Sneathia|s__Sneathia_amnii|t__SGB6044",3,0.00547445255474453,6.56666769333352e-06,FALSE,FALSE,FALSE,NA,"HMP1-2 taxonomy stool"
"k__Bacteria|p__Actinobacteria|c__Actinobacteria|o__Bifidobacteriales|f__Bifidobacteriaceae|g__Gardnerella|s__Gardnerella_vaginalis|t__SGB17305",1,0.00182481751824818,3.0999987600005e-06,FALSE,FALSE,FALSE,NA,"HMP1-2 taxonomy stool"
"k__Bacteria|p__Firmicutes|c__Negativicutes|o__Veillonellales|f__Veillonellaceae|g__Veillonellaceae_unclassified|s__Veillonellaceae_bacterium_DNF00626|t__SGB5831",2,0.00364963503649635,0.000301500000125,FALSE,TRUE,FALSE,NA,"HMP1-2 taxonomy stool"
"k__Bacteria|p__Actinobacteria|c__Coriobacteriia|o__Coriobacteriales|f__Coriobacteriales_unclassified|g__Coriobacteriales_unclassified|s__Coriobacteriales_bacterium_DNF00809|t__SGB963",0,0,NA,FALSE,FALSE,FALSE,NA,"HMP1-2 taxonomy stool"
"k__Bacteria|p__Bacteroidetes|c__Bacteroidia|o__Bacteroidales|f__Prevotellaceae|g__Prevotella|s__Prevotella_timonensis|t__SGB1507",41,0.0748175182481752,0.00036296576874984,FALSE,TRUE,FALSE,NA,"HMP1-2 taxonomy stool"
"k__Bacteria|p__Firmicutes|c__Tissierellia|o__Tissierellales|f__Peptoniphilaceae|g__Anaerococcus|s__Anaerococcus_tetradius|t__SGB6674",0,0,NA,FALSE,FALSE,FALSE,NA,"HMP1-2 taxonomy stool"
"k__Bacteria|p__Actinobacteria|c__Actinobacteria|o__Actinomycetales|f__Actinomycetaceae|g__Fannyhessea|s__Fannyhessea_vaginae|t__SGB990",0,0,NA,FALSE,FALSE,FALSE,NA,"HMP1-2 taxonomy stool"
"k__Bacteria|p__Bacteroidetes|c__Bacteroidia|o__Bacteroidales|f__Prevotellaceae|g__Prevotella|s__Prevotella_buccalis|t__SGB1517",50,0.0912408759124088,0.000133148002236626,FALSE,TRUE,FALSE,NA,"HMP1-2 taxonomy stool"
"k__Bacteria|p__Firmicutes|c__Negativicutes|o__Veillonellales|f__Veillonellaceae|g__Dialister|s__Dialister_micraerophilus|t__SGB5840",2,0.00364963503649635,3.40500079650019e-05,FALSE,FALSE,FALSE,NA,"HMP1-2 taxonomy stool"
"k__Bacteria|p__Firmicutes|c__Tissierellia|o__Tissierellales|f__Peptoniphilaceae|g__Peptoniphilus|s__Peptoniphilus_lacrimalis|t__SGB6705",17,0.031021897810219,7.11647007558881e-05,FALSE,FALSE,FALSE,NA,"HMP1-2 taxonomy stool"
"k__Bacteria|p__Bacteroidetes|c__Bacteroidia|o__Bacteroidales|f__Prevotellaceae|g__Prevotella|s__Prevotella_colorans|t__SGB1502",9,0.0164233576642336,6.70333347600131e-05,FALSE,FALSE,FALSE,NA,"HMP1-2 taxonomy stool"
"k__Bacteria|p__Firmicutes|c__Tissierellia|o__Tissierellia_unclassified|f__Tissierellia_unclassified|g__Tissierellia_unclassified|s__Tissierellia_bacterium_KA00581|t__SGB6647",1,0.00182481751824818,5.49000384300269e-05,FALSE,FALSE,FALSE,NA,"HMP1-2 taxonomy stool"
"k__Bacteria|p__Firmicutes|c__Bacilli|o__Lactobacillales|f__Lactobacillaceae|g__Lactobacillus|s__Lactobacillus_jensenii|t__SGB7034",0,0,NA,FALSE,FALSE,FALSE,NA,"HMP1-2 taxonomy stool"
"k__Bacteria|p__Firmicutes|c__Bacilli|o__Lactobacillales|f__Aerococcaceae|g__Aerococcus|s__Aerococcus_christensenii|t__SGB7881",1,0.00182481751824818,2.02000141400099e-05,FALSE,FALSE,FALSE,NA,"HMP1-2 taxonomy stool"
"k__Bacteria|p__Bacteroidetes|c__Bacteroidia|o__Bacteroidales|f__Prevotellaceae|g__Prevotella|s__Prevotella_bivia|t__SGB1557",59,0.107664233576642,0.000220413573916138,TRUE,TRUE,TRUE,0.0109581357557556,"HMP1-2 taxonomy stool"
"k__Bacteria|p__Actinobacteria|c__Actinobacteria|o__Actinomycetales|f__Actinomycetaceae|g__Mobiluncus|s__Mobiluncus_curtisii|t__SGB15487",0,0,NA,FALSE,FALSE,FALSE,NA,"HMP1-2 taxonomy stool"
"k__Bacteria|p__Bacteroidetes|c__Bacteroidia|o__Bacteroidales|f__Prevotellaceae|g__Prevotella|s__Prevotella_disiens|t__SGB1559",25,0.0456204379562044,0.000341720056285635,FALSE,TRUE,FALSE,NA,"HMP1-2 taxonomy stool"
"k__Bacteria|p__Firmicutes|c__Bacilli|o__Lactobacillales|f__Lactobacillaceae|g__Limosilactobacillus|s__Lactobacillus_coleohominis|t__SGB7100",0,0,NA,FALSE,FALSE,FALSE,NA,"HMP1-2 taxonomy stool"
"k__Bacteria|p__Firmicutes|c__Clostridia|o__Clostridiales|f__Hungateiclostridiaceae|g__Mageeibacillus|s__Mageeibacillus_indolicus|t__SGB4002",1,0.00182481751824818,5.99999520000384e-07,FALSE,FALSE,FALSE,NA,"HMP1-2 taxonomy stool"
"k__Bacteria|p__Fusobacteria|c__Fusobacteriia|o__Fusobacteriales|f__Leptotrichiaceae|g__Sneathia|s__Sneathia_sanguinegens|t__SGB6045",1,0.00182481751824818,1.75999982400002e-05,FALSE,FALSE,FALSE,NA,"HMP1-2 taxonomy stool"
"k__Bacteria|p__Bacteroidetes|c__Bacteroidia|o__Bacteroidales|f__Porphyromonadaceae|g__Porphyromonas|s__Porphyromonas_uenonis|t__SGB1973",1,0.00182481751824818,0.000140199957940013,FALSE,TRUE,FALSE,NA,"HMP1-2 taxonomy stool"
"k__Bacteria|p__Tenericutes|c__Mollicutes|o__Mycoplasmatales|f__Mycoplasmataceae|g__Mycoplasma|s__Mycoplasma_hominis|t__SGB5926",1,0.00182481751824818,0.000323299741360207,FALSE,TRUE,FALSE,NA,"HMP1-2 taxonomy stool"
"k__Bacteria|p__Firmicutes|c__Bacilli|o__Bacillales|f__Bacillales_unclassified|g__Gemella|s__Gemella_asaccharolytica|t__SGB7308",0,0,NA,FALSE,FALSE,FALSE,NA,"HMP1-2 taxonomy stool"
"k__Bacteria|p__Firmicutes|c__Tissierellia|o__Tissierellia_unclassified|f__Tissierellia_unclassified|g__Ezakiella|s__Ezakiella_coagulans|t__SGB6728",7,0.0127737226277372,0.000147100007565742,FALSE,TRUE,FALSE,NA,"HMP1-2 taxonomy stool"
"k__Bacteria|p__Firmicutes|c__Tissierellia|o__Tissierellales|f__Peptoniphilaceae|g__Peptoniphilus|s__Peptoniphilus_sp_BV3C26|t__SGB6713",0,0,NA,FALSE,FALSE,FALSE,NA,"HMP1-2 taxonomy stool"
"k__Bacteria|p__Firmicutes|c__Tissierellia|o__Tissierellales|f__Peptoniphilaceae|g__Peptoniphilus|s__Peptoniphilus_duerdenii|t__SGB6715",2,0.00364963503649635,9.35000146000036e-06,FALSE,FALSE,FALSE,NA,"HMP1-2 taxonomy stool"
"k__Bacteria|p__Firmicutes|c__Clostridia|o__Clostridiales|f__Peptococcaceae|g__Peptococcus|s__Peptococcus_niger|t__SGB4050",2,0.00364963503649635,0.000503350090800018,FALSE,TRUE,FALSE,NA,"HMP1-2 taxonomy stool"
"k__Bacteria|p__Firmicutes|c__Bacilli|o__Lactobacillales|f__Lactobacillaceae|g__Lactobacillus|s__Lactobacillus_gasseri|t__SGB7038_group",0,0,NA,FALSE,FALSE,FALSE,NA,"HMP1-2 taxonomy stool"
"k__Bacteria|p__Firmicutes|c__Clostridia|o__Clostridiales|f__Clostridiales_unclassified|g__Levyella|s__Levyella_massiliensis|t__SGB5300",15,0.0273722627737226,5.49800030913379e-05,FALSE,FALSE,FALSE,NA,"HMP1-2 taxonomy stool"
"k__Bacteria|p__Firmicutes|c__Tissierellia|o__Tissierellales|f__Peptoniphilaceae|g__Anaerococcus|s__Anaerococcus_vaginalis|t__SGB29499",0,0,NA,FALSE,FALSE,FALSE,NA,"HMP1-2 taxonomy stool"
"k__Bacteria|p__Firmicutes|c__Bacilli|o__Lactobacillales|f__Lactobacillaceae|g__Lactobacillus|s__Lactobacillus_jensenii|t__SGB7035",6,0.0109489051094891,0.000121999950195026,FALSE,TRUE,FALSE,NA,"HMP1-2 taxonomy stool"
"k__Bacteria|p__Actinobacteria|c__Actinobacteria|o__Actinobacteria_unclassified|f__Actinobacteria_unclassified|g__GGB39918|s__GGB39918_SGB47522|t__SGB47522",2,0.00364963503649635,4.40000080800016e-05,FALSE,FALSE,FALSE,NA,"HMP1-2 taxonomy stool"
"k__Bacteria|p__Firmicutes|c__Tissierellia|o__Tissierellales|f__Peptoniphilaceae|g__Peptoniphilus|s__Peptoniphilus_harei|t__SGB6697",0,0,NA,FALSE,FALSE,FALSE,NA,"HMP1-2 taxonomy stool"
"k__Bacteria|p__Firmicutes|c__Clostridia|o__Clostridiales|f__Clostridiales_unclassified|g__Fenollaria|s__Fenollaria_massiliensis|t__SGB6716",17,0.031021897810219,0.000154105918717089,FALSE,TRUE,FALSE,NA,"HMP1-2 taxonomy stool"
"k__Bacteria|p__Bacteroidetes|c__Bacteroidia|o__Bacteroidales|f__Porphyromonadaceae|g__Porphyromonas|s__Porphyromonas_asaccharolytica|t__SGB1981",26,0.0474452554744526,0.000299738585969339,FALSE,TRUE,FALSE,NA,"HMP1-2 taxonomy stool"
"k__Bacteria|p__Actinobacteria|c__Actinobacteria|o__Actinomycetales|f__Actinomycetaceae|g__Mobiluncus|s__Mobiluncus_mulieris|t__SGB15486",0,0,NA,FALSE,FALSE,FALSE,NA,"HMP1-2 taxonomy stool"
"k__Bacteria|p__Firmicutes|c__Tissierellia|o__Tissierellales|f__Peptoniphilaceae|g__Anaerococcus|s__Anaerococcus_lactolyticus|t__SGB6669",3,0.00547445255474453,3.34666647133335e-05,FALSE,FALSE,FALSE,NA,"HMP1-2 taxonomy stool"
"k__Bacteria|p__Actinobacteria|c__Actinobacteria|o__Actinomycetales|f__Actinomycetaceae|g__Winkia|s__Winkia_neuii|t__SGB17191",0,0,NA,FALSE,FALSE,FALSE,NA,"HMP1-2 taxonomy stool"
"k__Bacteria|p__Tenericutes|c__Mollicutes|o__Mycoplasmatales|f__Mycoplasmataceae|g__Ureaplasma|s__Ureaplasma_parvum|t__SGB5568",0,0,NA,FALSE,FALSE,FALSE,NA,"HMP1-2 taxonomy stool"
"k__Bacteria|p__Actinobacteria|c__Actinobacteria|o__Actinomycetales|f__Actinomycetaceae|g__Varibaculum|s__Varibaculum_cambriense|t__SGB15482_group",0,0,NA,FALSE,FALSE,FALSE,NA,"HMP1-2 taxonomy stool"
"k__Bacteria|p__Bacteroidetes|c__Bacteroidia|o__Bacteroidales|f__Prevotellaceae|g__Prevotella|s__Prevotella_bergensis|t__SGB1505",6,0.0109489051094891,2.50166658683355e-05,FALSE,FALSE,FALSE,NA,"HMP1-2 taxonomy stool"
"k__Bacteria|p__Firmicutes|c__Tissierellia|o__Tissierellales|f__Peptoniphilaceae|g__Peptoniphilus|s__Peptoniphilus_coxii|t__SGB6734",0,0,NA,FALSE,FALSE,FALSE,NA,"HMP1-2 taxonomy stool"
"k__Bacteria|p__Actinobacteria|c__Coriobacteriia|o__Coriobacteriales|f__Coriobacteriaceae|g__Olegusella|s__Olegusella_massiliensis|t__SGB960",1,0.00182481751824818,9.70000194000038e-06,FALSE,FALSE,FALSE,NA,"HMP1-2 taxonomy stool"
"k__Bacteria|p__Actinobacteria|c__Coriobacteriia|o__Coriobacteriales|f__Atopobiaceae|g__Atopobium|s__Atopobium_deltae|t__SGB988",1,0.00182481751824818,3.80999961900004e-05,FALSE,FALSE,FALSE,NA,"HMP1-2 taxonomy stool"
"k__Bacteria|p__Candidatus_Absconditabacteria|c__Candidatus_Absconditabacteria_unclassified|o__Candidatus_Absconditabacteria_unclassified|f__Candidatus_Absconditabacteria_unclassified|g__GGB4936|s__GGB4936_SGB6889|t__SGB6889",1,0.00182481751824818,7.60000076000007e-06,FALSE,FALSE,FALSE,NA,"HMP1-2 taxonomy stool"
"k__Bacteria|p__Bacteroidetes|c__Flavobacteriia|o__Flavobacteriales|f__Flavobacteriaceae|g__Capnocytophaga|s__Capnocytophaga_SGB2499|t__SGB2499",4,0.0072992700729927,7.62500063875038e-05,FALSE,FALSE,FALSE,NA,"HMP1-2 taxonomy stool"
"k__Bacteria|p__Firmicutes|c__Tissierellia|o__Tissierellales|f__Peptoniphilaceae|g__Parvimonas|s__Parvimonas_SGB6649|t__SGB6649",9,0.0164233576642336,0.000167333349154479,FALSE,TRUE,FALSE,NA,"HMP1-2 taxonomy stool"
"k__Bacteria|p__Firmicutes|c__Bacilli|o__Lactobacillales|f__Streptococcaceae|g__Streptococcus|s__Streptococcus_rubneri|t__SGB8056",34,0.062043795620438,0.0001306000084009,FALSE,TRUE,FALSE,NA,"HMP1-2 taxonomy stool"
"k__Bacteria|p__Bacteroidetes|c__Bacteroidia|o__Bacteroidales|f__Prevotellaceae|g__Prevotella|s__Prevotella_shahii|t__SGB1456",3,0.00547445255474453,7.88666753433345e-05,FALSE,FALSE,FALSE,NA,"HMP1-2 taxonomy stool"
"k__Bacteria|p__Firmicutes|c__Clostridia|o__Clostridiales|f__Lachnospiraceae|g__GGB3394|s__GGB3394_SGB4498|t__SGB4498",4,0.0072992700729927,0.00107704956931522,FALSE,TRUE,FALSE,NA,"HMP1-2 taxonomy stool"
"k__Bacteria|p__Firmicutes|c__Clostridia|o__Clostridiales|f__Lachnospiraceae|g__Lachnospiraceae_unclassified|s__Lachnospiraceae_bacterium_oral_taxon_096|t__SGB4479",9,0.0164233576642336,0.000648799654048055,FALSE,TRUE,FALSE,NA,"HMP1-2 taxonomy stool"
"k__Bacteria|p__Firmicutes|c__CFGB1394|o__OFGB1394|f__FGB1394|g__GGB3385|s__GGB3385_SGB4471|t__SGB4471",1,0.00182481751824818,1.2600005040002e-05,FALSE,FALSE,FALSE,NA,"HMP1-2 taxonomy stool"
"k__Bacteria|p__Firmicutes|c__Clostridia|o__Clostridiales|f__Clostridiales_Family_XIII_Incertae_Sedis|g__Clostridiales_Family_XIII_Incertae_Sedis_unclassified|s__Eubacterium_sulci|t__SGB3934",70,0.127737226277372,0.000331227193552504,TRUE,TRUE,TRUE,0.0145012522595742,"HMP1-2 taxonomy stool"
"k__Bacteria|p__Firmicutes|c__Bacilli|o__Bacilli_unclassified|f__Bacilli_unclassified|g__GGB4721|s__GGB4721_SGB6537|t__SGB6537",0,0,NA,FALSE,FALSE,FALSE,NA,"HMP1-2 taxonomy stool"
"k__Bacteria|p__Bacteroidetes|c__CFGB497|o__OFGB497|f__FGB497|g__GGB1026|s__GGB1026_SGB1321|t__SGB1321",1,0.00182481751824818,2.73000027300003e-05,FALSE,FALSE,FALSE,NA,"HMP1-2 taxonomy stool"
"k__Bacteria|p__Firmicutes|c__Clostridia|o__Clostridiales|f__Lachnospiraceae|g__Oribacterium|s__Oribacterium_parvum|t__SGB5286",1,0.00182481751824818,1.39999944000022e-06,FALSE,FALSE,FALSE,NA,"HMP1-2 taxonomy stool"
"k__Bacteria|p__Firmicutes|c__Clostridia|o__Clostridiales|f__Peptostreptococcaceae|g__Peptostreptococcus|s__Peptostreptococcus_SGB749|t__SGB749",7,0.0127737226277372,0.000329285533728682,FALSE,TRUE,FALSE,NA,"HMP1-2 taxonomy stool"
"k__Bacteria|p__Fusobacteria|c__CFGB1781|o__OFGB1781|f__FGB1781|g__GGB4733|s__GGB4733_SGB6555|t__SGB6555",0,0,NA,FALSE,FALSE,FALSE,NA,"HMP1-2 taxonomy stool"
"k__Bacteria|p__Firmicutes|c__Clostridia|o__Clostridiales|f__Clostridiales_Family_XIII_Incertae_Sedis|g__Mogibacterium|s__Mogibacterium_diversum|t__SGB3922",25,0.0456204379562044,0.000592703839650544,FALSE,TRUE,FALSE,NA,"HMP1-2 taxonomy stool"
"k__Bacteria|p__Bacteroidetes|c__Bacteroidia|o__Bacteroidales|f__Tannerellaceae|g__Tannerella|s__Tannerella_sp_oral_taxon_HOT_286|t__SGB2048",3,0.00547445255474453,0.000195266687610006,FALSE,TRUE,FALSE,NA,"HMP1-2 taxonomy stool"
"k__Bacteria|p__Firmicutes|c__CFGB1764|o__OFGB1764|f__FGB1764|g__GGB4538|s__GGB4538_SGB6256|t__SGB6256",3,0.00547445255474453,8.27999580766979e-05,FALSE,FALSE,FALSE,NA,"HMP1-2 taxonomy stool"
"k__Bacteria|p__Bacteroidetes|c__Bacteroidia|o__Bacteroidales|f__Prevotellaceae|g__Prevotellaceae_unclassified|s__Prevotellaceae_bacterium_Marseille_P2826|t__SGB1465",1,0.00182481751824818,3.48000034800003e-05,FALSE,FALSE,FALSE,NA,"HMP1-2 taxonomy stool"
"k__Bacteria|p__Spirochaetes|c__Spirochaetia|o__Spirochaetales|f__Spirochaetaceae|g__Treponema|s__Treponema_SGB3601|t__SGB3601",0,0,NA,FALSE,FALSE,FALSE,NA,"HMP1-2 taxonomy stool"
"k__Bacteria|p__Firmicutes|c__Clostridia|o__Clostridiales|f__Peptostreptococcaceae|g__GGB4783|s__GGB4783_SGB6619|t__SGB6619",0,0,NA,FALSE,FALSE,FALSE,NA,"HMP1-2 taxonomy stool"
"k__Bacteria|p__Firmicutes|c__CFGB1764|o__OFGB1764|f__FGB1764|g__GGB4538|s__GGB4538_SGB6253|t__SGB6253",0,0,NA,FALSE,FALSE,FALSE,NA,"HMP1-2 taxonomy stool"
"k__Bacteria|p__Tenericutes|c__Mollicutes|o__Mycoplasmatales|f__Mycoplasmataceae|g__Mycoplasma|s__Mycoplasma_orale|t__SGB5933",0,0,NA,FALSE,FALSE,FALSE,NA,"HMP1-2 taxonomy stool"
"k__Bacteria|p__Candidatus_Absconditabacteria|c__Candidatus_Absconditabacteria_unclassified|o__Candidatus_Absconditabacteria_unclassified|f__Candidatus_Absconditabacteria_unclassified|g__Candidatus_Absconditabacteria_unclassified|s__SR1_bacterium_human_oral_taxon_HOT_345|t__SGB6893",0,0,NA,FALSE,FALSE,FALSE,NA,"HMP1-2 taxonomy stool"
"k__Bacteria|p__Bacteroidetes|c__Bacteroidia|o__Bacteroidales|f__Prevotellaceae|g__Alloprevotella|s__Alloprevotella_tannerae|t__SGB1411",5,0.00912408759124088,0.000226220023036007,FALSE,TRUE,FALSE,NA,"HMP1-2 taxonomy stool"
"k__Bacteria|p__Bacteroidetes|c__Bacteroidia|o__Bacteroidales|f__Bacteroidaceae|g__Bacteroidaceae_unclassified|s__Bacteroidaceae_bacterium|t__SGB1469",2,0.00364963503649635,0.00207149963862008,FALSE,TRUE,FALSE,NA,"HMP1-2 taxonomy stool"
"k__Bacteria|p__Proteobacteria|c__CFGB4196|o__OFGB4196|f__FGB4196|g__GGB12441|s__GGB12441_SGB19290|t__SGB19290",0,0,NA,FALSE,FALSE,FALSE,NA,"HMP1-2 taxonomy stool"
"k__Bacteria|p__Bacteroidetes|c__CFGB570|o__OFGB570|f__FGB570|g__GGB1203|s__GGB1203_SGB1568|t__SGB1568",1,0.00182481751824818,0.00131529921082047,FALSE,TRUE,FALSE,NA,"HMP1-2 taxonomy stool"
"k__Bacteria|p__Spirochaetes|c__Spirochaetia|o__Spirochaetales|f__Spirochaetaceae|g__GGB2672|s__GGB2672_SGB3600|t__SGB3600",0,0,NA,FALSE,FALSE,FALSE,NA,"HMP1-2 taxonomy stool"
"k__Bacteria|p__Candidatus_Saccharibacteria|c__Candidatus_Saccharibacteria_unclassified|o__Candidatus_Saccharibacteria_unclassified|f__Candidatus_Saccharibacteria_unclassified|g__GGB12763|s__GGB12763_SGB19797|t__SGB19797",1,0.00182481751824818,7.80000390000195e-06,FALSE,FALSE,FALSE,NA,"HMP1-2 taxonomy stool"
"k__Bacteria|p__Firmicutes|c__CFGB1534|o__OFGB1534|f__FGB1534|g__GGB3886|s__GGB3886_SGB5269|t__SGB5269",2,0.00364963503649635,5.17499678450261e-05,FALSE,FALSE,FALSE,NA,"HMP1-2 taxonomy stool"
"k__Bacteria|p__Firmicutes|c__CFGB1762|o__OFGB1762|f__FGB1762|g__GGB4533|s__GGB4533_SGB6246|t__SGB6246",2,0.00364963503649635,1.77499997350014e-05,FALSE,FALSE,FALSE,NA,"HMP1-2 taxonomy stool"
"k__Bacteria|p__Firmicutes|c__Clostridia|o__Clostridiales|f__Lachnospiraceae|g__Lachnoanaerobaculum|s__Lachnoanaerobaculum_umeaense|t__SGB4490",0,0,NA,FALSE,FALSE,FALSE,NA,"HMP1-2 taxonomy stool"
"k__Bacteria|p__Firmicutes|c__Clostridia|o__Clostridiales|f__Peptostreptococcaceae|g__GGB4786|s__GGB4786_SGB6625|t__SGB6625",0,0,NA,FALSE,FALSE,FALSE,NA,"HMP1-2 taxonomy stool"
"k__Bacteria|p__Bacteroidetes|c__Bacteroidia|o__Bacteroidales|f__Prevotellaceae|g__Alloprevotella|s__Alloprevotella_rava|t__SGB1485",4,0.0072992700729927,0.00194467440944019,FALSE,TRUE,FALSE,NA,"HMP1-2 taxonomy stool"
"k__Bacteria|p__Candidatus_Saccharibacteria|c__Candidatus_Nanosyncoccalia|o__Candidatus_Nanogingivales|f__Candidatus_Nanogingivalaceae|g__GGB12785|s__GGB12785_SGB19825|t__SGB19825",2,0.00364963503649635,9.50000383000182e-06,FALSE,FALSE,FALSE,NA,"HMP1-2 taxonomy stool"
"k__Bacteria|p__Proteobacteria|c__Betaproteobacteria|o__Neisseriales|f__Neisseriaceae|g__Neisseria|s__Neisseria_sp_oral_taxon_014|t__SGB9463",1,0.00182481751824818,3.98999760600144e-05,FALSE,FALSE,FALSE,NA,"HMP1-2 taxonomy stool"
"k__Bacteria|p__Proteobacteria|c__Betaproteobacteria|o__Burkholderiales|f__Burkholderiaceae|g__Lautropia|s__Lautropia_dentalis|t__SGB13164",0,0,NA,FALSE,FALSE,FALSE,NA,"HMP1-2 taxonomy stool"
"k__Bacteria|p__Candidatus_Saccharibacteria|c__Candidatus_Saccharibacteria_unclassified|o__Candidatus_Saccharibacteria_unclassified|f__Candidatus_Saccharibacteria_unclassified|g__GGB12762|s__GGB12762_SGB19792|t__SGB19792",0,0,NA,FALSE,FALSE,FALSE,NA,"HMP1-2 taxonomy stool"
"k__Bacteria|p__Bacteroidetes|c__Bacteroidia|o__Bacteroidales|f__Prevotellaceae|g__Prevotella|s__Prevotella_sp_HJM029|t__SGB1521",1,0.00182481751824818,0.000210000021000002,FALSE,TRUE,FALSE,NA,"HMP1-2 taxonomy stool"
"k__Bacteria|p__Bacteroidetes|c__CFGB570|o__OFGB570|f__FGB570|g__GGB1202|s__GGB1202_SGB1567|t__SGB1567",3,0.00547445255474453,4.93333096600183e-05,FALSE,FALSE,FALSE,NA,"HMP1-2 taxonomy stool"
"k__Bacteria|p__Actinobacteria|c__Actinobacteria|o__Bifidobacteriales|f__Bifidobacteriaceae|g__Alloscardovia|s__Alloscardovia_omnicolens|t__SGB17300",3,0.00547445255474453,0.000413999916000019,FALSE,TRUE,FALSE,NA,"HMP1-2 taxonomy stool"
"k__Bacteria|p__Spirochaetes|c__Spirochaetia|o__Spirochaetales|f__Spirochaetaceae|g__Treponema|s__Treponema_denticola|t__SGB3613",1,0.00182481751824818,0.000163099967380007,FALSE,TRUE,FALSE,NA,"HMP1-2 taxonomy stool"
"k__Bacteria|p__Firmicutes|c__Bacilli|o__Bacillales|f__Bacillales_unclassified|g__Gemella|s__Gemella_SGB7284|t__SGB7284",2,0.00364963503649635,0.000117949978215004,FALSE,TRUE,FALSE,NA,"HMP1-2 taxonomy stool"
"k__Bacteria|p__Bacteroidetes|c__Bacteroidia|o__Bacteroidales|f__Porphyromonadaceae|g__Porphyromonas|s__Porphyromonas_endodontalis|t__SGB2016",5,0.00912408759124088,0.000166199910192052,FALSE,TRUE,FALSE,NA,"HMP1-2 taxonomy stool"
"k__Bacteria|p__Proteobacteria|c__Betaproteobacteria|o__Neisseriales|f__Neisseriaceae|g__Neisseria|s__Neisseria_elongata|t__SGB9447",3,0.00547445255474453,0.00120619938699031,FALSE,TRUE,FALSE,NA,"HMP1-2 taxonomy stool"
"k__Bacteria|p__Fusobacteria|c__CFGB1781|o__OFGB1781|f__FGB1781|g__GGB4733|s__GGB4733_SGB6557|t__SGB6557",0,0,NA,FALSE,FALSE,FALSE,NA,"HMP1-2 taxonomy stool"
"k__Bacteria|p__Spirochaetes|c__Spirochaetia|o__Spirochaetales|f__Spirochaetaceae|g__Treponema|s__Treponema_sp_OMZ_804|t__SGB3607",1,0.00182481751824818,9.8299980340004e-05,FALSE,FALSE,FALSE,NA,"HMP1-2 taxonomy stool"
"k__Bacteria|p__Bacteroidetes|c__Bacteroidia|o__Bacteroidales|f__Prevotellaceae|g__Prevotella|s__Prevotella_veroralis|t__SGB1541",0,0,NA,FALSE,FALSE,FALSE,NA,"HMP1-2 taxonomy stool"
"k__Bacteria|p__Spirochaetes|c__Spirochaetia|o__Spirochaetales|f__Spirochaetaceae|g__Treponema|s__Treponema_socranskii|t__SGB3585",0,0,NA,FALSE,FALSE,FALSE,NA,"HMP1-2 taxonomy stool"
"k__Bacteria|p__Firmicutes|c__Clostridia|o__Clostridiales|f__Peptostreptococcaceae|g__Peptostreptococcus|s__Peptostreptococcus_stomatis|t__SGB748",6,0.0109489051094891,5.81333624966946e-05,FALSE,FALSE,FALSE,NA,"HMP1-2 taxonomy stool"
"k__Bacteria|p__Bacteroidetes|c__Bacteroidetes_unclassified|o__Bacteroidetes_unclassified|f__Bacteroidetes_unclassified|g__Bacteroidetes_unclassified|s__Bacteroidetes_oral_taxon_274|t__SGB1341",1,0.00182481751824818,0.00273469835918099,FALSE,TRUE,FALSE,NA,"HMP1-2 taxonomy stool"
"k__Bacteria|p__Firmicutes|c__Negativicutes|o__Selenomonadales|f__Selenomonadaceae|g__Selenomonas|s__Selenomonas_sputigena|t__SGB5898",0,0,NA,FALSE,FALSE,FALSE,NA,"HMP1-2 taxonomy stool"
"k__Bacteria|p__Bacteroidetes|c__Flavobacteriia|o__Flavobacteriales|f__Flavobacteriaceae|g__Capnocytophaga|s__Capnocytophaga_sp_oral_taxon_332|t__SGB2489",0,0,NA,FALSE,FALSE,FALSE,NA,"HMP1-2 taxonomy stool"
"k__Bacteria|p__Bacteroidetes|c__Bacteroidia|o__Bacteroidales|f__Porphyromonadaceae|g__Porphyromonas|s__Porphyromonas_SGB2042|t__SGB2042",0,0,NA,FALSE,FALSE,FALSE,NA,"HMP1-2 taxonomy stool"
"k__Bacteria|p__Proteobacteria|c__Epsilonproteobacteria|o__Campylobacterales|f__Campylobacteraceae|g__Campylobacter|s__Campylobacter_SGB19337|t__SGB19337_group",1,0.00182481751824818,0.00171639914180043,FALSE,TRUE,FALSE,NA,"HMP1-2 taxonomy stool"
"k__Bacteria|p__Firmicutes|c__Bacilli|o__Lactobacillales|f__Streptococcaceae|g__Streptococcus|s__Streptococcus_anginosus|t__SGB8028_group",3,0.00547445255474453,2.37999960833342e-05,FALSE,FALSE,FALSE,NA,"HMP1-2 taxonomy stool"
"k__Bacteria|p__Bacteroidetes|c__Bacteroidia|o__Bacteroidales|f__Prevotellaceae|g__Prevotella|s__Prevotella_denticola|t__SGB1540",0,0,NA,FALSE,FALSE,FALSE,NA,"HMP1-2 taxonomy stool"
"k__Bacteria|p__Firmicutes|c__Clostridia|o__Clostridiales|f__Clostridiales_Family_XIII_Incertae_Sedis|g__Mogibacterium|s__Mogibacterium_pumilum|t__SGB3924",0,0,NA,FALSE,FALSE,FALSE,NA,"HMP1-2 taxonomy stool"
"k__Bacteria|p__Fusobacteria|c__Fusobacteriia|o__Fusobacteriales|f__Leptotrichiaceae|g__Leptotrichia|s__Leptotrichia_buccalis|t__SGB6058",1,0.00182481751824818,0.0015972992013504,FALSE,TRUE,FALSE,NA,"HMP1-2 taxonomy stool"
"k__Bacteria|p__Candidatus_Saccharibacteria|c__Candidatus_Saccharimonia|o__Candidatus_Saccharimonales|f__Candidatus_Sacchiramonaceaea|g__Candidatus_Nanosynsacchari|s__Candidatus_Nanosynsacchari_sp_TM7_ANC_38_39_G1_1|t__SGB19882",22,0.0401459854014599,3.54681819313726e-05,FALSE,FALSE,FALSE,NA,"HMP1-2 taxonomy stool"
"k__Bacteria|p__Tenericutes|c__Mollicutes|o__Mycoplasmatales|f__Mycoplasmataceae|g__Mycoplasma|s__Mycoplasma_salivarium|t__SGB5934",0,0,NA,FALSE,FALSE,FALSE,NA,"HMP1-2 taxonomy stool"
"k__Bacteria|p__Bacteroidetes|c__Bacteroidia|o__Bacteroidales|f__Porphyromonadaceae|g__Porphyromonas|s__Porphyromonas_catoniae|t__SGB2036",2,0.00364963503649635,4.40499795700159e-05,FALSE,FALSE,FALSE,NA,"HMP1-2 taxonomy stool"
"k__Bacteria|p__Bacteroidetes|c__Bacteroidetes_unclassified|o__Bacteroidetes_unclassified|f__Bacteroidetes_unclassified|g__Bacteroidetes_unclassified|s__Bacteroidetes_unclassified_SGB1343|t__SGB1343",0,0,NA,FALSE,FALSE,FALSE,NA,"HMP1-2 taxonomy stool"
"k__Bacteria|p__Proteobacteria|c__Gammaproteobacteria|o__Pasteurellales|f__Pasteurellaceae|g__Aggregatibacter|s__Aggregatibacter_segnis|t__SGB9738_group",2,0.00364963503649635,3.25999994800062e-05,FALSE,FALSE,FALSE,NA,"HMP1-2 taxonomy stool"
"k__Bacteria|p__Firmicutes|c__Erysipelotrichia|o__Erysipelotrichales|f__Erysipelotrichaceae|g__Bulleidia|s__Bulleidia_extructa|t__SGB6820",1,0.00182481751824818,1.28000025600005e-05,FALSE,FALSE,FALSE,NA,"HMP1-2 taxonomy stool"
"k__Bacteria|p__Bacteroidetes|c__Bacteroidia|o__Bacteroidales|f__Prevotellaceae|g__GGB1138|s__GGB1138_SGB1455|t__SGB1455",1,0.00182481751824818,4.09999754000148e-05,FALSE,FALSE,FALSE,NA,"HMP1-2 taxonomy stool"
"k__Bacteria|p__Firmicutes|c__Clostridia|o__Clostridiales|f__Lachnospiraceae|g__Lachnospiraceae_unclassified|s__Lachnospiraceae_bacterium_oral_taxon_500|t__SGB4480",1,0.00182481751824818,3.76999811500094e-05,FALSE,FALSE,FALSE,NA,"HMP1-2 taxonomy stool"
"k__Bacteria|p__Bacteroidetes|c__Bacteroidia|o__Bacteroidales|f__Porphyromonadaceae|g__Porphyromonas|s__Porphyromonas_sp_oral_taxon_278|t__SGB2041",1,0.00182481751824818,0.00531169734415133,FALSE,TRUE,FALSE,NA,"HMP1-2 taxonomy stool"
"k__Bacteria|p__Firmicutes|c__CFGB1394|o__OFGB1394|f__FGB1394|g__GGB3385|s__GGB3385_SGB4472|t__SGB4472_group",0,0,NA,FALSE,FALSE,FALSE,NA,"HMP1-2 taxonomy stool"
"k__Bacteria|p__Candidatus_Saccharibacteria|c__Candidatus_Nanosyncoccalia|o__Candidatus_Nanogingivales|f__Candidatus_Nanogingivalaceae|g__GGB12785|s__GGB12785_SGB19827|t__SGB19827",2,0.00364963503649635,8.23499835300033e-05,FALSE,FALSE,FALSE,NA,"HMP1-2 taxonomy stool"
"k__Bacteria|p__Fusobacteria|c__Fusobacteriia|o__Fusobacteriales|f__Leptotrichiaceae|g__GGB4400|s__GGB4400_SGB6074|t__SGB6074",0,0,NA,FALSE,FALSE,FALSE,NA,"HMP1-2 taxonomy stool"
"k__Bacteria|p__Fusobacteria|c__Fusobacteriia|o__Fusobacteriales|f__Leptotrichiaceae|g__Pseudoleptotrichia|s__Pseudoleptotrichia_goodfellowii|t__SGB6073",0,0,NA,FALSE,FALSE,FALSE,NA,"HMP1-2 taxonomy stool"
"k__Bacteria|p__Bacteroidetes|c__CFGB494|o__OFGB494|f__FGB494|g__GGB1022|s__GGB1022_SGB1315|t__SGB1315",1,0.00182481751824818,6.54999869000026e-05,FALSE,FALSE,FALSE,NA,"HMP1-2 taxonomy stool"
"k__Bacteria|p__Actinobacteria|c__Coriobacteriia|o__Eggerthellales|f__Eggerthellaceae|g__Slackia|s__Slackia_exigua|t__SGB14784",1,0.00182481751824818,3.6000018000009e-06,FALSE,FALSE,FALSE,NA,"HMP1-2 taxonomy stool"
"k__Bacteria|p__Proteobacteria|c__Gammaproteobacteria|o__Pasteurellales|f__Pasteurellaceae|g__Haemophilus|s__Haemophilus_pittmaniae|t__SGB9656",11,0.0200729927007299,0.000445690904883734,FALSE,TRUE,FALSE,NA,"HMP1-2 taxonomy stool"
"k__Bacteria|p__Firmicutes|c__Bacilli|o__Lactobacillales|f__Streptococcaceae|g__Streptococcus|s__Streptococcus_constellatus|t__SGB8026",1,0.00182481751824818,3.5800017900009e-05,FALSE,FALSE,FALSE,NA,"HMP1-2 taxonomy stool"
"k__Bacteria|p__Actinobacteria|c__Actinobacteria|o__Actinomycetales|f__Actinomycetaceae|g__Actinomyces|s__Actinomyces_bouchesdurhonensis|t__SGB17152",6,0.0109489051094891,0.000706766737961677,FALSE,TRUE,FALSE,NA,"HMP1-2 taxonomy stool"
"k__Bacteria|p__Actinobacteria|c__Coriobacteriia|o__Coriobacteriales|f__Atopobiaceae|g__Lancefieldella|s__Lancefieldella_rimae|t__SGB985",0,0,NA,FALSE,FALSE,FALSE,NA,"HMP1-2 taxonomy stool"
"k__Bacteria|p__Candidatus_Saccharibacteria|c__Candidatus_Saccharibacteria_unclassified|o__Candidatus_Saccharibacteria_unclassified|f__Candidatus_Saccharibacteria_unclassified|g__GGB12761|s__GGB12761_SGB19791|t__SGB19791",0,0,NA,FALSE,FALSE,FALSE,NA,"HMP1-2 taxonomy stool"
"k__Bacteria|p__Firmicutes|c__Negativicutes|o__Veillonellales|f__Veillonellaceae|g__Anaeroglobus|s__Anaeroglobus_geminatus|t__SGB5870",0,0,NA,FALSE,FALSE,FALSE,NA,"HMP1-2 taxonomy stool"
"k__Bacteria|p__Firmicutes|c__Clostridia|o__Clostridiales|f__Clostridiales_Family_XIII_Incertae_Sedis|g__Clostridiales_Family_XIII_Incertae_Sedis_unclassified|s__Eubacterium_infirmum|t__SGB3936",0,0,NA,FALSE,FALSE,FALSE,NA,"HMP1-2 taxonomy stool"
"k__Bacteria|p__Bacteroidetes|c__Bacteroidia|o__Bacteroidales|f__Tannerellaceae|g__Tannerella|s__Tannerella_forsythia|t__SGB2053",1,0.00182481751824818,7.14999571000258e-05,FALSE,FALSE,FALSE,NA,"HMP1-2 taxonomy stool"
"k__Bacteria|p__Firmicutes|c__Clostridia|o__Clostridiales|f__Lachnospiraceae|g__Catonella|s__Catonella_morbi|t__SGB4503",0,0,NA,FALSE,FALSE,FALSE,NA,"HMP1-2 taxonomy stool"
"k__Bacteria|p__Proteobacteria|c__Betaproteobacteria|o__Burkholderiales|f__Comamonadaceae|g__Ottowia|s__Ottowia_sp_Marseille_P4747|t__SGB12664",0,0,NA,FALSE,FALSE,FALSE,NA,"HMP1-2 taxonomy stool"
"k__Bacteria|p__Bacteroidetes|c__Bacteroidia|o__Bacteroidales|f__Porphyromonadaceae|g__GGB1472|s__GGB1472_SGB2037|t__SGB2037",0,0,NA,FALSE,FALSE,FALSE,NA,"HMP1-2 taxonomy stool"
"k__Bacteria|p__Proteobacteria|c__Epsilonproteobacteria|o__Campylobacterales|f__Campylobacteraceae|g__GGB12443|s__GGB12443_SGB19313|t__SGB19313",0,0,NA,FALSE,FALSE,FALSE,NA,"HMP1-2 taxonomy stool"
"k__Bacteria|p__Firmicutes|c__Negativicutes|o__Selenomonadales|f__Selenomonadaceae|g__Selenomonas|s__Selenomonas_sp_oral_taxon_892|t__SGB5885",1,0.00182481751824818,0.0015965992017004,FALSE,TRUE,FALSE,NA,"HMP1-2 taxonomy stool"
"k__Bacteria|p__Firmicutes|c__Clostridia|o__Clostridiales|f__Peptostreptococcaceae|g__Peptoanaerobacter|s__Peptoanaerobacter_SGB6621|t__SGB6621",0,0,NA,FALSE,FALSE,FALSE,NA,"HMP1-2 taxonomy stool"
"k__Bacteria|p__Spirochaetes|c__Spirochaetia|o__Spirochaetales|f__Spirochaetaceae|g__Treponema|s__Treponema_maltophilum|t__SGB3589",0,0,NA,FALSE,FALSE,FALSE,NA,"HMP1-2 taxonomy stool"
"k__Bacteria|p__Bacteroidetes|c__Bacteroidia|o__Bacteroidales|f__Prevotellaceae|g__Prevotella|s__Prevotella_saccharolytica|t__SGB1454",0,0,NA,FALSE,FALSE,FALSE,NA,"HMP1-2 taxonomy stool"
"k__Bacteria|p__Proteobacteria|c__Gammaproteobacteria|o__Pasteurellales|f__Pasteurellaceae|g__Aggregatibacter|s__Aggregatibacter_aphrophilus|t__SGB9731",1,0.00182481751824818,0.0102054938767037,FALSE,TRUE,FALSE,NA,"HMP1-2 taxonomy stool"
"k__Bacteria|p__Actinobacteria|c__Coriobacteriia|o__Coriobacteriales|f__Atopobiaceae|g__Olsenella|s__Olsenella_sp_oral_taxon_807|t__SGB14348",0,0,NA,FALSE,FALSE,FALSE,NA,"HMP1-2 taxonomy stool"
"k__Bacteria|p__Firmicutes|c__Negativicutes|o__Selenomonadales|f__Selenomonadaceae|g__Selenomonas|s__Selenomonas_artemidis|t__SGB5878",0,0,NA,FALSE,FALSE,FALSE,NA,"HMP1-2 taxonomy stool"
"k__Bacteria|p__Bacteroidetes|c__Bacteroidia|o__Bacteroidales|f__Prevotellaceae|g__Alloprevotella|s__Alloprevotella_sp_Lung230|t__SGB1467",1,0.00182481751824818,7.74999535000279e-05,FALSE,FALSE,FALSE,NA,"HMP1-2 taxonomy stool"
"k__Bacteria|p__Firmicutes|c__Clostridia|o__Clostridiales|f__Lachnospiraceae|g__Johnsonella|s__Johnsonella_ignava|t__SGB6631",0,0,NA,FALSE,FALSE,FALSE,NA,"HMP1-2 taxonomy stool"
"k__Bacteria|p__Bacteroidetes|c__Bacteroidia|o__Bacteroidales|f__Prevotellaceae|g__Prevotella|s__Prevotella_oulorum|t__SGB1520",1,0.00182481751824818,7.73999535600279e-05,FALSE,FALSE,FALSE,NA,"HMP1-2 taxonomy stool"
"k__Bacteria|p__Bacteroidetes|c__Bacteroidia|o__Bacteroidales|f__Prevotellaceae|g__Prevotella|s__Prevotella_micans|t__SGB1565",0,0,NA,FALSE,FALSE,FALSE,NA,"HMP1-2 taxonomy stool"
"k__Bacteria|p__Actinobacteria|c__Actinobacteria|o__Actinomycetales|f__Actinomycetaceae|g__Pauljensenia|s__Pauljensenia_hongkongensis|t__SGB17148",0,0,NA,FALSE,FALSE,FALSE,NA,"HMP1-2 taxonomy stool"
"k__Bacteria|p__Bacteroidetes|c__Bacteroidia|o__Bacteroidales|f__Prevotellaceae|g__Prevotella|s__Prevotella_maculosa|t__SGB1524",1,0.00182481751824818,3.15999810400114e-05,FALSE,FALSE,FALSE,NA,"HMP1-2 taxonomy stool"
"k__Bacteria|p__Proteobacteria|c__Epsilonproteobacteria|o__Campylobacterales|f__Campylobacteraceae|g__Campylobacter|s__Campylobacter_curvus|t__SGB19334",1,0.00182481751824818,1.49999910000054e-06,FALSE,FALSE,FALSE,NA,"HMP1-2 taxonomy stool"
"k__Bacteria|p__Bacteroidetes|c__Bacteroidia|o__Bacteroidales|f__Prevotellaceae|g__Prevotella|s__Prevotella_enoeca|t__SGB1527",0,0,NA,FALSE,FALSE,FALSE,NA,"HMP1-2 taxonomy stool"
"k__Bacteria|p__Actinobacteria|c__Actinobacteria|o__Actinomycetales|f__Actinomycetaceae|g__Schaalia|s__Schaalia_georgiae|t__SGB17149",0,0,NA,FALSE,FALSE,FALSE,NA,"HMP1-2 taxonomy stool"
"k__Bacteria|p__Firmicutes|c__Negativicutes|o__Selenomonadales|f__Selenomonadaceae|g__Centipeda|s__Centipeda_periodontii|t__SGB5887",0,0,NA,FALSE,FALSE,FALSE,NA,"HMP1-2 taxonomy stool"
"k__Bacteria|p__Firmicutes|c__Negativicutes|o__Selenomonadales|f__Selenomonadaceae|g__Selenomonas|s__Selenomonas_SGB5892|t__SGB5892",0,0,NA,FALSE,FALSE,FALSE,NA,"HMP1-2 taxonomy stool"
"k__Bacteria|p__Proteobacteria|c__Betaproteobacteria|o__Neisseriales|f__Neisseriaceae|g__Eikenella|s__Eikenella_exigua|t__SGB9429",0,0,NA,FALSE,FALSE,FALSE,NA,"HMP1-2 taxonomy stool"
"k__Bacteria|p__Fusobacteria|c__Fusobacteriia|o__Fusobacteriales|f__Leptotrichiaceae|g__Leptotrichia|s__Leptotrichia_trevisanii|t__SGB6066",1,0.00182481751824818,0.000203499877900073,FALSE,TRUE,FALSE,NA,"HMP1-2 taxonomy stool"
"k__Bacteria|p__Spirochaetes|c__Spirochaetia|o__Spirochaetales|f__Spirochaetaceae|g__Treponema|s__Treponema_SGB69443|t__SGB69443",0,0,NA,FALSE,FALSE,FALSE,NA,"HMP1-2 taxonomy stool"
"k__Bacteria|p__Proteobacteria|c__Gammaproteobacteria|o__Pasteurellales|f__Pasteurellaceae|g__GGB6814|s__GGB6814_SGB9728|t__SGB9728",1,0.00182481751824818,0.00240579855652087,FALSE,TRUE,FALSE,NA,"HMP1-2 taxonomy stool"
"k__Bacteria|p__Spirochaetes|c__Spirochaetia|o__Spirochaetales|f__Spirochaetaceae|g__Treponema|s__Treponema_sp_Marseille_Q4130|t__SGB80266",0,0,NA,FALSE,FALSE,FALSE,NA,"HMP1-2 taxonomy stool"
"k__Bacteria|p__Actinobacteria|c__Actinobacteria|o__Propionibacteriales|f__Propionibacteriaceae|g__Arachnia|s__Arachnia_SGB15898|t__SGB15898",0,0,NA,FALSE,FALSE,FALSE,NA,"HMP1-2 taxonomy stool"
"k__Bacteria|p__Proteobacteria|c__Betaproteobacteria|o__Neisseriales|f__Neisseriaceae|g__Eikenella|s__Eikenella_longinqua|t__SGB9436",0,0,NA,FALSE,FALSE,FALSE,NA,"HMP1-2 taxonomy stool"
"k__Bacteria|p__Fusobacteria|c__Fusobacteriia|o__Fusobacteriales|f__Fusobacteriaceae|g__Fusobacterium|s__Fusobacterium_canifelinum|t__SGB29027",0,0,NA,FALSE,FALSE,FALSE,NA,"HMP1-2 taxonomy stool"
"k__Bacteria|p__Actinobacteria|c__Actinobacteria|o__Corynebacteriales|f__Corynebacteriaceae|g__Corynebacterium|s__Corynebacterium_aurimucosum|t__SGB17100",2,0.00364963503649635,0.00309104939057012,FALSE,TRUE,FALSE,NA,"HMP1-2 taxonomy stool"
"k__Bacteria|p__Firmicutes|c__Tissierellia|o__Tissierellales|f__Peptoniphilaceae|g__GGB4812|s__GGB4812_SGB6657|t__SGB6657",1,0.00182481751824818,2.55999872000064e-05,FALSE,FALSE,FALSE,NA,"HMP1-2 taxonomy stool"
"k__Bacteria|p__Firmicutes|c__Tissierellia|o__Tissierellales|f__Peptoniphilaceae|g__Peptoniphilus|s__Peptoniphilus_lacydonensis|t__SGB6692",0,0,NA,FALSE,FALSE,FALSE,NA,"HMP1-2 taxonomy stool"
"k__Bacteria|p__Firmicutes|c__Bacilli|o__Bacilli_unclassified|f__Bacilli_unclassified|g__Bacilli_unclassified|s__Bacilli_unclassified_SGB6487|t__SGB6487",5,0.00912408759124088,0.0342983262180215,FALSE,TRUE,FALSE,NA,"HMP1-2 taxonomy stool"
"k__Bacteria|p__Firmicutes|c__Clostridia|o__Clostridiales|f__Lachnospiraceae|g__Butyrivibrio|s__Butyrivibrio_crossotus|t__SGB5065",30,0.0547445255474453,0.0393930122063073,FALSE,TRUE,FALSE,NA,"HMP1-2 taxonomy stool"
"k__Bacteria|p__Bacteroidetes|c__Bacteroidia|o__Bacteroidales|f__Prevotellaceae|g__Prevotella|s__Prevotella_copri_clade_A|t__SGB1626",149,0.271897810218978,0.121977450755167,TRUE,TRUE,TRUE,0.287747335718745,"HMP1-2 taxonomy stool"
"k__Bacteria|p__Firmicutes|c__Bacilli|o__Bacilli_unclassified|f__Bacilli_unclassified|g__GGB4700|s__GGB4700_SGB6506|t__SGB6506",18,0.0328467153284672,0.0114555885166867,FALSE,TRUE,FALSE,NA,"HMP1-2 taxonomy stool"
"k__Bacteria|p__Bacteroidetes|c__Bacteroidia|o__Bacteroidales|f__Bacteroidales_unclassified|g__Phocaeicola|s__Phocaeicola_massiliensis|t__SGB1812",171,0.312043795620438,0.0558662944472143,TRUE,TRUE,TRUE,0.130162504847028,"HMP1-2 taxonomy stool"
"k__Bacteria|p__Bacteroidetes|c__Bacteroidia|o__Bacteroidales|f__Bacteroidaceae|g__Bacteroides|s__Bacteroides_uniformis|t__SGB1836_group",501,0.914233576642336,0.0688643424732421,TRUE,TRUE,TRUE,0.123242592436487,"HMP1-2 taxonomy stool"
"k__Bacteria|p__Firmicutes|c__Clostridia|o__Clostridia_unclassified|f__Clostridia_unclassified|g__GGB9059|s__GGB9059_SGB13976|t__SGB13976",31,0.0565693430656934,0.0299384380239633,FALSE,TRUE,FALSE,NA,"HMP1-2 taxonomy stool"
"k__Bacteria|p__Firmicutes|c__Bacilli|o__Bacilli_unclassified|f__Bacilli_unclassified|g__Bacilli_unclassified|s__Bacilli_bacterium|t__SGB6499",5,0.00912408759124088,0.0135257760610158,FALSE,TRUE,FALSE,NA,"HMP1-2 taxonomy stool"
"k__Bacteria|p__Firmicutes|c__Bacilli|o__Bacilli_unclassified|f__Bacilli_unclassified|g__GGB4750|s__GGB4750_SGB6579|t__SGB6579",17,0.031021897810219,0.00755336598851145,FALSE,TRUE,FALSE,NA,"HMP1-2 taxonomy stool"
"k__Bacteria|p__Firmicutes|c__Bacilli|o__Bacilli_unclassified|f__Bacilli_unclassified|g__Bacilli_unclassified|s__Bacilli_bacterium|t__SGB6533",27,0.0492700729927007,0.00526953773812571,FALSE,TRUE,FALSE,NA,"HMP1-2 taxonomy stool"
"k__Bacteria|p__Firmicutes|c__Clostridia|o__Clostridia_unclassified|f__Clostridia_unclassified|g__Clostridia_unclassified|s__Clostridia_bacterium|t__SGB6308",29,0.0529197080291971,0.0208296456118348,FALSE,TRUE,FALSE,NA,"HMP1-2 taxonomy stool"
"k__Bacteria|p__Firmicutes|c__Bacilli|o__Bacilli_unclassified|f__Bacilli_unclassified|g__GGB4669|s__GGB4669_SGB6458|t__SGB6458",2,0.00364963503649635,0.00728795164004045,FALSE,TRUE,FALSE,NA,"HMP1-2 taxonomy stool"
"k__Bacteria|p__Firmicutes|c__Bacilli|o__Bacilli_unclassified|f__Bacilli_unclassified|g__GGB4706|s__GGB4706_SGB6513|t__SGB6513",2,0.00364963503649635,0.00669405145181037,FALSE,TRUE,FALSE,NA,"HMP1-2 taxonomy stool"
"k__Bacteria|p__Firmicutes|c__Bacilli|o__Bacilli_unclassified|f__Bacilli_unclassified|g__GGB4674|s__GGB4674_SGB6463|t__SGB6463",2,0.00364963503649635,0.00496445110061529,FALSE,TRUE,FALSE,NA,"HMP1-2 taxonomy stool"
"k__Bacteria|p__Firmicutes|c__Negativicutes|o__Veillonellales|f__Veillonellaceae|g__GGB4266|s__GGB4266_SGB5809|t__SGB5809_group",8,0.0145985401459854,0.011567438848347,FALSE,TRUE,FALSE,NA,"HMP1-2 taxonomy stool"
"k__Bacteria|p__Firmicutes|c__Clostridia|o__Clostridiales|f__Lachnospiraceae|g__Lachnospiraceae_unclassified|s__Lachnospiraceae_unclassified_SGB4894|t__SGB4894",151,0.275547445255474,0.0015459965414976,TRUE,TRUE,TRUE,0.029038122981509,"HMP1-2 taxonomy stool"
"k__Bacteria|p__Bacteroidetes|c__Bacteroidia|o__Bacteroidales|f__Bacteroidaceae|g__Bacteroides|s__Bacteroides_finegoldii|t__SGB1862",188,0.343065693430657,0.017137794198651,TRUE,TRUE,TRUE,0.103328839978552,"HMP1-2 taxonomy stool"
"k__Bacteria|p__Bacteroidetes|c__Bacteroidia|o__Bacteroidales|f__Bacteroidaceae|g__Bacteroides|s__Bacteroides_thetaiotaomicron|t__SGB1861",437,0.797445255474453,0.0223534348303773,TRUE,TRUE,TRUE,0.0917367381104186,"HMP1-2 taxonomy stool"
"k__Bacteria|p__Firmicutes|c__Clostridia|o__Clostridiales|f__Ruminococcaceae|g__GGB9634|s__GGB9634_SGB15097|t__SGB15097",25,0.0456204379562044,0.00447979607992237,FALSE,TRUE,FALSE,NA,"HMP1-2 taxonomy stool"
"k__Bacteria|p__Firmicutes|c__Clostridia|o__Clostridia_unclassified|f__Clostridia_unclassified|g__GGB3293|s__GGB3293_SGB4348|t__SGB4348",72,0.131386861313869,0.00874213428121677,TRUE,TRUE,TRUE,0.070826653055665,"HMP1-2 taxonomy stool"
"k__Bacteria|p__Firmicutes|c__Clostridia|o__Clostridia_unclassified|f__Clostridia_unclassified|g__GGB9288|s__GGB9288_SGB14243|t__SGB14243",15,0.0273722627737226,0.00207000694756789,FALSE,TRUE,FALSE,NA,"HMP1-2 taxonomy stool"
"k__Bacteria|p__Firmicutes|c__Clostridia|o__Clostridia_unclassified|f__Clostridia_unclassified|g__GGB4550|s__GGB4550_SGB6272|t__SGB6272",3,0.00547445255474453,0.00177806719632356,FALSE,TRUE,FALSE,NA,"HMP1-2 taxonomy stool"
"k__Bacteria|p__Firmicutes|c__Bacilli|o__Bacilli_unclassified|f__Bacilli_unclassified|g__Bacilli_unclassified|s__Bacilli_unclassified_SGB6478|t__SGB6478",84,0.153284671532847,0.0182337442870259,TRUE,TRUE,TRUE,0.0935106743340529,"HMP1-2 taxonomy stool"
"k__Bacteria|p__Bacteroidetes|c__Bacteroidia|o__Bacteroidales|f__Bacteroidaceae|g__Bacteroides|s__Bacteroides_xylanisolvens|t__SGB1867",456,0.832116788321168,0.0287632549067299,TRUE,TRUE,TRUE,0.13527754662846,"HMP1-2 taxonomy stool"
"k__Bacteria|p__Firmicutes|c__Clostridia|o__Clostridia_unclassified|f__Clostridia_unclassified|g__GGB4584|s__GGB4584_SGB6338|t__SGB6338",22,0.0401459854014599,0.00238195453684347,FALSE,TRUE,FALSE,NA,"HMP1-2 taxonomy stool"
"k__Bacteria|p__Firmicutes|c__Clostridia|o__Clostridia_unclassified|f__Clostridia_unclassified|g__Clostridia_unclassified|s__Clostridia_bacterium|t__SGB14110",6,0.0109489051094891,0.00367483472779913,FALSE,TRUE,FALSE,NA,"HMP1-2 taxonomy stool"
"k__Bacteria|p__Firmicutes|c__CFGB1798|o__OFGB1798|f__FGB1798|g__GGB4768|s__GGB4768_SGB6601|t__SGB6601",15,0.0273722627737226,0.00336919990817506,FALSE,TRUE,FALSE,NA,"HMP1-2 taxonomy stool"
"k__Bacteria|p__Bacteroidetes|c__Bacteroidia|o__Bacteroidales|f__Bacteroidales_unclassified|g__Bacteroidales_unclassified|s__Bacteroidales_bacterium|t__SGB2138",2,0.00364963503649635,0.00392205184546111,FALSE,TRUE,FALSE,NA,"HMP1-2 taxonomy stool"
"k__Bacteria|p__Bacteroidetes|c__Bacteroidia|o__Bacteroidales|f__Bacteroidales_unclassified|g__Bacteroidales_unclassified|s__Bacteroidales_bacterium|t__SGB2171",2,0.00364963503649635,0.00314270136474079,FALSE,TRUE,FALSE,NA,"HMP1-2 taxonomy stool"
"k__Bacteria|p__Firmicutes|c__Clostridia|o__Clostridiales|f__Ruminococcaceae|g__Ruminococcaceae_unclassified|s__Eubacterium_siraeum|t__SGB4198_group",287,0.523722627737226,0.00571579692375065,TRUE,TRUE,TRUE,0.0552477478564484,"HMP1-2 taxonomy stool"
"k__Bacteria|p__Firmicutes|c__Clostridia|o__Clostridiales|f__Clostridiaceae|g__Clostridium|s__Clostridium_sp_AF15_49|t__SGB5111",173,0.315693430656934,0.00572988043793405,TRUE,TRUE,TRUE,0.0476379849025427,"HMP1-2 taxonomy stool"
"k__Bacteria|p__Firmicutes|c__Clostridia|o__Clostridiales|f__Lachnospiraceae|g__Roseburia|s__Roseburia_faecis|t__SGB4925",371,0.677007299270073,0.00548639922344413,TRUE,TRUE,TRUE,0.0434434278521058,"HMP1-2 taxonomy stool"
"k__Bacteria|p__Proteobacteria|c__Betaproteobacteria|o__Burkholderiales|f__Sutterellaceae|g__Parasutterella|s__Parasutterella_SGB9260|t__SGB9260",159,0.29014598540146,0.0099934700362332,TRUE,TRUE,TRUE,0.0565187803791473,"HMP1-2 taxonomy stool"
"k__Bacteria|p__Bacteroidetes|c__Bacteroidia|o__Bacteroidales|f__Bacteroidaceae|g__Bacteroides|s__Bacteroides_eggerthii|t__SGB1829",112,0.204379562043796,0.0185036770623257,TRUE,TRUE,TRUE,0.112770201173247,"HMP1-2 taxonomy stool"
"k__Bacteria|p__Firmicutes|c__Clostridia|o__Clostridia_unclassified|f__Clostridia_unclassified|g__Clostridia_unclassified|s__Clostridia_bacterium|t__SGB4395",26,0.0474452554744526,0.000427153852333224,FALSE,TRUE,FALSE,NA,"HMP1-2 taxonomy stool"
"k__Bacteria|p__Lentisphaerae|c__Lentisphaeria|o__Lentisphaeria_unclassified|f__Lentisphaeria_unclassified|g__Lentisphaeria_unclassified|s__Lentisphaeria_bacterium|t__SGB9208",11,0.0200729927007299,0.00260849159809513,FALSE,TRUE,FALSE,NA,"HMP1-2 taxonomy stool"
"k__Bacteria|p__Firmicutes|c__CFGB3035|o__OFGB3035|f__FGB3035|g__GGB9524|s__GGB9524_SGB14923|t__SGB14923",72,0.131386861313869,0.000996172230086431,TRUE,TRUE,TRUE,0.0215214383546759,"HMP1-2 taxonomy stool"
"k__Bacteria|p__Firmicutes|c__Clostridia|o__Clostridia_unclassified|f__Clostridia_unclassified|g__Clostridia_unclassified|s__Clostridia_bacterium|t__SGB14250",85,0.155109489051095,0.00075314123765789,TRUE,TRUE,TRUE,0.0160835656048178,"HMP1-2 taxonomy stool"
"k__Bacteria|p__Firmicutes|c__Clostridia|o__Clostridiales|f__Ruminococcaceae|g__GGB9631|s__GGB9631_SGB15086|t__SGB15086",5,0.00912408759124088,0.000551680057032073,FALSE,TRUE,FALSE,NA,"HMP1-2 taxonomy stool"
"k__Bacteria|p__Bacteroidetes|c__Bacteroidia|o__Bacteroidales|f__Rikenellaceae|g__Alistipes|s__Alistipes_senegalensis|t__SGB2296",124,0.226277372262774,0.00193700722701375,TRUE,TRUE,TRUE,0.0256309866203632,"HMP1-2 taxonomy stool"
"k__Bacteria|p__Firmicutes|c__Clostridia|o__Clostridia_unclassified|f__Clostridia_unclassified|g__Clostridia_unclassified|s__Clostridia_bacterium|t__SGB13987",2,0.00364963503649635,0.00273095148009095,FALSE,TRUE,FALSE,NA,"HMP1-2 taxonomy stool"
"k__Bacteria|p__Candidatus_Melainabacteria|c__Candidatus_Melainabacteria_unclassified|o__Candidatus_Gastranaerophilales|f__Candidatus_Gastranaerophilales_unclassified|g__GGB6021|s__GGB6021_SGB8655|t__SGB8655",2,0.00364963503649635,0.018986912908989,FALSE,TRUE,FALSE,NA,"HMP1-2 taxonomy stool"
"k__Bacteria|p__Bacteroidetes|c__Bacteroidia|o__Bacteroidales|f__Bacteroidaceae|g__Bacteroides|s__Bacteroides_bouchesdurhonensis|t__SGB3321",13,0.0237226277372263,0.000384615421780831,FALSE,TRUE,FALSE,NA,"HMP1-2 taxonomy stool"
"k__Bacteria|p__Proteobacteria|c__Betaproteobacteria|o__Burkholderiales|f__Sutterellaceae|g__Sutterella|s__Sutterella_wadsworthensis|t__SGB9283",157,0.286496350364964,0.00920544290632578,TRUE,TRUE,TRUE,0.0570384282472511,"HMP1-2 taxonomy stool"
"k__Bacteria|p__Firmicutes|c__Clostridia|o__Clostridiales|f__Ruminococcaceae|g__GGB9697|s__GGB9697_SGB15213|t__SGB15213",38,0.0693430656934307,0.000409060600159805,FALSE,TRUE,FALSE,NA,"HMP1-2 taxonomy stool"
"k__Bacteria|p__Firmicutes|c__Clostridia|o__Clostridia_unclassified|f__Clostridia_unclassified|g__Clostridia_unclassified|s__Clostridia_bacterium|t__SGB14215",21,0.0383211678832117,0.00151189585868871,FALSE,TRUE,FALSE,NA,"HMP1-2 taxonomy stool"
"k__Bacteria|p__Bacteroidetes|c__Bacteroidia|o__Bacteroidales|f__Bacteroidales_unclassified|g__Bacteroidales_unclassified|s__Bacteroidales_unclassified_SGB2135|t__SGB2135",9,0.0164233576642336,0.0231030275149502,FALSE,TRUE,FALSE,NA,"HMP1-2 taxonomy stool"
"k__Bacteria|p__Firmicutes|c__Clostridia|o__Clostridia_unclassified|f__Clostridia_unclassified|g__Clostridia_unclassified|s__Clostridia_bacterium|t__SGB6331",2,0.00364963503649635,0.000948099995620057,FALSE,TRUE,FALSE,NA,"HMP1-2 taxonomy stool"
"k__Bacteria|p__Firmicutes|c__Clostridia|o__Clostridia_unclassified|f__Clostridia_unclassified|g__Clostridia_unclassified|s__Clostridia_bacterium|t__SGB14861",407,0.742700729927007,0.00222335373463756,TRUE,TRUE,TRUE,0.0301906929713702,"HMP1-2 taxonomy stool"
"k__Bacteria|p__Firmicutes|c__Bacilli|o__Bacilli_unclassified|f__Bacilli_unclassified|g__Bacilli_unclassified|s__Bacilli_bacterium|t__SGB6609",19,0.0346715328467153,0.00101065300376393,FALSE,TRUE,FALSE,NA,"HMP1-2 taxonomy stool"
"k__Bacteria|p__Firmicutes|c__Clostridia|o__Clostridia_unclassified|f__Clostridia_unclassified|g__GGB4566|s__GGB4566_SGB6305|t__SGB6305",65,0.118613138686131,0.00268146887351762,TRUE,TRUE,TRUE,0.0320563914115702,"HMP1-2 taxonomy stool"
"k__Bacteria|p__Firmicutes|c__Clostridia|o__Clostridia_unclassified|f__Clostridia_unclassified|g__Clostridia_unclassified|s__Clostridia_bacterium|t__SGB4365",28,0.0510948905109489,0.00591679662219255,FALSE,TRUE,FALSE,NA,"HMP1-2 taxonomy stool"
"k__Bacteria|p__Firmicutes|c__Clostridia|o__Clostridia_unclassified|f__Clostridia_unclassified|g__Clostridia_unclassified|s__Clostridia_unclassified_SGB4121|t__SGB4121",386,0.704379562043796,0.000595364498472009,TRUE,TRUE,TRUE,0.0151671246328549,"HMP1-2 taxonomy stool"
"k__Bacteria|p__Firmicutes|c__Clostridia|o__Clostridiales|f__Lachnospiraceae|g__Mediterraneibacter|s__Ruminococcus_torques|t__SGB4563_group",425,0.775547445255474,0.00133342748688229,TRUE,TRUE,TRUE,0.0184316532933555,"HMP1-2 taxonomy stool"
"k__Bacteria|p__Firmicutes|c__Clostridia|o__Clostridiales|f__Eubacteriaceae|g__Eubacterium|s__Eubacterium_sp_AF15_50|t__SGB5042",103,0.187956204379562,0.000629667983754434,TRUE,TRUE,TRUE,0.0162405529714172,"HMP1-2 taxonomy stool"
"k__Bacteria|p__Firmicutes|c__Clostridia|o__Clostridiales|f__Lachnospiraceae|g__Lachnospiraceae_unclassified|s__Lachnospiraceae_bacterium|t__SGB5062",58,0.105839416058394,0.00857649746533899,TRUE,TRUE,TRUE,0.0512577449956513,"HMP1-2 taxonomy stool"
"k__Bacteria|p__Firmicutes|c__Clostridia|o__Clostridia_unclassified|f__Clostridia_unclassified|g__Clostridia_unclassified|s__Clostridia_bacterium|t__SGB4342",26,0.0474452554744526,0.000176611580161586,FALSE,TRUE,FALSE,NA,"HMP1-2 taxonomy stool"
"k__Bacteria|p__Firmicutes|c__Clostridia|o__Clostridiales|f__Lachnospiraceae|g__Dorea|s__Dorea_longicatena|t__SGB4582_group",293,0.534671532846715,0.000452732772064569,TRUE,TRUE,TRUE,0.0124085177571011,"HMP1-2 taxonomy stool"
"k__Bacteria|p__Firmicutes|c__Clostridia|o__Clostridia_unclassified|f__Clostridia_unclassified|g__Clostridia_unclassified|s__Clostridia_bacterium|t__SGB3940",41,0.0748175182481752,0.000412446448904215,FALSE,TRUE,FALSE,NA,"HMP1-2 taxonomy stool"
"k__Bacteria|p__Firmicutes|c__Clostridia|o__Clostridia_unclassified|f__Clostridia_unclassified|g__Clostridia_unclassified|s__Clostridia_bacterium|t__SGB14223",26,0.0474452554744526,0.00379160772146799,FALSE,TRUE,FALSE,NA,"HMP1-2 taxonomy stool"
"k__Bacteria|p__Firmicutes|c__Clostridia|o__Clostridia_unclassified|f__Clostridia_unclassified|g__GGB4603|s__GGB4603_SGB6367|t__SGB6367",41,0.0748175182481752,0.00165066842758799,FALSE,TRUE,FALSE,NA,"HMP1-2 taxonomy stool"
"k__Bacteria|p__Firmicutes|c__Firmicutes_unclassified|o__Firmicutes_unclassified|f__Firmicutes_unclassified|g__Firmicutes_unclassified|s__Firmicutes_bacterium|t__SGB4063",115,0.20985401459854,0.000398409569874774,TRUE,TRUE,TRUE,0.0092067230296157,"HMP1-2 taxonomy stool"
"k__Bacteria|p__Proteobacteria|c__Alphaproteobacteria|o__Alphaproteobacteria_unclassified|f__Alphaproteobacteria_unclassified|g__Alphaproteobacteria_unclassified|s__Alphaproteobacteria_bacterium|t__SGB9344",5,0.00912408759124088,0.00510818026103971,FALSE,TRUE,FALSE,NA,"HMP1-2 taxonomy stool"
"k__Bacteria|p__Firmicutes|c__Clostridia|o__Clostridia_unclassified|f__Clostridia_unclassified|g__Clostridia_unclassified|s__Clostridia_bacterium|t__SGB14209",15,0.0273722627737226,0.00189169328477107,FALSE,TRUE,FALSE,NA,"HMP1-2 taxonomy stool"
"k__Bacteria|p__Firmicutes|c__Bacilli|o__Bacilli_unclassified|f__Bacilli_unclassified|g__Bacilli_unclassified|s__Bacilli_bacterium|t__SGB6510",6,0.0109489051094891,0.000946433107798452,FALSE,TRUE,FALSE,NA,"HMP1-2 taxonomy stool"
"k__Bacteria|p__Firmicutes|c__Clostridia|o__Clostridiales|f__Ruminococcaceae|g__GGB9677|s__GGB9677_SGB15180|t__SGB15180",31,0.0565693430656934,0.000651954838755868,FALSE,TRUE,FALSE,NA,"HMP1-2 taxonomy stool"
"k__Bacteria|p__Tenericutes|c__Mollicutes|o__Acholeplasmatales|f__Acholeplasmatales_unclassified|g__Acholeplasmatales_unclassified|s__Acholeplasmatales_bacterium|t__SGB6583",2,0.00364963503649635,0.00998385683984975,FALSE,TRUE,FALSE,NA,"HMP1-2 taxonomy stool"
"k__Bacteria|p__Bacteroidetes|c__Bacteroidia|o__Bacteroidales|f__Bacteroidaceae|g__Bacteroides|s__Bacteroides_nordii|t__SGB1858",139,0.253649635036496,0.00230905620195719,TRUE,TRUE,TRUE,0.0314228076042131,"HMP1-2 taxonomy stool"
"k__Bacteria|p__Bacteroidetes|c__Bacteroidia|o__Bacteroidales|f__Bacteroidales_unclassified|g__GGB1582|s__GGB1582_SGB2173|t__SGB2173",4,0.0072992700729927,0.00269500156517343,FALSE,TRUE,FALSE,NA,"HMP1-2 taxonomy stool"
"k__Bacteria|p__Firmicutes|c__Bacilli|o__Bacilli_unclassified|f__Bacilli_unclassified|g__GGB4711|s__GGB4711_SGB6524|t__SGB6524",8,0.0145985401459854,0.00175728715322646,FALSE,TRUE,FALSE,NA,"HMP1-2 taxonomy stool"
"k__Bacteria|p__Bacteroidetes|c__Bacteroidia|o__Bacteroidales|f__Bacteroidales_unclassified|g__Bacteroidales_unclassified|s__Bacteroidales_bacterium|t__SGB2155",4,0.0072992700729927,0.00237244942369023,FALSE,TRUE,FALSE,NA,"HMP1-2 taxonomy stool"
"k__Bacteria|p__Firmicutes|c__Clostridia|o__Clostridiales|f__Clostridiaceae|g__Clostridiaceae_unclassified|s__Clostridiaceae_unclassified_SGB4769|t__SGB4769",177,0.322992700729927,0.000192621459326074,TRUE,TRUE,TRUE,0.00745950119901859,"HMP1-2 taxonomy stool"
"k__Bacteria|p__Firmicutes|c__Clostridia|o__Clostridia_unclassified|f__Clostridia_unclassified|g__GGB4588|s__GGB4588_SGB6347|t__SGB6347",34,0.062043795620438,0.00146762076009896,FALSE,TRUE,FALSE,NA,"HMP1-2 taxonomy stool"
"k__Bacteria|p__Firmicutes|c__Clostridia|o__Clostridiales|f__Lachnospiraceae|g__Blautia|s__Blautia_sp_AF19_10LB|t__SGB4810",55,0.10036496350365,0.000860256407311542,TRUE,TRUE,TRUE,0.0202188770535288,"HMP1-2 taxonomy stool"
"k__Bacteria|p__Bacteroidetes|c__Bacteroidia|o__Bacteroidales|f__Bacteroidales_unclassified|g__Bacteroidales_unclassified|s__Bacteroidales_bacterium|t__SGB2104",2,0.00364963503649635,0.000711650363805228,FALSE,TRUE,FALSE,NA,"HMP1-2 taxonomy stool"
"k__Bacteria|p__Bacteroidetes|c__Bacteroidia|o__Bacteroidales|f__Barnesiellaceae|g__Coprobacter|s__Coprobacter_fastidiosus|t__SGB1963",123,0.224452554744526,0.00370608616996691,TRUE,TRUE,TRUE,0.0332946306503658,"HMP1-2 taxonomy stool"
"k__Bacteria|p__Firmicutes|c__Clostridia|o__Clostridia_unclassified|f__Clostridia_unclassified|g__Clostridia_unclassified|s__Clostridia_bacterium|t__SGB58517",6,0.0109489051094891,0.000618066468880094,FALSE,TRUE,FALSE,NA,"HMP1-2 taxonomy stool"
"k__Bacteria|p__Proteobacteria|c__Deltaproteobacteria|o__Desulfovibrionales|f__Desulfovibrionaceae|g__Desulfovibrionaceae_unclassified|s__Desulfovibrionaceae_bacterium|t__SGB15460",19,0.0346715328467153,0.000644347190353953,FALSE,TRUE,FALSE,NA,"HMP1-2 taxonomy stool"
"k__Bacteria|p__Firmicutes|c__Clostridia|o__Clostridia_unclassified|f__Clostridia_unclassified|g__Clostridia_unclassified|s__Clostridia_bacterium|t__SGB13979",41,0.0748175182481752,0.00212729772248795,FALSE,TRUE,FALSE,NA,"HMP1-2 taxonomy stool"
"k__Bacteria|p__Firmicutes|c__Clostridia|o__Clostridiales|f__Ruminococcaceae|g__Faecalibacterium|s__Faecalibacterium_prausnitzii|t__SGB15317",281,0.512773722627737,0.00176540961299878,TRUE,TRUE,TRUE,0.023604138957161,"HMP1-2 taxonomy stool"
"k__Bacteria|p__Firmicutes|c__Erysipelotrichia|o__Erysipelotrichales|f__Erysipelotrichaceae|g__Faecalibacillus|s__Faecalibacillus_intestinalis|t__SGB6754",341,0.622262773722628,0.00074990440256668,TRUE,TRUE,TRUE,0.0151247369703162,"HMP1-2 taxonomy stool"
"k__Bacteria|p__Firmicutes|c__Clostridia|o__Clostridiales|f__Ruminococcaceae|g__GGB9593|s__GGB9593_SGB15015|t__SGB15015",19,0.0346715328467153,0.00129019981914475,FALSE,TRUE,FALSE,NA,"HMP1-2 taxonomy stool"
"k__Bacteria|p__Proteobacteria|c__Alphaproteobacteria|o__Alphaproteobacteria_unclassified|f__Alphaproteobacteria_unclassified|g__Alphaproteobacteria_unclassified|s__Alphaproteobacteria_bacterium|t__SGB9343",3,0.00547445255474453,0.00457823728274681,FALSE,TRUE,FALSE,NA,"HMP1-2 taxonomy stool"
"k__Bacteria|p__Bacteroidetes|c__Bacteroidia|o__Bacteroidales|f__Muribaculaceae|g__GGB1503|s__GGB1503_SGB2083|t__SGB2083",2,0.00364963503649635,0.000875700530440354,FALSE,TRUE,FALSE,NA,"HMP1-2 taxonomy stool"
"k__Bacteria|p__Firmicutes|c__Clostridia|o__Clostridiales|f__Lachnospiraceae|g__Lachnospiraceae_unclassified|s__Lachnospiraceae_bacterium|t__SGB4771",99,0.180656934306569,0.000272956557727922,TRUE,TRUE,TRUE,0.0100552301148635,"HMP1-2 taxonomy stool"
"k__Bacteria|p__Bacteroidetes|c__Bacteroidia|o__Bacteroidales|f__Bacteroidaceae|g__Bacteroides|s__Bacteroides_salyersiae|t__SGB1857",72,0.131386861313869,0.00909219284291418,TRUE,TRUE,TRUE,0.0561396501894324,"HMP1-2 taxonomy stool"
"k__Bacteria|p__Firmicutes|c__Clostridia|o__Clostridiales|f__Lachnospiraceae|g__Lacrimispora|s__Lacrimispora_celerecrescens|t__SGB4868",316,0.576642335766423,0.00056279839683898,TRUE,TRUE,TRUE,0.0137641503403251,"HMP1-2 taxonomy stool"
"k__Bacteria|p__Firmicutes|c__Clostridia|o__Clostridiales|f__Ruminococcaceae|g__GGB9705|s__GGB9705_SGB15225|t__SGB15225",167,0.304744525547445,0.000526975509397981,TRUE,TRUE,TRUE,0.0130693455836037,"HMP1-2 taxonomy stool"
"k__Bacteria|p__Firmicutes|c__Clostridia|o__Clostridia_unclassified|f__Clostridia_unclassified|g__Clostridia_unclassified|s__Clostridia_bacterium|t__SGB3989",46,0.083941605839416,0.000422991324768787,FALSE,TRUE,FALSE,NA,"HMP1-2 taxonomy stool"
"k__Bacteria|p__Firmicutes|c__Clostridia|o__Clostridia_unclassified|f__Clostridia_unclassified|g__Clostridia_unclassified|s__Clostridia_bacterium|t__SGB14198",48,0.0875912408759124,0.000536406303393805,FALSE,TRUE,FALSE,NA,"HMP1-2 taxonomy stool"
"k__Bacteria|p__Firmicutes|c__Clostridia|o__Clostridia_unclassified|f__Clostridia_unclassified|g__Clostridia_unclassified|s__Clostridia_bacterium|t__SGB15370",119,0.217153284671533,0.00125256300238698,TRUE,TRUE,TRUE,0.0192963034438491,"HMP1-2 taxonomy stool"
"k__Bacteria|p__Bacteroidetes|c__Bacteroidia|o__Bacteroidales|f__Odoribacteraceae|g__Butyricimonas|s__Butyricimonas_faecihominis|t__SGB1786",94,0.171532846715328,0.00393484142950033,TRUE,TRUE,TRUE,0.0339739783601432,"HMP1-2 taxonomy stool"
"k__Bacteria|p__Firmicutes|c__Clostridia|o__Clostridiales|f__Lachnospiraceae|g__Mediterraneibacter|s__Ruminococcus_lactaris|t__SGB4557",216,0.394160583941606,0.00177377778991723,TRUE,TRUE,TRUE,0.0254383554864413,"HMP1-2 taxonomy stool"
"k__Bacteria|p__Firmicutes|c__Clostridia|o__Clostridiales|f__Ruminococcaceae|g__Ruminococcus|s__Ruminococcus_bromii|t__SGB4285_group",276,0.503649635036496,0.0113918535296914,TRUE,TRUE,TRUE,0.0553117807292977,"HMP1-2 taxonomy stool"
"k__Bacteria|p__Firmicutes|c__Clostridia|o__Clostridiales|f__Lachnospiraceae|g__Lachnospiraceae_unclassified|s__Lachnospiraceae_bacterium|t__SGB4964",283,0.516423357664234,0.000504199652878406,TRUE,TRUE,TRUE,0.0143034969775585,"HMP1-2 taxonomy stool"
"k__Bacteria|p__Firmicutes|c__Clostridia|o__Clostridiales|f__Lachnospiraceae|g__Faecalicatena|s__Faecalicatena_fissicatena|t__SGB4871_group",299,0.545620437956204,0.0013464766123481,TRUE,TRUE,TRUE,0.0217399339457229,"HMP1-2 taxonomy stool"
"k__Bacteria|p__Firmicutes|c__Clostridia|o__Clostridia_unclassified|f__Clostridia_unclassified|g__Clostridia_unclassified|s__Clostridia_bacterium|t__SGB5180",105,0.191605839416058,0.000308325721544528,TRUE,TRUE,TRUE,0.00946861787896409,"HMP1-2 taxonomy stool"
"k__Archaea|p__Euryarchaeota|c__Methanobacteria|o__Methanobacteriales|f__Methanobacteriaceae|g__Methanobrevibacter|s__Methanobrevibacter_smithii|t__SGB714_group",99,0.180656934306569,0.000390987856441902,TRUE,TRUE,TRUE,0.0126222427154381,"HMP1-2 taxonomy stool"
"k__Bacteria|p__Firmicutes|c__Clostridia|o__Clostridiales|f__Ruminococcaceae|g__Phocea|s__Phocea_massiliensis|t__SGB14837",358,0.653284671532847,0.00023820000474913,TRUE,TRUE,TRUE,0.0099440124957813,"HMP1-2 taxonomy stool"
"k__Bacteria|p__Firmicutes|c__Clostridia|o__Clostridiales|f__Lachnospiraceae|g__Blautia|s__Blautia_faecicola|t__SGB4867",32,0.0583941605839416,0.000262750018255972,FALSE,TRUE,FALSE,NA,"HMP1-2 taxonomy stool"
"k__Bacteria|p__Firmicutes|c__Clostridia|o__Clostridiales|f__Lachnospiraceae|g__Lachnospiraceae_unclassified|s__Lachnospiraceae_bacterium_OM04_12BH|t__SGB4893",184,0.335766423357664,0.000732916752390113,TRUE,TRUE,TRUE,0.0205013097216611,"HMP1-2 taxonomy stool"
"k__Bacteria|p__Firmicutes|c__Clostridia|o__Clostridia_unclassified|f__Clostridia_unclassified|g__Clostridia_unclassified|s__Clostridia_unclassified_SGB6302|t__SGB6302",20,0.0364963503649635,0.00253773524599154,FALSE,TRUE,FALSE,NA,"HMP1-2 taxonomy stool"
"k__Bacteria|p__Firmicutes|c__Clostridia|o__Clostridiales|f__Ruminococcaceae|g__GGB9615|s__GGB9615_SGB15051|t__SGB15051",79,0.144160583941606,0.000988177267040539,TRUE,TRUE,TRUE,0.0166638186334024,"HMP1-2 taxonomy stool"
"k__Bacteria|p__Bacteroidetes|c__Bacteroidia|o__Bacteroidales|f__Odoribacteraceae|g__Butyricimonas|s__Butyricimonas_synergistica|t__SGB27742",9,0.0164233576642336,0.000697922299025777,FALSE,TRUE,FALSE,NA,"HMP1-2 taxonomy stool"
"k__Bacteria|p__Firmicutes|c__Clostridia|o__Clostridiales|f__Ruminococcaceae|g__GGB9614|s__GGB9614_SGB15049|t__SGB15049",242,0.441605839416058,0.000780747578159333,TRUE,TRUE,TRUE,0.0144237608066502,"HMP1-2 taxonomy stool"
"k__Bacteria|p__Firmicutes|c__Clostridia|o__Clostridia_unclassified|f__Clostridia_unclassified|g__Clostridia_unclassified|s__Clostridia_bacterium|t__SGB14007",3,0.00547445255474453,0.000459333741253741,FALSE,TRUE,FALSE,NA,"HMP1-2 taxonomy stool"
"k__Bacteria|p__Firmicutes|c__Clostridia|o__Clostridiales|f__Ruminococcaceae|g__GGB9705|s__GGB9705_SGB15224|t__SGB15224",126,0.22992700729927,0.000643509539514908,TRUE,TRUE,TRUE,0.0141259259968311,"HMP1-2 taxonomy stool"
"k__Bacteria|p__Firmicutes|c__Clostridia|o__Clostridia_unclassified|f__Clostridia_unclassified|g__Clostridia_unclassified|s__Clostridia_bacterium|t__SGB4394",95,0.173357664233577,0.000555918985296325,TRUE,TRUE,TRUE,0.0162743321032216,"HMP1-2 taxonomy stool"
"k__Bacteria|p__Firmicutes|c__Clostridia|o__Clostridia_unclassified|f__Clostridia_unclassified|g__Clostridia_unclassified|s__Clostridia_bacterium|t__SGB53517",230,0.41970802919708,0.000246840439063521,TRUE,TRUE,TRUE,0.0085600342234173,"HMP1-2 taxonomy stool"
"k__Bacteria|p__Firmicutes|c__Clostridia|o__Clostridiales|f__Lachnospiraceae|g__Roseburia|s__Roseburia_inulinivorans|t__SGB4940",447,0.815693430656934,0.00318611224357305,TRUE,TRUE,TRUE,0.0333399367114421,"HMP1-2 taxonomy stool"
"k__Bacteria|p__Firmicutes|c__Clostridia|o__Clostridiales|f__Ruminococcaceae|g__GGB58485|s__GGB58485_SGB80143|t__SGB80143",28,0.0510948905109489,0.00015552503865933,FALSE,TRUE,FALSE,NA,"HMP1-2 taxonomy stool"
"k__Bacteria|p__Bacteroidetes|c__Bacteroidia|o__Bacteroidales|f__Tannerellaceae|g__Parabacteroides|s__Parabacteroides_goldsteinii|t__SGB1941",81,0.147810218978102,0.00189924197082929,TRUE,TRUE,TRUE,0.0321804736792702,"HMP1-2 taxonomy stool"
"k__Bacteria|p__Firmicutes|c__Clostridia|o__Clostridiales|f__Ruminococcaceae|g__Ruminococcaceae_unclassified|s__Ruminococcaceae_bacterium|t__SGB4393",19,0.0346715328467153,0.000904594763807417,FALSE,TRUE,FALSE,NA,"HMP1-2 taxonomy stool"
"k__Bacteria|p__Firmicutes|c__Clostridia|o__Clostridia_unclassified|f__Clostridia_unclassified|g__Clostridia_unclassified|s__Clostridia_bacterium|t__SGB15374",88,0.160583941605839,0.000692485214866951,TRUE,TRUE,TRUE,0.0158341388325033,"HMP1-2 taxonomy stool"
"k__Bacteria|p__Firmicutes|c__Clostridia|o__Clostridia_unclassified|f__Clostridia_unclassified|g__Candidatus_Neoclostridium|s__Candidatus_Neoclostridium_roslinense|t__SGB14018",26,0.0474452554744526,0.00116796908106938,FALSE,TRUE,FALSE,NA,"HMP1-2 taxonomy stool"
"k__Bacteria|p__Bacteroidetes|c__Bacteroidia|o__Bacteroidales|f__Bacteroidales_unclassified|g__Bacteroidales_unclassified|s__Bacteroidales_bacterium|t__SGB2168",7,0.0127737226277372,0.00151714201274934,FALSE,TRUE,FALSE,NA,"HMP1-2 taxonomy stool"
"k__Bacteria|p__Firmicutes|c__Clostridia|o__Clostridia_unclassified|f__Clostridia_unclassified|g__Clostridia_unclassified|s__Clostridia_bacterium|t__SGB4402",10,0.0182481751824818,0.000151730090032076,FALSE,TRUE,FALSE,NA,"HMP1-2 taxonomy stool"
"k__Bacteria|p__Firmicutes|c__Clostridia|o__Clostridiales|f__Lachnospiraceae|g__Lachnospiraceae_unclassified|s__Lachnospiraceae_bacterium|t__SGB4905",33,0.0602189781021898,0.000354448448638581,FALSE,TRUE,FALSE,NA,"HMP1-2 taxonomy stool"
"k__Bacteria|p__Firmicutes|c__Clostridia|o__Clostridia_unclassified|f__Clostridia_unclassified|g__Candidatus_Pararuminococcus|s__Candidatus_Pararuminococcus_gallinarum|t__SGB63327",236,0.430656934306569,7.20597447423838e-05,TRUE,FALSE,FALSE,NA,"HMP1-2 taxonomy stool"
"k__Bacteria|p__Firmicutes|c__Clostridia|o__Clostridia_unclassified|f__Clostridia_unclassified|g__Clostridia_unclassified|s__Clostridia_bacterium|t__SGB14185",5,0.00912408759124088,0.000413939780018138,FALSE,TRUE,FALSE,NA,"HMP1-2 taxonomy stool"
"k__Bacteria|p__Firmicutes|c__Clostridia|o__Clostridiales|f__Clostridiaceae|g__GGB3478|s__GGB3478_SGB4643|t__SGB4643",99,0.180656934306569,0.00110914847253162,TRUE,TRUE,TRUE,0.0207016596700072,"HMP1-2 taxonomy stool"
"k__Bacteria|p__Firmicutes|c__Clostridia|o__Clostridia_unclassified|f__Clostridia_unclassified|g__GGB9347|s__GGB9347_SGB14313|t__SGB14313",53,0.0967153284671533,0.00185870760575817,FALSE,TRUE,FALSE,NA,"HMP1-2 taxonomy stool"
"k__Bacteria|p__Firmicutes|c__Clostridia|o__Clostridiales|f__Lachnospiraceae|g__Lachnospiraceae_unclassified|s__Lachnospiraceae_bacterium|t__SGB4906",47,0.0857664233576642,0.000450763846737939,FALSE,TRUE,FALSE,NA,"HMP1-2 taxonomy stool"
"k__Bacteria|p__Bacteroidetes|c__Bacteroidia|o__Bacteroidales|f__Bacteroidales_unclassified|g__GGB1543|s__GGB1543_SGB2126|t__SGB2126",17,0.031021897810219,0.0177804221016544,FALSE,TRUE,FALSE,NA,"HMP1-2 taxonomy stool"
"k__Bacteria|p__Firmicutes|c__Clostridia|o__Clostridia_unclassified|f__Clostridia_unclassified|g__Clostridia_unclassified|s__Clostridia_bacterium|t__SGB14205",12,0.0218978102189781,0.00135449998811766,FALSE,TRUE,FALSE,NA,"HMP1-2 taxonomy stool"
"k__Bacteria|p__Candidatus_Melainabacteria|c__Candidatus_Melainabacteria_unclassified|o__Candidatus_Gastranaerophilales|f__Candidatus_Gastranaerophilales_unclassified|g__Candidatus_Gastranaerophilales_unclassified|s__Candidatus_Gastranaerophilales_bacterium|t__SGB8601",41,0.0748175182481752,0.0049746581184495,FALSE,TRUE,FALSE,NA,"HMP1-2 taxonomy stool"
"k__Bacteria|p__Firmicutes|c__Clostridia|o__Clostridiales|f__Clostridiales_unclassified|g__Lawsonibacter|s__Lawsonibacter_sp_NSJ_51|t__SGB15131",182,0.332116788321168,0.000769620359804925,TRUE,TRUE,TRUE,0.021185400338081,"HMP1-2 taxonomy stool"
"k__Bacteria|p__Firmicutes|c__Clostridia|o__Clostridiales|f__Lachnospiraceae|g__Blautia|s__Blautia_massiliensis|t__SGB4826_group",389,0.70985401459854,0.000663989201131775,TRUE,TRUE,TRUE,0.0165164763883098,"HMP1-2 taxonomy stool"
"k__Bacteria|p__Firmicutes|c__Clostridia|o__Clostridiales|f__Ruminococcaceae|g__GGB9694|s__GGB9694_SGB15207|t__SGB15207",14,0.0255474452554745,8.80071779250348e-05,FALSE,FALSE,FALSE,NA,"HMP1-2 taxonomy stool"
"k__Bacteria|p__Firmicutes|c__Bacilli|o__Bacilli_unclassified|f__Bacilli_unclassified|g__GGB4773|s__GGB4773_SGB6607|t__SGB6607",17,0.031021897810219,0.00146515876256455,FALSE,TRUE,FALSE,NA,"HMP1-2 taxonomy stool"
"k__Bacteria|p__Firmicutes|c__Clostridia|o__Clostridiales|f__Lachnospiraceae|g__Lachnospiraceae_unclassified|s__Lachnospiraceae_bacterium_NSJ_46|t__SGB47656",22,0.0401459854014599,0.00018609088918822,FALSE,TRUE,FALSE,NA,"HMP1-2 taxonomy stool"
"k__Bacteria|p__Firmicutes|c__Clostridia|o__Clostridia_unclassified|f__Clostridia_unclassified|g__Clostridia_unclassified|s__Clostridia_bacterium|t__SGB3957",327,0.596715328467153,0.000265980753256344,TRUE,TRUE,TRUE,0.00915041057432135,"HMP1-2 taxonomy stool"
"k__Bacteria|p__Firmicutes|c__Clostridia|o__Clostridia_unclassified|f__Clostridia_unclassified|g__Clostridia_unclassified|s__Clostridia_bacterium|t__SGB14136",23,0.041970802919708,0.00200928698706621,FALSE,TRUE,FALSE,NA,"HMP1-2 taxonomy stool"
"k__Bacteria|p__Firmicutes|c__Clostridia|o__Clostridiales|f__Lachnospiraceae|g__Dorea|s__Dorea_longicatena|t__SGB4581",344,0.627737226277372,0.000817848523786361,TRUE,TRUE,TRUE,0.0171391500270949,"HMP1-2 taxonomy stool"
"k__Bacteria|p__Firmicutes|c__Clostridia|o__Clostridia_unclassified|f__Clostridia_unclassified|g__GGB9551|s__GGB9551_SGB14958|t__SGB14958",25,0.0456204379562044,0.000845684044446574,FALSE,TRUE,FALSE,NA,"HMP1-2 taxonomy stool"
"k__Bacteria|p__Firmicutes|c__Clostridia|o__Clostridia_unclassified|f__Clostridia_unclassified|g__Candidatus_Allochristensenella|s__Candidatus_Allochristensenella_caecavium|t__SGB63369",142,0.259124087591241,5.90098639380373e-05,TRUE,FALSE,FALSE,NA,"HMP1-2 taxonomy stool"
"k__Bacteria|p__Firmicutes|c__Clostridia|o__Clostridiales|f__Ruminococcaceae|g__GGB3344|s__GGB3344_SGB4424|t__SGB4424",5,0.00912408759124088,0.00048849993542402,FALSE,TRUE,FALSE,NA,"HMP1-2 taxonomy stool"
"k__Bacteria|p__Firmicutes|c__Clostridia|o__Clostridiales|f__Lachnospiraceae|g__Lachnospiraceae_unclassified|s__Lachnospiraceae_bacterium|t__SGB4957",37,0.0675182481751825,0.000205497327970309,FALSE,TRUE,FALSE,NA,"HMP1-2 taxonomy stool"
"k__Bacteria|p__Firmicutes|c__Clostridia|o__Clostridiales|f__Clostridiaceae|g__Clostridium|s__Clostridium_fessum|t__SGB4705",357,0.651459854014598,0.000642999445013964,TRUE,TRUE,TRUE,0.0144749400424777,"HMP1-2 taxonomy stool"
"k__Bacteria|p__Firmicutes|c__Clostridia|o__Clostridiales|f__Lachnospiraceae|g__Coprococcus|s__Coprococcus_comes|t__SGB4577_group",395,0.720802919708029,0.000936114642380047,TRUE,TRUE,TRUE,0.0176213117120698,"HMP1-2 taxonomy stool"
"k__Bacteria|p__Firmicutes|c__Clostridia|o__Clostridiales|f__Clostridiaceae|g__Clostridiaceae_unclassified|s__Clostridiaceae_bacterium_OM08_6BH|t__SGB4768",300,0.547445255474453,0.000300992333467212,TRUE,TRUE,TRUE,0.0094028438401818,"HMP1-2 taxonomy stool"
"k__Bacteria|p__Firmicutes|c__Bacilli|o__Bacilli_unclassified|f__Bacilli_unclassified|g__GGB4651|s__GGB4651_SGB6438|t__SGB6438",57,0.104014598540146,0.006774194952853,TRUE,TRUE,TRUE,0.0530123686419291,"HMP1-2 taxonomy stool"
"k__Bacteria|p__Actinobacteria|c__Coriobacteriia|o__Coriobacteriales|f__Coriobacteriaceae|g__Collinsella|s__Collinsella_aerofaciens|t__SGB14546_group",391,0.713503649635037,0.00118804833557595,TRUE,TRUE,TRUE,0.0184266804868516,"HMP1-2 taxonomy stool"
"k__Bacteria|p__Firmicutes|c__Clostridia|o__Clostridiales|f__Lachnospiraceae|g__Lachnospiraceae_unclassified|s__Lachnospiraceae_bacterium|t__SGB4669",190,0.346715328467153,0.000332563709339846,TRUE,TRUE,TRUE,0.0095080926324641,"HMP1-2 taxonomy stool"
"k__Bacteria|p__Firmicutes|c__Clostridia|o__Clostridia_unclassified|f__Clostridia_unclassified|g__Clostridia_unclassified|s__Clostridia_bacterium|t__SGB15377",17,0.031021897810219,0.00165055892821803,FALSE,TRUE,FALSE,NA,"HMP1-2 taxonomy stool"
"k__Bacteria|p__Bacteroidetes|c__Bacteroidia|o__Bacteroidales|f__Bacteroidaceae|g__Bacteroides|s__Bacteroides_stercoris|t__SGB1830_group",322,0.587591240875912,0.0689646200766852,TRUE,TRUE,TRUE,0.173649385917767,"HMP1-2 taxonomy stool"
"k__Bacteria|p__Lentisphaerae|c__Lentisphaeria|o__Lentisphaeria_unclassified|f__Lentisphaeria_unclassified|g__Lentisphaeria_unclassified|s__Lentisphaeria_bacterium|t__SGB9203",78,0.142335766423358,0.0015448475914097,TRUE,TRUE,TRUE,0.0243142895866184,"HMP1-2 taxonomy stool"
"k__Bacteria|p__Firmicutes|c__Clostridia|o__Clostridiales|f__Ruminococcaceae|g__Gemmiger|s__Gemmiger_SGB15299|t__SGB15299",132,0.240875912408759,0.00178404697225589,TRUE,TRUE,TRUE,0.0292561917352788,"HMP1-2 taxonomy stool"
"k__Bacteria|p__Firmicutes|c__Clostridia|o__Clostridia_unclassified|f__Clostridia_unclassified|g__Clostridia_unclassified|s__Clostridia_bacterium|t__SGB3988",160,0.291970802919708,0.000244657510255326,TRUE,TRUE,TRUE,0.00939082013482455,"HMP1-2 taxonomy stool"
"k__Bacteria|p__Firmicutes|c__Clostridia|o__Clostridia_unclassified|f__Clostridia_unclassified|g__Clostridia_unclassified|s__Clostridia_bacterium|t__SGB14932",185,0.337591240875912,0.000332007609346814,TRUE,TRUE,TRUE,0.010337670052874,"HMP1-2 taxonomy stool"
"k__Bacteria|p__Firmicutes|c__Clostridia|o__Clostridiales|f__Ruminococcaceae|g__Ruminococcaceae_unclassified|s__Ruminococcaceae_unclassified_SGB15257|t__SGB15257",41,0.0748175182481752,0.000727709948116154,FALSE,TRUE,FALSE,NA,"HMP1-2 taxonomy stool"
"k__Bacteria|p__Firmicutes|c__Clostridia|o__Clostridiales|f__Lachnospiraceae|g__Anaerobutyricum|s__Anaerobutyricum_hallii|t__SGB4532",345,0.62956204379562,0.000454293915832711,TRUE,TRUE,TRUE,0.0131819938880344,"HMP1-2 taxonomy stool"
"k__Bacteria|p__Firmicutes|c__Clostridia|o__Clostridia_unclassified|f__Clostridia_unclassified|g__GGB9239|s__GGB9239_SGB14181|t__SGB14181",14,0.0255474452554745,0.000764285825378731,FALSE,TRUE,FALSE,NA,"HMP1-2 taxonomy stool"
"k__Bacteria|p__Firmicutes|c__Clostridia|o__Clostridia_unclassified|f__Clostridia_unclassified|g__Candidatus_Avimicrobium|s__Candidatus_Avimicrobium_caecorum|t__SGB15350",269,0.490875912408759,0.000505605933209035,TRUE,TRUE,TRUE,0.0110605775580098,"HMP1-2 taxonomy stool"
"k__Bacteria|p__Actinobacteria|c__Actinobacteria|o__Bifidobacteriales|f__Bifidobacteriaceae|g__Bifidobacterium|s__Bifidobacterium_adolescentis|t__SGB17244",264,0.481751824817518,0.00231112014020925,TRUE,TRUE,TRUE,0.0330100210666908,"HMP1-2 taxonomy stool"
"k__Bacteria|p__Firmicutes|c__Clostridia|o__Clostridiales|f__Ruminococcaceae|g__GGB9602|s__GGB9602_SGB15031|t__SGB15031",179,0.326642335766423,0.00473665187451955,TRUE,TRUE,TRUE,0.0459195304655576,"HMP1-2 taxonomy stool"
"k__Bacteria|p__Firmicutes|c__Clostridia|o__Clostridia_unclassified|f__Clostridia_unclassified|g__Clostridia_unclassified|s__Clostridia_bacterium|t__SGB15373",279,0.509124087591241,0.0012907953579429,TRUE,TRUE,TRUE,0.0212761735088431,"HMP1-2 taxonomy stool"
"k__Bacteria|p__Firmicutes|c__Clostridia|o__Clostridia_unclassified|f__Clostridia_unclassified|g__Clostridia_unclassified|s__Clostridia_bacterium|t__SGB3986",28,0.0510948905109489,0.000180364312896488,FALSE,TRUE,FALSE,NA,"HMP1-2 taxonomy stool"
"k__Bacteria|p__Firmicutes|c__Clostridia|o__Clostridia_unclassified|f__Clostridia_unclassified|g__GGB9537|s__GGB9537_SGB14940|t__SGB14940",104,0.18978102189781,0.000107589425802995,TRUE,TRUE,TRUE,0.00610871617073311,"HMP1-2 taxonomy stool"
"k__Bacteria|p__Firmicutes|c__CFGB11737|o__OFGB11737|f__FGB11737|g__GGB34228|s__GGB34228_SGB72916|t__SGB72916",54,0.0985401459854015,0.000169646335250417,FALSE,TRUE,FALSE,NA,"HMP1-2 taxonomy stool"
"k__Bacteria|p__Firmicutes|c__Clostridia|o__Clostridia_unclassified|f__Clostridia_unclassified|g__Candidatus_Neoruminococcus|s__Candidatus_Neoruminococcus_faecicola|t__SGB63342",58,0.105839416058394,4.28793201043199e-05,TRUE,FALSE,FALSE,NA,"HMP1-2 taxonomy stool"
"k__Bacteria|p__Firmicutes|c__Clostridia|o__Clostridia_unclassified|f__Clostridia_unclassified|g__Clostridia_unclassified|s__Clostridia_bacterium|t__SGB4435",21,0.0383211678832117,6.94333478562173e-05,FALSE,FALSE,FALSE,NA,"HMP1-2 taxonomy stool"
"k__Bacteria|p__Proteobacteria|c__Gammaproteobacteria|o__Enterobacterales|f__Enterobacteriaceae|g__Escherichia|s__Escherichia_coli|t__SGB10068",273,0.498175182481752,0.0045849994047594,TRUE,TRUE,TRUE,0.0843622636560487,"HMP1-2 taxonomy stool"
"k__Bacteria|p__Firmicutes|c__Clostridia|o__Clostridia_unclassified|f__Clostridia_unclassified|g__Clostridia_unclassified|s__Clostridia_bacterium|t__SGB4155",65,0.118613138686131,0.000558619982394844,TRUE,TRUE,TRUE,0.0143093292284635,"HMP1-2 taxonomy stool"
"k__Bacteria|p__Firmicutes|c__Clostridia|o__Clostridia_unclassified|f__Clostridia_unclassified|g__Clostridia_unclassified|s__Clostridia_unclassified_SGB6371|t__SGB6371",47,0.0857664233576642,0.00495882291647025,FALSE,TRUE,FALSE,NA,"HMP1-2 taxonomy stool"
"k__Bacteria|p__Firmicutes|c__Erysipelotrichia|o__Erysipelotrichales|f__Erysipelotrichaceae|g__Erysipelatoclostridium|s__Clostridium_spiroforme|t__SGB6747",300,0.547445255474453,0.000442129981962931,TRUE,TRUE,TRUE,0.0132944107580043,"HMP1-2 taxonomy stool"
"k__Bacteria|p__Firmicutes|c__Bacilli|o__Bacilli_unclassified|f__Bacilli_unclassified|g__Bacilli_unclassified|s__Bacilli_bacterium|t__SGB6503",15,0.0273722627737226,0.00639432628343226,FALSE,TRUE,FALSE,NA,"HMP1-2 taxonomy stool"
"k__Bacteria|p__Firmicutes|c__Clostridia|o__Clostridia_unclassified|f__Clostridia_unclassified|g__Candidatus_Alloruminococcus|s__Candidatus_Alloruminococcus_vanvlietii|t__SGB63325",56,0.102189781021898,1.5262499670539e-05,TRUE,FALSE,FALSE,NA,"HMP1-2 taxonomy stool"
"k__Bacteria|p__Firmicutes|c__Clostridia|o__Clostridiales|f__Ruminococcaceae|g__GGB9694|s__GGB9694_SGB15201|t__SGB15201",103,0.187956204379562,0.00112534368230041,TRUE,TRUE,TRUE,0.02766139428371,"HMP1-2 taxonomy stool"
"k__Bacteria|p__Firmicutes|c__Clostridia|o__Clostridia_unclassified|f__Clostridia_unclassified|g__Clostridia_unclassified|s__Clostridia_bacterium|t__SGB14307",53,0.0967153284671533,0.000618167999308733,FALSE,TRUE,FALSE,NA,"HMP1-2 taxonomy stool"
"k__Bacteria|p__Firmicutes|c__Clostridia|o__Clostridiales|f__Lachnospiraceae|g__Blautia|s__Blautia_sp_OF03_15BH|t__SGB4779",148,0.27007299270073,0.000105582425713531,TRUE,TRUE,TRUE,0.00598815784192513,"HMP1-2 taxonomy stool"
"k__Bacteria|p__Firmicutes|c__Clostridia|o__Clostridiales|f__Lachnospiraceae|g__Blautia|s__Blautia_obeum|t__SGB4809",229,0.417883211678832,0.000435422709946774,TRUE,TRUE,TRUE,0.01228749586268,"HMP1-2 taxonomy stool"
"k__Bacteria|p__Firmicutes|c__Clostridia|o__Clostridiales|f__Lachnospiraceae|g__Lachnospiraceae_unclassified|s__Lachnospiraceae_bacterium|t__SGB4953",56,0.102189781021898,0.000907998189936817,TRUE,TRUE,TRUE,0.0199613634586423,"HMP1-2 taxonomy stool"
"k__Bacteria|p__Firmicutes|c__Clostridia|o__Clostridiales|f__Ruminococcaceae|g__Ruminococcaceae_unclassified|s__Ruminococcaceae_unclassified_SGB15234|t__SGB15234",192,0.35036496350365,0.00321957887635088,TRUE,TRUE,TRUE,0.0374640020031952,"HMP1-2 taxonomy stool"
"k__Bacteria|p__Firmicutes|c__Negativicutes|o__Acidaminococcales|f__Acidaminococcaceae|g__Phascolarctobacterium|s__Phascolarctobacterium_faecium|t__SGB5792",313,0.571167883211679,0.00944869614877828,TRUE,TRUE,TRUE,0.0527455124179001,"HMP1-2 taxonomy stool"
"k__Bacteria|p__Firmicutes|c__Clostridia|o__Clostridiales|f__Clostridiales_unclassified|g__Clostridiales_unclassified|s__Clostridiales_unclassified_SGB15145|t__SGB15145",198,0.361313868613139,0.00023908183064437,TRUE,TRUE,TRUE,0.00935724110341326,"HMP1-2 taxonomy stool"
"k__Bacteria|p__Firmicutes|c__Clostridia|o__Clostridiales|f__Lachnospiraceae|g__Roseburia|s__Roseburia_sp_AF02_12|t__SGB4938",310,0.565693430656934,0.00412876222742082,TRUE,TRUE,TRUE,0.0482054152476347,"HMP1-2 taxonomy stool"
"k__Bacteria|p__Firmicutes|c__Clostridia|o__Clostridiales|f__Ruminococcaceae|g__GGB9512|s__GGB9512_SGB14909|t__SGB14909",148,0.27007299270073,0.000643314893868602,TRUE,TRUE,TRUE,0.0161149407363379,"HMP1-2 taxonomy stool"
"k__Bacteria|p__Firmicutes|c__Clostridia|o__Clostridia_unclassified|f__Clostridia_unclassified|g__Clostridia_unclassified|s__Clostridia_unclassified_SGB14951|t__SGB14951",31,0.0565693430656934,0.000216358123861092,FALSE,TRUE,FALSE,NA,"HMP1-2 taxonomy stool"
"k__Bacteria|p__Firmicutes|c__Clostridia|o__Clostridiales|f__Ruminococcaceae|g__GGB9634|s__GGB9634_SGB15093|t__SGB15093",111,0.202554744525547,0.00234231812193365,TRUE,TRUE,TRUE,0.0345109845024197,"HMP1-2 taxonomy stool"
"k__Bacteria|p__Firmicutes|c__Clostridia|o__Clostridiales|f__Ruminococcaceae|g__Faecalibacterium|s__Faecalibacterium_SGB15346|t__SGB15346",268,0.489051094890511,0.00245007908027594,TRUE,TRUE,TRUE,0.0316581285517875,"HMP1-2 taxonomy stool"
"k__Bacteria|p__Firmicutes|c__Clostridia|o__Clostridiales|f__Christensenellaceae|g__Christensenellaceae_unclassified|s__Christensenellaceae_bacterium|t__SGB14127",220,0.401459854014599,7.41740933661977e-05,TRUE,FALSE,FALSE,NA,"HMP1-2 taxonomy stool"
"k__Bacteria|p__Firmicutes|c__Clostridia|o__Clostridiales|f__Ruminococcaceae|g__Faecalibacterium|s__Faecalibacterium_SGB15345|t__SGB15345",8,0.0145985401459854,0.000570962516286285,FALSE,TRUE,FALSE,NA,"HMP1-2 taxonomy stool"
"k__Bacteria|p__Firmicutes|c__Clostridia|o__Clostridiales|f__Eubacteriaceae|g__Eubacteriaceae_unclassified|s__Eubacteriaceae_bacterium|t__SGB3958",138,0.251824817518248,6.50565286591448e-05,TRUE,FALSE,FALSE,NA,"HMP1-2 taxonomy stool"
"k__Bacteria|p__Firmicutes|c__Clostridia|o__Clostridiales|f__Ruminococcaceae|g__Anaerotruncus|s__Anaerotruncus_massiliensis|t__SGB14965",126,0.22992700729927,0.000321238889672494,TRUE,TRUE,TRUE,0.0124927514639533,"HMP1-2 taxonomy stool"
"k__Bacteria|p__Firmicutes|c__Clostridia|o__Clostridiales|f__Ruminococcaceae|g__Ruminococcaceae_unclassified|s__Ruminococcaceae_unclassified_SGB15260|t__SGB15260",159,0.29014598540146,0.00130095106001663,TRUE,TRUE,TRUE,0.0248869555906305,"HMP1-2 taxonomy stool"
"k__Bacteria|p__Firmicutes|c__Clostridia|o__Clostridiales|f__Ruminococcaceae|g__Ruminococcaceae_unclassified|s__Ruminococcaceae_bacterium_AM07_15|t__SGB14974",78,0.142335766423358,6.69589810982173e-05,TRUE,FALSE,FALSE,NA,"HMP1-2 taxonomy stool"
"k__Bacteria|p__Bacteroidetes|c__Bacteroidia|o__Bacteroidales|f__Barnesiellaceae|g__Coprobacter|s__Coprobacter_secundus|t__SGB1962",70,0.127737226277372,0.0020610802035431,TRUE,TRUE,TRUE,0.0255250694218577,"HMP1-2 taxonomy stool"
"k__Bacteria|p__Proteobacteria|c__Deltaproteobacteria|o__Desulfovibrionales|f__Desulfovibrionaceae|g__Desulfovibrio|s__Desulfovibrio_desulfuricans|t__SGB15463",39,0.0711678832116788,0.000517528271939273,FALSE,TRUE,FALSE,NA,"HMP1-2 taxonomy stool"
"k__Bacteria|p__Firmicutes|c__Clostridia|o__Clostridiales|f__Lachnospiraceae|g__Anaerosacchariphilus|s__Anaerosacchariphilus_sp_NSJ_68|t__SGB4772",89,0.162408759124088,4.80314628194444e-05,TRUE,FALSE,FALSE,NA,"HMP1-2 taxonomy stool"
"k__Bacteria|p__Firmicutes|c__Clostridia|o__Clostridia_unclassified|f__Clostridia_unclassified|g__Clostridia_unclassified|s__Clostridia_bacterium|t__SGB6328",30,0.0547445255474453,0.00262052314758509,FALSE,TRUE,FALSE,NA,"HMP1-2 taxonomy stool"
"k__Bacteria|p__Firmicutes|c__Clostridia|o__Clostridia_unclassified|f__Clostridia_unclassified|g__Candidatus_Schneewindia|s__Candidatus_Schneewindia_gallinarum|t__SGB63326",78,0.142335766423358,6.11166733160386e-05,TRUE,FALSE,FALSE,NA,"HMP1-2 taxonomy stool"
"k__Bacteria|p__Firmicutes|c__Clostridia|o__Clostridiales|f__Ruminococcaceae|g__GGB9699|s__GGB9699_SGB15216|t__SGB15216",277,0.505474452554745,0.00148098298004697,TRUE,TRUE,TRUE,0.0286138170731343,"HMP1-2 taxonomy stool"
"k__Bacteria|p__Firmicutes|c__Clostridia|o__Clostridia_unclassified|f__Clostridia_unclassified|g__Clostridia_unclassified|s__Clostridia_bacterium|t__SGB3573",51,0.0930656934306569,5.80333418947271e-05,FALSE,FALSE,FALSE,NA,"HMP1-2 taxonomy stool"
"k__Bacteria|p__Firmicutes|c__Clostridia|o__Clostridiales|f__Ruminococcaceae|g__Ruminococcaceae_unclassified|s__Ruminococcaceae_bacterium_D5|t__SGB14960",111,0.202554744525547,0.000221138733416978,TRUE,TRUE,TRUE,0.00933092830922008,"HMP1-2 taxonomy stool"
"k__Bacteria|p__Firmicutes|c__Clostridia|o__Clostridia_unclassified|f__Clostridia_unclassified|g__Clostridia_unclassified|s__Clostridia_bacterium|t__SGB5197",43,0.0784671532846715,6.7183729990239e-05,FALSE,FALSE,FALSE,NA,"HMP1-2 taxonomy stool"
"k__Bacteria|p__Firmicutes|c__CFGB1287|o__OFGB1287|f__FGB1287|g__GGB3103|s__GGB3103_SGB4112|t__SGB4112",1,0.00182481751824818,9.20000184000036e-06,FALSE,FALSE,FALSE,NA,"HMP1-2 taxonomy stool"
"k__Bacteria|p__Firmicutes|c__Clostridia|o__Clostridiales|f__Ruminococcaceae|g__GGB9619|s__GGB9619_SGB15067|t__SGB15067",260,0.474452554744526,0.000154480383636254,TRUE,TRUE,TRUE,0.00632948379862542,"HMP1-2 taxonomy stool"
"k__Bacteria|p__Bacteroidetes|c__Bacteroidia|o__Bacteroidales|f__Rikenellaceae|g__Rikenellaceae_unclassified|s__Rikenellaceae_bacterium|t__SGB48104",6,0.0109489051094891,0.000903716466613387,FALSE,TRUE,FALSE,NA,"HMP1-2 taxonomy stool"
"k__Bacteria|p__Firmicutes|c__Clostridia|o__Clostridia_unclassified|f__Clostridia_unclassified|g__Clostridia_unclassified|s__Clostridia_bacterium|t__SGB15395",97,0.177007299270073,0.000305450511423464,TRUE,TRUE,TRUE,0.0106289043121939,"HMP1-2 taxonomy stool"
"k__Bacteria|p__Firmicutes|c__Clostridia|o__Clostridiales|f__Ruminococcaceae|g__GGB9591|s__GGB9591_SGB15013|t__SGB15013",2,0.00364963503649635,1.91999945700026e-05,FALSE,FALSE,FALSE,NA,"HMP1-2 taxonomy stool"
"k__Bacteria|p__Firmicutes|c__Clostridia|o__Clostridia_unclassified|f__Clostridia_unclassified|g__GGB9342|s__GGB9342_SGB14306|t__SGB14306",129,0.235401459854015,0.00285783211122652,TRUE,TRUE,TRUE,0.0387791005255862,"HMP1-2 taxonomy stool"
"k__Bacteria|p__Firmicutes|c__Clostridia|o__Clostridiales|f__Ruminococcaceae|g__Ruminococcaceae_unclassified|s__Clostridium_leptum|t__SGB14853",414,0.755474452554745,0.000857719335461777,TRUE,TRUE,TRUE,0.0205811443321665,"HMP1-2 taxonomy stool"
"k__Bacteria|p__Firmicutes|c__Clostridia|o__Clostridiales|f__Lachnospiraceae|g__Blautia|s__Blautia_glucerasea|t__SGB4816",71,0.12956204379562,0.000309514141535532,TRUE,TRUE,TRUE,0.0135197720870457,"HMP1-2 taxonomy stool"
"k__Bacteria|p__Firmicutes|c__Erysipelotrichia|o__Erysipelotrichales|f__Erysipelotrichaceae|g__Holdemania|s__Holdemania_filiformis|t__SGB4046",248,0.452554744525547,0.00018519072655575,TRUE,TRUE,TRUE,0.00728962371037635,"HMP1-2 taxonomy stool"
"k__Bacteria|p__Firmicutes|c__Clostridia|o__Clostridiales|f__Ruminococcaceae|g__Ruminococcaceae_unclassified|s__Ruminococcaceae_bacterium|t__SGB15272",145,0.264598540145985,0.000402541353628336,TRUE,TRUE,TRUE,0.0138138874236654,"HMP1-2 taxonomy stool"
"k__Bacteria|p__Firmicutes|c__Clostridia|o__Clostridiales|f__Ruminococcaceae|g__GGB9590|s__GGB9590_SGB15012|t__SGB15012",58,0.105839416058394,0.000208496574687625,TRUE,TRUE,TRUE,0.00771130732261573,"HMP1-2 taxonomy stool"
"k__Bacteria|p__Firmicutes|c__Clostridia|o__Clostridia_unclassified|f__Clostridia_unclassified|g__Clostridia_unclassified|s__Clostridia_bacterium|t__SGB15413",68,0.124087591240876,7.97161812236842e-05,TRUE,FALSE,FALSE,NA,"HMP1-2 taxonomy stool"
"k__Bacteria|p__Firmicutes|c__Clostridia|o__Clostridiales|f__Lachnospiraceae|g__Blautia|s__Blautia_sp_MSK_21_1|t__SGB4829",104,0.18978102189781,0.000453280893122989,TRUE,TRUE,TRUE,0.0157329366522501,"HMP1-2 taxonomy stool"
"k__Bacteria|p__Firmicutes|c__Clostridia|o__Clostridia_unclassified|f__Clostridia_unclassified|g__Clostridia_unclassified|s__Clostridia_bacterium|t__SGB14929",60,0.109489051094891,0.000433350077029899,TRUE,TRUE,TRUE,0.0132033523205091,"HMP1-2 taxonomy stool"
"k__Bacteria|p__Firmicutes|c__Clostridia|o__Clostridia_unclassified|f__Clostridia_unclassified|g__Clostridia_unclassified|s__Clostridia_bacterium|t__SGB3580",17,0.031021897810219,0.00122297662180593,FALSE,TRUE,FALSE,NA,"HMP1-2 taxonomy stool"
"k__Bacteria|p__Firmicutes|c__Clostridia|o__Clostridia_unclassified|f__Clostridia_unclassified|g__Clostridia_unclassified|s__Clostridia_bacterium|t__SGB14255",13,0.0237226277372263,0.000385246227416991,FALSE,TRUE,FALSE,NA,"HMP1-2 taxonomy stool"
"k__Bacteria|p__Actinobacteria|c__Coriobacteriia|o__Coriobacteriia_unclassified|f__Coriobacteriia_unclassified|g__Coriobacteriia_unclassified|s__Coriobacteriia_bacterium|t__SGB14770",56,0.102189781021898,0.000316869671779209,TRUE,TRUE,TRUE,0.00909341239358019,"HMP1-2 taxonomy stool"
"k__Bacteria|p__Firmicutes|c__Clostridia|o__Clostridiales|f__Ruminococcaceae|g__Ruminococcaceae_unclassified|s__Ruminococcaceae_unclassified_SGB15233|t__SGB15233",65,0.118613138686131,0.000692332358416427,TRUE,TRUE,TRUE,0.0168385080037111,"HMP1-2 taxonomy stool"
"k__Bacteria|p__Firmicutes|c__Clostridia|o__Clostridia_unclassified|f__Clostridia_unclassified|g__Clostridia_unclassified|s__Clostridia_bacterium|t__SGB4136",24,0.0437956204379562,0.000129104168925433,FALSE,TRUE,FALSE,NA,"HMP1-2 taxonomy stool"
"k__Bacteria|p__Firmicutes|c__Clostridia|o__Clostridia_unclassified|f__Clostridia_unclassified|g__Clostridia_unclassified|s__Clostridia_bacterium|t__SGB15390",136,0.248175182481752,0.000713042634089196,TRUE,TRUE,TRUE,0.0186835230475278,"HMP1-2 taxonomy stool"
"k__Bacteria|p__Firmicutes|c__CFGB42691|o__OFGB42691|f__FGB42691|g__GGB51441|s__GGB51441_SGB71759|t__SGB71759",99,0.180656934306569,9.7417166753143e-05,TRUE,FALSE,FALSE,NA,"HMP1-2 taxonomy stool"
"k__Bacteria|p__Firmicutes|c__Clostridia|o__Clostridiales|f__Lachnospiraceae|g__Mediterraneibacter|s__Mediterraneibacter_sp_gm002|t__SGB4553",49,0.0894160583941606,0.000124567330914516,FALSE,TRUE,FALSE,NA,"HMP1-2 taxonomy stool"
"k__Bacteria|p__Firmicutes|c__Clostridia|o__Clostridiales|f__Clostridiaceae|g__Clostridium|s__Clostridium_sp_AM33_3|t__SGB4711",192,0.35036496350365,0.000152545836747213,TRUE,TRUE,TRUE,0.00668463245604827,"HMP1-2 taxonomy stool"
"k__Bacteria|p__Firmicutes|c__Clostridia|o__Clostridiales|f__Lachnospiraceae|g__Catenibacillus|s__Catenibacillus_scindens|t__SGB59869",51,0.0930656934306569,2.02725489500033e-05,FALSE,FALSE,FALSE,NA,"HMP1-2 taxonomy stool"
"k__Bacteria|p__Firmicutes|c__Erysipelotrichia|o__Erysipelotrichales|f__Erysipelotrichaceae|g__Turicibacter|s__Turicibacter_sanguinis|t__SGB6847",96,0.175182481751825,0.000134496866575755,TRUE,TRUE,TRUE,0.00744483629761908,"HMP1-2 taxonomy stool"
"k__Bacteria|p__Bacteroidetes|c__Bacteroidia|o__Bacteroidales|f__Rikenellaceae|g__Alistipes|s__Alistipes_provencensis|t__SGB2298",19,0.0346715328467153,0.00140863168365969,FALSE,TRUE,FALSE,NA,"HMP1-2 taxonomy stool"
"k__Bacteria|p__Firmicutes|c__Clostridia|o__Clostridia_unclassified|f__Clostridia_unclassified|g__Clostridia_unclassified|s__Clostridia_bacterium|t__SGB14253",107,0.195255474452555,0.000432305649708846,TRUE,TRUE,TRUE,0.0129783286567967,"HMP1-2 taxonomy stool"
"k__Bacteria|p__Firmicutes|c__Clostridia|o__Clostridiales|f__Lachnospiraceae|g__GGB3614|s__GGB3614_SGB4886|t__SGB4886",65,0.118613138686131,0.00234641591934617,TRUE,TRUE,TRUE,0.0307186780886702,"HMP1-2 taxonomy stool"
"k__Bacteria|p__Firmicutes|c__CFGB2916|o__OFGB2916|f__FGB2916|g__GGB9237|s__GGB9237_SGB14179|t__SGB14179",54,0.0985401459854015,0.000188174115555245,FALSE,TRUE,FALSE,NA,"HMP1-2 taxonomy stool"
"k__Bacteria|p__Lentisphaerae|c__Lentisphaeria|o__Lentisphaeria_unclassified|f__Lentisphaeria_unclassified|g__Lentisphaeria_unclassified|s__Lentisphaeria_bacterium|t__SGB9205",41,0.0748175182481752,0.00217504866411738,FALSE,TRUE,FALSE,NA,"HMP1-2 taxonomy stool"
"k__Bacteria|p__Firmicutes|c__Clostridia|o__Clostridiales|f__Lachnospiraceae|g__Lachnospiraceae_unclassified|s__Lachnospiraceae_bacterium|t__SGB4781",262,0.478102189781022,0.000110791987329715,TRUE,TRUE,TRUE,0.00556791645353055,"HMP1-2 taxonomy stool"
"k__Bacteria|p__Proteobacteria|c__Betaproteobacteria|o__Neisseriales|f__Neisseriaceae|g__Neisseria|s__Neisseria_sicca|t__SGB9465_group",3,0.00547445255474453,0.00126593258612045,FALSE,TRUE,FALSE,NA,"HMP1-2 taxonomy stool"
"k__Bacteria|p__Bacteroidetes|c__Bacteroidia|o__Bacteroidales|f__Prevotellaceae|g__Prevotella|s__Prevotella_sp_A2879|t__SGB1542",7,0.0127737226277372,0.000790542526810263,FALSE,TRUE,FALSE,NA,"HMP1-2 taxonomy stool"
"k__Bacteria|p__Bacteroidetes|c__Flavobacteriia|o__Flavobacteriales|f__Weeksellaceae|g__GGB1844|s__GGB1844_SGB2532|t__SGB2532",1,0.00182481751824818,4.20999873700038e-05,FALSE,FALSE,FALSE,NA,"HMP1-2 taxonomy stool"
"k__Bacteria|p__Bacteroidetes|c__Bacteroidia|o__Bacteroidales|f__Prevotellaceae|g__Alloprevotella|s__Alloprevotella_SGB1463|t__SGB1463",1,0.00182481751824818,0.000214000021400002,FALSE,TRUE,FALSE,NA,"HMP1-2 taxonomy stool"
"k__Bacteria|p__Bacteroidetes|c__Bacteroidia|o__Bacteroidales|f__Prevotellaceae|g__Prevotella|s__Prevotella_scopos|t__SGB1544",1,0.00182481751824818,7.4999985000003e-06,FALSE,FALSE,FALSE,NA,"HMP1-2 taxonomy stool"
"k__Bacteria|p__Proteobacteria|c__Epsilonproteobacteria|o__Campylobacterales|f__Campylobacteraceae|g__Campylobacter|s__Campylobacter_SGB19314|t__SGB19314",1,0.00182481751824818,0.000136699917980049,FALSE,TRUE,FALSE,NA,"HMP1-2 taxonomy stool"
"k__Bacteria|p__Proteobacteria|c__Gammaproteobacteria|o__Pasteurellales|f__Pasteurellaceae|g__Haemophilus|s__Haemophilus_paraphrohaemolyticus|t__SGB9634",4,0.0072992700729927,0.000102849986475014,FALSE,TRUE,FALSE,NA,"HMP1-2 taxonomy stool"
"k__Bacteria|p__Firmicutes|c__Negativicutes|o__Selenomonadales|f__Selenomonadaceae|g__GGB4308|s__GGB4308_SGB5895|t__SGB5895",0,0,NA,FALSE,FALSE,FALSE,NA,"HMP1-2 taxonomy stool"
"k__Bacteria|p__Bacteroidetes|c__Flavobacteriia|o__Flavobacteriales|f__Flavobacteriaceae|g__Capnocytophaga|s__Capnocytophaga_sp_oral_taxon_338|t__SGB2478",0,0,NA,FALSE,FALSE,FALSE,NA,"HMP1-2 taxonomy stool"
"k__Bacteria|p__Fusobacteria|c__Fusobacteriia|o__Fusobacteriales|f__Leptotrichiaceae|g__Leptotrichia|s__Leptotrichia_sp_oral_taxon_498|t__SGB6053",0,0,NA,FALSE,FALSE,FALSE,NA,"HMP1-2 taxonomy stool"
"k__Bacteria|p__Proteobacteria|c__Betaproteobacteria|o__Neisseriales|f__Neisseriaceae|g__Neisseria|s__Neisseria_cinerea|t__SGB9460",1,0.00182481751824818,0.000243500097400039,FALSE,TRUE,FALSE,NA,"HMP1-2 taxonomy stool"
"k__Bacteria|p__Fusobacteria|c__Fusobacteriia|o__Fusobacteriales|f__Leptotrichiaceae|g__Leptotrichia|s__Leptotrichia_hofstadii|t__SGB6062",0,0,NA,FALSE,FALSE,FALSE,NA,"HMP1-2 taxonomy stool"
"k__Bacteria|p__Firmicutes|c__Bacilli|o__Lactobacillales|f__Streptococcaceae|g__Streptococcus|s__Streptococcus_pneumoniae|t__SGB8138",1,0.00182481751824818,1.40000070000035e-06,FALSE,FALSE,FALSE,NA,"HMP1-2 taxonomy stool"
"k__Bacteria|p__Bacteroidetes|c__Bacteroidia|o__Bacteroidales|f__Prevotellaceae|g__GGB1186|s__GGB1186_SGB1534|t__SGB1534",0,0,NA,FALSE,FALSE,FALSE,NA,"HMP1-2 taxonomy stool"
"k__Bacteria|p__Bacteroidetes|c__Bacteroidia|o__Bacteroidales|f__Prevotellaceae|g__Prevotella|s__Prevotella_conceptionensis|t__SGB1458_group",0,0,NA,FALSE,FALSE,FALSE,NA,"HMP1-2 taxonomy stool"
"k__Bacteria|p__Bacteroidetes|c__Flavobacteriia|o__Flavobacteriales|f__Flavobacteriaceae|g__GGB1833|s__GGB1833_SGB2477|t__SGB2477",0,0,NA,FALSE,FALSE,FALSE,NA,"HMP1-2 taxonomy stool"
"k__Bacteria|p__Candidatus_Saccharibacteria|c__Candidatus_Nanosyncoccalia|o__Candidatus_Nanogingivales|f__Candidatus_Nanogingivalaceae|g__GGB12783|s__GGB12783_SGB19821|t__SGB19821",0,0,NA,FALSE,FALSE,FALSE,NA,"HMP1-2 taxonomy stool"
"k__Bacteria|p__Candidatus_Absconditabacteria|c__Candidatus_Absconditabacteria_unclassified|o__Candidatus_Absconditabacteria_unclassified|f__Candidatus_Absconditabacteria_unclassified|g__Candidatus_Absconditabacteria_unclassified|s__Candidatus_Absconditabacteria_unclassified_SGB6894|t__SGB6894",0,0,NA,FALSE,FALSE,FALSE,NA,"HMP1-2 taxonomy stool"
"k__Bacteria|p__Bacteroidetes|c__Bacteroidia|o__Bacteroidales|f__Tannerellaceae|g__Tannerella|s__Tannerella_sp_oral_taxon_808|t__SGB2047",0,0,NA,FALSE,FALSE,FALSE,NA,"HMP1-2 taxonomy stool"
"k__Bacteria|p__Candidatus_Saccharibacteria|c__Candidatus_Nanosyncoccalia|o__Candidatus_Nanogingivales|f__Candidatus_Nanogingivalaceae|g__Candidatus_Nanogingivalis|s__Candidatus_Nanogingivalis_gingivitcus|t__SGB19822",2,0.00364963503649635,3.41999981500002e-05,FALSE,FALSE,FALSE,NA,"HMP1-2 taxonomy stool"
"k__Bacteria|p__Candidatus_Saccharibacteria|c__Candidatus_Saccharibacteria_unclassified|o__Candidatus_Saccharibacteria_unclassified|f__Candidatus_Saccharibacteria_unclassified|g__Candidatus_Saccharibacteria_unclassified|s__Candidatus_Saccharibacteria_bacterium_oral_taxon_955|t__SGB19921",2,0.00364963503649635,3.91999969000115e-05,FALSE,FALSE,FALSE,NA,"HMP1-2 taxonomy stool"
"k__Bacteria|p__Candidatus_Gracilibacteria|c__Candidatus_Gracilibacteria_unclassified|o__Candidatus_Gracilibacteria_unclassified|f__Candidatus_Gracilibacteria_unclassified|g__Candidatus_Gracilibacteria_unclassified|s__Candidatus_Gracilibacteria_bacterium_GN02_873|t__SGB3516",1,0.00182481751824818,9.21999446800332e-05,FALSE,FALSE,FALSE,NA,"HMP1-2 taxonomy stool"
"k__Bacteria|p__Firmicutes|c__Negativicutes|o__Selenomonadales|f__Selenomonadaceae|g__Selenomonas|s__Selenomonas_SGB5891|t__SGB5891",0,0,NA,FALSE,FALSE,FALSE,NA,"HMP1-2 taxonomy stool"
"k__Bacteria|p__Bacteroidetes|c__CFGB570|o__OFGB570|f__FGB570|g__GGB1201|s__GGB1201_SGB1566|t__SGB1566",0,0,NA,FALSE,FALSE,FALSE,NA,"HMP1-2 taxonomy stool"
"k__Bacteria|p__Firmicutes|c__Bacilli|o__Lactobacillales|f__Enterococcaceae|g__Enterococcus|s__Enterococcus_faecalis|t__SGB7962",8,0.0145985401459854,0.00039960003466256,FALSE,TRUE,FALSE,NA,"HMP1-2 taxonomy stool"
"k__Bacteria|p__Firmicutes|c__Clostridia|o__Clostridiales|f__Lachnospiraceae|g__Lachnoanaerobaculum|s__Lachnoanaerobaculum_saburreum|t__SGB4481",1,0.00182481751824818,9.69999515000242e-06,FALSE,FALSE,FALSE,NA,"HMP1-2 taxonomy stool"
"k__Eukaryota|p__Ascomycota|c__Saccharomycetes|o__Saccharomycetales|f__Debaryomycetaceae|g__Candida|s__Candida_albicans|t__EUK5476",0,0,NA,FALSE,FALSE,FALSE,NA,"HMP1-2 taxonomy stool"
"k__Bacteria|p__Firmicutes|c__Clostridia|o__Clostridia_unclassified|f__Clostridia_unclassified|g__Clostridia_unclassified|s__Clostridia_unclassified_SGB13972|t__SGB13972",9,0.0164233576642336,0.0418432387478037,FALSE,TRUE,FALSE,NA,"HMP1-2 taxonomy stool"
"k__Bacteria|p__Bacteroidetes|c__Bacteroidia|o__Bacteroidales|f__Prevotellaceae|g__Prevotella|s__Prevotella_sp_oral_taxon_299|t__SGB1535",0,0,NA,FALSE,FALSE,FALSE,NA,"HMP1-2 taxonomy stool"
"k__Bacteria|p__Firmicutes|c__Bacilli|o__Bacilli_unclassified|f__Bacilli_unclassified|g__Bacilli_unclassified|s__Bacilli_unclassified_SGB6571|t__SGB6571",63,0.114963503649635,0.01323128981114,TRUE,TRUE,TRUE,0.0759304424352809,"HMP1-2 taxonomy stool"
"k__Bacteria|p__Bacteroidetes|c__Bacteroidia|o__Bacteroidales|f__Odoribacteraceae|g__Odoribacter|s__Odoribacter_laneus|t__SGB1792",21,0.0383211678832117,0.0159399436820365,FALSE,TRUE,FALSE,NA,"HMP1-2 taxonomy stool"
"k__Bacteria|p__Proteobacteria|c__CFGB1021|o__OFGB1021|f__FGB1021|g__GGB2670|s__GGB2670_SGB3597|t__SGB3597",1,0.00182481751824818,2.10999873400076e-05,FALSE,FALSE,FALSE,NA,"HMP1-2 taxonomy stool"
"k__Bacteria|p__Firmicutes|c__Negativicutes|o__Selenomonadales|f__Selenomonadaceae|g__Selenomonas|s__Selenomonas_massiliensis|t__SGB5886",0,0,NA,FALSE,FALSE,FALSE,NA,"HMP1-2 taxonomy stool"
"k__Bacteria|p__Proteobacteria|c__Betaproteobacteria|o__Neisseriales|f__Neisseriaceae|g__Neisseria|s__Neisseria_bacilliformis|t__SGB9426",0,0,NA,FALSE,FALSE,FALSE,NA,"HMP1-2 taxonomy stool"
"k__Bacteria|p__Firmicutes|c__Negativicutes|o__Selenomonadales|f__Selenomonadaceae|g__Selenomonas|s__Selenomonas_sp_oral_taxon_126|t__SGB5888",0,0,NA,FALSE,FALSE,FALSE,NA,"HMP1-2 taxonomy stool"
"k__Bacteria|p__Spirochaetes|c__Spirochaetia|o__Spirochaetales|f__Spirochaetaceae|g__Treponema|s__Treponema_vincentii|t__SGB3602",0,0,NA,FALSE,FALSE,FALSE,NA,"HMP1-2 taxonomy stool"
"k__Bacteria|p__Firmicutes|c__Negativicutes|o__Selenomonadales|f__Selenomonadaceae|g__Selenomonas|s__Selenomonas_sp_FOBRC6|t__SGB5889",0,0,NA,FALSE,FALSE,FALSE,NA,"HMP1-2 taxonomy stool"
"k__Bacteria|p__Bacteroidetes|c__Bacteroidia|o__Bacteroidales|f__Porphyromonadaceae|g__GGB1474|s__GGB1474_SGB2040|t__SGB2040",0,0,NA,FALSE,FALSE,FALSE,NA,"HMP1-2 taxonomy stool"
"k__Bacteria|p__Firmicutes|c__Negativicutes|o__Selenomonadales|f__Selenomonadaceae|g__Selenomonas|s__Selenomonas_sp_oral_taxon_920|t__SGB25061",0,0,NA,FALSE,FALSE,FALSE,NA,"HMP1-2 taxonomy stool"
"k__Bacteria|p__Fusobacteria|c__Fusobacteriia|o__Fusobacteriales|f__Leptotrichiaceae|g__Leptotrichia|s__Leptotrichia_sp_oral_taxon_223|t__SGB77498",0,0,NA,FALSE,FALSE,FALSE,NA,"HMP1-2 taxonomy stool"
"k__Bacteria|p__Bacteroidetes|c__Bacteroidia|o__Bacteroidales|f__Bacteroidales_unclassified|g__Phocaeicola|s__Phocaeicola_coprocola|t__SGB1891_group",36,0.0656934306569343,0.0697453783357241,FALSE,TRUE,FALSE,NA,"HMP1-2 taxonomy stool"
"k__Bacteria|p__Firmicutes|c__Clostridia|o__Clostridia_unclassified|f__Clostridia_unclassified|g__GGB4569|s__GGB4569_SGB6312|t__SGB6312",26,0.0474452554744526,0.0182248658457311,FALSE,TRUE,FALSE,NA,"HMP1-2 taxonomy stool"
"k__Bacteria|p__Verrucomicrobia|c__Verrucomicrobiae|o__Verrucomicrobiales|f__Akkermansiaceae|g__Akkermansia|s__Akkermansia_sp_KLE1605|t__SGB9224",37,0.0675182481751825,0.0229100494440056,FALSE,TRUE,FALSE,NA,"HMP1-2 taxonomy stool"
"k__Bacteria|p__Bacteroidetes|c__Bacteroidia|o__Bacteroidales|f__Rikenellaceae|g__Rikenellaceae_unclassified|s__Rikenellaceae_bacterium|t__SGB2317",51,0.0930656934306569,0.0443268374230889,FALSE,TRUE,FALSE,NA,"HMP1-2 taxonomy stool"
"k__Bacteria|p__Firmicutes|c__Clostridia|o__Clostridia_unclassified|f__Clostridia_unclassified|g__GGB3278|s__GGB3278_SGB4328|t__SGB4328",62,0.113138686131387,0.00976823656746483,TRUE,TRUE,TRUE,0.055131577764689,"HMP1-2 taxonomy stool"
"k__Bacteria|p__Firmicutes|c__Clostridia|o__Clostridia_unclassified|f__Clostridia_unclassified|g__GGB4599|s__GGB4599_SGB6362|t__SGB6362",29,0.0529197080291971,0.0145544308504171,FALSE,TRUE,FALSE,NA,"HMP1-2 taxonomy stool"
"k__Bacteria|p__Firmicutes|c__Clostridia|o__Clostridia_unclassified|f__Clostridia_unclassified|g__Clostridia_unclassified|s__Clostridia_bacterium|t__SGB14151",58,0.105839416058394,0.00200227572472064,TRUE,TRUE,TRUE,0.0257228213803191,"HMP1-2 taxonomy stool"
"k__Bacteria|p__Bacteroidetes|c__Bacteroidia|o__Bacteroidales|f__Odoribacteraceae|g__Butyricimonas|s__Butyricimonas_virosa|t__SGB1784",87,0.158759124087591,0.00316268406952352,TRUE,TRUE,TRUE,0.0280724343250418,"HMP1-2 taxonomy stool"
"k__Bacteria|p__Firmicutes|c__Negativicutes|o__Acidaminococcales|f__Acidaminococcaceae|g__Acidaminococcus|s__Acidaminococcus_intestini|t__SGB5736",91,0.166058394160584,0.00571780810932579,TRUE,TRUE,TRUE,0.0433955478789807,"HMP1-2 taxonomy stool"
"k__Bacteria|p__Firmicutes|c__Clostridia|o__Clostridia_unclassified|f__Clostridia_unclassified|g__Clostridia_unclassified|s__Clostridia_bacterium|t__SGB14022",53,0.0967153284671533,0.00143489794406788,FALSE,TRUE,FALSE,NA,"HMP1-2 taxonomy stool"
"k__Bacteria|p__Firmicutes|c__Clostridia|o__Clostridia_unclassified|f__Clostridia_unclassified|g__Clostridia_unclassified|s__Clostridia_bacterium|t__SGB6378",23,0.041970802919708,0.000525695692881461,FALSE,TRUE,FALSE,NA,"HMP1-2 taxonomy stool"
"k__Bacteria|p__Bacteroidetes|c__Bacteroidia|o__Bacteroidales|f__Rikenellaceae|g__Alistipes|s__Alistipes_sp_AF17_16|t__SGB2326",134,0.244525547445255,0.00184629266808208,TRUE,TRUE,TRUE,0.0225043945105908,"HMP1-2 taxonomy stool"
"k__Bacteria|p__Firmicutes|c__Clostridia|o__Clostridia_unclassified|f__Clostridia_unclassified|g__Clostridia_unclassified|s__Clostridia_bacterium|t__SGB14892",29,0.0529197080291971,0.000459506925390742,FALSE,TRUE,FALSE,NA,"HMP1-2 taxonomy stool"
"k__Bacteria|p__Firmicutes|c__Clostridia|o__Clostridia_unclassified|f__Clostridia_unclassified|g__Clostridia_unclassified|s__Clostridia_bacterium|t__SGB14954",53,0.0967153284671533,0.00115740198663726,FALSE,TRUE,FALSE,NA,"HMP1-2 taxonomy stool"
"k__Bacteria|p__Firmicutes|c__Clostridia|o__Clostridiales|f__Lachnospiraceae|g__Coprococcus|s__Coprococcus_eutactus|t__SGB5121",70,0.127737226277372,0.00588365360065262,TRUE,TRUE,TRUE,0.0499596611151989,"HMP1-2 taxonomy stool"
"k__Bacteria|p__Firmicutes|c__Clostridia|o__Clostridiales|f__Ruminococcaceae|g__GGB9631|s__GGB9631_SGB15087|t__SGB15087",58,0.105839416058394,0.000769979425281431,TRUE,TRUE,TRUE,0.0173769729491555,"HMP1-2 taxonomy stool"
"k__Bacteria|p__Firmicutes|c__Clostridia|o__Clostridia_unclassified|f__Clostridia_unclassified|g__Clostridia_unclassified|s__Clostridia_bacterium|t__SGB14137",109,0.198905109489051,0.00164888809999218,TRUE,TRUE,TRUE,0.0271065492767126,"HMP1-2 taxonomy stool"
"k__Bacteria|p__Firmicutes|c__Clostridia|o__Clostridia_unclassified|f__Clostridia_unclassified|g__Clostridia_unclassified|s__Clostridia_bacterium|t__SGB14263",80,0.145985401459854,0.00109181412557105,TRUE,TRUE,TRUE,0.0226120416014855,"HMP1-2 taxonomy stool"
"k__Bacteria|p__Firmicutes|c__Clostridia|o__Clostridiales|f__Ruminococcaceae|g__GGB3341|s__GGB3341_SGB4420|t__SGB4420",30,0.0547445255474453,0.00109968660275578,FALSE,TRUE,FALSE,NA,"HMP1-2 taxonomy stool"
"k__Bacteria|p__Firmicutes|c__Clostridia|o__Clostridia_unclassified|f__Clostridia_unclassified|g__Clostridia_unclassified|s__Clostridia_bacterium|t__SGB13982",199,0.363138686131387,0.00155243710456655,TRUE,TRUE,TRUE,0.023226774513611,"HMP1-2 taxonomy stool"
"k__Bacteria|p__Proteobacteria|c__Deltaproteobacteria|o__Desulfovibrionales|f__Desulfovibrionaceae|g__Bilophila|s__Bilophila_wadsworthia|t__SGB15452",365,0.666058394160584,0.00083632247994218,TRUE,TRUE,TRUE,0.0179779703576526,"HMP1-2 taxonomy stool"
"k__Bacteria|p__Firmicutes|c__Clostridia|o__Clostridiales|f__Ruminococcaceae|g__GGB9632|s__GGB9632_SGB15089|t__SGB15089",356,0.64963503649635,0.00265940509450205,TRUE,TRUE,TRUE,0.0375588238809081,"HMP1-2 taxonomy stool"
"k__Bacteria|p__Firmicutes|c__Clostridia|o__Clostridiales|f__Clostridiales_unclassified|g__Monoglobus|s__Monoglobus_pectinilyticus|t__SGB4166",236,0.430656934306569,0.000727259303525561,TRUE,TRUE,TRUE,0.0171165396957848,"HMP1-2 taxonomy stool"
"k__Bacteria|p__Firmicutes|c__Clostridia|o__Clostridiales|f__Ruminococcaceae|g__Ruminococcaceae_unclassified|s__Ruminococcaceae_bacterium|t__SGB14177",153,0.279197080291971,0.00039180720055655,TRUE,TRUE,TRUE,0.0136444551119395,"HMP1-2 taxonomy stool"
"k__Bacteria|p__Firmicutes|c__Clostridia|o__Clostridia_unclassified|f__Clostridia_unclassified|g__Clostridia_unclassified|s__Clostridia_bacterium|t__SGB13983",177,0.322992700729927,0.00136330954241452,TRUE,TRUE,TRUE,0.0239887101521901,"HMP1-2 taxonomy stool"
"k__Bacteria|p__Actinobacteria|c__Coriobacteriia|o__Eggerthellales|f__Eggerthellaceae|g__Eggerthellaceae_unclassified|s__Eggerthellaceae_unclassified_SGB14341|t__SGB14341",155,0.282846715328467,0.000425205099116603,TRUE,TRUE,TRUE,0.0145333601662739,"HMP1-2 taxonomy stool"
"k__Bacteria|p__Actinobacteria|c__Actinobacteria|o__Bifidobacteriales|f__Bifidobacteriaceae|g__Bifidobacterium|s__Bifidobacterium_longum|t__SGB17248",316,0.576642335766423,0.00177735960399232,TRUE,TRUE,TRUE,0.0336387762207464,"HMP1-2 taxonomy stool"
"k__Bacteria|p__Firmicutes|c__Clostridia|o__Clostridiales|f__Ruminococcaceae|g__GGB9623|s__GGB9623_SGB15076|t__SGB15076",71,0.12956204379562,0.000235233753284027,TRUE,TRUE,TRUE,0.00976825603175401,"HMP1-2 taxonomy stool"
"k__Bacteria|p__Firmicutes|c__Clostridia|o__Clostridiales|f__Ruminococcaceae|g__Gemmiger|s__Gemmiger_SGB15295|t__SGB15295_group",107,0.195255474452555,0.00289598024344995,TRUE,TRUE,TRUE,0.0402324095293798,"HMP1-2 taxonomy stool"
"k__Bacteria|p__Firmicutes|c__Clostridia|o__Clostridiales|f__Lachnospiraceae|g__Coprococcus|s__Coprococcus_catus|t__SGB4670",248,0.452554744525547,0.000261088294552299,TRUE,TRUE,TRUE,0.0094113143537228,"HMP1-2 taxonomy stool"
"k__Bacteria|p__Proteobacteria|c__Deltaproteobacteria|o__Desulfovibrionales|f__Desulfovibrionaceae|g__GGB9818|s__GGB9818_SGB15459|t__SGB15459",98,0.178832116788321,0.000263324491586679,TRUE,TRUE,TRUE,0.00793242325121097,"HMP1-2 taxonomy stool"
"k__Bacteria|p__Firmicutes|c__CFGB3035|o__OFGB3035|f__FGB3035|g__GGB9524|s__GGB9524_SGB14924|t__SGB14924",75,0.136861313868613,0.000514790672760565,TRUE,TRUE,TRUE,0.015662601890377,"HMP1-2 taxonomy stool"
"k__Bacteria|p__Firmicutes|c__Clostridia|o__Clostridiales|f__Ruminococcaceae|g__GGB9694|s__GGB9694_SGB15203|t__SGB15203",86,0.156934306569343,0.00193141649069302,TRUE,TRUE,TRUE,0.0380093711869825,"HMP1-2 taxonomy stool"
"k__Bacteria|p__Firmicutes|c__Clostridia|o__Clostridiales|f__Clostridiaceae|g__Clostridium|s__Clostridium_phoceensis|t__SGB15154",414,0.755474452554745,0.000538422466971298,TRUE,TRUE,TRUE,0.0132929847265424,"HMP1-2 taxonomy stool"
"k__Bacteria|p__Firmicutes|c__Clostridia|o__Clostridiales|f__Eubacteriaceae|g__Eubacteriaceae_unclassified|s__Eubacteriaceae_bacterium|t__SGB5043",92,0.167883211678832,0.000896728375879251,TRUE,TRUE,TRUE,0.0185031271762921,"HMP1-2 taxonomy stool"
"k__Bacteria|p__Firmicutes|c__Clostridia|o__Clostridia_unclassified|f__Clostridia_unclassified|g__Clostridia_unclassified|s__Clostridia_bacterium|t__SGB14957",12,0.0218978102189781,0.000944600187675094,FALSE,TRUE,FALSE,NA,"HMP1-2 taxonomy stool"
"k__Bacteria|p__Firmicutes|c__CFGB40382|o__OFGB40382|f__FGB40382|g__GGB45491|s__GGB45491_SGB63163|t__SGB63163",38,0.0693430656934307,9.42552527263309e-05,FALSE,FALSE,FALSE,NA,"HMP1-2 taxonomy stool"
"k__Bacteria|p__Firmicutes|c__Clostridia|o__Clostridiales|f__Lachnospiraceae|g__Blautia|s__Blautia_SGB4831|t__SGB4831_group",115,0.20985401459854,8.97208690161916e-05,TRUE,FALSE,FALSE,NA,"HMP1-2 taxonomy stool"
"k__Bacteria|p__Firmicutes|c__Clostridia|o__Clostridiales|f__Clostridiaceae|g__Clostridium|s__Clostridium_sp_NSJ_42|t__SGB6174_group",31,0.0565693430656934,0.000115993525492279,FALSE,TRUE,FALSE,NA,"HMP1-2 taxonomy stool"
"k__Bacteria|p__Firmicutes|c__Clostridia|o__Clostridiales|f__Lachnospiraceae|g__Blautia|s__Blautia_SGB4805|t__SGB4805",139,0.253649635036496,0.000103646744356711,TRUE,TRUE,TRUE,0.0064505377361627,"HMP1-2 taxonomy stool"
"k__Bacteria|p__Firmicutes|c__Clostridia|o__Clostridiales|f__Ruminococcaceae|g__Ruminococcaceae_unclassified|s__Ruminococcaceae_bacterium|t__SGB14899",201,0.366788321167883,0.000381390581505295,TRUE,TRUE,TRUE,0.0109940408325952,"HMP1-2 taxonomy stool"
"k__Bacteria|p__Firmicutes|c__Erysipelotrichia|o__Erysipelotrichales|f__Erysipelotrichaceae|g__GGB3034|s__GGB3034_SGB4030|t__SGB4030",89,0.162408759124088,9.70348285914734e-05,TRUE,FALSE,FALSE,NA,"HMP1-2 taxonomy stool"
"k__Bacteria|p__Firmicutes|c__Clostridia|o__Clostridiales|f__Ruminococcaceae|g__Anaeromassilibacillus|s__Anaeromassilibacillus_sp_An250|t__SGB14894",194,0.354014598540146,0.000130980413915276,TRUE,TRUE,TRUE,0.00693862778957067,"HMP1-2 taxonomy stool"
"k__Bacteria|p__Firmicutes|c__Clostridia|o__Clostridiales|f__Eubacteriaceae|g__Eubacterium|s__Eubacterium_sp_AF34_35BH|t__SGB5051",210,0.383211678832117,0.00114240378408372,TRUE,TRUE,TRUE,0.0199982581348748,"HMP1-2 taxonomy stool"
"k__Bacteria|p__Firmicutes|c__Clostridia|o__Clostridiales|f__Ruminococcaceae|g__GGB9627|s__GGB9627_SGB15081|t__SGB15081",102,0.186131386861314,0.00043123044803346,TRUE,TRUE,TRUE,0.0132856434763538,"HMP1-2 taxonomy stool"
"k__Bacteria|p__Firmicutes|c__Erysipelotrichia|o__Erysipelotrichales|f__Erysipelotrichaceae|g__Erysipelotrichaceae_unclassified|s__Erysipelotrichaceae_bacterium|t__SGB4029",22,0.0401459854014599,0.000130281811410473,FALSE,TRUE,FALSE,NA,"HMP1-2 taxonomy stool"
"k__Bacteria|p__Firmicutes|c__Erysipelotrichia|o__Erysipelotrichales|f__Erysipelotrichaceae|g__Longicatena|s__Longicatena_caecimuris|t__SGB4041",195,0.355839416058394,0.00262980692928289,TRUE,TRUE,TRUE,0.0492327340379788,"HMP1-2 taxonomy stool"
"k__Bacteria|p__Firmicutes|c__Clostridia|o__Clostridiales|f__Lachnospiraceae|g__Anaerobutyricum|s__Anaerobutyricum_hallii|t__SGB4537",201,0.366788321167883,0.00027752486352252,TRUE,TRUE,TRUE,0.0117575641586252,"HMP1-2 taxonomy stool"
"k__Bacteria|p__Actinobacteria|c__Coriobacteriia|o__Coriobacteriales|f__Coriobacteriaceae|g__Senegalimassilia|s__Senegalimassilia_anaerobia|t__SGB14824_group",28,0.0510948905109489,0.000103575008325373,FALSE,TRUE,FALSE,NA,"HMP1-2 taxonomy stool"
"k__Bacteria|p__Firmicutes|c__CFGB3053|o__OFGB3053|f__FGB3053|g__GGB9581|s__GGB9581_SGB14999|t__SGB14999",309,0.563868613138686,0.000248972815964088,TRUE,TRUE,TRUE,0.00895321905939415,"HMP1-2 taxonomy stool"
"k__Bacteria|p__Firmicutes|c__Clostridia|o__Clostridiales|f__Ruminococcaceae|g__GGB9667|s__GGB9667_SGB15164|t__SGB15164",287,0.523722627737226,0.000534075269082741,TRUE,TRUE,TRUE,0.0125596240232006,"HMP1-2 taxonomy stool"
"k__Bacteria|p__Firmicutes|c__Clostridia|o__Clostridiales|f__Lachnospiraceae|g__Dorea|s__Dorea_sp_AF36_15AT|t__SGB4552_group",245,0.447080291970803,0.000154242448131039,TRUE,TRUE,TRUE,0.00737408055418303,"HMP1-2 taxonomy stool"
"k__Bacteria|p__Firmicutes|c__Clostridia|o__Clostridiales|f__Ruminococcaceae|g__Ruminococcaceae_unclassified|s__Ruminococcaceae_bacterium|t__SGB14906",93,0.16970802919708,0.000273734369780889,TRUE,TRUE,TRUE,0.0110901916230699,"HMP1-2 taxonomy stool"
"k__Bacteria|p__Firmicutes|c__Clostridia|o__Clostridiales|f__Clostridiaceae|g__Butyricicoccus|s__Butyricicoccus_sp_AM29_23AC|t__SGB14991",109,0.198905109489051,0.000370519270408762,TRUE,TRUE,TRUE,0.0108258990079805,"HMP1-2 taxonomy stool"
"k__Bacteria|p__Actinobacteria|c__Coriobacteriia|o__Eggerthellales|f__Eggerthellaceae|g__Adlercreutzia|s__Adlercreutzia_equolifaciens|t__SGB14797_group",266,0.485401459854015,0.000153930456290142,TRUE,TRUE,TRUE,0.0072956590519544,"HMP1-2 taxonomy stool"
"k__Bacteria|p__Firmicutes|c__Clostridia|o__Clostridiales|f__Clostridiaceae|g__Clostridiaceae_unclassified|s__Clostridiaceae_bacterium|t__SGB4721",293,0.534671532846715,0.0006051242175192,TRUE,TRUE,TRUE,0.0153426673441757,"HMP1-2 taxonomy stool"
"k__Bacteria|p__Firmicutes|c__Clostridia|o__Clostridiales|f__Lachnospiraceae|g__Blautia|s__Blautia_stercoris|t__SGB4788_group",84,0.153284671532847,0.000431646461596971,TRUE,TRUE,TRUE,0.0139274649193887,"HMP1-2 taxonomy stool"
"k__Bacteria|p__Firmicutes|c__Clostridia|o__Clostridiales|f__Clostridiaceae|g__Clostridium|s__Clostridium_sp_Marseille_P3244|t__SGB29302",220,0.401459854014599,3.85222731545521e-05,TRUE,FALSE,FALSE,NA,"HMP1-2 taxonomy stool"
"k__Bacteria|p__Firmicutes|c__Clostridia|o__Clostridia_unclassified|f__Clostridia_unclassified|g__Clostridia_unclassified|s__Clostridia_bacterium|t__SGB14050",34,0.062043795620438,0.000482161674939201,FALSE,TRUE,FALSE,NA,"HMP1-2 taxonomy stool"
"k__Bacteria|p__Firmicutes|c__Clostridia|o__Clostridiales|f__Christensenellaceae|g__Christensenellaceae_unclassified|s__Christensenellaceae_bacterium|t__SGB14128",30,0.0547445255474453,0.000202513374906098,FALSE,TRUE,FALSE,NA,"HMP1-2 taxonomy stool"
"k__Bacteria|p__Actinobacteria|c__Actinobacteria|o__Micrococcales|f__Microbacteriaceae|g__Microbacterium|s__Microbacterium_SGB53518|t__SGB53518",41,0.0748175182481752,0.00051010973759004,FALSE,TRUE,FALSE,NA,"HMP1-2 taxonomy stool"
"k__Bacteria|p__Firmicutes|c__Clostridia|o__Clostridiales|f__Lachnospiraceae|g__Lachnoclostridium|s__Lachnoclostridium_sp_An138|t__SGB4774",90,0.164233576642336,8.07988789414546e-05,TRUE,FALSE,FALSE,NA,"HMP1-2 taxonomy stool"
"k__Bacteria|p__Firmicutes|c__Erysipelotrichia|o__Erysipelotrichales|f__Erysipelotrichaceae|g__Massilimicrobiota|s__Massilimicrobiota_timonensis|t__SGB6767",51,0.0930656934306569,0.00014614119106649,FALSE,TRUE,FALSE,NA,"HMP1-2 taxonomy stool"
"k__Bacteria|p__Verrucomicrobia|c__CFGB6128|o__OFGB6128|f__FGB6128|g__GGB52930|s__GGB52930_SGB73859|t__SGB73859",10,0.0182481751824818,0.000488770276427168,FALSE,TRUE,FALSE,NA,"HMP1-2 taxonomy stool"
"k__Bacteria|p__Firmicutes|c__Clostridia|o__Clostridia_unclassified|f__Clostridia_unclassified|g__GGB9494|s__GGB9494_SGB14891|t__SGB14891",53,0.0967153284671533,9.12188629277406e-05,FALSE,FALSE,FALSE,NA,"HMP1-2 taxonomy stool"
"k__Bacteria|p__Firmicutes|c__Clostridia|o__Candidatus_Borkfalkiales|f__Candidatus_Borkfalkiaceae|g__Candidatus_Borkfalkia|s__Candidatus_Borkfalkia_ceftriaxoniphila|t__SGB14027",271,0.494525547445255,0.00104977494617211,TRUE,TRUE,TRUE,0.0189885250559658,"HMP1-2 taxonomy stool"
"k__Bacteria|p__Firmicutes|c__Clostridia|o__Clostridiales|f__Lachnospiraceae|g__Mediterraneibacter|s__Mediterraneibacter_glycyrrhizinilyticus|t__SGB4606",135,0.246350364963504,0.000122743700036379,TRUE,TRUE,TRUE,0.00718077812192908,"HMP1-2 taxonomy stool"
"k__Bacteria|p__Firmicutes|c__Clostridia|o__Clostridiales|f__Lachnospiraceae|g__Lachnospiraceae_unclassified|s__Lachnospiraceae_unclassified_SGB4924|t__SGB4924_group",51,0.0930656934306569,0.000511968601857721,FALSE,TRUE,FALSE,NA,"HMP1-2 taxonomy stool"
"k__Bacteria|p__Firmicutes|c__Clostridia|o__Clostridiales|f__Ruminococcaceae|g__Ruminococcaceae_unclassified|s__Ruminococcaceae_bacterium|t__SGB15278",37,0.0675182481751825,9.76919124216367e-05,FALSE,FALSE,FALSE,NA,"HMP1-2 taxonomy stool"
"k__Bacteria|p__Firmicutes|c__Clostridia|o__Clostridia_unclassified|f__Clostridia_unclassified|g__Clostridia_unclassified|s__Clostridia_bacterium|t__SGB3991",62,0.113138686131387,0.000183874200203732,TRUE,TRUE,TRUE,0.00768578727064958,"HMP1-2 taxonomy stool"
"k__Bacteria|p__Firmicutes|c__Clostridia|o__Clostridiales|f__Lachnospiraceae|g__Lachnospira|s__Lachnospira_SGB5077|t__SGB5077",158,0.288321167883212,0.00214185057667732,TRUE,TRUE,TRUE,0.0281955752265243,"HMP1-2 taxonomy stool"
"k__Bacteria|p__Firmicutes|c__Clostridia|o__Clostridiales|f__Ruminococcaceae|g__Ruminococcaceae_unclassified|s__Ruminococcaceae_bacterium|t__SGB15273",228,0.416058394160584,0.000393066664307854,TRUE,TRUE,TRUE,0.0142654690219866,"HMP1-2 taxonomy stool"
"k__Bacteria|p__Firmicutes|c__Clostridia|o__Clostridiales|f__Ruminococcaceae|g__GGB9610|s__GGB9610_SGB15045|t__SGB15045",41,0.0748175182481752,5.24121957797622e-05,FALSE,FALSE,FALSE,NA,"HMP1-2 taxonomy stool"
"k__Bacteria|p__Firmicutes|c__Clostridia|o__Clostridiales|f__Lachnospiraceae|g__Lachnospiraceae_unclassified|s__Lachnospiraceae_bacterium|t__SGB4718",12,0.0218978102189781,7.21333171533437e-05,FALSE,FALSE,FALSE,NA,"HMP1-2 taxonomy stool"
"k__Bacteria|p__Firmicutes|c__Clostridia|o__Clostridiales|f__Lachnospiraceae|g__Blautia|s__Blautia_SGB4815|t__SGB4815_group",195,0.355839416058394,0.000115965125008175,TRUE,TRUE,TRUE,0.00635134000984367,"HMP1-2 taxonomy stool"
"k__Bacteria|p__Firmicutes|c__Clostridia|o__Clostridiales|f__Clostridiaceae|g__Massilioclostridium|s__Massilioclostridium_coli|t__SGB29305",80,0.145985401459854,6.11349967302553e-05,TRUE,FALSE,FALSE,NA,"HMP1-2 taxonomy stool"
"k__Bacteria|p__Firmicutes|c__Clostridia|o__Clostridia_unclassified|f__Clostridia_unclassified|g__Clostridia_unclassified|s__Clostridia_unclassified_SGB71281|t__SGB71281",75,0.136861313868613,0.000151001343950026,TRUE,TRUE,TRUE,0.00708007802847736,"HMP1-2 taxonomy stool"
"k__Bacteria|p__Firmicutes|c__Clostridia|o__Clostridiales|f__Lachnospiraceae|g__GGB3571|s__GGB3571_SGB4778|t__SGB4778",241,0.43978102189781,0.000165585479173881,TRUE,TRUE,TRUE,0.00789378920022368,"HMP1-2 taxonomy stool"
"k__Bacteria|p__Firmicutes|c__Clostridia|o__Clostridiales|f__Ruminococcaceae|g__Anaerotruncus|s__Anaerotruncus_rubiinfantis|t__SGB25416",196,0.357664233576642,5.08734687922552e-05,TRUE,FALSE,FALSE,NA,"HMP1-2 taxonomy stool"
"k__Bacteria|p__Firmicutes|c__Clostridia|o__Clostridia_unclassified|f__Clostridia_unclassified|g__Candidatus_Parachristensenella|s__Candidatus_Parachristensenella_avicola|t__SGB58519",83,0.151459854014599,4.22337420897659e-05,TRUE,FALSE,FALSE,NA,"HMP1-2 taxonomy stool"
"k__Bacteria|p__Firmicutes|c__Clostridia|o__Clostridiales|f__Ruminococcaceae|g__Anaerotruncus|s__Anaerotruncus_colihominis|t__SGB14963",174,0.317518248175182,0.000267575870698827,TRUE,TRUE,TRUE,0.0110184259894115,"HMP1-2 taxonomy stool"
"k__Bacteria|p__Firmicutes|c__Clostridia|o__Clostridiales|f__Ruminococcaceae|g__Flavonifractor|s__Flavonifractor_plautii|t__SGB15132",442,0.806569343065693,0.00153074184616991,TRUE,TRUE,TRUE,0.0274023387732397,"HMP1-2 taxonomy stool"
"k__Bacteria|p__Firmicutes|c__Clostridia|o__Clostridiales|f__Ruminococcaceae|g__Harryflintia|s__Harryflintia_acetispora|t__SGB14838",58,0.105839416058394,2.96896577843148e-05,TRUE,FALSE,FALSE,NA,"HMP1-2 taxonomy stool"
"k__Bacteria|p__Firmicutes|c__Clostridia|o__Clostridia_unclassified|f__Clostridia_unclassified|g__Clostridia_unclassified|s__Clostridia_bacterium_12CBH8|t__SGB7259",13,0.0237226277372263,2.36999992038469e-05,FALSE,FALSE,FALSE,NA,"HMP1-2 taxonomy stool"
"k__Bacteria|p__Actinobacteria|c__Coriobacteriia|o__Eggerthellales|f__Eggerthellaceae|g__Eggerthellaceae_unclassified|s__Eggerthellaceae_bacterium|t__SGB14344",5,0.00912408759124088,1.7319997028001e-05,FALSE,FALSE,FALSE,NA,"HMP1-2 taxonomy stool"
"k__Bacteria|p__Firmicutes|c__Clostridia|o__Clostridiales|f__Ruminococcaceae|g__GGB9622|s__GGB9622_SGB15074|t__SGB15074",10,0.0182481751824818,7.69400020160034e-05,FALSE,FALSE,FALSE,NA,"HMP1-2 taxonomy stool"
"k__Bacteria|p__Firmicutes|c__Clostridia|o__Clostridiales|f__Lachnospiraceae|g__Mediterraneibacter|s__Mediterraneibacter_butyricigenes|t__SGB25493",210,0.383211678832117,8.86542892214918e-05,TRUE,FALSE,FALSE,NA,"HMP1-2 taxonomy stool"
"k__Bacteria|p__Firmicutes|c__Clostridia|o__Clostridiales|f__Lachnospiraceae|g__Lachnospiraceae_unclassified|s__Lachnospiraceae_bacterium|t__SGB4597",53,0.0967153284671533,0.00038355660970703,FALSE,TRUE,FALSE,NA,"HMP1-2 taxonomy stool"
"k__Bacteria|p__Firmicutes|c__Clostridia|o__Clostridia_unclassified|f__Clostridia_unclassified|g__Candidatus_Pseudoruminococcus|s__Candidatus_Pseudoruminococcus_merdavium|t__SGB59562",41,0.0748175182481752,4.55219504846388e-05,FALSE,FALSE,FALSE,NA,"HMP1-2 taxonomy stool"
"k__Bacteria|p__Firmicutes|c__Clostridia|o__Clostridia_unclassified|f__Clostridia_unclassified|g__Clostridia_unclassified|s__Clostridia_unclassified_SGB15402|t__SGB15402",51,0.0930656934306569,6.61215743407968e-05,FALSE,FALSE,FALSE,NA,"HMP1-2 taxonomy stool"
"k__Bacteria|p__Firmicutes|c__Clostridia|o__Clostridia_unclassified|f__Clostridia_unclassified|g__GGB9522|s__GGB9522_SGB14921|t__SGB14921",114,0.208029197080292,0.000160950014098181,TRUE,TRUE,TRUE,0.00788076264965192,"HMP1-2 taxonomy stool"
"k__Bacteria|p__Firmicutes|c__Clostridia|o__Clostridia_unclassified|f__Clostridia_unclassified|g__Candidatus_Pseudobutyricicoccus|s__Candidatus_Pseudobutyricicoccus_lothianensis|t__SGB14975",29,0.0529197080291971,7.11930990631189e-05,FALSE,FALSE,FALSE,NA,"HMP1-2 taxonomy stool"
"k__Bacteria|p__Firmicutes|c__CFGB3048|o__OFGB3048|f__FGB3048|g__GGB9559|s__GGB9559_SGB14969|t__SGB14969",44,0.0802919708029197,0.000103909080245472,FALSE,TRUE,FALSE,NA,"HMP1-2 taxonomy stool"
"k__Bacteria|p__Firmicutes|c__Clostridia|o__Clostridiales|f__Ruminococcaceae|g__Neglecta|s__Neglecta_timonensis|t__SGB14851",146,0.266423357664234,0.000240665749112565,TRUE,TRUE,TRUE,0.0106905769044246,"HMP1-2 taxonomy stool"
"k__Bacteria|p__Firmicutes|c__Clostridia|o__Clostridiales|f__Clostridiaceae|g__Hungatella|s__Hungatella_hathewayi|t__SGB4741",63,0.114963503649635,0.000710161846200737,TRUE,TRUE,TRUE,0.0229822047968616,"HMP1-2 taxonomy stool"
"k__Bacteria|p__Firmicutes|c__Clostridia|o__Clostridiales|f__Oscillospiraceae|g__Oscillibacter|s__Oscillibacter_sp_PC13|t__SGB7258",94,0.171532846715328,1.80297876955355e-05,TRUE,FALSE,FALSE,NA,"HMP1-2 taxonomy stool"
"k__Bacteria|p__Firmicutes|c__Clostridia|o__Clostridiales|f__Ruminococcaceae|g__Pseudoflavonifractor|s__Pseudoflavonifractor_SGB15156|t__SGB15156_group",44,0.0802919708029197,0.000121865888853435,FALSE,TRUE,FALSE,NA,"HMP1-2 taxonomy stool"
"k__Bacteria|p__Firmicutes|c__Clostridia|o__Clostridiales|f__Ruminococcaceae|g__Ruminococcaceae_unclassified|s__Ruminococcaceae_bacterium|t__SGB15275",29,0.0529197080291971,0.00397104343785975,FALSE,TRUE,FALSE,NA,"HMP1-2 taxonomy stool"
"k__Bacteria|p__Bacteroidetes|c__Bacteroidia|o__Marinilabiliales|f__Marinilabiliaceae|g__GGB58233|s__GGB58233_SGB79883|t__SGB79883",123,0.224452554744526,2.69747983573202e-05,TRUE,FALSE,FALSE,NA,"HMP1-2 taxonomy stool"
"k__Bacteria|p__Firmicutes|c__Clostridia|o__Clostridiales|f__Eubacteriaceae|g__Eubacteriaceae_unclassified|s__Eubacteriaceae_bacterium|t__SGB4546",68,0.124087591240876,8.52602976872112e-05,TRUE,FALSE,FALSE,NA,"HMP1-2 taxonomy stool"
"k__Bacteria|p__Firmicutes|c__Clostridia|o__Clostridia_unclassified|f__Clostridia_unclassified|g__Clostridia_unclassified|s__Clostridia_bacterium_UC5_1_1D1|t__SGB14995",128,0.233576642335766,8.50742090898554e-05,TRUE,FALSE,FALSE,NA,"HMP1-2 taxonomy stool"
"k__Bacteria|p__Firmicutes|c__Clostridia|o__Clostridia_unclassified|f__Clostridia_unclassified|g__Clostridia_unclassified|s__Clostridia_unclassified_SGB14844|t__SGB14844",89,0.162408759124088,0.000305432605891155,TRUE,TRUE,TRUE,0.0112221796948816,"HMP1-2 taxonomy stool"
"k__Bacteria|p__Firmicutes|c__Clostridia|o__Clostridiales|f__Oscillospiraceae|g__Oscillospiraceae_unclassified|s__Oscillospiraceae_bacterium_NSJ_64|t__SGB82503",112,0.204379562043796,3.07785738533995e-05,TRUE,FALSE,FALSE,NA,"HMP1-2 taxonomy stool"
"k__Bacteria|p__Firmicutes|c__Clostridia|o__Clostridia_unclassified|f__Clostridia_unclassified|g__Candidatus_Paralachnospira|s__Candidatus_Paralachnospira_caecorum|t__SGB59817",12,0.0218978102189781,1.3333328050836e-05,FALSE,FALSE,FALSE,NA,"HMP1-2 taxonomy stool"
"k__Bacteria|p__Firmicutes|c__Clostridia|o__Clostridiales|f__Ruminococcaceae|g__GGB9642|s__GGB9642_SGB15119|t__SGB15119",37,0.0675182481751825,0.00034405144401821,FALSE,TRUE,FALSE,NA,"HMP1-2 taxonomy stool"
"k__Bacteria|p__Firmicutes|c__Clostridia|o__Clostridiales|f__Ruminococcaceae|g__GGB9646|s__GGB9646_SGB15123|t__SGB15123",99,0.180656934306569,0.000120105052701132,TRUE,TRUE,TRUE,0.00647587873679138,"HMP1-2 taxonomy stool"
"k__Bacteria|p__Actinobacteria|c__Coriobacteriia|o__Eggerthellales|f__Eggerthellaceae|g__GGB45432|s__GGB45432_SGB63101|t__SGB63101",112,0.204379562043796,7.0153573839655e-05,TRUE,FALSE,FALSE,NA,"HMP1-2 taxonomy stool"
"k__Bacteria|p__Firmicutes|c__Clostridia|o__Clostridiales|f__Clostridiales_unclassified|g__Clostridiales_unclassified|s__Clostridiales_bacterium_UBA1390|t__SGB4436",41,0.0748175182481752,9.9243896987574e-05,FALSE,FALSE,FALSE,NA,"HMP1-2 taxonomy stool"
"k__Bacteria|p__Bacteroidetes|c__CFGB496|o__OFGB496|f__FGB496|g__GGB1025|s__GGB1025_SGB1319|t__SGB1319_group",0,0,NA,FALSE,FALSE,FALSE,NA,"HMP1-2 taxonomy stool"
"k__Bacteria|p__Proteobacteria|c__Betaproteobacteria|o__Neisseriales|f__Neisseriaceae|g__GGB6675|s__GGB6675_SGB9425|t__SGB9425",0,0,NA,FALSE,FALSE,FALSE,NA,"HMP1-2 taxonomy stool"
"k__Bacteria|p__Actinobacteria|c__Actinobacteria|o__Actinomycetales|f__Actinomycetaceae|g__Actinomyces|s__Actinomyces_israelii|t__SGB15875",0,0,NA,FALSE,FALSE,FALSE,NA,"HMP1-2 taxonomy stool"
"k__Bacteria|p__Candidatus_Saccharibacteria|c__CFGB4356|o__OFGB4356|f__FGB4356|g__GGB12790|s__GGB12790_SGB19845|t__SGB19845",1,0.00182481751824818,6.69999799000061e-06,FALSE,FALSE,FALSE,NA,"HMP1-2 taxonomy stool"
"k__Bacteria|p__Bacteroidetes|c__Bacteroidia|o__Bacteroidales|f__Prevotellaceae|g__Prevotella|s__Prevotella_oralis|t__SGB1528",0,0,NA,FALSE,FALSE,FALSE,NA,"HMP1-2 taxonomy stool"
"k__Bacteria|p__Synergistetes|c__Synergistia|o__Synergistales|f__Synergistaceae|g__GGB10852|s__GGB10852_SGB17523|t__SGB17523",0,0,NA,FALSE,FALSE,FALSE,NA,"HMP1-2 taxonomy stool"
"k__Bacteria|p__Firmicutes|c__Clostridia|o__Clostridiales|f__Peptostreptococcaceae|g__Filifactor|s__Filifactor_alocis|t__SGB6629",0,0,NA,FALSE,FALSE,FALSE,NA,"HMP1-2 taxonomy stool"
"k__Bacteria|p__Firmicutes|c__Negativicutes|o__Veillonellales|f__Veillonellaceae|g__Colibacter|s__Colibacter_massiliensis|t__SGB5869",0,0,NA,FALSE,FALSE,FALSE,NA,"HMP1-2 taxonomy stool"
"k__Bacteria|p__Actinobacteria|c__Actinobacteria|o__Actinomycetales|f__Actinomycetaceae|g__Actinomyces|s__Actinomyces_sp_oral_taxon_897|t__SGB15876",0,0,NA,FALSE,FALSE,FALSE,NA,"HMP1-2 taxonomy stool"
"k__Bacteria|p__Bacteroidetes|c__Bacteroidia|o__Bacteroidales|f__Prevotellaceae|g__Prevotella|s__Prevotella_buccae|t__SGB1531",1,0.00182481751824818,0.00105900021180004,FALSE,TRUE,FALSE,NA,"HMP1-2 taxonomy stool"
"k__Bacteria|p__Bacteroidetes|c__Bacteroidia|o__Bacteroidales|f__Porphyromonadaceae|g__GGB1472|s__GGB1472_SGB2038|t__SGB2038",1,0.00182481751824818,6.82999590200246e-05,FALSE,FALSE,FALSE,NA,"HMP1-2 taxonomy stool"
"k__Bacteria|p__Firmicutes|c__Clostridia|o__Clostridiales|f__Lachnospiraceae|g__Shuttleworthia|s__Shuttleworthia_satelles|t__SGB7281",0,0,NA,FALSE,FALSE,FALSE,NA,"HMP1-2 taxonomy stool"
"k__Bacteria|p__Actinobacteria|c__Coriobacteriia|o__Eggerthellales|f__Eggerthellaceae|g__Cryptobacterium|s__Cryptobacterium_curtum|t__SGB962",1,0.00182481751824818,2.79999972000003e-06,FALSE,FALSE,FALSE,NA,"HMP1-2 taxonomy stool"
"k__Bacteria|p__Firmicutes|c__Negativicutes|o__Selenomonadales|f__Selenomonadaceae|g__Selenomonas|s__Selenomonas_sp_F0473|t__SGB5877",0,0,NA,FALSE,FALSE,FALSE,NA,"HMP1-2 taxonomy stool"
"k__Bacteria|p__Bacteroidetes|c__CFGB651|o__OFGB651|f__FGB651|g__GGB1611|s__GGB1611_SGB2208|t__SGB2208",1,0.00182481751824818,8.76999824600035e-05,FALSE,FALSE,FALSE,NA,"HMP1-2 taxonomy stool"
"k__Bacteria|p__Actinobacteria|c__Actinobacteria|o__Corynebacteriales|f__Corynebacteriaceae|g__Corynebacterium|s__Corynebacterium_pseudodiphtheriticum|t__SGB17013",0,0,NA,FALSE,FALSE,FALSE,NA,"HMP1-2 taxonomy stool"
"k__Bacteria|p__Firmicutes|c__Tissierellia|o__Tissierellales|f__Peptoniphilaceae|g__Anaerococcus|s__Anaerococcus_octavius|t__SGB6655",0,0,NA,FALSE,FALSE,FALSE,NA,"HMP1-2 taxonomy stool"
"k__Bacteria|p__Firmicutes|c__Bacilli|o__Lactobacillales|f__Lactobacillaceae|g__Limosilactobacillus|s__Lactobacillus_vaginalis|t__SGB7098",0,0,NA,FALSE,FALSE,FALSE,NA,"HMP1-2 taxonomy stool"
"k__Bacteria|p__Firmicutes|c__Tissierellia|o__Tissierellales|f__Peptoniphilaceae|g__Finegoldia|s__Finegoldia_magna|t__SGB6683",3,0.00547445255474453,0.000350033304543338,FALSE,TRUE,FALSE,NA,"HMP1-2 taxonomy stool"
"k__Bacteria|p__Proteobacteria|c__Epsilonproteobacteria|o__Campylobacterales|f__Campylobacteraceae|g__Campylobacter|s__Campylobacter_ureolyticus|t__SGB19431",19,0.0346715328467153,0.000625378865305825,FALSE,TRUE,FALSE,NA,"HMP1-2 taxonomy stool"
"k__Bacteria|p__Firmicutes|c__Negativicutes|o__Veillonellales|f__Veillonellaceae|g__GGB4277|s__GGB4277_SGB5832|t__SGB5832",44,0.0802919708029197,0.000298613688867322,FALSE,TRUE,FALSE,NA,"HMP1-2 taxonomy stool"
"k__Bacteria|p__Bacteroidetes|c__Bacteroidia|o__Bacteroidales|f__Prevotellaceae|g__Prevotella|s__Prevotella_copri_clade_C|t__SGB1644",12,0.0218978102189781,0.041664534892469,FALSE,TRUE,FALSE,NA,"HMP1-2 taxonomy stool"
"k__Bacteria|p__Verrucomicrobia|c__Opitutae|o__Opitutales|f__Opitutales_unclassified|g__Opitutales_unclassified|s__Opitutales_bacterium|t__SGB8772",4,0.0072992700729927,0.00650497750550669,FALSE,TRUE,FALSE,NA,"HMP1-2 taxonomy stool"
"k__Bacteria|p__Proteobacteria|c__Alphaproteobacteria|o__Alphaproteobacteria_unclassified|f__Alphaproteobacteria_unclassified|g__GGB6612|s__GGB6612_SGB9346|t__SGB9346",42,0.0766423357664234,0.0126008141222793,FALSE,TRUE,FALSE,NA,"HMP1-2 taxonomy stool"
"k__Bacteria|p__Firmicutes|c__Clostridia|o__Clostridia_unclassified|f__Clostridia_unclassified|g__Clostridia_unclassified|s__Clostridia_unclassified_SGB6376|t__SGB6376",59,0.107664233576642,0.00191778463973736,TRUE,TRUE,TRUE,0.0259305902314366,"HMP1-2 taxonomy stool"
"k__Bacteria|p__Firmicutes|c__Clostridia|o__Clostridiales|f__Clostridiaceae|g__GGB4491|s__GGB4491_SGB6188|t__SGB6188",18,0.0328467153284672,0.000547122333493384,FALSE,TRUE,FALSE,NA,"HMP1-2 taxonomy stool"
"k__Bacteria|p__Planctomycetes|c__Planctomycetia|o__Pirellulales|f__Pirellulaceae|g__GGB6601|s__GGB6601_SGB9333|t__SGB9333",23,0.041970802919708,0.0518830073269663,FALSE,TRUE,FALSE,NA,"HMP1-2 taxonomy stool"
"k__Bacteria|p__Firmicutes|c__Clostridia|o__Clostridia_unclassified|f__Clostridia_unclassified|g__GGB4546|s__GGB4546_SGB6267|t__SGB6267",9,0.0164233576642336,0.000527588897218986,FALSE,TRUE,FALSE,NA,"HMP1-2 taxonomy stool"
"k__Bacteria|p__Bacteroidetes|c__Bacteroidia|o__Bacteroidales|f__Tannerellaceae|g__Parabacteroides|s__Parabacteroides_faecis|t__SGB1940",16,0.0291970802919708,0.00161825635241255,FALSE,TRUE,FALSE,NA,"HMP1-2 taxonomy stool"
"k__Bacteria|p__Bacteroidetes|c__Bacteroidia|o__Bacteroidales|f__Bacteroidaceae|g__Bacteroides|s__Bacteroides_clarus|t__SGB1832",48,0.0875912408759124,0.00664914430610888,FALSE,TRUE,FALSE,NA,"HMP1-2 taxonomy stool"
"k__Bacteria|p__Firmicutes|c__Clostridia|o__Clostridiales|f__Ruminococcaceae|g__Ruminococcaceae_unclassified|s__Ruminococcaceae_bacterium|t__SGB4419",17,0.031021897810219,0.000787041161169491,FALSE,TRUE,FALSE,NA,"HMP1-2 taxonomy stool"
"k__Bacteria|p__Proteobacteria|c__Betaproteobacteria|o__Burkholderiales|f__Sutterellaceae|g__Mesosutterella|s__Mesosutterella_multiformis|t__SGB9272_group",46,0.083941605839416,0.00291389132547352,FALSE,TRUE,FALSE,NA,"HMP1-2 taxonomy stool"
"k__Bacteria|p__Firmicutes|c__Clostridia|o__Clostridia_unclassified|f__Clostridia_unclassified|g__Clostridia_unclassified|s__Clostridia_bacterium|t__SGB4133",43,0.0784671532846715,0.000472858139267731,FALSE,TRUE,FALSE,NA,"HMP1-2 taxonomy stool"
"k__Bacteria|p__Lentisphaerae|c__Lentisphaeria|o__Lentisphaeria_unclassified|f__Lentisphaeria_unclassified|g__Lentisphaeria_unclassified|s__Lentisphaeria_unclassified_SGB9206|t__SGB9206",3,0.00547445255474453,0.000339233481300079,FALSE,TRUE,FALSE,NA,"HMP1-2 taxonomy stool"
"k__Bacteria|p__Firmicutes|c__Clostridia|o__Clostridiales|f__Ruminococcaceae|g__GGB9633|s__GGB9633_SGB15090|t__SGB15090",93,0.16970802919708,0.00419540078855741,TRUE,TRUE,TRUE,0.0465346993140241,"HMP1-2 taxonomy stool"
"k__Bacteria|p__Firmicutes|c__Erysipelotrichia|o__Erysipelotrichales|f__Erysipelotrichaceae|g__Faecalitalea|s__Faecalitalea_cylindroides|t__SGB6790",19,0.0346715328467153,0.000432600036420068,FALSE,TRUE,FALSE,NA,"HMP1-2 taxonomy stool"
"k__Bacteria|p__Firmicutes|c__Clostridia|o__Clostridiales|f__Clostridiaceae|g__Clostridium|s__Clostridium_sp_AF20_17LB|t__SGB4714",221,0.403284671532847,0.000567222661015684,TRUE,TRUE,TRUE,0.016250457200968,"HMP1-2 taxonomy stool"
"k__Bacteria|p__Firmicutes|c__Clostridia|o__Clostridia_unclassified|f__Clostridia_unclassified|g__Clostridia_unclassified|s__Clostridia_bacterium|t__SGB3574",289,0.527372262773723,0.000577635953320296,TRUE,TRUE,TRUE,0.0143759406551225,"HMP1-2 taxonomy stool"
"k__Bacteria|p__Firmicutes|c__Clostridia|o__Clostridiales|f__Clostridiales_unclassified|g__Evtepia|s__Evtepia_gabavorous|t__SGB15120",299,0.545620437956204,0.000443890964318582,TRUE,TRUE,TRUE,0.0124406558425514,"HMP1-2 taxonomy stool"
"k__Bacteria|p__Verrucomicrobia|c__Verrucomicrobiae|o__Verrucomicrobiales|f__Akkermansiaceae|g__Akkermansia|s__Akkermansia_muciniphila|t__SGB9228",98,0.178832116788321,0.0105319452820682,TRUE,TRUE,TRUE,0.0769494118539865,"HMP1-2 taxonomy stool"
"k__Bacteria|p__Firmicutes|c__Clostridia|o__Clostridiales|f__Clostridiaceae|g__Clostridium|s__Clostridium_sp_AT4|t__SGB4753",175,0.319343065693431,0.000994837683941027,TRUE,TRUE,TRUE,0.0258443721430029,"HMP1-2 taxonomy stool"
"k__Bacteria|p__Firmicutes|c__Clostridia|o__Clostridiales|f__Clostridiales_unclassified|g__Clostridiales_unclassified|s__Clostridiales_bacterium|t__SGB15158",248,0.452554744525547,0.000917779846041679,TRUE,TRUE,TRUE,0.0189958500800435,"HMP1-2 taxonomy stool"
"k__Bacteria|p__Firmicutes|c__Erysipelotrichia|o__Erysipelotrichales|f__Erysipelotrichaceae|g__Amedibacillus|s__Amedibacillus_dolichus|t__SGB4035",73,0.133211678832117,0.000531023261076478,TRUE,TRUE,TRUE,0.017582127530882,"HMP1-2 taxonomy stool"
"k__Bacteria|p__Firmicutes|c__Clostridia|o__Clostridiales|f__Lachnospiraceae|g__Lachnospiraceae_unclassified|s__Lachnospiraceae_bacterium|t__SGB4750",205,0.374087591240876,0.000282854152160177,TRUE,TRUE,TRUE,0.0115792141969175,"HMP1-2 taxonomy stool"
"k__Bacteria|p__Proteobacteria|c__Betaproteobacteria|o__Burkholderiales|f__Sutterellaceae|g__Turicimonas|s__Turicimonas_muris|t__SGB9258_group",12,0.0218978102189781,0.000604824950303367,FALSE,TRUE,FALSE,NA,"HMP1-2 taxonomy stool"
"k__Bacteria|p__Firmicutes|c__CFGB1217|o__OFGB1217|f__FGB1217|g__GGB2982|s__GGB2982_SGB3964|t__SGB3964",203,0.37043795620438,0.000172811827207024,TRUE,TRUE,TRUE,0.0070777252309454,"HMP1-2 taxonomy stool"
"k__Bacteria|p__Firmicutes|c__Clostridia|o__Clostridiales|f__Ruminococcaceae|g__Ruminococcaceae_unclassified|s__Ruminococcaceae_bacterium|t__SGB53821",80,0.145985401459854,0.000293386250594281,TRUE,TRUE,TRUE,0.00883508604536188,"HMP1-2 taxonomy stool"
"k__Bacteria|p__Firmicutes|c__Clostridia|o__Clostridiales|f__Ruminococcaceae|g__GGB9608|s__GGB9608_SGB15041|t__SGB15041",27,0.0492700729927007,0.000112718541014118,FALSE,TRUE,FALSE,NA,"HMP1-2 taxonomy stool"
"k__Bacteria|p__Proteobacteria|c__Deltaproteobacteria|o__Desulfovibrionales|f__Desulfovibrionaceae|g__Desulfovibrio|s__Desulfovibrio_fairfieldensis|t__SGB15470",30,0.0547445255474453,0.000614356685890392,FALSE,TRUE,FALSE,NA,"HMP1-2 taxonomy stool"
"k__Bacteria|p__Firmicutes|c__Clostridia|o__Clostridiales|f__Lachnospiraceae|g__Enterocloster|s__Enterocloster_bolteae|t__SGB4758_group",191,0.348540145985401,0.000227701038258767,TRUE,TRUE,TRUE,0.0102414785135164,"HMP1-2 taxonomy stool"
"k__Bacteria|p__Firmicutes|c__Clostridia|o__Clostridiales|f__Lachnospiraceae|g__Blautia|s__Blautia_caecimuris|t__SGB4862",157,0.286496350364964,0.000481972590670033,TRUE,TRUE,TRUE,0.0148400892239542,"HMP1-2 taxonomy stool"
"k__Bacteria|p__Firmicutes|c__Clostridia|o__Clostridiales|f__Lachnospiraceae|g__Enterocloster|s__Enterocloster_citroniae|t__SGB4761",123,0.224452554744526,6.05691052039109e-05,TRUE,FALSE,FALSE,NA,"HMP1-2 taxonomy stool"
"k__Bacteria|p__Firmicutes|c__Clostridia|o__Clostridia_unclassified|f__Clostridia_unclassified|g__Candidatus_Neochristensenella|s__Candidatus_Neochristensenella_gallicola|t__SGB14138",35,0.0638686131386861,0.000469234341102043,FALSE,TRUE,FALSE,NA,"HMP1-2 taxonomy stool"
"k__Bacteria|p__Firmicutes|c__Clostridia|o__Clostridiales|f__Lachnospiraceae|g__Lachnospiraceae_unclassified|s__Lachnospiraceae_bacterium|t__SGB4746",92,0.167883211678832,0.000418878218401236,TRUE,TRUE,TRUE,0.0139564848912442,"HMP1-2 taxonomy stool"
"k__Bacteria|p__Firmicutes|c__CFGB1425|o__OFGB1425|f__FGB1425|g__GGB3491|s__GGB3491_SGB4665|t__SGB4665",20,0.0364963503649635,7.98050018280093e-05,FALSE,FALSE,FALSE,NA,"HMP1-2 taxonomy stool"
"k__Bacteria|p__Verrucomicrobia|c__CFGB2165|o__OFGB2165|f__FGB2165|g__GGB6133|s__GGB6133_SGB8780|t__SGB8780",5,0.00912408759124088,0.000156920091804055,FALSE,TRUE,FALSE,NA,"HMP1-2 taxonomy stool"
"k__Bacteria|p__Firmicutes|c__Clostridia|o__Clostridiales|f__Lachnospiraceae|g__Coprococcus|s__Coprococcus_sp_AF21_14LB|t__SGB25437",29,0.0529197080291971,0.000100341372594149,FALSE,TRUE,FALSE,NA,"HMP1-2 taxonomy stool"
"k__Bacteria|p__Firmicutes|c__Clostridia|o__Clostridiales|f__Clostridiaceae|g__Clostridiaceae_unclassified|s__Clostridiaceae_bacterium_NSJ_33|t__SGB25547",115,0.20985401459854,0.000112664349167235,TRUE,TRUE,TRUE,0.0070391876733279,"HMP1-2 taxonomy stool"
"k__Bacteria|p__Firmicutes|c__Clostridia|o__Clostridiales|f__Christensenellaceae|g__Christensenella|s__Christensenella_massiliensis|t__SGB29339",76,0.138686131386861,8.70144723504131e-05,TRUE,FALSE,FALSE,NA,"HMP1-2 taxonomy stool"
"k__Bacteria|p__Bacteroidetes|c__Bacteroidia|o__Bacteroidales|f__Bacteroidaceae|g__Bacteroides|s__Bacteroides_faecis|t__SGB1860",123,0.224452554744526,0.0215224932922398,TRUE,TRUE,TRUE,0.103249597286158,"HMP1-2 taxonomy stool"
"k__Bacteria|p__Bacteroidetes|c__Bacteroidia|o__Bacteroidales|f__Tannerellaceae|g__Parabacteroides|s__Parabacteroides_distasonis|t__SGB27780",4,0.0072992700729927,1.86249988500045e-05,FALSE,FALSE,FALSE,NA,"HMP1-2 taxonomy stool"
"k__Bacteria|p__Firmicutes|c__Clostridia|o__Clostridiales|f__Clostridiaceae|g__Clostridium|s__Clostridium_neonatale|t__SGB6169",5,0.00912408759124088,3.14199995300013e-05,FALSE,FALSE,FALSE,NA,"HMP1-2 taxonomy stool"
"k__Bacteria|p__Bacteroidetes|c__Bacteroidia|o__Bacteroidales|f__Odoribacteraceae|g__Odoribacter|s__Odoribacter_sp_AF15_53|t__SGB1781",8,0.0145985401459854,0.00179263748656766,FALSE,TRUE,FALSE,NA,"HMP1-2 taxonomy stool"
"k__Bacteria|p__Firmicutes|c__Clostridia|o__Clostridiales|f__Lachnospiraceae|g__Enterocloster|s__Enterocloster_aldensis|t__SGB4762",66,0.12043795620438,0.000117171217827588,TRUE,TRUE,TRUE,0.00630832343293706,"HMP1-2 taxonomy stool"
"k__Bacteria|p__Firmicutes|c__Clostridia|o__Clostridiales|f__Lachnospiraceae|g__GGB3537|s__GGB3537_SGB4727|t__SGB4727",93,0.16970802919708,9.35838756492594e-05,TRUE,FALSE,FALSE,NA,"HMP1-2 taxonomy stool"
"k__Bacteria|p__Firmicutes|c__Clostridia|o__Clostridia_unclassified|f__Clostridia_unclassified|g__Clostridia_unclassified|s__Clostridia_bacterium|t__SGB14252",113,0.206204379562044,0.00018965131523375,TRUE,TRUE,TRUE,0.00804629111537701,"HMP1-2 taxonomy stool"
"k__Bacteria|p__Firmicutes|c__Clostridia|o__Clostridiales|f__Clostridiales_unclassified|g__Clostridiales_unclassified|s__Clostridiales_bacterium_Choco116|t__SGB15149",86,0.156934306569343,0.000854154702329608,TRUE,TRUE,TRUE,0.0206340415210207,"HMP1-2 taxonomy stool"
"k__Bacteria|p__Firmicutes|c__Clostridia|o__Clostridiales|f__Ruminococcaceae|g__GGB9615|s__GGB9615_SGB15052|t__SGB15052",44,0.0802919708029197,0.000201145476367529,FALSE,TRUE,FALSE,NA,"HMP1-2 taxonomy stool"
"k__Bacteria|p__Firmicutes|c__Clostridia|o__Clostridiales|f__Clostridiales_Family_XIII_Incertae_Sedis|g__Emergencia|s__Emergencia_sp_1XD21_50|t__SGB82512",19,0.0346715328467153,6.07579304026691e-05,FALSE,FALSE,FALSE,NA,"HMP1-2 taxonomy stool"
"k__Bacteria|p__Firmicutes|c__Clostridia|o__Clostridiales|f__Ruminococcaceae|g__Ruminococcaceae_unclassified|s__Ruminococcaceae_bacterium_Marseille_P2935|t__SGB29346",16,0.0291970802919708,1.18312497887518e-05,FALSE,FALSE,FALSE,NA,"HMP1-2 taxonomy stool"
"k__Bacteria|p__Bacteroidetes|c__Bacteroidia|o__Bacteroidales|f__Odoribacteraceae|g__Butyricimonas|s__Butyricimonas_sp_Marseille_P3923|t__SGB1778",9,0.0164233576642336,0.000819711198034645,FALSE,TRUE,FALSE,NA,"HMP1-2 taxonomy stool"
"k__Bacteria|p__Bacteroidetes|c__Bacteroidia|o__Bacteroidales|f__Prevotellaceae|g__Prevotella|s__Prevotella_copri_clade_D|t__SGB1636_group",1,0.00182481751824818,4.20000084000017e-06,FALSE,FALSE,FALSE,NA,"HMP1-2 taxonomy stool"
"k__Bacteria|p__Firmicutes|c__Clostridia|o__Clostridiales|f__Clostridiaceae|g__Clostridium|s__Clostridium_sp_SN20|t__SGB29328",116,0.211678832116788,7.00818994622478e-05,TRUE,FALSE,FALSE,NA,"HMP1-2 taxonomy stool"
"k__Bacteria|p__Firmicutes|c__Clostridia|o__Clostridiales|f__Lachnospiraceae|g__Lacrimispora|s__Lacrimispora_saccharolytica|t__SGB4701",61,0.111313868613139,0.000104472124205586,TRUE,TRUE,TRUE,0.00692019627626128,"HMP1-2 taxonomy stool"
"k__Bacteria|p__Firmicutes|c__Clostridia|o__Clostridiales|f__Eubacteriaceae|g__Anaerofustis|s__Anaerofustis_stercorihominis|t__SGB49059",40,0.072992700729927,3.05474941312543e-05,FALSE,FALSE,FALSE,NA,"HMP1-2 taxonomy stool"
"k__Bacteria|p__Firmicutes|c__Clostridia|o__Clostridiales|f__Ruminococcaceae|g__Ruminococcaceae_unclassified|s__Ruminococcaceae_bacterium|t__SGB4173",7,0.0127737226277372,0.00429681285519925,FALSE,TRUE,FALSE,NA,"HMP1-2 taxonomy stool"
"k__Bacteria|p__Firmicutes|c__Clostridia|o__Clostridiales|f__Ruminococcaceae|g__Ruminococcaceae_unclassified|s__Ruminococcaceae_bacterium|t__SGB43319",13,0.0237226277372263,6.05000023492526e-05,FALSE,FALSE,FALSE,NA,"HMP1-2 taxonomy stool"
"k__Bacteria|p__Firmicutes|c__Clostridia|o__Clostridiales|f__Lachnospiraceae|g__Faecalicatena|s__Faecalicatena_contorta|t__SGB4613",95,0.173357664233577,5.43305257544277e-05,TRUE,FALSE,FALSE,NA,"HMP1-2 taxonomy stool"
"k__Bacteria|p__Firmicutes|c__Clostridia|o__Clostridiales|f__Lachnospiraceae|g__Enterocloster|s__Enterocloster_clostridioformis|t__SGB4760",65,0.118613138686131,0.000271224590812629,TRUE,TRUE,TRUE,0.0123589992523401,"HMP1-2 taxonomy stool"
"k__Bacteria|p__Firmicutes|c__Clostridia|o__Clostridiales|f__Lachnospiraceae|g__Lachnospiraceae_unclassified|s__Lachnospiraceae_bacterium_NSJ_29|t__SGB25431",101,0.184306569343066,7.04950472725839e-05,TRUE,FALSE,FALSE,NA,"HMP1-2 taxonomy stool"
"k__Bacteria|p__Firmicutes|c__Clostridia|o__Clostridia_unclassified|f__Clostridia_unclassified|g__Clostridia_unclassified|s__Clostridia_bacterium|t__SGB14942",7,0.0127737226277372,0.000540699980874312,FALSE,TRUE,FALSE,NA,"HMP1-2 taxonomy stool"
"k__Bacteria|p__Firmicutes|c__Negativicutes|o__Acidaminococcales|f__Acidaminococcaceae|g__Acidaminococcaceae_unclassified|s__Acidaminococcaceae_bacterium|t__SGB5790",18,0.0328467153284672,8.60222448861218e-05,FALSE,FALSE,FALSE,NA,"HMP1-2 taxonomy stool"
"k__Bacteria|p__Bacteroidetes|c__Bacteroidia|o__Bacteroidales|f__Bacteroidales_unclassified|g__Phocaeicola|s__Phocaeicola_plebeius|t__SGB1903_group",86,0.156934306569343,0.0748635532913329,TRUE,TRUE,TRUE,0.237835040177309,"HMP1-2 taxonomy stool"
"k__Bacteria|p__Firmicutes|c__Clostridia|o__Clostridiales|f__Ruminococcaceae|g__GGB9635|s__GGB9635_SGB15106|t__SGB15106",127,0.231751824817518,0.0140015441001513,TRUE,TRUE,TRUE,0.0788084085654138,"HMP1-2 taxonomy stool"
"k__Bacteria|p__Bacteroidetes|c__Bacteroidia|o__Bacteroidales|f__Barnesiellaceae|g__Barnesiella|s__Barnesiella_intestinihominis|t__SGB1965",222,0.405109489051095,0.0211698714173137,TRUE,TRUE,TRUE,0.0753928975017433,"HMP1-2 taxonomy stool"
"k__Bacteria|p__Firmicutes|c__Clostridia|o__Clostridiales|f__Lachnospiraceae|g__Lachnospiraceae_unclassified|s__Lachnospiraceae_bacterium|t__SGB5054",36,0.0656934306569343,0.000929355564079208,FALSE,TRUE,FALSE,NA,"HMP1-2 taxonomy stool"
"k__Bacteria|p__Firmicutes|c__Clostridia|o__Clostridiales|f__Ruminococcaceae|g__GGB9597|s__GGB9597_SGB15022|t__SGB15022",26,0.0474452554744526,0.000736850080584814,FALSE,TRUE,FALSE,NA,"HMP1-2 taxonomy stool"
"k__Bacteria|p__Firmicutes|c__Clostridia|o__Clostridia_unclassified|f__Clostridia_unclassified|g__Clostridia_unclassified|s__Clostridia_bacterium|t__SGB5291",16,0.0291970802919708,0.00050938761829143,FALSE,TRUE,FALSE,NA,"HMP1-2 taxonomy stool"
"k__Bacteria|p__Firmicutes|c__Negativicutes|o__Veillonellales|f__Veillonellaceae|g__Megasphaera|s__Megasphaera_hominis|t__SGB5851",7,0.0127737226277372,0.000421871685614543,FALSE,TRUE,FALSE,NA,"HMP1-2 taxonomy stool"
"k__Bacteria|p__Firmicutes|c__Clostridia|o__Clostridia_unclassified|f__Clostridia_unclassified|g__Candidatus_Avispirillum|s__Candidatus_Avispirillum_faecium|t__SGB14194",39,0.0711678832116788,0.000115917988486967,FALSE,TRUE,FALSE,NA,"HMP1-2 taxonomy stool"
"k__Bacteria|p__Firmicutes|c__Clostridia|o__Clostridiales|f__Ruminococcaceae|g__GGB9631|s__GGB9631_SGB15085|t__SGB15085",23,0.041970802919708,0.000674995831432763,FALSE,TRUE,FALSE,NA,"HMP1-2 taxonomy stool"
"k__Bacteria|p__Proteobacteria|c__Betaproteobacteria|o__Burkholderiales|f__Oxalobacteraceae|g__Oxalobacter|s__Oxalobacter_formigenes|t__SGB9387",53,0.0967153284671533,0.000419784934169157,FALSE,TRUE,FALSE,NA,"HMP1-2 taxonomy stool"
"k__Bacteria|p__Firmicutes|c__Clostridia|o__Clostridiales|f__Clostridiaceae|g__GGB4482|s__GGB4482_SGB6177|t__SGB6177",7,0.0127737226277372,9.33857729243431e-05,FALSE,FALSE,FALSE,NA,"HMP1-2 taxonomy stool"
"k__Bacteria|p__Firmicutes|c__Clostridia|o__Clostridia_unclassified|f__Clostridia_unclassified|g__Clostridia_unclassified|s__Clostridia_bacterium|t__SGB17347",38,0.0693430656934307,0.000243323677431084,FALSE,TRUE,FALSE,NA,"HMP1-2 taxonomy stool"
"k__Bacteria|p__Firmicutes|c__Clostridia|o__Clostridia_unclassified|f__Clostridia_unclassified|g__Clostridia_unclassified|s__Clostridia_bacterium|t__SGB955",24,0.0437956204379562,0.000986454021920113,FALSE,TRUE,FALSE,NA,"HMP1-2 taxonomy stool"
"k__Bacteria|p__Actinobacteria|c__Coriobacteriia|o__Coriobacteriales|f__Coriobacteriaceae|g__Collinsella|s__Collinsella_intestinalis|t__SGB14741",43,0.0784671532846715,0.00108700226801563,FALSE,TRUE,FALSE,NA,"HMP1-2 taxonomy stool"
"k__Bacteria|p__Firmicutes|c__Clostridia|o__Clostridia_unclassified|f__Clostridia_unclassified|g__Candidatus_Avimonas|s__Candidatus_Avimonas_narfia|t__SGB14941",220,0.401459854014599,0.00023210456021917,TRUE,TRUE,TRUE,0.00920626959484287,"HMP1-2 taxonomy stool"
"k__Bacteria|p__Firmicutes|c__Erysipelotrichia|o__Erysipelotrichales|f__Erysipelotrichaceae|g__Faecalibacillus|s__Faecalibacillus_faecis|t__SGB6750",110,0.200729927007299,0.000681427333892825,TRUE,TRUE,TRUE,0.0156505294942535,"HMP1-2 taxonomy stool"
"k__Bacteria|p__Firmicutes|c__Erysipelotrichia|o__Erysipelotrichales|f__Erysipelotrichaceae|g__Traorella|s__Traorella_massiliensis|t__SGB28999",8,0.0145985401459854,7.14250244387769e-05,FALSE,FALSE,FALSE,NA,"HMP1-2 taxonomy stool"
"k__Bacteria|p__Firmicutes|c__Clostridia|o__Clostridiales|f__Ruminococcaceae|g__Ruminococcaceae_unclassified|s__Ruminococcaceae_unclassified_SGB4425|t__SGB4425_group",77,0.140510948905109,0.000702099978914968,TRUE,TRUE,TRUE,0.0146969471616293,"HMP1-2 taxonomy stool"
"k__Bacteria|p__Firmicutes|c__Clostridia|o__Clostridiales|f__Lachnospiraceae|g__Lachnospiraceae_unclassified|s__Lachnospiraceae_bacterium|t__SGB4648",102,0.186131386861314,0.0014431628277175,TRUE,TRUE,TRUE,0.0206748471840579,"HMP1-2 taxonomy stool"
"k__Bacteria|p__Firmicutes|c__Clostridia|o__Clostridiales|f__Clostridiaceae|g__Clostridium|s__Clostridium_sp_AM22_11AC|t__SGB4749",338,0.616788321167883,0.000594160357858715,TRUE,TRUE,TRUE,0.0155289556321205,"HMP1-2 taxonomy stool"
"k__Bacteria|p__Firmicutes|c__Clostridia|o__Clostridiales|f__Lachnospiraceae|g__Blautia|s__Blautia_sp_MSK_20_85|t__SGB4828_group",83,0.151459854014599,0.000490648199655487,TRUE,TRUE,TRUE,0.0140671272474057,"HMP1-2 taxonomy stool"
"k__Bacteria|p__Firmicutes|c__Clostridia|o__Clostridiales|f__Ruminococcaceae|g__Ruminococcaceae_unclassified|s__Ruminococcaceae_bacterium|t__SGB14869",59,0.107664233576642,0.000176457624603238,TRUE,TRUE,TRUE,0.00918829994186996,"HMP1-2 taxonomy stool"
"k__Bacteria|p__Firmicutes|c__Clostridia|o__Clostridia_unclassified|f__Clostridia_unclassified|g__Clostridia_unclassified|s__Clostridia_bacterium|t__SGB3990",2,0.00364963503649635,0.000327750207945135,FALSE,TRUE,FALSE,NA,"HMP1-2 taxonomy stool"
"k__Bacteria|p__Proteobacteria|c__Deltaproteobacteria|o__Desulfovibrionales|f__Desulfovibrionaceae|g__Desulfovibrio|s__Desulfovibrio_sp_PG_178_WT_4|t__SGB15471",5,0.00912408759124088,0.000648520075774178,FALSE,TRUE,FALSE,NA,"HMP1-2 taxonomy stool"
"k__Bacteria|p__Firmicutes|c__Clostridia|o__Clostridiales|f__Peptostreptococcaceae|g__Romboutsia|s__Romboutsia_timonensis|t__SGB6148",147,0.268248175182482,0.000182547545003011,TRUE,TRUE,TRUE,0.0101402521004338,"HMP1-2 taxonomy stool"
"k__Bacteria|p__Firmicutes|c__Clostridia|o__Clostridia_unclassified|f__Clostridia_unclassified|g__GGB9350|s__GGB9350_SGB14317|t__SGB14317",27,0.0492700729927007,0.00157019681207937,FALSE,TRUE,FALSE,NA,"HMP1-2 taxonomy stool"
"k__Bacteria|p__Firmicutes|c__Clostridia|o__Clostridiales|f__Lachnospiraceae|g__Lachnospiraceae_unclassified|s__Lachnospiraceae_bacterium|t__SGB48424",89,0.162408759124088,0.000178675298391611,TRUE,TRUE,TRUE,0.00788259333870323,"HMP1-2 taxonomy stool"
"k__Bacteria|p__Firmicutes|c__Clostridia|o__Clostridiales|f__Lachnospiraceae|g__Lachnospiraceae_unclassified|s__Lachnospiraceae_bacterium|t__SGB4803",22,0.0401459854014599,0.000249427270601389,FALSE,TRUE,FALSE,NA,"HMP1-2 taxonomy stool"
"k__Bacteria|p__Firmicutes|c__Clostridia|o__Clostridia_unclassified|f__Clostridia_unclassified|g__Candidatus_Allobutyricicoccus|s__Candidatus_Allobutyricicoccus_pentlandensis|t__SGB14180",42,0.0766423357664234,0.000154814287707872,FALSE,TRUE,FALSE,NA,"HMP1-2 taxonomy stool"
"k__Bacteria|p__Firmicutes|c__Erysipelotrichia|o__Erysipelotrichales|f__Erysipelotrichaceae|g__Massilimicrobiota|s__Massilimicrobiota_sp_An134|t__SGB6768",85,0.155109489051095,0.000288992899914401,TRUE,TRUE,TRUE,0.0125724982663447,"HMP1-2 taxonomy stool"
"k__Bacteria|p__Proteobacteria|c__CFGB2397|o__OFGB2397|f__FGB2397|g__GGB6561|s__GGB6561_SGB9269|t__SGB9269",23,0.041970802919708,0.00254910869095617,FALSE,TRUE,FALSE,NA,"HMP1-2 taxonomy stool"
"k__Bacteria|p__Proteobacteria|c__Alphaproteobacteria|o__Alphaproteobacteria_unclassified|f__Alphaproteobacteria_unclassified|g__GGB6606|s__GGB6606_SGB9340|t__SGB9340",32,0.0583941605839416,0.0165937409946689,FALSE,TRUE,FALSE,NA,"HMP1-2 taxonomy stool"
"k__Bacteria|p__Firmicutes|c__Clostridia|o__Clostridiales|f__Lachnospiraceae|g__Mediterraneibacter|s__Ruminococcus_gnavus|t__SGB4584",287,0.523722627737226,0.0015189213305504,TRUE,TRUE,TRUE,0.02883824544956,"HMP1-2 taxonomy stool"
"k__Bacteria|p__Firmicutes|c__Bacilli|o__Lactobacillales|f__Streptococcaceae|g__Lactococcus|s__Lactococcus_lactis|t__SGB7985",70,0.127737226277372,0.000159662852505175,TRUE,TRUE,TRUE,0.0087094310581684,"HMP1-2 taxonomy stool"
"k__Bacteria|p__Firmicutes|c__Clostridia|o__Clostridiales|f__Ruminococcaceae|g__GGB3343|s__GGB3343_SGB4423|t__SGB4423",11,0.0200729927007299,0.000504990928626389,FALSE,TRUE,FALSE,NA,"HMP1-2 taxonomy stool"
"k__Bacteria|p__Firmicutes|c__Clostridia|o__Clostridiales|f__Clostridiales_unclassified|g__Clostridiales_unclassified|s__Clostridiales_bacterium_BX7|t__SGB72833",37,0.0675182481751825,3.04513579510892e-05,FALSE,FALSE,FALSE,NA,"HMP1-2 taxonomy stool"
"k__Bacteria|p__Firmicutes|c__Clostridia|o__Clostridia_unclassified|f__Clostridia_unclassified|g__GGB2980|s__GGB2980_SGB3962|t__SGB3962",123,0.224452554744526,0.000104286987609047,TRUE,TRUE,TRUE,0.00542965422605835,"HMP1-2 taxonomy stool"
"k__Bacteria|p__Firmicutes|c__CFGB1434|o__OFGB1434|f__FGB1434|g__GGB3510|s__GGB3510_SGB4687|t__SGB4687",117,0.213503649635036,0.000168621348741901,TRUE,TRUE,TRUE,0.00912271911209734,"HMP1-2 taxonomy stool"
"k__Bacteria|p__Firmicutes|c__Clostridia|o__Clostridiales|f__Oscillospiraceae|g__Oscillibacter|s__Oscillibacter_sp_NSJ_62|t__SGB79833",44,0.0802919708029197,2.61590982806889e-05,FALSE,FALSE,FALSE,NA,"HMP1-2 taxonomy stool"
"k__Bacteria|p__Firmicutes|c__Clostridia|o__Clostridia_unclassified|f__Clostridia_unclassified|g__Clostridia_unclassified|s__Clostridia_bacterium|t__SGB3993",27,0.0492700729927007,0.000316570398115967,FALSE,TRUE,FALSE,NA,"HMP1-2 taxonomy stool"
"k__Bacteria|p__Firmicutes|c__Clostridia|o__Clostridia_unclassified|f__Clostridia_unclassified|g__Clostridia_unclassified|s__Clostridia_bacterium|t__SGB15403",44,0.0802919708029197,0.000285700037274384,FALSE,TRUE,FALSE,NA,"HMP1-2 taxonomy stool"
"k__Bacteria|p__Firmicutes|c__Erysipelotrichia|o__Erysipelotrichales|f__Erysipelotrichaceae|g__Holdemania|s__Holdemania_sp_Marseille_P2844|t__SGB4045",93,0.16970802919708,0.000274525814380031,TRUE,TRUE,TRUE,0.010225777924493,"HMP1-2 taxonomy stool"
"k__Bacteria|p__Firmicutes|c__Clostridia|o__Clostridia_unclassified|f__Clostridia_unclassified|g__Clostridia_unclassified|s__Clostridia_bacterium|t__SGB14863",11,0.0200729927007299,0.000134409099620016,FALSE,TRUE,FALSE,NA,"HMP1-2 taxonomy stool"
"k__Bacteria|p__Firmicutes|c__Clostridia|o__Clostridiales|f__Lachnospiraceae|g__Blautia|s__Blautia_hydrogenotrophica|t__SGB4677",95,0.173357664233577,0.000137800002529602,TRUE,TRUE,TRUE,0.00717836913971262,"HMP1-2 taxonomy stool"
"k__Bacteria|p__Actinobacteria|c__Coriobacteriia|o__Eggerthellales|f__Eggerthellaceae|g__Gordonibacter|s__Gordonibacter_pamelaeae|t__SGB14807",118,0.215328467153285,0.000115046631876131,TRUE,TRUE,TRUE,0.00619605597333901,"HMP1-2 taxonomy stool"
"k__Bacteria|p__Firmicutes|c__Clostridia|o__Clostridiales|f__Lachnospiraceae|g__Dorea|s__Dorea_sp_AF24_7LB|t__SGB4571",89,0.162408759124088,8.92539347349621e-05,TRUE,FALSE,FALSE,NA,"HMP1-2 taxonomy stool"
"k__Bacteria|p__Firmicutes|c__Clostridia|o__Clostridia_unclassified|f__Clostridia_unclassified|g__Clostridia_unclassified|s__Clostridia_bacterium|t__SGB3578",31,0.0565693430656934,0.00045592593213912,FALSE,TRUE,FALSE,NA,"HMP1-2 taxonomy stool"
"k__Bacteria|p__Firmicutes|c__Bacilli|o__Lactobacillales|f__Enterococcaceae|g__GGB33516|s__GGB33516_SGB54347|t__SGB54347",68,0.124087591240876,8.28235346928048e-05,TRUE,FALSE,FALSE,NA,"HMP1-2 taxonomy stool"
"k__Bacteria|p__Firmicutes|c__Clostridia|o__Clostridiales|f__Lachnospiraceae|g__Merdimonas|s__Merdimonas_faecis|t__SGB4626",41,0.0748175182481752,0.00111337806618108,FALSE,TRUE,FALSE,NA,"HMP1-2 taxonomy stool"
"k__Bacteria|p__Firmicutes|c__Clostridia|o__Clostridiales|f__Ruminococcaceae|g__GGB9644|s__GGB9644_SGB15121|t__SGB15121",85,0.155109489051095,0.000292571750194275,TRUE,TRUE,TRUE,0.00912529699744585,"HMP1-2 taxonomy stool"
"k__Bacteria|p__Bacteroidetes|c__Bacteroidia|o__Bacteroidales|f__Prevotellaceae|g__GGB1215|s__GGB1215_SGB1581|t__SGB1581",42,0.0766423357664234,0.000175228599133868,FALSE,TRUE,FALSE,NA,"HMP1-2 taxonomy stool"
"k__Bacteria|p__Firmicutes|c__Clostridia|o__Clostridia_unclassified|f__Clostridia_unclassified|g__Candidatus_Metaruminococcus|s__Candidatus_Metaruminococcus_caecorum|t__SGB63353",55,0.10036496350365,5.60745525949159e-05,TRUE,FALSE,FALSE,NA,"HMP1-2 taxonomy stool"
"k__Bacteria|p__Firmicutes|c__Clostridia|o__Clostridiales|f__Lachnospiraceae|g__Lachnospiraceae_unclassified|s__Lachnospiraceae_bacterium|t__SGB4722",58,0.105839416058394,9.99241274457037e-05,TRUE,FALSE,FALSE,NA,"HMP1-2 taxonomy stool"
"k__Bacteria|p__Fusobacteria|c__Fusobacteriia|o__Fusobacteriales|f__Fusobacteriaceae|g__Fusobacterium|s__Fusobacterium_mortiferum|t__SGB6031",5,0.00912408759124088,0.00262694044917409,FALSE,TRUE,FALSE,NA,"HMP1-2 taxonomy stool"
"k__Bacteria|p__Firmicutes|c__CFGB40183|o__OFGB40183|f__FGB40183|g__GGB42389|s__GGB42389_SGB59559|t__SGB59559",10,0.0182481751824818,3.74999884090091e-05,FALSE,FALSE,FALSE,NA,"HMP1-2 taxonomy stool"
"k__Bacteria|p__Firmicutes|c__Erysipelotrichia|o__Erysipelotrichales|f__Erysipelotrichaceae|g__Massilicoli|s__Massilicoli_timonensis|t__SGB4026",30,0.0547445255474453,0.000259506633830033,FALSE,TRUE,FALSE,NA,"HMP1-2 taxonomy stool"
"k__Bacteria|p__Firmicutes|c__Clostridia|o__Clostridiales|f__Ruminococcaceae|g__Ruminococcaceae_unclassified|s__Ruminococcaceae_bacterium|t__SGB4263",3,0.00547445255474453,1.86666649000045e-06,FALSE,FALSE,FALSE,NA,"HMP1-2 taxonomy stool"
"k__Bacteria|p__Firmicutes|c__Clostridia|o__Clostridiales|f__Ruminococcaceae|g__Ruminococcaceae_unclassified|s__Ruminococcaceae_bacterium|t__SGB53515",100,0.182481751824818,6.0452007507714e-05,TRUE,FALSE,FALSE,NA,"HMP1-2 taxonomy stool"
"k__Bacteria|p__Firmicutes|c__CFGB1230|o__OFGB1230|f__FGB1230|g__GGB3008|s__GGB3008_SGB3999|t__SGB3999",0,0,NA,FALSE,FALSE,FALSE,NA,"HMP1-2 taxonomy stool"
"k__Bacteria|p__Firmicutes|c__Clostridia|o__Clostridiales|f__Lachnospiraceae|g__GGB3394|s__GGB3394_SGB4501|t__SGB4501",0,0,NA,FALSE,FALSE,FALSE,NA,"HMP1-2 taxonomy stool"
"k__Bacteria|p__Bacteroidetes|c__Bacteroidia|o__Bacteroidales|f__Prevotellaceae|g__Prevotella|s__Prevotella_fusca|t__SGB1556",1,0.00182481751824818,0.000206999958600008,FALSE,TRUE,FALSE,NA,"HMP1-2 taxonomy stool"
"k__Bacteria|p__Firmicutes|c__Clostridia|o__Clostridiales|f__Peptostreptococcaceae|g__Peptoanaerobacter|s__Peptoanaerobacter_stomatis|t__SGB6624",0,0,NA,FALSE,FALSE,FALSE,NA,"HMP1-2 taxonomy stool"
"k__Bacteria|p__Spirochaetes|c__Spirochaetia|o__Spirochaetales|f__Spirochaetaceae|g__Treponema|s__Treponema_lecithinolyticum|t__SGB3587",1,0.00182481751824818,8.85999468400319e-05,FALSE,FALSE,FALSE,NA,"HMP1-2 taxonomy stool"
"k__Bacteria|p__Bacteroidetes|c__CFGB35479|o__OFGB35479|f__FGB35479|g__GGB49219|s__GGB49219_SGB69048|t__SGB69048",0,0,NA,FALSE,FALSE,FALSE,NA,"HMP1-2 taxonomy stool"
"k__Bacteria|p__Spirochaetes|c__Spirochaetia|o__Spirochaetales|f__Spirochaetaceae|g__GGB2674|s__GGB2674_SGB3609|t__SGB3609",0,0,NA,FALSE,FALSE,FALSE,NA,"HMP1-2 taxonomy stool"
"k__Bacteria|p__Spirochaetes|c__Spirochaetia|o__Spirochaetales|f__Spirochaetaceae|g__Treponema|s__Treponema_SGB69452|t__SGB69452",0,0,NA,FALSE,FALSE,FALSE,NA,"HMP1-2 taxonomy stool"
"k__Bacteria|p__Bacteroidetes|c__Bacteroidia|o__Bacteroidales|f__Prevotellaceae|g__Prevotella|s__Prevotella_marshii|t__SGB3323",0,0,NA,FALSE,FALSE,FALSE,NA,"HMP1-2 taxonomy stool"
"k__Bacteria|p__Spirochaetes|c__Spirochaetia|o__Spirochaetales|f__Spirochaetaceae|g__Treponema|s__Treponema_pectinovorum|t__SGB80245",0,0,NA,FALSE,FALSE,FALSE,NA,"HMP1-2 taxonomy stool"
"k__Bacteria|p__Proteobacteria|c__Deltaproteobacteria|o__Desulfovibrionales|f__Desulfovibrionaceae|g__Desulfovibrio|s__Desulfovibrio_sp_OH1186_COT_070|t__SGB29646",0,0,NA,FALSE,FALSE,FALSE,NA,"HMP1-2 taxonomy stool"
"k__Bacteria|p__Firmicutes|c__Bacilli|o__Lactobacillales|f__Lactobacillaceae|g__Lactobacillus|s__Lactobacillus_crispatus|t__SGB7045",19,0.0346715328467153,0.000844347393680029,FALSE,TRUE,FALSE,NA,"HMP1-2 taxonomy stool"
"k__Bacteria|p__Firmicutes|c__Clostridia|o__Clostridiales|f__Clostridiaceae|g__Clostridium|s__Clostridium_massiliamazoniense|t__SGB29082",0,0,NA,FALSE,FALSE,FALSE,NA,"HMP1-2 taxonomy stool"
"k__Bacteria|p__Actinobacteria|c__Actinobacteria|o__Bifidobacteriales|f__Bifidobacteriaceae|g__Gardnerella|s__Gardnerella_vaginalis|t__SGB7097",0,0,NA,FALSE,FALSE,FALSE,NA,"HMP1-2 taxonomy stool"
"k__Bacteria|p__Proteobacteria|c__Gammaproteobacteria|o__Pseudomonadales|f__Moraxellaceae|g__Moraxella|s__Moraxella_nonliquefaciens|t__SGB10426",0,0,NA,FALSE,FALSE,FALSE,NA,"HMP1-2 taxonomy stool"
"k__Bacteria|p__Firmicutes|c__Bacilli|o__Lactobacillales|f__Carnobacteriaceae|g__Dolosigranulum|s__Dolosigranulum_pigrum|t__SGB7017",0,0,NA,FALSE,FALSE,FALSE,NA,"HMP1-2 taxonomy stool"
"k__Bacteria|p__Actinobacteria|c__Actinobacteria|o__Propionibacteriales|f__Propionibacteriaceae|g__Cutibacterium|s__Cutibacterium_granulosum|t__SGB16958",2,0.00364963503649635,6.44500264350301e-05,FALSE,FALSE,FALSE,NA,"HMP1-2 taxonomy stool"
"k__Bacteria|p__Bacteroidetes|c__Flavobacteriia|o__Flavobacteriales|f__Weeksellaceae|g__Cloacibacterium|s__Cloacibacterium_normanense|t__SGB2534",2,0.00364963503649635,5.91499756900143e-05,FALSE,FALSE,FALSE,NA,"HMP1-2 taxonomy stool"
"k__Bacteria|p__Actinobacteria|c__Actinobacteria|o__Propionibacteriales|f__Propionibacteriaceae|g__Cutibacterium|s__Cutibacterium_avidum|t__SGB16953",0,0,NA,FALSE,FALSE,FALSE,NA,"HMP1-2 taxonomy stool"
"k__Bacteria|p__Bacteroidetes|c__Bacteroidia|o__Bacteroidales|f__Bacteroidales_unclassified|g__Bacteroidales_unclassified|s__Bacteroidales_bacterium|t__SGB1969",8,0.0145985401459854,0.00128238761780388,FALSE,TRUE,FALSE,NA,"HMP1-2 taxonomy stool"
"k__Bacteria|p__Firmicutes|c__Clostridia|o__Clostridiales|f__Ruminococcaceae|g__GGB9603|s__GGB9603_SGB15035|t__SGB15035",25,0.0456204379562044,0.00150290012997301,FALSE,TRUE,FALSE,NA,"HMP1-2 taxonomy stool"
"k__Bacteria|p__Firmicutes|c__Clostridia|o__Clostridia_unclassified|f__Clostridia_unclassified|g__Clostridia_unclassified|s__Clostridia_bacterium|t__SGB4159",14,0.0255474452554745,0.000236135748352171,FALSE,TRUE,FALSE,NA,"HMP1-2 taxonomy stool"
"k__Bacteria|p__Firmicutes|c__Clostridia|o__Clostridia_unclassified|f__Clostridia_unclassified|g__GGB3817|s__GGB3817_SGB5182|t__SGB5182",59,0.107664233576642,0.00046059318434345,TRUE,TRUE,TRUE,0.0109686927327008,"HMP1-2 taxonomy stool"
"k__Bacteria|p__Firmicutes|c__Clostridia|o__Clostridia_unclassified|f__Clostridia_unclassified|g__Candidatus_Protoclostridium|s__Candidatus_Protoclostridium_gallicola|t__SGB14049",12,0.0218978102189781,0.000173224964983348,FALSE,TRUE,FALSE,NA,"HMP1-2 taxonomy stool"
"k__Bacteria|p__Firmicutes|c__Clostridia|o__Clostridiales|f__Lachnospiraceae|g__Lachnoclostridium|s__Lachnoclostridium_sp_An14|t__SGB4729",9,0.0164233576642336,0.000175877784975566,FALSE,TRUE,FALSE,NA,"HMP1-2 taxonomy stool"
"k__Bacteria|p__Firmicutes|c__Clostridia|o__Clostridiales|f__Lachnospiraceae|g__Frisingicoccus|s__Frisingicoccus_SGB4674|t__SGB4674",69,0.125912408759124,0.00052932173814446,TRUE,TRUE,TRUE,0.0133477258098457,"HMP1-2 taxonomy stool"
"k__Bacteria|p__Firmicutes|c__Clostridia|o__Clostridiales|f__Peptostreptococcaceae|g__Intestinibacter|s__Intestinibacter_bartlettii|t__SGB6140",81,0.147810218978102,0.000164995072995082,TRUE,TRUE,TRUE,0.00844636556521699,"HMP1-2 taxonomy stool"
"k__Bacteria|p__Firmicutes|c__Erysipelotrichia|o__Erysipelotrichales|f__Erysipelotrichaceae|g__Erysipelatoclostridium|s__Erysipelatoclostridium_ramosum|t__SGB6744",95,0.173357664233577,0.000316339973683195,TRUE,TRUE,TRUE,0.0118359520162199,"HMP1-2 taxonomy stool"
"k__Bacteria|p__Firmicutes|c__Clostridia|o__Clostridiales|f__Lachnospiraceae|g__Anaerotignum|s__Anaerotignum_lactatifermentans|t__SGB5193",104,0.18978102189781,0.000529341371422939,TRUE,TRUE,TRUE,0.0168367831307514,"HMP1-2 taxonomy stool"
"k__Bacteria|p__Firmicutes|c__Clostridia|o__Clostridia_unclassified|f__Clostridia_unclassified|g__Candidatus_Gallimonas|s__Candidatus_Gallimonas_merdae|t__SGB54319",14,0.0255474452554745,0.000911821296166632,FALSE,TRUE,FALSE,NA,"HMP1-2 taxonomy stool"
"k__Bacteria|p__Firmicutes|c__Clostridia|o__Clostridia_unclassified|f__Clostridia_unclassified|g__Clostridia_unclassified|s__Clostridia_unclassified_SGB4447|t__SGB4447",65,0.118613138686131,0.00049959533119364,TRUE,TRUE,TRUE,0.0124279090797408,"HMP1-2 taxonomy stool"
"k__Bacteria|p__Firmicutes|c__Clostridia|o__Clostridia_unclassified|f__Clostridia_unclassified|g__GGB9104|s__GGB9104_SGB14037|t__SGB14037",15,0.0273722627737226,0.000203619972113369,FALSE,TRUE,FALSE,NA,"HMP1-2 taxonomy stool"
"k__Bacteria|p__Firmicutes|c__Clostridia|o__Clostridiales|f__Lachnospiraceae|g__Eisenbergiella|s__Eisenbergiella_tayi|t__SGB4988",117,0.213503649635036,0.000829611013847887,TRUE,TRUE,TRUE,0.0231561308981617,"HMP1-2 taxonomy stool"
"k__Bacteria|p__Firmicutes|c__Clostridia|o__Clostridiales|f__Ruminococcaceae|g__GGB9501|s__GGB9501_SGB14898|t__SGB14898",85,0.155109489051095,0.000352747056438158,TRUE,TRUE,TRUE,0.010688962710677,"HMP1-2 taxonomy stool"
"k__Bacteria|p__Firmicutes|c__Clostridia|o__Clostridia_unclassified|f__Clostridia_unclassified|g__Clostridia_unclassified|s__Clostridia_bacterium|t__SGB14874",98,0.178832116788321,0.00426496492413611,TRUE,TRUE,TRUE,0.043299106416404,"HMP1-2 taxonomy stool"
"k__Bacteria|p__Firmicutes|c__CFGB10719|o__OFGB10719|f__FGB10719|g__GGB32463|s__GGB32463_SGB47515|t__SGB47515",59,0.107664233576642,0.000321676227599518,TRUE,TRUE,TRUE,0.0119381394041977,"HMP1-2 taxonomy stool"
"k__Bacteria|p__Firmicutes|c__Clostridia|o__Clostridiales|f__Lachnospiraceae|g__Anaerostipes|s__Anaerostipes_caccae|t__SGB4529",31,0.0565693430656934,7.07612857222626e-05,FALSE,FALSE,FALSE,NA,"HMP1-2 taxonomy stool"
"k__Bacteria|p__Firmicutes|c__Clostridia|o__Clostridia_unclassified|f__Clostridia_unclassified|g__Candidatus_Gallimonas|s__Candidatus_Gallimonas_faecium|t__SGB54320",5,0.00912408759124088,0.00106529992452611,FALSE,TRUE,FALSE,NA,"HMP1-2 taxonomy stool"
"k__Bacteria|p__Firmicutes|c__Clostridia|o__Clostridiales|f__Lachnospiraceae|g__Blautia|s__Blautia_sp_An249|t__SGB7262",7,0.0127737226277372,6.16999987585724e-05,FALSE,FALSE,FALSE,NA,"HMP1-2 taxonomy stool"
"k__Bacteria|p__Firmicutes|c__Clostridia|o__Clostridiales|f__Lachnospiraceae|g__GGB3677|s__GGB3677_SGB4990|t__SGB4990",16,0.0291970802919708,0.000104850007020006,FALSE,TRUE,FALSE,NA,"HMP1-2 taxonomy stool"
"k__Bacteria|p__Firmicutes|c__CFGB2882|o__OFGB2882|f__FGB2882|g__GGB9186|s__GGB9186_SGB14125|t__SGB14125",81,0.147810218978102,0.000253301237401385,TRUE,TRUE,TRUE,0.00868604413542046,"HMP1-2 taxonomy stool"
"k__Bacteria|p__Firmicutes|c__Clostridia|o__Clostridiales|f__Lachnospiraceae|g__GGB3570|s__GGB3570_SGB4777|t__SGB4777",40,0.072992700729927,8.08875175492808e-05,FALSE,FALSE,FALSE,NA,"HMP1-2 taxonomy stool"
"k__Bacteria|p__Firmicutes|c__Clostridia|o__Clostridia_unclassified|f__Clostridia_unclassified|g__Candidatus_Timburyella|s__Candidatus_Timburyella_stercoris|t__SGB14167",17,0.031021897810219,0.00025624710013648,FALSE,TRUE,FALSE,NA,"HMP1-2 taxonomy stool"
"k__Bacteria|p__Firmicutes|c__Clostridia|o__Clostridiales|f__Clostridiales_unclassified|g__Clostridiales_unclassified|s__Clostridiales_bacterium_1_7_47FAA|t__SGB4763",75,0.136861313868613,9.28613308734748e-05,TRUE,FALSE,FALSE,NA,"HMP1-2 taxonomy stool"
"k__Bacteria|p__Firmicutes|c__Clostridia|o__Clostridiales|f__Lachnospiraceae|g__Lachnospiraceae_unclassified|s__Lachnospiraceae_bacterium|t__SGB4765",22,0.0401459854014599,4.63363602777382e-05,FALSE,FALSE,FALSE,NA,"HMP1-2 taxonomy stool"
"k__Bacteria|p__Firmicutes|c__Clostridia|o__Clostridia_unclassified|f__Clostridia_unclassified|g__Clostridia_unclassified|s__Clostridia_bacterium|t__SGB47381",21,0.0383211678832117,0.000581690485767872,FALSE,TRUE,FALSE,NA,"HMP1-2 taxonomy stool"
"k__Bacteria|p__Firmicutes|c__Clostridia|o__Clostridiales|f__Ruminococcaceae|g__GGB9623|s__GGB9623_SGB15075|t__SGB15075",17,0.031021897810219,0.000610887935973178,FALSE,TRUE,FALSE,NA,"HMP1-2 taxonomy stool"
"k__Bacteria|p__Firmicutes|c__Clostridia|o__Clostridia_unclassified|f__Clostridia_unclassified|g__GGB3004|s__GGB3004_SGB3995|t__SGB3995",9,0.0164233576642336,0.000729189004367828,FALSE,TRUE,FALSE,NA,"HMP1-2 taxonomy stool"
"k__Bacteria|p__Firmicutes|c__Clostridia|o__Clostridia_unclassified|f__Clostridia_unclassified|g__GGB9086|s__GGB9086_SGB14014|t__SGB14014",33,0.0602189781021898,0.000240954536701537,FALSE,TRUE,FALSE,NA,"HMP1-2 taxonomy stool"
"k__Bacteria|p__Firmicutes|c__Clostridia|o__Clostridia_unclassified|f__Clostridia_unclassified|g__Candidatus_Alloscillospira|s__Candidatus_Alloscillospira_gallinarum|t__SGB59576",31,0.0565693430656934,6.69967689038806e-05,FALSE,FALSE,FALSE,NA,"HMP1-2 taxonomy stool"
"k__Bacteria|p__Firmicutes|c__Clostridia|o__Clostridiales|f__Lachnospiraceae|g__Lachnoclostridium|s__Lachnoclostridium_edouardi|t__SGB29433",26,0.0474452554744526,6.94307658869268e-05,FALSE,FALSE,FALSE,NA,"HMP1-2 taxonomy stool"
"k__Bacteria|p__Proteobacteria|c__Betaproteobacteria|o__Burkholderiales|f__Sutterellaceae|g__Sutterella|s__Sutterella_wadsworthensis|t__SGB9286",81,0.147810218978102,0.0109115463651155,TRUE,TRUE,TRUE,0.0531305098074923,"HMP1-2 taxonomy stool"
"k__Bacteria|p__Firmicutes|c__CFGB3053|o__OFGB3053|f__FGB3053|g__GGB9581|s__GGB9581_SGB79823|t__SGB79823",39,0.0711678832116788,0.0002350281950531,FALSE,TRUE,FALSE,NA,"HMP1-2 taxonomy stool"
"k__Bacteria|p__Firmicutes|c__CFGB3047|o__OFGB3047|f__FGB3047|g__GGB9557|s__GGB9557_SGB14966|t__SGB14966",196,0.357664233576642,0.000183977043517931,TRUE,TRUE,TRUE,0.00703419729658756,"HMP1-2 taxonomy stool"
"k__Bacteria|p__Firmicutes|c__Clostridia|o__Clostridiales|f__Lachnospiraceae|g__Lachnospiraceae_unclassified|s__Lachnospiraceae_bacterium|t__SGB4744",81,0.147810218978102,0.00108605544978771,TRUE,TRUE,TRUE,0.0246444718233733,"HMP1-2 taxonomy stool"
"k__Bacteria|p__Firmicutes|c__Clostridia|o__Clostridiales|f__Lachnospiraceae|g__GGB3433|s__GGB3433_SGB4573|t__SGB4573_group",122,0.222627737226277,0.000547652472290471,TRUE,TRUE,TRUE,0.0141755962818748,"HMP1-2 taxonomy stool"
"k__Bacteria|p__Firmicutes|c__Clostridia|o__Clostridiales|f__Clostridiaceae|g__GGB9574|s__GGB9574_SGB14987|t__SGB14987",72,0.131386861313869,8.0674995095981e-05,TRUE,FALSE,FALSE,NA,"HMP1-2 taxonomy stool"
"k__Bacteria|p__Firmicutes|c__Clostridia|o__Clostridiales|f__Lachnospiraceae|g__Faecalimonas|s__Faecalimonas_umbilicata|t__SGB4583",50,0.0912408759124088,0.000483642048531633,FALSE,TRUE,FALSE,NA,"HMP1-2 taxonomy stool"
"k__Bacteria|p__Firmicutes|c__Clostridia|o__Clostridiales|f__Lachnospiraceae|g__Lachnoclostridium|s__Clostridium_scindens|t__SGB4630_group",91,0.166058394160584,0.000192964829553106,TRUE,TRUE,TRUE,0.00986800387504318,"HMP1-2 taxonomy stool"
"k__Bacteria|p__Bacteroidetes|c__Bacteroidia|o__Bacteroidales|f__Prevotellaceae|g__Prevotella|s__Prevotella_stercorea|t__SGB1679",8,0.0145985401459854,0.113605360871527,FALSE,TRUE,FALSE,NA,"HMP1-2 taxonomy stool"
"k__Bacteria|p__Bacteroidetes|c__Bacteroidia|o__Bacteroidales|f__Bacteroidales_unclassified|g__GGB1495|s__GGB1495_SGB2071|t__SGB2071",29,0.0529197080291971,0.0502183929540128,FALSE,TRUE,FALSE,NA,"HMP1-2 taxonomy stool"
"k__Bacteria|p__Bacteroidetes|c__Bacteroidia|o__Bacteroidales|f__Bacteroidaceae|g__Bacteroidaceae_unclassified|s__Bacteroidaceae_bacterium|t__SGB1478",4,0.0072992700729927,0.0253164507524468,FALSE,TRUE,FALSE,NA,"HMP1-2 taxonomy stool"
"k__Bacteria|p__Bacteroidetes|c__Bacteroidia|o__Bacteroidales|f__Bacteroidales_unclassified|g__Bacteroidales_unclassified|s__Bacteroidales_bacterium_Oil_RF_744_WCA_WT_10|t__SGB2025",4,0.0072992700729927,0.00959087569427156,FALSE,TRUE,FALSE,NA,"HMP1-2 taxonomy stool"
"k__Bacteria|p__Bacteroidetes|c__Bacteroidia|o__Bacteroidales|f__Prevotellaceae|g__Paraprevotella|s__Paraprevotella_clara|t__SGB1798",87,0.158759124087591,0.0188028452752028,TRUE,TRUE,TRUE,0.0746034668892453,"HMP1-2 taxonomy stool"
"k__Bacteria|p__Firmicutes|c__Clostridia|o__Clostridia_unclassified|f__Clostridia_unclassified|g__Clostridia_unclassified|s__Clostridia_bacterium|t__SGB6289",2,0.00364963503649635,0.00351255156072599,FALSE,TRUE,FALSE,NA,"HMP1-2 taxonomy stool"
"k__Bacteria|p__Bacteroidetes|c__Bacteroidia|o__Bacteroidales|f__Bacteroidales_unclassified|g__Phocaeicola|s__Phocaeicola_coprophilus|t__SGB1888",12,0.0218978102189781,0.0320676596249509,FALSE,TRUE,FALSE,NA,"HMP1-2 taxonomy stool"
"k__Bacteria|p__Firmicutes|c__Clostridia|o__Clostridia_unclassified|f__Clostridia_unclassified|g__Clostridia_unclassified|s__Clostridia_bacterium|t__SGB4153",4,0.0072992700729927,0.00102627528929771,FALSE,TRUE,FALSE,NA,"HMP1-2 taxonomy stool"
"k__Bacteria|p__Proteobacteria|c__Betaproteobacteria|o__Burkholderiales|f__Sutterellaceae|g__Duodenibacillus|s__Duodenibacillus_massiliensis|t__SGB9273",16,0.0291970802919708,0.0192655074347992,FALSE,TRUE,FALSE,NA,"HMP1-2 taxonomy stool"
"k__Bacteria|p__Firmicutes|c__Clostridia|o__Clostridia_unclassified|f__Clostridia_unclassified|g__GGB4579|s__GGB4579_SGB6329|t__SGB6329",12,0.0218978102189781,0.00181356660503018,FALSE,TRUE,FALSE,NA,"HMP1-2 taxonomy stool"
"k__Bacteria|p__Firmicutes|c__Clostridia|o__Clostridiales|f__Clostridiales_unclassified|g__Clostridiales_unclassified|s__Bacteroides_pectinophilus|t__SGB5068",11,0.0200729927007299,0.00269602736397048,FALSE,TRUE,FALSE,NA,"HMP1-2 taxonomy stool"
"k__Bacteria|p__Firmicutes|c__Clostridia|o__Clostridia_unclassified|f__Clostridia_unclassified|g__GGB3277|s__GGB3277_SGB4327|t__SGB4327_group",80,0.145985401459854,0.00705483505434152,TRUE,TRUE,TRUE,0.069936847107068,"HMP1-2 taxonomy stool"
"k__Bacteria|p__Proteobacteria|c__Betaproteobacteria|o__Burkholderiales|f__Oxalobacteraceae|g__GGB6649|s__GGB6649_SGB9391|t__SGB9391",37,0.0675182481751825,0.000641373054119907,FALSE,TRUE,FALSE,NA,"HMP1-2 taxonomy stool"
"k__Bacteria|p__Firmicutes|c__Clostridia|o__Clostridiales|f__Lachnospiraceae|g__Roseburia|s__Roseburia_sp_AM59_24XD|t__SGB4654",23,0.041970802919708,0.00245394402101454,FALSE,TRUE,FALSE,NA,"HMP1-2 taxonomy stool"
"k__Bacteria|p__Firmicutes|c__Clostridia|o__Clostridiales|f__Clostridiaceae|g__GGB3486|s__GGB3486_SGB4658|t__SGB4658",48,0.0875912408759124,0.000714327062818894,FALSE,TRUE,FALSE,NA,"HMP1-2 taxonomy stool"
"k__Bacteria|p__Firmicutes|c__Bacilli|o__Bacilli_unclassified|f__Bacilli_unclassified|g__GGB4710|s__GGB4710_SGB6522|t__SGB6522",11,0.0200729927007299,0.0101944062247284,FALSE,TRUE,FALSE,NA,"HMP1-2 taxonomy stool"
"k__Bacteria|p__Firmicutes|c__Erysipelotrichia|o__Erysipelotrichales|f__Erysipelotrichaceae|g__Erysipelotrichaceae_unclassified|s__Erysipelotrichaceae_bacterium|t__SGB6836_group",14,0.0255474452554745,0.00183962086076926,FALSE,TRUE,FALSE,NA,"HMP1-2 taxonomy stool"
"k__Bacteria|p__Bacteroidetes|c__CFGB602|o__OFGB602|f__FGB602|g__GGB1420|s__GGB1420_SGB1957|t__SGB1957",16,0.0291970802919708,0.00602783646218343,FALSE,TRUE,FALSE,NA,"HMP1-2 taxonomy stool"
"k__Bacteria|p__Firmicutes|c__Clostridia|o__Clostridia_unclassified|f__Clostridia_unclassified|g__GGB9774|s__GGB9774_SGB15394|t__SGB15394",19,0.0346715328467153,0.00104500596986976,FALSE,TRUE,FALSE,NA,"HMP1-2 taxonomy stool"
"k__Bacteria|p__Firmicutes|c__Clostridia|o__Clostridiales|f__Ruminococcaceae|g__Ruminococcaceae_unclassified|s__Ruminococcaceae_bacterium|t__SGB4183",5,0.00912408759124088,0.000360580054230068,FALSE,TRUE,FALSE,NA,"HMP1-2 taxonomy stool"
"k__Bacteria|p__Firmicutes|c__Bacilli|o__Bacilli_unclassified|f__Bacilli_unclassified|g__Bacilli_unclassified|s__Bacilli_bacterium|t__SGB6430",1,0.00182481751824818,0.000578000346800208,FALSE,TRUE,FALSE,NA,"HMP1-2 taxonomy stool"
"k__Bacteria|p__Proteobacteria|c__Betaproteobacteria|o__Burkholderiales|f__Sutterellaceae|g__Sutterella|s__Sutterella_seckii|t__SGB9297_group",9,0.0164233576642336,0.00219396650701195,FALSE,TRUE,FALSE,NA,"HMP1-2 taxonomy stool"
"k__Bacteria|p__Firmicutes|c__Clostridia|o__Clostridia_unclassified|f__Clostridia_unclassified|g__Clostridia_unclassified|s__Clostridia_unclassified_SGB4372|t__SGB4372",4,0.0072992700729927,0.00189900078802535,FALSE,TRUE,FALSE,NA,"HMP1-2 taxonomy stool"
"k__Bacteria|p__Firmicutes|c__CFGB1340|o__OFGB1340|f__FGB1340|g__GGB3256|s__GGB3256_SGB4303|t__SGB4303",91,0.166058394160584,0.0048202469399575,TRUE,TRUE,TRUE,0.0481866376465347,"HMP1-2 taxonomy stool"
"k__Bacteria|p__Firmicutes|c__Clostridia|o__Clostridia_unclassified|f__Clostridia_unclassified|g__Clostridia_unclassified|s__Clostridia_bacterium|t__SGB14210",5,0.00912408759124088,0.000242180034710033,FALSE,TRUE,FALSE,NA,"HMP1-2 taxonomy stool"
"k__Bacteria|p__Firmicutes|c__Clostridia|o__Clostridiales|f__Ruminococcaceae|g__Ruminococcus|s__Ruminococcus_callidus|t__SGB4422",131,0.239051094890511,0.000850677045919777,TRUE,TRUE,TRUE,0.015294117411612,"HMP1-2 taxonomy stool"
"k__Bacteria|p__Firmicutes|c__Bacilli|o__Lactobacillales|f__Lactobacillaceae|g__Ligilactobacillus|s__Ligilactobacillus_ruminis|t__SGB7061",17,0.031021897810219,0.000734358792431949,FALSE,TRUE,FALSE,NA,"HMP1-2 taxonomy stool"
"k__Bacteria|p__Lentisphaerae|c__Lentisphaeria|o__Lentisphaeria_unclassified|f__Lentisphaeria_unclassified|g__Lentisphaeria_unclassified|s__Lentisphaeria_unclassified_SGB9198|t__SGB9198",5,0.00912408759124088,0.000394820180768152,FALSE,TRUE,FALSE,NA,"HMP1-2 taxonomy stool"
"k__Bacteria|p__Firmicutes|c__Clostridia|o__Clostridiales|f__Clostridiaceae|g__Clostridium|s__Clostridium_disporicum|t__SGB6178",22,0.0401459854014599,0.000409722635175156,FALSE,TRUE,FALSE,NA,"HMP1-2 taxonomy stool"
"k__Bacteria|p__Firmicutes|c__Clostridia|o__Clostridiales|f__Clostridiaceae|g__Clostridium|s__Clostridium_perfringens|t__SGB6191",7,0.0127737226277372,6.36000355257407e-05,FALSE,FALSE,FALSE,NA,"HMP1-2 taxonomy stool"
"k__Bacteria|p__Firmicutes|c__Clostridia|o__Clostridiales|f__Ruminococcaceae|g__GGB9636|s__GGB9636_SGB15107|t__SGB15107",23,0.041970802919708,0.000535330560075717,FALSE,TRUE,FALSE,NA,"HMP1-2 taxonomy stool"
"k__Bacteria|p__Firmicutes|c__Clostridia|o__Clostridia_unclassified|f__Clostridia_unclassified|g__Clostridia_unclassified|s__Clostridia_bacterium|t__SGB14026",11,0.0200729927007299,0.000772145468077385,FALSE,TRUE,FALSE,NA,"HMP1-2 taxonomy stool"
"k__Bacteria|p__Firmicutes|c__Clostridia|o__Clostridiales|f__Peptostreptococcaceae|g__Intestinibacter|s__Intestinibacter_SGB6139|t__SGB6139",35,0.0638686131386861,0.000236522821092318,FALSE,TRUE,FALSE,NA,"HMP1-2 taxonomy stool"
"k__Bacteria|p__Firmicutes|c__Clostridia|o__Clostridia_unclassified|f__Clostridia_unclassified|g__Clostridia_unclassified|s__Clostridia_unclassified_SGB3983|t__SGB3983",8,0.0145985401459854,0.00535537162667747,FALSE,TRUE,FALSE,NA,"HMP1-2 taxonomy stool"
"k__Bacteria|p__Firmicutes|c__Clostridia|o__Clostridiales|f__Peptococcaceae|g__Peptococcaceae_unclassified|s__Peptococcaceae_bacterium|t__SGB49168",20,0.0364963503649635,0.000571485007236562,FALSE,TRUE,FALSE,NA,"HMP1-2 taxonomy stool"
"k__Bacteria|p__Firmicutes|c__Clostridia|o__Clostridia_unclassified|f__Clostridia_unclassified|g__GGB3303|s__GGB3303_SGB4364|t__SGB4364",6,0.0109489051094891,0.000603816682871713,FALSE,TRUE,FALSE,NA,"HMP1-2 taxonomy stool"
"k__Bacteria|p__Proteobacteria|c__Deltaproteobacteria|o__Desulfovibrionales|f__Desulfovibrionaceae|g__Desulfovibrionaceae_unclassified|s__Desulfovibrionaceae_bacterium|t__SGB15447",17,0.031021897810219,0.00159922354388732,FALSE,TRUE,FALSE,NA,"HMP1-2 taxonomy stool"
"k__Bacteria|p__Firmicutes|c__Clostridia|o__Clostridiales|f__Peptostreptococcaceae|g__GGB4456|s__GGB4456_SGB6141|t__SGB6141",26,0.0474452554744526,7.62961618507813e-05,FALSE,FALSE,FALSE,NA,"HMP1-2 taxonomy stool"
"k__Bacteria|p__Firmicutes|c__Clostridia|o__Clostridiales|f__Clostridiales_Family_XIII_Incertae_Sedis|g__Clostridiales_Family_XIII_Incertae_Sedis_unclassified|s__Clostridiales_Family_XIII_bacterium_RF_744_FAT_WT_3|t__SGB3928",3,0.00547445255474453,6.5733336350028e-05,FALSE,FALSE,FALSE,NA,"HMP1-2 taxonomy stool"
"k__Bacteria|p__Firmicutes|c__Clostridia|o__Clostridiales|f__Ruminococcaceae|g__GGB9712|s__GGB9712_SGB15244|t__SGB15244",100,0.182481751824818,0.00178089121527882,TRUE,TRUE,TRUE,0.0265323614182595,"HMP1-2 taxonomy stool"
"k__Bacteria|p__Firmicutes|c__Bacilli|o__Bacilli_unclassified|f__Bacilli_unclassified|g__GGB4662|s__GGB4662_SGB6450|t__SGB6450",1,0.00182481751824818,9.36000561600337e-05,FALSE,FALSE,FALSE,NA,"HMP1-2 taxonomy stool"
"k__Bacteria|p__Firmicutes|c__Bacilli|o__Bacilli_unclassified|f__Bacilli_unclassified|g__Bacilli_unclassified|s__Bacilli_bacterium|t__SGB6421",13,0.0237226277372263,0.0030758548029267,FALSE,TRUE,FALSE,NA,"HMP1-2 taxonomy stool"
"k__Bacteria|p__Actinobacteria|c__Coriobacteriia|o__Eggerthellales|f__Eggerthellaceae|g__GGB9361|s__GGB9361_SGB14336|t__SGB14336",13,0.0237226277372263,0.000449892408841584,FALSE,TRUE,FALSE,NA,"HMP1-2 taxonomy stool"
"k__Bacteria|p__Firmicutes|c__Clostridia|o__Clostridiales|f__Clostridiaceae|g__Clostridium|s__Clostridium_paraputrificum|t__SGB6187",14,0.0255474452554745,0.000112492833316441,FALSE,TRUE,FALSE,NA,"HMP1-2 taxonomy stool"
"k__Bacteria|p__Firmicutes|c__CFGB1298|o__OFGB1298|f__FGB1298|g__GGB3118|s__GGB3118_SGB4130|t__SGB4130",60,0.109489051094891,0.000341313357555229,TRUE,TRUE,TRUE,0.00966858101753169,"HMP1-2 taxonomy stool"
"k__Bacteria|p__Firmicutes|c__Clostridia|o__Clostridiales|f__Ruminococcaceae|g__Ruminococcus|s__Ruminococcus_champanellensis|t__SGB4418",16,0.0291970802919708,0.00157160594671547,FALSE,TRUE,FALSE,NA,"HMP1-2 taxonomy stool"
"k__Bacteria|p__Firmicutes|c__Clostridia|o__Clostridiales|f__Ruminococcaceae|g__Massilimaliae|s__Massilimaliae_massiliensis|t__SGB29347",33,0.0602189781021898,2.15818225033402e-05,FALSE,FALSE,FALSE,NA,"HMP1-2 taxonomy stool"
"k__Bacteria|p__Firmicutes|c__Clostridia|o__Clostridiales|f__Lachnospiraceae|g__Lachnospiraceae_unclassified|s__Lachnospiraceae_bacterium|t__SGB4909",66,0.12043795620438,0.00102949232256931,TRUE,TRUE,TRUE,0.0265301281252796,"HMP1-2 taxonomy stool"
"k__Bacteria|p__Actinobacteria|c__Coriobacteriia|o__Coriobacteriales|f__Coriobacteriaceae|g__Collinsella|s__Collinsella_bouchesdurhonensis|t__SGB14397",16,0.0291970802919708,0.000136293719680656,FALSE,TRUE,FALSE,NA,"HMP1-2 taxonomy stool"
"k__Bacteria|p__Firmicutes|c__Clostridia|o__Clostridiales|f__Ruminococcaceae|g__GGB9709|s__GGB9709_SGB15238|t__SGB15238",23,0.041970802919708,0.000133547855930913,FALSE,TRUE,FALSE,NA,"HMP1-2 taxonomy stool"
"k__Bacteria|p__Firmicutes|c__Clostridia|o__Clostridiales|f__Lachnospiraceae|g__Blautia|s__Blautia_schinkii|t__SGB4825",71,0.12956204379562,0.000151450683127352,TRUE,TRUE,TRUE,0.00794674804023134,"HMP1-2 taxonomy stool"
"k__Bacteria|p__Firmicutes|c__Clostridia|o__Clostridiales|f__Eubacteriaceae|g__Eubacterium|s__Eubacterium_ramulus|t__SGB4960",36,0.0656934306569343,0.00017471107483835,FALSE,TRUE,FALSE,NA,"HMP1-2 taxonomy stool"
"k__Bacteria|p__Firmicutes|c__Clostridia|o__Clostridia_unclassified|f__Clostridia_unclassified|g__Clostridia_unclassified|s__Clostridia_bacterium|t__SGB14247",50,0.0912408759124088,0.000782803972103757,FALSE,TRUE,FALSE,NA,"HMP1-2 taxonomy stool"
"k__Bacteria|p__Firmicutes|c__Clostridia|o__Clostridiales|f__Clostridiales_unclassified|g__Clostridiales_unclassified|s__Clostridiales_bacterium_NSJ_40|t__SGB72336",34,0.062043795620438,4.19294259759001e-05,FALSE,FALSE,FALSE,NA,"HMP1-2 taxonomy stool"
"k__Bacteria|p__Firmicutes|c__Clostridia|o__Clostridia_unclassified|f__Clostridia_unclassified|g__Clostridia_unclassified|s__Clostridia_bacterium|t__SGB4139",9,0.0164233576642336,0.00021346665263667,FALSE,TRUE,FALSE,NA,"HMP1-2 taxonomy stool"
"k__Bacteria|p__Firmicutes|c__Clostridia|o__Clostridiales|f__Christensenellaceae|g__Christensenella|s__Christensenella_minuta|t__SGB14142",72,0.131386861313869,0.000124473602477097,TRUE,TRUE,TRUE,0.00801089799831796,"HMP1-2 taxonomy stool"
"k__Bacteria|p__Firmicutes|c__Clostridia|o__Clostridiales|f__Ruminococcaceae|g__GGB9618|s__GGB9618_SGB15064|t__SGB15064",15,0.0273722627737226,0.000169446719830748,FALSE,TRUE,FALSE,NA,"HMP1-2 taxonomy stool"
"k__Bacteria|p__Firmicutes|c__CFGB16911|o__OFGB16911|f__FGB16911|g__GGB49418|s__GGB49418_SGB69331|t__SGB69331",6,0.0109489051094891,5.82166806283443e-05,FALSE,FALSE,FALSE,NA,"HMP1-2 taxonomy stool"
"k__Bacteria|p__Firmicutes|c__Clostridia|o__Clostridiales|f__Ruminococcaceae|g__Ruminococcaceae_unclassified|s__Ruminococcaceae_bacterium|t__SGB14834",17,0.031021897810219,0.000196500048058932,FALSE,TRUE,FALSE,NA,"HMP1-2 taxonomy stool"
"k__Bacteria|p__Actinobacteria|c__Coriobacteriia|o__Eggerthellales|f__Eggerthellaceae|g__Eggerthellaceae_unclassified|s__Eggerthellaceae_unclassified_SGB14322|t__SGB14322_group",19,0.0346715328467153,2.34789494263189e-05,FALSE,FALSE,FALSE,NA,"HMP1-2 taxonomy stool"
"k__Bacteria|p__Firmicutes|c__Clostridia|o__Clostridiales|f__Lachnospiraceae|g__Lachnospiraceae_unclassified|s__Lachnospiraceae_bacterium|t__SGB4817",20,0.0364963503649635,3.93800011430044e-05,FALSE,FALSE,FALSE,NA,"HMP1-2 taxonomy stool"
"k__Bacteria|p__Firmicutes|c__Clostridia|o__Clostridiales|f__Ruminococcaceae|g__GGB3236|s__GGB3236_SGB4274|t__SGB4274",7,0.0127737226277372,0.000993470714637844,FALSE,TRUE,FALSE,NA,"HMP1-2 taxonomy stool"
"k__Bacteria|p__Firmicutes|c__Clostridia|o__Clostridiales|f__Christensenellaceae|g__Christensenella|s__Christensenella_sp_NSJ_35|t__SGB82546",4,0.0072992700729927,1.69499959575012e-05,FALSE,FALSE,FALSE,NA,"HMP1-2 taxonomy stool"
"k__Bacteria|p__Firmicutes|c__Bacilli|o__Bacilli_unclassified|f__Bacilli_unclassified|g__Bacilli_unclassified|s__Bacilli_bacterium|t__SGB6452",10,0.0182481751824818,0.00772473222637635,FALSE,TRUE,FALSE,NA,"HMP1-2 taxonomy stool"
"k__Bacteria|p__Firmicutes|c__Clostridia|o__Clostridia_unclassified|f__Clostridia_unclassified|g__Clostridia_unclassified|s__Clostridia_bacterium|t__SGB47427",23,0.041970802919708,0.000258269591867045,FALSE,TRUE,FALSE,NA,"HMP1-2 taxonomy stool"
"k__Bacteria|p__Firmicutes|c__Clostridia|o__Clostridia_unclassified|f__Clostridia_unclassified|g__Clostridia_unclassified|s__Clostridia_bacterium|t__SGB6359",11,0.0200729927007299,0.00041760005846641,FALSE,TRUE,FALSE,NA,"HMP1-2 taxonomy stool"
"k__Bacteria|p__Firmicutes|c__Bacilli|o__Bacilli_unclassified|f__Bacilli_unclassified|g__Bacilli_unclassified|s__Bacilli_bacterium|t__SGB6432",5,0.00912408759124088,0.0632715186615732,FALSE,TRUE,FALSE,NA,"HMP1-2 taxonomy stool"
"k__Bacteria|p__Firmicutes|c__Bacilli|o__Bacilli_unclassified|f__Bacilli_unclassified|g__GGB4727|s__GGB4727_SGB6548|t__SGB6548",4,0.0072992700729927,0.0435101282710553,FALSE,TRUE,FALSE,NA,"HMP1-2 taxonomy stool"
"k__Bacteria|p__Bacteroidetes|c__Bacteroidia|o__Bacteroidales|f__Bacteroidaceae|g__Bacteroides|s__Bacteroides_fragilis|t__SGB1853",68,0.124087591240876,0.00385018151209856,TRUE,TRUE,TRUE,0.054825634964459,"HMP1-2 taxonomy stool"
"k__Bacteria|p__Bacteroidetes|c__Bacteroidia|o__Bacteroidales|f__Tannerellaceae|g__Parabacteroides|s__Parabacteroides_johnsonii|t__SGB1948",46,0.083941605839416,0.00961519462514875,FALSE,TRUE,FALSE,NA,"HMP1-2 taxonomy stool"
"k__Bacteria|p__Firmicutes|c__Clostridia|o__Clostridia_unclassified|f__Clostridia_unclassified|g__Clostridia_unclassified|s__Clostridia_unclassified_SGB6385|t__SGB6385",15,0.0273722627737226,0.0152645654040131,FALSE,TRUE,FALSE,NA,"HMP1-2 taxonomy stool"
"k__Bacteria|p__Firmicutes|c__Erysipelotrichia|o__Erysipelotrichales|f__Erysipelotrichaceae|g__Coprobacillus|s__Coprobacillus_cateniformis|t__SGB6771",85,0.155109489051095,0.000936045787190101,TRUE,TRUE,TRUE,0.0228752681842825,"HMP1-2 taxonomy stool"
"k__Bacteria|p__Firmicutes|c__Clostridia|o__Clostridia_unclassified|f__Clostridia_unclassified|g__Clostridia_unclassified|s__Clostridia_bacterium|t__SGB54300",39,0.0711678832116788,0.000433546119269538,FALSE,TRUE,FALSE,NA,"HMP1-2 taxonomy stool"
"k__Bacteria|p__Firmicutes|c__Clostridia|o__Clostridiales|f__Peptococcaceae|g__Peptococcaceae_unclassified|s__Peptococcaceae_bacterium|t__SGB4052",4,0.0072992700729927,0.000288675038337545,FALSE,TRUE,FALSE,NA,"HMP1-2 taxonomy stool"
"k__Bacteria|p__Firmicutes|c__Clostridia|o__Clostridiales|f__Clostridiaceae|g__Clostridiaceae_unclassified|s__Clostridiaceae_bacterium|t__SGB4629",54,0.0985401459854015,0.000458320308228776,FALSE,TRUE,FALSE,NA,"HMP1-2 taxonomy stool"
"k__Bacteria|p__Firmicutes|c__Clostridia|o__Clostridia_unclassified|f__Clostridia_unclassified|g__Clostridia_unclassified|s__Clostridia_bacterium|t__SGB15389",34,0.062043795620438,0.000215541177415021,FALSE,TRUE,FALSE,NA,"HMP1-2 taxonomy stool"
"k__Bacteria|p__Firmicutes|c__Bacilli|o__Lactobacillales|f__Streptococcaceae|g__Lactococcus|s__Lactococcus_lactis|t__SGB7984",18,0.0328467153284672,7.59722376427911e-05,FALSE,FALSE,FALSE,NA,"HMP1-2 taxonomy stool"
"k__Bacteria|p__Firmicutes|c__Clostridia|o__Clostridiales|f__Lachnospiraceae|g__Lachnospiraceae_unclassified|s__Lachnospiraceae_bacterium|t__SGB4832",31,0.0565693430656934,8.77354795929128e-05,FALSE,FALSE,FALSE,NA,"HMP1-2 taxonomy stool"
"k__Bacteria|p__Firmicutes|c__Clostridia|o__Clostridiales|f__Clostridiales_Family_XIII_Incertae_Sedis|g__Emergencia|s__Emergencia_timonensis|t__SGB3970",50,0.0912408759124088,0.000418682033617842,FALSE,TRUE,FALSE,NA,"HMP1-2 taxonomy stool"
"k__Bacteria|p__Firmicutes|c__Clostridia|o__Clostridiales|f__Lachnospiraceae|g__Eisenbergiella|s__Eisenbergiella_massiliensis|t__SGB4987",133,0.242700729927007,0.000871156292612231,TRUE,TRUE,TRUE,0.0251370897897704,"HMP1-2 taxonomy stool"
"k__Bacteria|p__Firmicutes|c__Erysipelotrichia|o__Erysipelotrichales|f__Erysipelotrichaceae|g__Holdemania|s__Holdemania_massiliensis|t__SGB4044",99,0.180656934306569,0.000166999998332657,TRUE,TRUE,TRUE,0.0078585882448229,"HMP1-2 taxonomy stool"
"k__Bacteria|p__Firmicutes|c__Clostridia|o__Clostridiales|f__Ruminococcaceae|g__GGB9694|s__GGB9694_SGB15204|t__SGB15204",45,0.0821167883211679,0.000333051091040705,FALSE,TRUE,FALSE,NA,"HMP1-2 taxonomy stool"
"k__Bacteria|p__Firmicutes|c__Clostridia|o__Clostridiales|f__Clostridiaceae|g__GGB3532|s__GGB3532_SGB4720|t__SGB4720",5,0.00912408759124088,6.15799877440042e-05,FALSE,FALSE,FALSE,NA,"HMP1-2 taxonomy stool"
"k__Bacteria|p__Firmicutes|c__Clostridia|o__Clostridia_unclassified|f__Clostridia_unclassified|g__GGB9787|s__GGB9787_SGB15410|t__SGB15410",30,0.0547445255474453,8.03100200433624e-05,FALSE,FALSE,FALSE,NA,"HMP1-2 taxonomy stool"
"k__Bacteria|p__Actinobacteria|c__Actinobacteria|o__Bifidobacteriales|f__Bifidobacteriaceae|g__Bifidobacterium|s__Bifidobacterium_pseudocatenulatum|t__SGB17237",111,0.202554744525547,0.000951238808549663,TRUE,TRUE,TRUE,0.0194171756270758,"HMP1-2 taxonomy stool"
"k__Bacteria|p__Firmicutes|c__Clostridia|o__Clostridiales|f__Ruminococcaceae|g__Ruminococcaceae_unclassified|s__Ruminococcaceae_bacterium|t__SGB15349",27,0.0492700729927007,0.000590744448407842,FALSE,TRUE,FALSE,NA,"HMP1-2 taxonomy stool"
"k__Bacteria|p__Firmicutes|c__Clostridia|o__Clostridia_unclassified|f__Clostridia_unclassified|g__Clostridia_unclassified|s__Clostridia_unclassified_SGB6317|t__SGB6317",51,0.0930656934306569,0.00814138314889218,FALSE,TRUE,FALSE,NA,"HMP1-2 taxonomy stool"
"k__Bacteria|p__Firmicutes|c__Clostridia|o__Clostridiales|f__Ruminococcaceae|g__Hydrogeniiclostidium|s__Hydrogeniiclostidium_mannosilyticum|t__SGB14890",89,0.162408759124088,0.000142040450810689,TRUE,TRUE,TRUE,0.00747660404149288,"HMP1-2 taxonomy stool"
"k__Bacteria|p__Firmicutes|c__Clostridia|o__Clostridiales|f__Ruminococcaceae|g__Pseudoflavonifractor|s__Pseudoflavonifractor_capillosus|t__SGB15140",70,0.127737226277372,4.66771404615782e-05,TRUE,FALSE,FALSE,NA,"HMP1-2 taxonomy stool"
"k__Bacteria|p__Bacteroidetes|c__Bacteroidia|o__Bacteroidales|f__Porphyromonadaceae|g__Porphyromonas|s__Porphyromonas_SGB1977|t__SGB1977",42,0.0766423357664234,0.00029543803718576,FALSE,TRUE,FALSE,NA,"HMP1-2 taxonomy stool"
"k__Bacteria|p__Firmicutes|c__Erysipelotrichia|o__Erysipelotrichales|f__Erysipelotrichaceae|g__Erysipelatoclostridium|s__Clostridium_innocuum|t__SGB4037_group",103,0.187956204379562,0.000348246598502467,TRUE,TRUE,TRUE,0.0147351895589148,"HMP1-2 taxonomy stool"
"k__Bacteria|p__Firmicutes|c__Clostridia|o__Clostridiales|f__Lachnospiraceae|g__Lachnospiraceae_unclassified|s__Lachnospiraceae_bacterium|t__SGB5200",112,0.204379562043796,5.64678558784019e-05,TRUE,FALSE,FALSE,NA,"HMP1-2 taxonomy stool"
"k__Bacteria|p__Firmicutes|c__CFGB1456|o__OFGB1456|f__FGB1456|g__GGB3654|s__GGB3654_SGB4965|t__SGB4965",4,0.0072992700729927,0.00073154991504503,FALSE,TRUE,FALSE,NA,"HMP1-2 taxonomy stool"
"k__Bacteria|p__Firmicutes|c__CFGB3048|o__OFGB3048|f__FGB3048|g__GGB9559|s__GGB9559_SGB14968|t__SGB14968",6,0.0109489051094891,5.01833381683416e-05,FALSE,FALSE,FALSE,NA,"HMP1-2 taxonomy stool"
"k__Bacteria|p__Firmicutes|c__Clostridia|o__Clostridiales|f__Eubacteriaceae|g__Eubacterium|s__Eubacterium_callanderi|t__SGB4080",9,0.0164233576642336,7.36444257177902e-05,FALSE,FALSE,FALSE,NA,"HMP1-2 taxonomy stool"
"k__Bacteria|p__Firmicutes|c__Clostridia|o__Clostridiales|f__Lachnospiraceae|g__Lachnoclostridium|s__Clostridium_symbiosum|t__SGB4699",112,0.204379562043796,0.000348650864516632,TRUE,TRUE,TRUE,0.0143493238115365,"HMP1-2 taxonomy stool"
"k__Bacteria|p__Firmicutes|c__Clostridia|o__Clostridiales|f__Ruminococcaceae|g__Anaerofilum|s__Anaerofilum_sp_BX8|t__SGB79822",42,0.0766423357664234,2.45952406214314e-05,FALSE,FALSE,FALSE,NA,"HMP1-2 taxonomy stool"
"k__Bacteria|p__Actinobacteria|c__Coriobacteriia|o__Eggerthellales|f__Eggerthellaceae|g__Eggerthella|s__Eggerthella_lenta|t__SGB14809",240,0.437956204379562,0.000219712494647651,TRUE,TRUE,TRUE,0.00962454705476481,"HMP1-2 taxonomy stool"
"k__Bacteria|p__Firmicutes|c__Clostridia|o__Clostridiales|f__Clostridiaceae|g__Hungatella|s__Hungatella_hathewayi|t__SGB4742",69,0.125912408759124,0.000411599969603655,TRUE,TRUE,TRUE,0.0150326872035018,"HMP1-2 taxonomy stool"
"k__Bacteria|p__Firmicutes|c__CFGB3608|o__OFGB3608|f__FGB3608|g__GGB58158|s__GGB58158_SGB79798|t__SGB79798",112,0.204379562043796,6.28571312573322e-05,TRUE,FALSE,FALSE,NA,"HMP1-2 taxonomy stool"
"k__Bacteria|p__Firmicutes|c__Clostridia|o__Clostridiales|f__Clostridiaceae|g__GGB4487|s__GGB4487_SGB6184|t__SGB6184",7,0.0127737226277372,0.00226585692384007,FALSE,TRUE,FALSE,NA,"HMP1-2 taxonomy stool"
"k__Bacteria|p__Firmicutes|c__Bacilli|o__Bacilli_unclassified|f__Bacilli_unclassified|g__Bacilli_unclassified|s__Bacilli_bacterium|t__SGB6531",9,0.0164233576642336,0.0288038166077525,FALSE,TRUE,FALSE,NA,"HMP1-2 taxonomy stool"
"k__Bacteria|p__Bacteroidetes|c__Bacteroidia|o__Bacteroidales|f__Bacteroidales_unclassified|g__GGB1538|s__GGB1538_SGB2121|t__SGB2121",5,0.00912408759124088,0.00755965389904817,FALSE,TRUE,FALSE,NA,"HMP1-2 taxonomy stool"
"k__Bacteria|p__Firmicutes|c__Clostridia|o__Clostridia_unclassified|f__Clostridia_unclassified|g__Clostridia_unclassified|s__Clostridia_bacterium|t__SGB14845",28,0.0510948905109489,0.000798264286952612,FALSE,TRUE,FALSE,NA,"HMP1-2 taxonomy stool"
"k__Bacteria|p__Proteobacteria|c__Alphaproteobacteria|o__Alphaproteobacteria_unclassified|f__Alphaproteobacteria_unclassified|g__GGB6613|s__GGB6613_SGB9347|t__SGB9347",51,0.0930656934306569,0.0103622478872018,FALSE,TRUE,FALSE,NA,"HMP1-2 taxonomy stool"
"k__Bacteria|p__Firmicutes|c__Clostridia|o__Clostridia_unclassified|f__Clostridia_unclassified|g__Clostridia_unclassified|s__Clostridia_bacterium|t__SGB14952",41,0.0748175182481752,0.000182007343124415,FALSE,TRUE,FALSE,NA,"HMP1-2 taxonomy stool"
"k__Bacteria|p__Firmicutes|c__Bacilli|o__Bacilli_unclassified|f__Bacilli_unclassified|g__Bacilli_unclassified|s__Bacilli_bacterium|t__SGB6541",2,0.00364963503649635,0.00193719848089174,FALSE,TRUE,FALSE,NA,"HMP1-2 taxonomy stool"
"k__Bacteria|p__Firmicutes|c__Clostridia|o__Clostridiales|f__Lachnospiraceae|g__Lachnospiraceae_unclassified|s__Lachnospiraceae_bacterium|t__SGB4671",29,0.0529197080291971,0.000803317234069027,FALSE,TRUE,FALSE,NA,"HMP1-2 taxonomy stool"
"k__Bacteria|p__Firmicutes|c__Erysipelotrichia|o__Erysipelotrichales|f__Erysipelotrichaceae|g__Erysipelotrichaceae_unclassified|s__Erysipelotrichaceae_bacterium|t__SGB4027",13,0.0237226277372263,0.000232315315705428,FALSE,TRUE,FALSE,NA,"HMP1-2 taxonomy stool"
"k__Bacteria|p__Proteobacteria|c__Deltaproteobacteria|o__Desulfovibrionales|f__Desulfovibrionaceae|g__Desulfovibrio|s__Desulfovibrio_piger|t__SGB15467_group",32,0.0583941605839416,0.000559028046130548,FALSE,TRUE,FALSE,NA,"HMP1-2 taxonomy stool"
"k__Bacteria|p__Firmicutes|c__Clostridia|o__Clostridiales|f__Lachnospiraceae|g__Enterocloster|s__Enterocloster_lavalensis|t__SGB4725",110,0.200729927007299,0.000109095464507565,TRUE,TRUE,TRUE,0.00644417397621374,"HMP1-2 taxonomy stool"
"k__Bacteria|p__Firmicutes|c__Clostridia|o__Clostridiales|f__Clostridiales_unclassified|g__Clostridiales_unclassified|s__Clostridiales_unclassified_SGB15150|t__SGB15150",20,0.0364963503649635,0.000466759952491581,FALSE,TRUE,FALSE,NA,"HMP1-2 taxonomy stool"
"k__Bacteria|p__Proteobacteria|c__Alphaproteobacteria|o__Alphaproteobacteria_unclassified|f__Alphaproteobacteria_unclassified|g__GGB6608|s__GGB6608_SGB9342|t__SGB9342_group",31,0.0565693430656934,0.0507209360063163,FALSE,TRUE,FALSE,NA,"HMP1-2 taxonomy stool"
"k__Bacteria|p__Proteobacteria|c__Epsilonproteobacteria|o__Campylobacterales|f__Campylobacteraceae|g__Campylobacter|s__Campylobacter_hominis|t__SGB19429",45,0.0821167883211679,0.000203957831642702,FALSE,TRUE,FALSE,NA,"HMP1-2 taxonomy stool"
"k__Bacteria|p__Firmicutes|c__Clostridia|o__Clostridiales|f__Clostridiales_unclassified|g__Fenollaria|s__Fenollaria_timonensis|t__SGB6719",22,0.0401459854014599,0.000193913680228691,FALSE,TRUE,FALSE,NA,"HMP1-2 taxonomy stool"
"k__Bacteria|p__Bacteroidetes|c__Bacteroidia|o__Bacteroidales|f__Prevotellaceae|g__Prevotella|s__Prevotella_corporis|t__SGB1504",67,0.122262773722628,0.00018083137488032,TRUE,TRUE,TRUE,0.00917321321738404,"HMP1-2 taxonomy stool"
"k__Bacteria|p__Firmicutes|c__Clostridia|o__Clostridiales|f__Ruminococcaceae|g__Subdoligranulum|s__Subdoligranulum_SGB15305|t__SGB15305",3,0.00547445255474453,0.000103533323870007,FALSE,TRUE,FALSE,NA,"HMP1-2 taxonomy stool"
"k__Bacteria|p__Actinobacteria|c__Coriobacteriia|o__Eggerthellales|f__Eggerthellaceae|g__Gordonibacter|s__Gordonibacter_urolithinfaciens|t__SGB14808",75,0.136861313868613,0.000124041328218956,TRUE,TRUE,TRUE,0.00649170053470049,"HMP1-2 taxonomy stool"
"k__Bacteria|p__Firmicutes|c__Clostridia|o__Clostridiales|f__Lachnospiraceae|g__Lachnospiraceae_unclassified|s__Lachnospiraceae_bacterium|t__SGB4594",45,0.0821167883211679,5.92710960260104e-05,FALSE,FALSE,FALSE,NA,"HMP1-2 taxonomy stool"
"k__Bacteria|p__Bacteroidetes|c__Bacteroidia|o__Bacteroidales|f__Rikenellaceae|g__Alistipes|s__Alistipes_timonensis|t__SGB2299",42,0.0766423357664234,0.00116934514658892,FALSE,TRUE,FALSE,NA,"HMP1-2 taxonomy stool"
"k__Bacteria|p__Firmicutes|c__Clostridia|o__Clostridiales|f__Clostridiales_Family_XIII_Incertae_Sedis|g__Clostridiales_Family_XIII_Incertae_Sedis_unclassified|s__Clostridiales_Family_XIII_Incertae_Sedis_unclassified_SGB3978|t__SGB3978",16,0.0291970802919708,3.36562498931288e-05,FALSE,FALSE,FALSE,NA,"HMP1-2 taxonomy stool"
"k__Bacteria|p__Firmicutes|c__Clostridia|o__Clostridia_unclassified|f__Clostridia_unclassified|g__GGB3139|s__GGB3139_SGB4152|t__SGB4152",5,0.00912408759124088,0.000138099913078097,FALSE,TRUE,FALSE,NA,"HMP1-2 taxonomy stool"
"k__Bacteria|p__Firmicutes|c__Bacilli|o__Bacilli_unclassified|f__Bacilli_unclassified|g__Bacilli_unclassified|s__Bacilli_bacterium|t__SGB6440",10,0.0182481751824818,0.00789615931675074,FALSE,TRUE,FALSE,NA,"HMP1-2 taxonomy stool"
"k__Bacteria|p__Proteobacteria|c__Gammaproteobacteria|o__Enterobacterales|f__Enterobacteriaceae|g__Enterobacter|s__Enterobacter_hormaechei|t__SGB10130_group",8,0.0145985401459854,0.000361149984652512,FALSE,TRUE,FALSE,NA,"HMP1-2 taxonomy stool"
"k__Bacteria|p__Firmicutes|c__Clostridia|o__Clostridiales|f__Oscillospiraceae|g__Oscillibacter|s__Oscillibacter_SGB15077|t__SGB15077",23,0.041970802919708,0.00017157817473053,FALSE,TRUE,FALSE,NA,"HMP1-2 taxonomy stool"
"k__Bacteria|p__Firmicutes|c__Clostridia|o__Clostridiales|f__Lachnospiraceae|g__Lachnoclostridium|s__Lachnoclostridium_sp_An131|t__SGB4775",47,0.0857664233576642,3.52765951270239e-05,FALSE,FALSE,FALSE,NA,"HMP1-2 taxonomy stool"
"k__Bacteria|p__Bacteroidetes|c__Bacteroidia|o__Bacteroidales|f__Porphyromonadaceae|g__Porphyromonas|s__Porphyromonas_bennonis|t__SGB1985",28,0.0510948905109489,5.64500108993065e-05,FALSE,FALSE,FALSE,NA,"HMP1-2 taxonomy stool"
"k__Bacteria|p__Firmicutes|c__Clostridia|o__Clostridiales|f__Ruminococcaceae|g__Angelakisella|s__Angelakisella_massiliensis|t__SGB29321",54,0.0985401459854015,4.63462941844523e-05,FALSE,FALSE,FALSE,NA,"HMP1-2 taxonomy stool"
"k__Bacteria|p__Firmicutes|c__CFGB9612|o__OFGB9612|f__FGB9612|g__GGB45495|s__GGB45495_SGB63167|t__SGB63167",16,0.0291970802919708,3.49437530493785e-05,FALSE,FALSE,FALSE,NA,"HMP1-2 taxonomy stool"
"k__Bacteria|p__Firmicutes|c__Clostridia|o__Clostridiales|f__Lachnospiraceae|g__Lachnospiraceae_unclassified|s__Lachnospiraceae_bacterium|t__SGB4773",8,0.0145985401459854,6.19249905325034e-05,FALSE,FALSE,FALSE,NA,"HMP1-2 taxonomy stool"
"k__Bacteria|p__Firmicutes|c__Clostridia|o__Clostridiales|f__Clostridiaceae|g__Clostridiaceae_unclassified|s__Clostridiaceae_bacterium|t__SGB7256",63,0.114963503649635,2.33714271138134e-05,TRUE,FALSE,FALSE,NA,"HMP1-2 taxonomy stool"
"k__Bacteria|p__Firmicutes|c__Clostridia|o__Clostridiales|f__Lachnospiraceae|g__Lachnoclostridium|s__Lachnoclostridium_phocaeense|t__SGB4622",9,0.0164233576642336,9.5633328714449e-05,FALSE,FALSE,FALSE,NA,"HMP1-2 taxonomy stool"
"k__Bacteria|p__Firmicutes|c__Clostridia|o__Clostridiales|f__Clostridiales_unclassified|g__Massilistercora|s__Massilistercora_timonensis|t__SGB4628",43,0.0784671532846715,0.000116639552010949,FALSE,TRUE,FALSE,NA,"HMP1-2 taxonomy stool"
"k__Bacteria|p__Firmicutes|c__Clostridia|o__Clostridiales|f__Lachnospiraceae|g__Sellimonas|s__Sellimonas_intestinalis|t__SGB4617",69,0.125912408759124,0.000318647801874375,TRUE,TRUE,TRUE,0.0126417718540616,"HMP1-2 taxonomy stool"
"k__Bacteria|p__Firmicutes|c__Clostridia|o__Clostridiales|f__Lachnospiraceae|g__GGB3463|s__GGB3463_SGB4621|t__SGB4621",26,0.0474452554744526,0.000204053808380025,FALSE,TRUE,FALSE,NA,"HMP1-2 taxonomy stool"
"k__Bacteria|p__Firmicutes|c__Clostridia|o__Clostridiales|f__Ruminococcaceae|g__GGB9695|s__GGB9695_SGB15209|t__SGB15209",34,0.062043795620438,0.000171573560475619,FALSE,TRUE,FALSE,NA,"HMP1-2 taxonomy stool"
"k__Bacteria|p__Firmicutes|c__Clostridia|o__Clostridia_unclassified|f__Clostridia_unclassified|g__Candidatus_Roslinia|s__Candidatus_Roslinia_caecavium|t__SGB4165",8,0.0145985401459854,8.90500208000292e-05,FALSE,FALSE,FALSE,NA,"HMP1-2 taxonomy stool"
"k__Bacteria|p__Firmicutes|c__Clostridia|o__Clostridia_unclassified|f__Clostridia_unclassified|g__Clostridia_unclassified|s__Clostridia_bacterium|t__SGB14854",95,0.173357664233577,8.23326346425506e-05,TRUE,FALSE,FALSE,NA,"HMP1-2 taxonomy stool"
"k__Bacteria|p__Firmicutes|c__CFGB1192|o__OFGB1192|f__FGB1192|g__GGB2945|s__GGB2945_SGB3918|t__SGB3918",6,0.0109489051094891,3.75166662566707e-05,FALSE,FALSE,FALSE,NA,"HMP1-2 taxonomy stool"
"k__Bacteria|p__Firmicutes|c__Clostridia|o__Clostridia_unclassified|f__Clostridia_unclassified|g__Clostridia_unclassified|s__Clostridia_unclassified_SGB66170|t__SGB66170",50,0.0912408759124088,7.47959951080155e-05,FALSE,FALSE,FALSE,NA,"HMP1-2 taxonomy stool"
"k__Bacteria|p__Firmicutes|c__Tissierellia|o__Tissierellales|f__Tissierellaceae|g__Urmitella|s__Urmitella_timonensis|t__SGB15478",12,0.0218978102189781,0.000378783201422687,FALSE,TRUE,FALSE,NA,"HMP1-2 taxonomy stool"
"k__Bacteria|p__Bacteroidetes|c__Bacteroidia|o__Bacteroidales|f__Porphyromonadaceae|g__Porphyromonas|s__Porphyromonas_somerae|t__SGB1991",21,0.0383211678832117,0.00022080956298811,FALSE,TRUE,FALSE,NA,"HMP1-2 taxonomy stool"
"k__Bacteria|p__Firmicutes|c__Clostridia|o__Clostridiales|f__Eubacteriaceae|g__Anaerofustis|s__Anaerofustis_stercorihominis|t__SGB4116",10,0.0182481751824818,4.11899964850007e-05,FALSE,FALSE,FALSE,NA,"HMP1-2 taxonomy stool"
"k__Bacteria|p__Bacteroidetes|c__Bacteroidia|o__Bacteroidales|f__Bacteroidales_unclassified|g__GGB1460|s__GGB1460_SGB2023|t__SGB2023",3,0.00547445255474453,0.000376966555523367,FALSE,TRUE,FALSE,NA,"HMP1-2 taxonomy stool"
"k__Bacteria|p__Firmicutes|c__Clostridia|o__Clostridia_unclassified|f__Clostridia_unclassified|g__Clostridia_unclassified|s__Clostridia_bacterium|t__SGB53497",111,0.202554744525547,6.12612675035245e-05,TRUE,FALSE,FALSE,NA,"HMP1-2 taxonomy stool"
"k__Bacteria|p__Bacteroidetes|c__CFGB618|o__OFGB618|f__FGB618|g__GGB1456|s__GGB1456_SGB2019|t__SGB2019",50,0.0912408759124088,0.000122978013504027,FALSE,TRUE,FALSE,NA,"HMP1-2 taxonomy stool"
"k__Bacteria|p__Firmicutes|c__Clostridia|o__Clostridiales|f__Ruminococcaceae|g__GGB9620|s__GGB9620_SGB15068|t__SGB15068",45,0.0821167883211679,0.000277293304266044,FALSE,TRUE,FALSE,NA,"HMP1-2 taxonomy stool"
"k__Bacteria|p__Firmicutes|c__Clostridia|o__Clostridiales|f__Ruminococcaceae|g__GGB9621|s__GGB9621_SGB15073|t__SGB15073",81,0.147810218978102,0.00028111113793213,TRUE,TRUE,TRUE,0.0105403127966163,"HMP1-2 taxonomy stool"
"k__Bacteria|p__Firmicutes|c__Clostridia|o__Clostridia_unclassified|f__Clostridia_unclassified|g__Clostridia_unclassified|s__Clostridia_bacterium|t__SGB6353",11,0.0200729927007299,0.00018474548414638,FALSE,TRUE,FALSE,NA,"HMP1-2 taxonomy stool"
"k__Bacteria|p__Firmicutes|c__Tissierellia|o__Tissierellales|f__Peptoniphilaceae|g__Anaerococcus|s__Anaerococcus_obesiensis|t__SGB6661",19,0.0346715328467153,7.6226287775284e-05,FALSE,FALSE,FALSE,NA,"HMP1-2 taxonomy stool"
"k__Bacteria|p__Firmicutes|c__Clostridia|o__Clostridiales|f__Clostridiales_Family_XIII_Incertae_Sedis|g__Alterileibacterium|s__Alterileibacterium_massiliense|t__SGB3980",6,0.0109489051094891,3.64000195650257e-05,FALSE,FALSE,FALSE,NA,"HMP1-2 taxonomy stool"
"k__Bacteria|p__Firmicutes|c__Clostridia|o__Clostridiales|f__Ruminococcaceae|g__Massilimaliae|s__Massilimaliae_timonensis|t__SGB7253",90,0.164233576642336,3.05822219764478e-05,TRUE,FALSE,FALSE,NA,"HMP1-2 taxonomy stool"
"k__Bacteria|p__Firmicutes|c__Clostridia|o__Clostridiales|f__Lachnospiraceae|g__Lachnospiraceae_unclassified|s__Lachnospiraceae_bacterium|t__SGB4784",13,0.0237226277372263,0.000294715368596165,FALSE,TRUE,FALSE,NA,"HMP1-2 taxonomy stool"
"k__Bacteria|p__Firmicutes|c__Clostridia|o__Clostridiales|f__Clostridiales_unclassified|g__Lawsonibacter|s__Lawsonibacter_sp_NSJ_52|t__SGB15125",91,0.166058394160584,0.00112405068677016,TRUE,TRUE,TRUE,0.0281959474006212,"HMP1-2 taxonomy stool"
"k__Bacteria|p__Firmicutes|c__Clostridia|o__Clostridiales|f__Ruminococcaceae|g__Ruminococcaceae_unclassified|s__Clostridium_methylpentosum|t__SGB14962",43,0.0784671532846715,2.96953439204713e-05,FALSE,FALSE,FALSE,NA,"HMP1-2 taxonomy stool"
"k__Bacteria|p__Firmicutes|c__Clostridia|o__Clostridiales|f__Clostridiales_unclassified|g__Clostridiales_unclassified|s__Clostridiales_bacterium_Marseille_P2846|t__SGB29342",34,0.062043795620438,0.000198447122704816,FALSE,TRUE,FALSE,NA,"HMP1-2 taxonomy stool"
"k__Bacteria|p__Firmicutes|c__Clostridia|o__Clostridiales|f__Christensenellaceae|g__Christensenellaceae_unclassified|s__Christensenellaceae_bacterium_NSJ_44|t__SGB7265",20,0.0364963503649635,3.22099950685045e-05,FALSE,FALSE,FALSE,NA,"HMP1-2 taxonomy stool"
"k__Bacteria|p__Firmicutes|c__Clostridia|o__Clostridia_unclassified|f__Clostridia_unclassified|g__Clostridia_unclassified|s__Clostridia_bacterium|t__SGB3961",88,0.160583941605839,0.000198236315899028,TRUE,TRUE,TRUE,0.0101706873633547,"HMP1-2 taxonomy stool"
"k__Bacteria|p__Proteobacteria|c__Gammaproteobacteria|o__Enterobacterales|f__Enterobacteriaceae|g__Klebsiella|s__Klebsiella_pneumoniae|t__SGB10115",31,0.0565693430656934,0.000604006418898744,FALSE,TRUE,FALSE,NA,"HMP1-2 taxonomy stool"
"k__Bacteria|p__Firmicutes|c__Clostridia|o__Clostridia_unclassified|f__Clostridia_unclassified|g__Clostridia_unclassified|s__Clostridia_bacterium|t__SGB4531",9,0.0164233576642336,1.52333347222252e-05,FALSE,FALSE,FALSE,NA,"HMP1-2 taxonomy stool"
"k__Bacteria|p__Firmicutes|c__Clostridia|o__Clostridia_unclassified|f__Clostridia_unclassified|g__Clostridia_unclassified|s__Clostridia_bacterium|t__SGB3969",55,0.10036496350365,7.71163603749213e-05,TRUE,FALSE,FALSE,NA,"HMP1-2 taxonomy stool"
"k__Bacteria|p__Firmicutes|c__Clostridia|o__Clostridiales|f__Lachnospiraceae|g__GGB3583|s__GGB3583_SGB4799|t__SGB4799",3,0.00547445255474453,9.23000015000002e-05,FALSE,FALSE,FALSE,NA,"HMP1-2 taxonomy stool"
"k__Bacteria|p__Firmicutes|c__Clostridia|o__Clostridiales|f__Clostridiaceae|g__Clostridium|s__Clostridium_transplantifaecale|t__SGB29435",4,0.0072992700729927,4.47250004575002e-05,FALSE,FALSE,FALSE,NA,"HMP1-2 taxonomy stool"
"k__Bacteria|p__Firmicutes|c__Clostridia|o__Clostridiales|f__Christensenellaceae|g__Christensenella|s__Christensenella_sp_Marseille_P3954|t__SGB29301",17,0.031021897810219,1.35294066376509e-05,FALSE,FALSE,FALSE,NA,"HMP1-2 taxonomy stool"
"k__Bacteria|p__Firmicutes|c__Clostridia|o__Clostridiales|f__Clostridiaceae|g__Clostridiaceae_unclassified|s__Clostridiaceae_bacterium|t__SGB82499",24,0.0437956204379562,3.22458367195878e-05,FALSE,FALSE,FALSE,NA,"HMP1-2 taxonomy stool"
"k__Bacteria|p__Firmicutes|c__Bacilli|o__Bacilli_unclassified|f__Bacilli_unclassified|g__Bacilli_unclassified|s__Bacilli_bacterium|t__SGB6542",2,0.00364963503649635,1.44999930500073e-06,FALSE,FALSE,FALSE,NA,"HMP1-2 taxonomy stool"
"k__Bacteria|p__Firmicutes|c__Clostridia|o__Clostridiales|f__Clostridiaceae|g__Clostridium|s__Clostridium_sp_AF34_13|t__SGB4659",92,0.167883211678832,0.00074946298874296,TRUE,TRUE,TRUE,0.0174648658880422,"HMP1-2 taxonomy stool"
"k__Bacteria|p__Firmicutes|c__Tissierellia|o__Tissierellia_unclassified|f__Tissierellia_unclassified|g__Ezakiella|s__Ezakiella_SGB6726|t__SGB6726",9,0.0164233576642336,2.84000032922254e-05,FALSE,FALSE,FALSE,NA,"HMP1-2 taxonomy stool"
"k__Bacteria|p__Firmicutes|c__Clostridia|o__Clostridiales|f__Lachnospiraceae|g__Lachnoclostridium|s__Lachnoclostridium_SGB4598|t__SGB4598",7,0.0127737226277372,6.0757151924294e-05,FALSE,FALSE,FALSE,NA,"HMP1-2 taxonomy stool"
"k__Bacteria|p__Firmicutes|c__Clostridia|o__Clostridiales|f__Lachnospiraceae|g__Eisenbergiella|s__Eisenbergiella_sp_OF01_20|t__SGB4989",6,0.0109489051094891,3.52666606400053e-05,FALSE,FALSE,FALSE,NA,"HMP1-2 taxonomy stool"
"k__Bacteria|p__Fusobacteria|c__Fusobacteriia|o__Fusobacteriales|f__Leptotrichiaceae|g__Leptotrichia|s__Leptotrichia_shahii|t__SGB29045",0,0,NA,FALSE,FALSE,FALSE,NA,"HMP1-2 taxonomy stool"
"k__Bacteria|p__Candidatus_Saccharibacteria|c__CFGB4356|o__OFGB4356|f__FGB4356|g__GGB12790|s__GGB12790_SGB19844|t__SGB19844",0,0,NA,FALSE,FALSE,FALSE,NA,"HMP1-2 taxonomy stool"
"k__Bacteria|p__Proteobacteria|c__CFGB4196|o__OFGB4196|f__FGB4196|g__GGB12440|s__GGB12440_SGB19288|t__SGB19288",0,0,NA,FALSE,FALSE,FALSE,NA,"HMP1-2 taxonomy stool"
"k__Bacteria|p__Firmicutes|c__Negativicutes|o__Selenomonadales|f__Selenomonadaceae|g__Selenomonas|s__Selenomonas_flueggei|t__SGB5882",0,0,NA,FALSE,FALSE,FALSE,NA,"HMP1-2 taxonomy stool"
"k__Bacteria|p__Firmicutes|c__Bacilli|o__Lactobacillales|f__Streptococcaceae|g__Streptococcus|s__Streptococcus_massiliensis|t__SGB25278",0,0,NA,FALSE,FALSE,FALSE,NA,"HMP1-2 taxonomy stool"
"k__Bacteria|p__Firmicutes|c__Negativicutes|o__Veillonellales|f__Veillonellaceae|g__Dialister|s__Dialister_pneumosintes|t__SGB5842",12,0.0218978102189781,3.87333306050048e-05,FALSE,FALSE,FALSE,NA,"HMP1-2 taxonomy stool"
"k__Bacteria|p__Actinobacteria|c__Actinobacteria|o__Propionibacteriales|f__Propionibacteriaceae|g__Cutibacterium|s__Cutibacterium_namnetense|t__SGB16956",0,0,NA,FALSE,FALSE,FALSE,NA,"HMP1-2 taxonomy stool"
"k__Eukaryota|p__Basidiomycota|c__Malasseziomycetes|o__Malasseziales|f__Malasseziaceae|g__Malassezia|s__Malassezia_restricta|t__EUK76775",2,0.00364963503649635,0.000477549913125025,FALSE,TRUE,FALSE,NA,"HMP1-2 taxonomy stool"
"k__Bacteria|p__Firmicutes|c__Bacilli|o__Bacillales|f__Staphylococcaceae|g__Staphylococcus|s__Staphylococcus_capitis|t__SGB7863",0,0,NA,FALSE,FALSE,FALSE,NA,"HMP1-2 taxonomy stool"
"k__Bacteria|p__Actinobacteria|c__Actinobacteria|o__Corynebacteriales|f__Corynebacteriaceae|g__Corynebacterium|s__Corynebacterium_aurimucosum|t__SGB17102_group",0,0,NA,FALSE,FALSE,FALSE,NA,"HMP1-2 taxonomy stool"
"k__Bacteria|p__Bacteroidetes|c__Bacteroidia|o__Bacteroidales|f__Rikenellaceae|g__GGB1632|s__GGB1632_SGB2240|t__SGB2240",7,0.0127737226277372,0.0606248006632894,FALSE,TRUE,FALSE,NA,"HMP1-2 taxonomy stool"
"k__Bacteria|p__Bacteroidetes|c__Bacteroidia|o__Bacteroidales|f__Prevotellaceae|g__Prevotella|s__Prevotella_hominis|t__SGB1617_group",10,0.0182481751824818,0.0564685344411398,FALSE,TRUE,FALSE,NA,"HMP1-2 taxonomy stool"
"k__Bacteria|p__Bacteroidetes|c__Bacteroidia|o__Bacteroidales|f__Prevotellaceae|g__Prevotellamassilia|s__Prevotellamassilia_timonensis|t__SGB1477_group",6,0.0109489051094891,0.0486754620802728,FALSE,TRUE,FALSE,NA,"HMP1-2 taxonomy stool"
"k__Bacteria|p__Bacteroidetes|c__Bacteroidia|o__Bacteroidales|f__Rikenellaceae|g__Rikenellaceae_unclassified|s__Rikenellaceae_bacterium|t__SGB2279",3,0.00547445255474453,0.0102129009744702,FALSE,TRUE,FALSE,NA,"HMP1-2 taxonomy stool"
"k__Bacteria|p__Firmicutes|c__Clostridia|o__Clostridiales|f__Ruminococcaceae|g__GGB9710|s__GGB9710_SGB15239|t__SGB15239",12,0.0218978102189781,0.005831659190233,FALSE,TRUE,FALSE,NA,"HMP1-2 taxonomy stool"
"k__Bacteria|p__Bacteroidetes|c__Bacteroidia|o__Bacteroidales|f__Tannerellaceae|g__GGB1407|s__GGB1407_SGB1931|t__SGB1931",1,0.00182481751824818,0.0191019019101902,FALSE,TRUE,FALSE,NA,"HMP1-2 taxonomy stool"
"k__Bacteria|p__Bacteroidetes|c__Bacteroidia|o__Bacteroidales|f__Tannerellaceae|g__Parabacteroides|s__Parabacteroides_massiliensis|t__SGB1945",15,0.0273722627737226,0.00391635384482403,FALSE,TRUE,FALSE,NA,"HMP1-2 taxonomy stool"
"k__Bacteria|p__Bacteroidetes|c__Bacteroidia|o__Bacteroidales|f__Odoribacteraceae|g__Butyricimonas|s__Butyricimonas_faecalis|t__SGB1782",23,0.041970802919708,0.00331654814620766,FALSE,TRUE,FALSE,NA,"HMP1-2 taxonomy stool"
"k__Bacteria|p__Bacteroidetes|c__Bacteroidia|o__Bacteroidales|f__Bacteroidaceae|g__GGB1387|s__GGB1387_SGB1895|t__SGB1895",4,0.0072992700729927,0.107196313065523,FALSE,TRUE,FALSE,NA,"HMP1-2 taxonomy stool"
"k__Bacteria|p__Firmicutes|c__Clostridia|o__Clostridiales|f__Ruminococcaceae|g__GGB9618|s__GGB9618_SGB15065|t__SGB15065",16,0.0291970802919708,0.000132106294083799,FALSE,TRUE,FALSE,NA,"HMP1-2 taxonomy stool"
"k__Archaea|p__Euryarchaeota|c__CFGB343|o__OFGB343|f__FGB343|g__GGB781|s__GGB781_SGB1024|t__SGB1024",3,0.00547445255474453,0.0190716623674212,FALSE,TRUE,FALSE,NA,"HMP1-2 taxonomy stool"
"k__Bacteria|p__Verrucomicrobia|c__Opitutae|o__Opitutales|f__Opitutales_unclassified|g__GGB6127|s__GGB6127_SGB8773|t__SGB8773",3,0.00547445255474453,0.000245366667643337,FALSE,TRUE,FALSE,NA,"HMP1-2 taxonomy stool"
"k__Bacteria|p__Bacteroidetes|c__Flavobacteriia|o__Flavobacteriales|f__Flavobacteriales_unclassified|g__GGB1662|s__GGB1662_SGB2276|t__SGB2276",11,0.0200729927007299,0.00136734537801565,FALSE,TRUE,FALSE,NA,"HMP1-2 taxonomy stool"
"k__Bacteria|p__Proteobacteria|c__Deltaproteobacteria|o__Desulfovibrionales|f__Desulfovibrionaceae|g__Desulfovibrio|s__Desulfovibrio_legallii|t__SGB15469",7,0.0127737226277372,0.000968428735391474,FALSE,TRUE,FALSE,NA,"HMP1-2 taxonomy stool"
"k__Bacteria|p__Firmicutes|c__Clostridia|o__Clostridiales|f__Lachnospiraceae|g__Lachnoclostridium|s__Lachnoclostridium_sp_An118|t__SGB4623",13,0.0237226277372263,0.000179615389513084,FALSE,TRUE,FALSE,NA,"HMP1-2 taxonomy stool"
"k__Bacteria|p__Proteobacteria|c__Oligoflexia|o__Bdellovibrionales|f__Bdellovibrionales_unclassified|g__Bdellovibrionales_unclassified|s__Bdellovibrionales_bacterium|t__SGB55025",32,0.0583941605839416,0.000116381254786264,FALSE,TRUE,FALSE,NA,"HMP1-2 taxonomy stool"
"k__Bacteria|p__Firmicutes|c__Clostridia|o__Clostridia_unclassified|f__Clostridia_unclassified|g__Clostridia_unclassified|s__Clostridia_bacterium|t__SGB13994",2,0.00364963503649635,5.75000057500006e-05,FALSE,FALSE,FALSE,NA,"HMP1-2 taxonomy stool"
"k__Bacteria|p__Bacteria_unclassified|c__Bacteria_unclassified|o__Bacteria_unclassified|f__Bacteria_unclassified|g__Bacteria_unclassified|s__bacterium_OL_1|t__SGB14389_group",5,0.00912408759124088,0.000213420135834099,FALSE,TRUE,FALSE,NA,"HMP1-2 taxonomy stool"
"k__Bacteria|p__Actinobacteria|c__Coriobacteriia|o__Eggerthellales|f__Eggerthellaceae|g__Raoultibacter|s__Raoultibacter_timonensis|t__SGB33550",14,0.0255474452554745,7.76071595842977e-05,FALSE,FALSE,FALSE,NA,"HMP1-2 taxonomy stool"
"k__Bacteria|p__Firmicutes|c__Clostridia|o__Clostridiales|f__Catabacteriaceae|g__Catabacter|s__Catabacter_hongkongensis|t__SGB14143",49,0.0894160583941606,6.37591839512328e-05,FALSE,FALSE,FALSE,NA,"HMP1-2 taxonomy stool"
"k__Bacteria|p__Firmicutes|c__Clostridia|o__Clostridiales|f__Lachnospiraceae|g__Lachnospiraceae_unclassified|s__Lachnospiraceae_bacterium|t__SGB4747",27,0.0492700729927007,0.0005895259171882,FALSE,TRUE,FALSE,NA,"HMP1-2 taxonomy stool"
"k__Bacteria|p__Firmicutes|c__Clostridia|o__Clostridiales|f__Ruminococcaceae|g__Neobittarella|s__Neobittarella_massiliensis|t__SGB7264",49,0.0894160583941606,1.51938788402068e-05,FALSE,FALSE,FALSE,NA,"HMP1-2 taxonomy stool"
"k__Bacteria|p__Actinobacteria|c__Coriobacteriia|o__Coriobacteriales|f__Atopobiaceae|g__Olsenella|s__Olsenella_provencensis|t__SGB14367",1,0.00182481751824818,1.56000015600002e-05,FALSE,FALSE,FALSE,NA,"HMP1-2 taxonomy stool"
"k__Bacteria|p__Proteobacteria|c__Betaproteobacteria|o__Burkholderiales|f__Oxalobacteraceae|g__GGB6648|s__GGB6648_SGB9389|t__SGB9389",3,0.00547445255474453,0.000218333475950097,FALSE,TRUE,FALSE,NA,"HMP1-2 taxonomy stool"
"k__Bacteria|p__Firmicutes|c__Clostridia|o__Clostridiales|f__Clostridiales_unclassified|g__Clostridiales_unclassified|s__Clostridiales_unclassified_SGB15148|t__SGB15148",8,0.0145985401459854,0.000494787407550029,FALSE,TRUE,FALSE,NA,"HMP1-2 taxonomy stool"
"k__Bacteria|p__Firmicutes|c__Negativicutes|o__Selenomonadales|f__Selenomonadaceae|g__Megamonas|s__Megamonas_funiformis|t__SGB6962_group",22,0.0401459854014599,0.01625413922589,FALSE,TRUE,FALSE,NA,"HMP1-2 taxonomy stool"
"k__Bacteria|p__Firmicutes|c__Clostridia|o__Clostridiales|f__Lachnospiraceae|g__Tyzzerella|s__Tyzzerella_nexilis|t__SGB4588_group",61,0.111313868613139,0.00507768830936677,TRUE,TRUE,TRUE,0.0591181442921146,"HMP1-2 taxonomy stool"
"k__Bacteria|p__Firmicutes|c__Clostridia|o__Clostridiales|f__Lachnospiraceae|g__GGB3523|s__GGB3523_SGB4703|t__SGB4703",67,0.122262773722628,0.00044511786795421,TRUE,TRUE,TRUE,0.0149358551378701,"HMP1-2 taxonomy stool"
"k__Bacteria|p__Firmicutes|c__Clostridia|o__Clostridiales|f__Clostridiaceae|g__Clostridium|s__Clostridium_sp_C5_48|t__SGB4752",13,0.0237226277372263,0.000375484626016167,FALSE,TRUE,FALSE,NA,"HMP1-2 taxonomy stool"
"k__Bacteria|p__Firmicutes|c__CFGB42358|o__OFGB42358|f__FGB42358|g__GGB51510|s__GGB51510_SGB71883|t__SGB71883",36,0.0656934306569343,7.604444175862e-05,FALSE,FALSE,FALSE,NA,"HMP1-2 taxonomy stool"
"k__Bacteria|p__Firmicutes|c__Clostridia|o__Clostridiales|f__Lachnospiraceae|g__Blautia|s__Blautia_hansenii|t__SGB4794_group",28,0.0510948905109489,0.00039449998334682,FALSE,TRUE,FALSE,NA,"HMP1-2 taxonomy stool"
"k__Bacteria|p__Firmicutes|c__Clostridia|o__Clostridiales|f__Lachnospiraceae|g__Blautia|s__Blautia_hansenii|t__SGB4798",33,0.0602189781021898,0.000212687897873648,FALSE,TRUE,FALSE,NA,"HMP1-2 taxonomy stool"
"k__Bacteria|p__Firmicutes|c__Erysipelotrichia|o__Erysipelotrichales|f__Erysipelotrichaceae|g__Turicibacter|s__Turicibacter_sanguinis|t__SGB6846",58,0.105839416058394,0.000206394692526337,TRUE,TRUE,TRUE,0.0119711961793879,"HMP1-2 taxonomy stool"
"k__Bacteria|p__Firmicutes|c__Clostridia|o__Clostridiales|f__Lachnospiraceae|g__Lachnospiraceae_unclassified|s__Lachnospiraceae_bacterium|t__SGB4861",15,0.0273722627737226,0.000108226654544676,FALSE,TRUE,FALSE,NA,"HMP1-2 taxonomy stool"
"k__Bacteria|p__Firmicutes|c__Erysipelotrichia|o__Erysipelotrichales|f__Erysipelotrichaceae|g__Amedibacterium|s__Amedibacterium_intestinale|t__SGB4042",24,0.0437956204379562,0.00121657904406132,FALSE,TRUE,FALSE,NA,"HMP1-2 taxonomy stool"
"k__Bacteria|p__Actinobacteria|c__Actinobacteria|o__Micrococcales|f__Micrococcaceae|g__Rothia|s__Rothia_mucilaginosa|t__SGB16986",8,0.0145985401459854,0.00136614956598518,FALSE,TRUE,FALSE,NA,"HMP1-2 taxonomy stool"
"k__Bacteria|p__Actinobacteria|c__Actinobacteria|o__Bifidobacteriales|f__Bifidobacteriaceae|g__Gardnerella|s__Gardnerella_vaginalis|t__SGB21500",6,0.0109489051094891,1.49999946633431e-05,FALSE,FALSE,FALSE,NA,"HMP1-2 taxonomy stool"
"k__Bacteria|p__Firmicutes|c__Bacilli|o__Bacillales|f__Staphylococcaceae|g__Staphylococcus|s__Staphylococcus_saccharolyticus|t__SGB7864",1,0.00182481751824818,0.000152899969420006,FALSE,TRUE,FALSE,NA,"HMP1-2 taxonomy stool"
"k__Bacteria|p__Firmicutes|c__Bacilli|o__Bacillales|f__Staphylococcaceae|g__Staphylococcus|s__Staphylococcus_hominis|t__SGB7858",0,0,NA,FALSE,FALSE,FALSE,NA,"HMP1-2 taxonomy stool"
"k__Bacteria|p__Actinobacteria|c__Actinobacteria|o__Bifidobacteriales|f__Bifidobacteriaceae|g__Bifidobacterium|s__Bifidobacterium_scardovii|t__SGB17257",1,0.00182481751824818,7.46999925300008e-05,FALSE,FALSE,FALSE,NA,"HMP1-2 taxonomy stool"
"k__Bacteria|p__Actinobacteria|c__Actinobacteria|o__Bifidobacteriales|f__Bifidobacteriaceae|g__Bifidobacterium|s__Bifidobacterium_dentium|t__SGB17234",2,0.00364963503649635,7.09999940500037e-06,FALSE,FALSE,FALSE,NA,"HMP1-2 taxonomy stool"
"k__Bacteria|p__Firmicutes|c__Bacilli|o__Lactobacillales|f__Streptococcaceae|g__Streptococcus|s__Streptococcus_agalactiae|t__SGB8216",1,0.00182481751824818,3.79999772000137e-06,FALSE,FALSE,FALSE,NA,"HMP1-2 taxonomy stool"
"k__Bacteria|p__Firmicutes|c__Bacilli|o__Lactobacillales|f__Lactobacillaceae|g__Limosilactobacillus|s__Lactobacillus_panis|t__SGB7094",0,0,NA,FALSE,FALSE,FALSE,NA,"HMP1-2 taxonomy stool"
"k__Bacteria|p__Firmicutes|c__Bacilli|o__Lactobacillales|f__Lactobacillaceae|g__Limosilactobacillus|s__Limosilactobacillus_fermentum|t__SGB7106",4,0.0072992700729927,8.89999854850043e-05,FALSE,FALSE,FALSE,NA,"HMP1-2 taxonomy stool"
"k__Bacteria|p__Firmicutes|c__Bacilli|o__Lactobacillales|f__Lactobacillaceae|g__Lacticaseibacillus|s__Lacticaseibacillus_rhamnosus|t__SGB7144",4,0.0072992700729927,2.35999908300086e-05,FALSE,FALSE,FALSE,NA,"HMP1-2 taxonomy stool"
"k__Bacteria|p__Firmicutes|c__Clostridia|o__Clostridia_unclassified|f__Clostridia_unclassified|g__Clostridia_unclassified|s__Clostridia_bacterium|t__SGB15411",17,0.031021897810219,4.93764940794364e-05,FALSE,FALSE,FALSE,NA,"HMP1-2 taxonomy stool"
"k__Bacteria|p__Firmicutes|c__Clostridia|o__Clostridiales|f__Ruminococcaceae|g__Bittarella|s__Bittarella_massiliensis|t__SGB7263",116,0.211678832116788,4.24999973225067e-05,TRUE,FALSE,FALSE,NA,"HMP1-2 taxonomy stool"
"k__Bacteria|p__Firmicutes|c__Clostridia|o__Clostridiales|f__Clostridiales_unclassified|g__Intestinimonas|s__Intestinimonas_timonensis|t__SGB29334",21,0.0383211678832117,0.000193504732830031,FALSE,TRUE,FALSE,NA,"HMP1-2 taxonomy stool"
"k__Bacteria|p__Chloroflexi|c__Anaerolineae|o__Anaerolineales|f__Anaerolineaceae|g__Anaerolineaceae_unclassified|s__Anaerolineaceae_bacterium_oral_taxon_439|t__SGB17621",0,0,NA,FALSE,FALSE,FALSE,NA,"HMP1-2 taxonomy stool"
"k__Bacteria|p__Actinobacteria|c__Actinobacteria|o__Micrococcales|f__Microbacteriaceae|g__Microbacterium|s__Microbacterium_aurum|t__SGB16914",0,0,NA,FALSE,FALSE,FALSE,NA,"HMP1-2 taxonomy stool"
"k__Bacteria|p__Proteobacteria|c__CFGB2428|o__OFGB2428|f__FGB2428|g__GGB6646|s__GGB6646_SGB9384|t__SGB9384",0,0,NA,FALSE,FALSE,FALSE,NA,"HMP1-2 taxonomy stool"
"k__Bacteria|p__Actinobacteria|c__Actinobacteria|o__Corynebacteriales|f__Corynebacteriaceae|g__Corynebacterium|s__Corynebacterium_macginleyi|t__SGB33689",0,0,NA,FALSE,FALSE,FALSE,NA,"HMP1-2 taxonomy stool"
"k__Bacteria|p__Firmicutes|c__Tissierellia|o__Tissierellales|f__Peptoniphilaceae|g__Finegoldia|s__Finegoldia_magna|t__SGB6686_group",5,0.00912408759124088,1.86999911340047e-05,FALSE,FALSE,FALSE,NA,"HMP1-2 taxonomy stool"
"k__Bacteria|p__Bacteroidetes|c__Bacteroidia|o__Bacteroidales|f__Bacteroidales_unclassified|g__Bacteroidales_unclassified|s__Bacteroidales_bacterium|t__SGB2092",1,0.00182481751824818,0.00605890363534218,FALSE,TRUE,FALSE,NA,"HMP1-2 taxonomy stool"
"k__Bacteria|p__Firmicutes|c__Clostridia|o__Clostridia_unclassified|f__Clostridia_unclassified|g__Clostridia_unclassified|s__Clostridia_bacterium|t__SGB4141",5,0.00912408759124088,0.000711580294804195,FALSE,TRUE,FALSE,NA,"HMP1-2 taxonomy stool"
"k__Bacteria|p__Firmicutes|c__Clostridia|o__Clostridia_unclassified|f__Clostridia_unclassified|g__Clostridia_unclassified|s__Clostridia_bacterium|t__SGB14199",21,0.0383211678832117,0.000645514490391665,FALSE,TRUE,FALSE,NA,"HMP1-2 taxonomy stool"
"k__Bacteria|p__Firmicutes|c__Clostridia|o__Clostridiales|f__Clostridiaceae|g__Clostridium|s__Clostridium_sp_OM07_10AC|t__SGB4655",17,0.031021897810219,0.000910776493407145,FALSE,TRUE,FALSE,NA,"HMP1-2 taxonomy stool"
"k__Bacteria|p__Firmicutes|c__Clostridia|o__Clostridia_unclassified|f__Clostridia_unclassified|g__Clostridia_unclassified|s__Clostridia_bacterium|t__SGB4335",15,0.0273722627737226,0.00516684039154293,FALSE,TRUE,FALSE,NA,"HMP1-2 taxonomy stool"
"k__Bacteria|p__Firmicutes|c__Bacilli|o__Lactobacillales|f__Streptococcaceae|g__Streptococcus|s__Streptococcus_gallolyticus|t__SGB8018",2,0.00364963503649635,0.00046510026799016,FALSE,TRUE,FALSE,NA,"HMP1-2 taxonomy stool"
"k__Bacteria|p__Bacteroidetes|c__Bacteroidia|o__Bacteroidales|f__Bacteroidales_unclassified|g__Bacteroidales_unclassified|s__Bacteroidales_bacterium|t__SGB2090",7,0.0127737226277372,0.0120258709389485,FALSE,TRUE,FALSE,NA,"HMP1-2 taxonomy stool"
"k__Bacteria|p__Firmicutes|c__Clostridia|o__Clostridiales|f__Lachnospiraceae|g__Lachnospiraceae_unclassified|s__Lachnospiraceae_bacterium|t__SGB53493",2,0.00364963503649635,0.000228000127200078,FALSE,TRUE,FALSE,NA,"HMP1-2 taxonomy stool"
"k__Bacteria|p__Firmicutes|c__Clostridia|o__Clostridia_unclassified|f__Clostridia_unclassified|g__Clostridia_unclassified|s__Clostridia_bacterium|t__SGB14043",56,0.102189781021898,0.000742005395145112,TRUE,TRUE,TRUE,0.0180855735965194,"HMP1-2 taxonomy stool"
"k__Bacteria|p__Actinobacteria|c__Coriobacteriia|o__Eggerthellales|f__Eggerthellaceae|g__Eggerthellaceae_unclassified|s__Eggerthellaceae_bacterium|t__SGB14339",6,0.0109489051094891,0.000546916865933499,FALSE,TRUE,FALSE,NA,"HMP1-2 taxonomy stool"
"k__Bacteria|p__Actinobacteria|c__Coriobacteriia|o__Coriobacteriia_unclassified|f__Coriobacteriia_unclassified|g__Coriobacteriia_unclassified|s__Coriobacteriia_bacterium|t__SGB14768",18,0.0328467153284672,0.000147183353912253,FALSE,TRUE,FALSE,NA,"HMP1-2 taxonomy stool"
"k__Bacteria|p__Firmicutes|c__Clostridia|o__Clostridia_unclassified|f__Clostridia_unclassified|g__Candidatus_Heteroruminococcus|s__Candidatus_Heteroruminococcus_faecigallinarum|t__SGB63341",14,0.0255474452554745,3.61000107842972e-05,FALSE,FALSE,FALSE,NA,"HMP1-2 taxonomy stool"
"k__Bacteria|p__Firmicutes|c__Clostridia|o__Clostridia_unclassified|f__Clostridia_unclassified|g__Candidatus_Pseudolachnospira|s__Candidatus_Pseudolachnospira_avium|t__SGB59819",8,0.0145985401459854,7.06250167325107e-05,FALSE,FALSE,FALSE,NA,"HMP1-2 taxonomy stool"
"k__Bacteria|p__Firmicutes|c__Clostridia|o__Clostridiales|f__Ruminococcaceae|g__Flavonifractor|s__Flavonifractor_sp_An10|t__SGB15134",10,0.0182481751824818,8.02200276820285e-05,FALSE,FALSE,FALSE,NA,"HMP1-2 taxonomy stool"
"k__Bacteria|p__Firmicutes|c__Clostridia|o__Clostridiales|f__Lachnospiraceae|g__Coprococcus|s__Coprococcus_eutactus|t__SGB5118",21,0.0383211678832117,0.00629426351253434,FALSE,TRUE,FALSE,NA,"HMP1-2 taxonomy stool"
"k__Bacteria|p__Firmicutes|c__Clostridia|o__Clostridia_unclassified|f__Clostridia_unclassified|g__Clostridia_unclassified|s__Clostridia_unclassified_SGB13993|t__SGB13993",3,0.00547445255474453,0.004051968282334,FALSE,TRUE,FALSE,NA,"HMP1-2 taxonomy stool"
"k__Bacteria|p__Firmicutes|c__Bacilli|o__Bacilli_unclassified|f__Bacilli_unclassified|g__Bacilli_unclassified|s__Bacilli_bacterium|t__SGB6606",3,0.00547445255474453,0.00025703330631337,FALSE,TRUE,FALSE,NA,"HMP1-2 taxonomy stool"
"k__Bacteria|p__Firmicutes|c__Clostridia|o__Clostridiales|f__Ruminococcaceae|g__Ruminococcaceae_unclassified|s__Ruminococcaceae_unclassified_SGB15309|t__SGB15309",30,0.0547445255474453,0.000140313338680379,FALSE,TRUE,FALSE,NA,"HMP1-2 taxonomy stool"
"k__Bacteria|p__Firmicutes|c__Clostridia|o__Clostridia_unclassified|f__Clostridia_unclassified|g__Clostridia_unclassified|s__Clostridia_bacterium|t__SGB14939",27,0.0492700729927007,0.00173124827617234,FALSE,TRUE,FALSE,NA,"HMP1-2 taxonomy stool"
"k__Bacteria|p__Bacteroidetes|c__Bacteroidia|o__Bacteroidales|f__Tannerellaceae|g__Parabacteroides|s__Parabacteroides_sp_TM07_1AC|t__SGB1939",3,0.00547445255474453,4.97000283233499e-05,FALSE,FALSE,FALSE,NA,"HMP1-2 taxonomy stool"
"k__Bacteria|p__Firmicutes|c__Clostridia|o__Clostridiales|f__Clostridiaceae|g__Hungatella|s__Hungatella_hathewayi|t__SGB4739",17,0.031021897810219,0.000367605887163553,FALSE,TRUE,FALSE,NA,"HMP1-2 taxonomy stool"
"k__Bacteria|p__Firmicutes|c__Clostridia|o__Clostridiales|f__Ruminococcaceae|g__Pseudoflavonifractor|s__Pseudoflavonifractor_sp_AF19_9AC|t__SGB23477",14,0.0255474452554745,3.36928585664358e-05,FALSE,FALSE,FALSE,NA,"HMP1-2 taxonomy stool"
"k__Bacteria|p__Firmicutes|c__CFGB9612|o__OFGB9612|f__FGB9612|g__GGB45540|s__GGB45540_SGB63220|t__SGB63220",6,0.0109489051094891,2.03666752833382e-05,FALSE,FALSE,FALSE,NA,"HMP1-2 taxonomy stool"
"k__Bacteria|p__Firmicutes|c__Clostridia|o__Clostridia_unclassified|f__Clostridia_unclassified|g__Clostridia_unclassified|s__Clostridia_bacterium|t__SGB4343",5,0.00912408759124088,0.000241619941468036,FALSE,TRUE,FALSE,NA,"HMP1-2 taxonomy stool"
"k__Bacteria|p__Firmicutes|c__CFGB1538|o__OFGB1538|f__FGB1538|g__GGB3892|s__GGB3892_SGB5290|t__SGB5290",13,0.0237226277372263,0.00012832305215771,FALSE,TRUE,FALSE,NA,"HMP1-2 taxonomy stool"
"k__Bacteria|p__Bacteroidetes|c__Bacteroidia|o__Bacteroidales|f__Rikenellaceae|g__GGB27774|s__GGB27774_SGB40188|t__SGB40188",7,0.0127737226277372,1.09285750828599e-05,FALSE,FALSE,FALSE,NA,"HMP1-2 taxonomy stool"
"k__Bacteria|p__Firmicutes|c__Clostridia|o__Clostridiales|f__Ruminococcaceae|g__Flavonifractor|s__Flavonifractor_sp_An100|t__SGB15160",27,0.0492700729927007,7.56444408463065e-05,FALSE,FALSE,FALSE,NA,"HMP1-2 taxonomy stool"
"k__Bacteria|p__Firmicutes|c__Clostridia|o__Clostridia_unclassified|f__Clostridia_unclassified|g__Clostridia_unclassified|s__Clostridia_bacterium|t__SGB4437",3,0.00547445255474453,3.93666601366718e-05,FALSE,FALSE,FALSE,NA,"HMP1-2 taxonomy stool"
"k__Bacteria|p__Synergistetes|c__Synergistia|o__Synergistales|f__Synergistaceae|g__Cloacibacillus|s__Cloacibacillus_evryensis|t__SGB15506",19,0.0346715328467153,0.000167021035884757,FALSE,TRUE,FALSE,NA,"HMP1-2 taxonomy stool"
"k__Bacteria|p__Firmicutes|c__Clostridia|o__Clostridiales|f__Lachnospiraceae|g__Cuneatibacter|s__Cuneatibacter_caecimuris|t__SGB29380",46,0.083941605839416,5.13391298458733e-05,FALSE,FALSE,FALSE,NA,"HMP1-2 taxonomy stool"
"k__Bacteria|p__Firmicutes|c__Erysipelotrichia|o__Erysipelotrichales|f__Erysipelotrichaceae|g__Merdibacter|s__Merdibacter_massiliensis|t__SGB29307",6,0.0109489051094891,6.25000087383402e-05,FALSE,FALSE,FALSE,NA,"HMP1-2 taxonomy stool"
"k__Bacteria|p__Firmicutes|c__Clostridia|o__Clostridia_unclassified|f__Clostridia_unclassified|g__Clostridia_unclassified|s__Clostridia_bacterium|t__SGB14857",12,0.0218978102189781,0.0633337199974969,FALSE,TRUE,FALSE,NA,"HMP1-2 taxonomy stool"
"k__Bacteria|p__Firmicutes|c__Clostridia|o__Clostridiales|f__Ruminococcaceae|g__GGB9739|s__GGB9739_SGB15313|t__SGB15313",25,0.0456204379562044,0.000562731980578016,FALSE,TRUE,FALSE,NA,"HMP1-2 taxonomy stool"
"k__Bacteria|p__Firmicutes|c__Clostridia|o__Clostridiales|f__Clostridiaceae|g__GGB9568|s__GGB9568_SGB14980|t__SGB14980_group",9,0.0164233576642336,0.000161099995914467,FALSE,TRUE,FALSE,NA,"HMP1-2 taxonomy stool"
"k__Bacteria|p__Firmicutes|c__Bacilli|o__Bacillales|f__Staphylococcaceae|g__Staphylococcus|s__Staphylococcus_lugdunensis|t__SGB7850",0,0,NA,FALSE,FALSE,FALSE,NA,"HMP1-2 taxonomy stool"
"k__Bacteria|p__Firmicutes|c__Tissierellia|o__Tissierellales|f__Peptoniphilaceae|g__Anaerococcus|s__Anaerococcus_provencensis|t__SGB29509",0,0,NA,FALSE,FALSE,FALSE,NA,"HMP1-2 taxonomy stool"
"k__Bacteria|p__Firmicutes|c__Erysipelotrichia|o__Erysipelotrichales|f__Erysipelotrichaceae|g__Longibaculum|s__Longibaculum_muris|t__SGB6769",65,0.118613138686131,0.000433781482249281,TRUE,TRUE,TRUE,0.0148960738774073,"HMP1-2 taxonomy stool"
"k__Bacteria|p__Firmicutes|c__Clostridia|o__Clostridiales|f__Clostridiaceae|g__Clostridium|s__Clostridium_sp_WCA_389_WT_23D1|t__SGB4756",3,0.00547445255474453,0.000286900030570009,FALSE,TRUE,FALSE,NA,"HMP1-2 taxonomy stool"
"k__Bacteria|p__Actinobacteria|c__Actinobacteria|o__Bifidobacteriales|f__Bifidobacteriaceae|g__Bifidobacterium|s__Bifidobacterium_bifidum|t__SGB17256",102,0.186131386861314,0.000534536304129182,TRUE,TRUE,TRUE,0.014491485397155,"HMP1-2 taxonomy stool"
"k__Bacteria|p__Actinobacteria|c__Actinobacteria|o__Bifidobacteriales|f__Bifidobacteriaceae|g__Bifidobacterium|s__Bifidobacterium_breve|t__SGB17247",11,0.0200729927007299,0.000960136245529125,FALSE,TRUE,FALSE,NA,"HMP1-2 taxonomy stool"
"k__Bacteria|p__Firmicutes|c__CFGB4549|o__OFGB4549|f__FGB4549|g__GGB55957|s__GGB55957_SGB77276|t__SGB77276",44,0.0802919708029197,9.05772698350105e-05,FALSE,FALSE,FALSE,NA,"HMP1-2 taxonomy stool"
"k__Bacteria|p__Firmicutes|c__Clostridia|o__Clostridiales|f__Lachnospiraceae|g__Roseburia|s__Roseburia_sp_AM23_20|t__SGB4950",15,0.0273722627737226,5.42000071266767e-06,FALSE,FALSE,FALSE,NA,"HMP1-2 taxonomy stool"
"k__Bacteria|p__Bacteroidetes|c__Bacteroidia|o__Bacteroidales|f__Prevotellaceae|g__Prevotella|s__Prevotella_aurantiaca|t__SGB1563",1,0.00182481751824818,3.50000140000056e-06,FALSE,FALSE,FALSE,NA,"HMP1-2 taxonomy stool"
"k__Bacteria|p__Actinobacteria|c__Actinobacteria|o__Bifidobacteriales|f__Bifidobacteriaceae|g__Scardovia|s__Scardovia_wiggsiae|t__SGB15494",0,0,NA,FALSE,FALSE,FALSE,NA,"HMP1-2 taxonomy stool"
"k__Bacteria|p__Candidatus_Saccharibacteria|c__Candidatus_Nanoperiomorbia|o__Candidatus_Nanoperiomorbales|f__Candidatus_Nanoperiomorbaceae|g__Candidatus_Nanoperiomorbus|s__Candidatus_Nanoperiomorbus_periodonticus|t__SGB19800",0,0,NA,FALSE,FALSE,FALSE,NA,"HMP1-2 taxonomy stool"
"k__Bacteria|p__Bacteroidetes|c__CFGB494|o__OFGB494|f__FGB494|g__GGB1022|s__GGB1022_SGB1316|t__SGB1316",0,0,NA,FALSE,FALSE,FALSE,NA,"HMP1-2 taxonomy stool"
"k__Bacteria|p__Actinobacteria|c__Actinobacteria|o__Actinomycetales|f__Actinomycetaceae|g__Schaalia|s__Schaalia_odontolytica|t__SGB23982",0,0,NA,FALSE,FALSE,FALSE,NA,"HMP1-2 taxonomy stool"
"k__Bacteria|p__Synergistetes|c__Synergistia|o__Synergistales|f__Synergistaceae|g__Fretibacterium|s__Fretibacterium_fastidiosum|t__SGB17525",0,0,NA,FALSE,FALSE,FALSE,NA,"HMP1-2 taxonomy stool"
"k__Bacteria|p__Cyanobacteria|c__Cyanobacteria_unclassified|o__Synechococcales|f__Leptolyngbyaceae|g__GGB49499|s__GGB49499_SGB69440|t__SGB69440",0,0,NA,FALSE,FALSE,FALSE,NA,"HMP1-2 taxonomy stool"
"k__Bacteria|p__Spirochaetes|c__Spirochaetia|o__Spirochaetales|f__Spirochaetaceae|g__Treponema|s__Treponema_medium|t__SGB3606",0,0,NA,FALSE,FALSE,FALSE,NA,"HMP1-2 taxonomy stool"
"k__Bacteria|p__Bacteroidetes|c__Flavobacteriia|o__Flavobacteriales|f__Flavobacteriaceae|g__Capnocytophaga|s__Capnocytophaga_sp_oral_taxon_878|t__SGB21909",0,0,NA,FALSE,FALSE,FALSE,NA,"HMP1-2 taxonomy stool"
"k__Bacteria|p__Spirochaetes|c__Spirochaetia|o__Spirochaetales|f__Spirochaetaceae|g__Treponema|s__Treponema_SGB3604|t__SGB3604",0,0,NA,FALSE,FALSE,FALSE,NA,"HMP1-2 taxonomy stool"
"k__Bacteria|p__Firmicutes|c__Clostridia|o__Clostridiales|f__Lachnospiraceae|g__GGB3424|s__GGB3424_SGB4551|t__SGB4551",4,0.0072992700729927,0.000669550058842506,FALSE,TRUE,FALSE,NA,"HMP1-2 taxonomy stool"
"k__Bacteria|p__Firmicutes|c__Negativicutes|o__Selenomonadales|f__Selenomonadales_unclassified|g__Selenomonadales_unclassified|s__Selenomonadales_bacterium|t__SGB6961",19,0.0346715328467153,0.000100426329637377,FALSE,TRUE,FALSE,NA,"HMP1-2 taxonomy stool"
"k__Bacteria|p__Firmicutes|c__Clostridia|o__Clostridiales|f__Lachnospiraceae|g__Blautia|s__Blautia_argi|t__SGB4797",7,0.0127737226277372,0.000187528565361453,FALSE,TRUE,FALSE,NA,"HMP1-2 taxonomy stool"
"k__Bacteria|p__Proteobacteria|c__Betaproteobacteria|o__Neisseriales|f__Neisseriaceae|g__Neisseria|s__Neisseria_sp_KEM232|t__SGB9427",0,0,NA,FALSE,FALSE,FALSE,NA,"HMP1-2 taxonomy stool"
"k__Eukaryota|p__Basidiomycota|c__Malasseziomycetes|o__Malasseziales|f__Malasseziaceae|g__Malassezia|s__Malassezia_globosa|t__EUK76773",0,0,NA,FALSE,FALSE,FALSE,NA,"HMP1-2 taxonomy stool"
"k__Bacteria|p__Actinobacteria|c__Actinobacteria|o__Propionibacteriales|f__Propionibacteriaceae|g__Cutibacterium|s__Propionibacterium_humerusii|t__SGB16954",0,0,NA,FALSE,FALSE,FALSE,NA,"HMP1-2 taxonomy stool"
"k__Bacteria|p__Actinobacteria|c__Actinobacteria|o__Propionibacteriales|f__Propionibacteriaceae|g__Cutibacterium|s__Cutibacterium_sp_WCA_380_WT_3A|t__SGB87725",0,0,NA,FALSE,FALSE,FALSE,NA,"HMP1-2 taxonomy stool"
"k__Bacteria|p__Actinobacteria|c__Actinobacteria|o__Micrococcales|f__Micrococcaceae|g__Micrococcus|s__Micrococcus_luteus|t__SGB16676",0,0,NA,FALSE,FALSE,FALSE,NA,"HMP1-2 taxonomy stool"
"k__Bacteria|p__Proteobacteria|c__Gammaproteobacteria|o__Pseudomonadales|f__Moraxellaceae|g__Moraxella|s__Moraxella_osloensis|t__SGB10439",0,0,NA,FALSE,FALSE,FALSE,NA,"HMP1-2 taxonomy stool"
"k__Bacteria|p__Actinobacteria|c__Actinobacteria|o__Micrococcales|f__Dermabacteraceae|g__Brachybacterium|s__Brachybacterium_paraconglomeratum|t__SGB16648",0,0,NA,FALSE,FALSE,FALSE,NA,"HMP1-2 taxonomy stool"
"k__Bacteria|p__Proteobacteria|c__Gammaproteobacteria|o__Pseudomonadales|f__Moraxellaceae|g__Acinetobacter|s__Acinetobacter_radioresistens|t__SGB10375",0,0,NA,FALSE,FALSE,FALSE,NA,"HMP1-2 taxonomy stool"
"k__Bacteria|p__Actinobacteria|c__Actinobacteria|o__Micrococcales|f__Micrococcaceae|g__Kocuria|s__Kocuria_palustris|t__SGB16663",0,0,NA,FALSE,FALSE,FALSE,NA,"HMP1-2 taxonomy stool"
"k__Bacteria|p__Firmicutes|c__Clostridia|o__Clostridia_unclassified|f__Clostridia_unclassified|g__Clostridia_unclassified|s__Clostridia_bacterium|t__SGB6290",5,0.00912408759124088,0.00323969915082628,FALSE,TRUE,FALSE,NA,"HMP1-2 taxonomy stool"
"k__Bacteria|p__Firmicutes|c__Clostridia|o__Clostridia_unclassified|f__Clostridia_unclassified|g__Clostridia_unclassified|s__Clostridia_bacterium|t__SGB6350",9,0.0164233576642336,0.00294153272202361,FALSE,TRUE,FALSE,NA,"HMP1-2 taxonomy stool"
"k__Bacteria|p__Firmicutes|c__Bacilli|o__Bacilli_unclassified|f__Bacilli_unclassified|g__GGB4676|s__GGB4676_SGB6465|t__SGB6465",7,0.0127737226277372,0.00641411338669059,FALSE,TRUE,FALSE,NA,"HMP1-2 taxonomy stool"
"k__Bacteria|p__Firmicutes|c__Clostridia|o__Clostridia_unclassified|f__Clostridia_unclassified|g__GGB4549|s__GGB4549_SGB6271|t__SGB6271",8,0.0145985401459854,0.0108032836118142,FALSE,TRUE,FALSE,NA,"HMP1-2 taxonomy stool"
"k__Bacteria|p__Firmicutes|c__Clostridia|o__Clostridia_unclassified|f__Clostridia_unclassified|g__Clostridia_unclassified|s__Clostridia_bacterium|t__SGB54297",3,0.00547445255474453,0.00166856651066362,FALSE,TRUE,FALSE,NA,"HMP1-2 taxonomy stool"
"k__Archaea|p__Candidatus_Thermoplasmatota|c__Thermoplasmata|o__Methanomassiliicoccales|f__Methanomassiliicoccaceae|g__Methanomassiliicoccus|s__Candidatus_Methanomassiliicoccus_intestinalis|t__SGB363",15,0.0273722627737226,0.00160070596381654,FALSE,TRUE,FALSE,NA,"HMP1-2 taxonomy stool"
"k__Bacteria|p__Bacteroidetes|c__Bacteroidia|o__Bacteroidales|f__Bacteroidales_unclassified|g__GGB1551|s__GGB1551_SGB2136|t__SGB2136",4,0.0072992700729927,0.000899749800625109,FALSE,TRUE,FALSE,NA,"HMP1-2 taxonomy stool"
"k__Bacteria|p__Firmicutes|c__Clostridia|o__Clostridia_unclassified|f__Clostridia_unclassified|g__GGB4602|s__GGB4602_SGB6365|t__SGB6365",9,0.0164233576642336,0.000829677712370021,FALSE,TRUE,FALSE,NA,"HMP1-2 taxonomy stool"
"k__Bacteria|p__Firmicutes|c__Bacilli|o__Bacilli_unclassified|f__Bacilli_unclassified|g__GGB4698|s__GGB4698_SGB6498|t__SGB6498",8,0.0145985401459854,0.00352982469491789,FALSE,TRUE,FALSE,NA,"HMP1-2 taxonomy stool"
"k__Bacteria|p__Firmicutes|c__Clostridia|o__Clostridia_unclassified|f__Clostridia_unclassified|g__Clostridia_unclassified|s__Clostridia_bacterium|t__SGB6343",2,0.00364963503649635,0.00088884973334508,FALSE,TRUE,FALSE,NA,"HMP1-2 taxonomy stool"
"k__Bacteria|p__Firmicutes|c__Clostridia|o__Clostridia_unclassified|f__Clostridia_unclassified|g__GGB4598|s__GGB4598_SGB6360|t__SGB6360",4,0.0072992700729927,0.000668349977540037,FALSE,TRUE,FALSE,NA,"HMP1-2 taxonomy stool"
"k__Bacteria|p__Firmicutes|c__CFGB1424|o__OFGB1424|f__FGB1424|g__GGB3490|s__GGB3490_SGB4664|t__SGB4664",36,0.0656934306569343,0.000363213996364797,FALSE,TRUE,FALSE,NA,"HMP1-2 taxonomy stool"
"k__Bacteria|p__Firmicutes|c__Clostridia|o__Clostridia_unclassified|f__Clostridia_unclassified|g__Clostridia_unclassified|s__Clostridia_bacterium|t__SGB4142",2,0.00364963503649635,0.000261999921400024,FALSE,TRUE,FALSE,NA,"HMP1-2 taxonomy stool"
"k__Bacteria|p__Firmicutes|c__Clostridia|o__Clostridia_unclassified|f__Clostridia_unclassified|g__Clostridia_unclassified|s__Clostridia_bacterium|t__SGB4158",18,0.0328467153284672,0.000841072124367863,FALSE,TRUE,FALSE,NA,"HMP1-2 taxonomy stool"
"k__Bacteria|p__Firmicutes|c__Clostridia|o__Clostridia_unclassified|f__Clostridia_unclassified|g__Clostridia_unclassified|s__Clostridia_bacterium|t__SGB14165",5,0.00912408759124088,0.000375580075736062,FALSE,TRUE,FALSE,NA,"HMP1-2 taxonomy stool"
"k__Bacteria|p__Firmicutes|c__Clostridia|o__Clostridiales|f__Ruminococcaceae|g__Ruminococcus|s__Ruminococcus_SGB4421|t__SGB4421",65,0.118613138686131,0.00107544303019521,TRUE,TRUE,TRUE,0.0164986727931918,"HMP1-2 taxonomy stool"
"k__Bacteria|p__Firmicutes|c__Firmicutes_unclassified|o__Firmicutes_unclassified|f__Firmicutes_unclassified|g__Firmicutes_unclassified|s__Firmicutes_bacterium|t__SGB4062",23,0.041970802919708,0.000473830507985768,FALSE,TRUE,FALSE,NA,"HMP1-2 taxonomy stool"
"k__Bacteria|p__Firmicutes|c__Clostridia|o__Clostridiales|f__Ruminococcaceae|g__GGB3185|s__GGB3185_SGB4208|t__SGB4208",5,0.00912408759124088,0.000512719851036051,FALSE,TRUE,FALSE,NA,"HMP1-2 taxonomy stool"
"k__Bacteria|p__Firmicutes|c__Bacilli|o__Bacilli_unclassified|f__Bacilli_unclassified|g__Bacilli_unclassified|s__Bacilli_bacterium|t__SGB6472",14,0.0255474452554745,0.00211471446084447,FALSE,TRUE,FALSE,NA,"HMP1-2 taxonomy stool"
"k__Bacteria|p__Firmicutes|c__Clostridia|o__Clostridiales|f__Ruminococcaceae|g__Faecalibacterium|s__Faecalibacterium_prausnitzii|t__SGB15323",14,0.0255474452554745,0.00132192921588593,FALSE,TRUE,FALSE,NA,"HMP1-2 taxonomy stool"
"k__Bacteria|p__Firmicutes|c__Clostridia|o__Clostridia_unclassified|f__Clostridia_unclassified|g__Clostridia_unclassified|s__Clostridia_bacterium|t__SGB14190",1,0.00182481751824818,0.000100999969700009,FALSE,TRUE,FALSE,NA,"HMP1-2 taxonomy stool"
"k__Bacteria|p__Firmicutes|c__Clostridia|o__Clostridiales|f__Ruminococcaceae|g__GGB9640|s__GGB9640_SGB15115|t__SGB15115",60,0.109489051094891,0.000181021674768036,TRUE,TRUE,TRUE,0.00840358119894961,"HMP1-2 taxonomy stool"
"k__Bacteria|p__Firmicutes|c__Clostridia|o__Clostridiales|f__Clostridiaceae|g__Clostridium|s__Clostridium_sp_AF27_2AA|t__SGB4712",108,0.197080291970803,0.000159038886930396,TRUE,TRUE,TRUE,0.00707955460817789,"HMP1-2 taxonomy stool"
"k__Bacteria|p__Firmicutes|c__Clostridia|o__Clostridia_unclassified|f__Clostridia_unclassified|g__Clostridia_unclassified|s__Clostridia_unclassified_SGB6369|t__SGB6369",14,0.0255474452554745,0.00194872857535092,FALSE,TRUE,FALSE,NA,"HMP1-2 taxonomy stool"
"k__Bacteria|p__Firmicutes|c__CFGB4621|o__OFGB4621|f__FGB4621|g__GGB13431|s__GGB13431_SGB20700|t__SGB20700",3,0.00547445255474453,7.4466683326689e-05,FALSE,FALSE,FALSE,NA,"HMP1-2 taxonomy stool"
"k__Bacteria|p__Firmicutes|c__Clostridia|o__Clostridiales|f__Lachnospiraceae|g__GGB3640|s__GGB3640_SGB4937|t__SGB4937",4,0.0072992700729927,0.00121627500137502,FALSE,TRUE,FALSE,NA,"HMP1-2 taxonomy stool"
"k__Bacteria|p__Firmicutes|c__Clostridia|o__Clostridia_unclassified|f__Clostridia_unclassified|g__Clostridia_unclassified|s__Clostridia_bacterium|t__SGB15383",72,0.131386861313869,0.000236719468310876,TRUE,TRUE,TRUE,0.00756713642345395,"HMP1-2 taxonomy stool"
"k__Bacteria|p__Firmicutes|c__Clostridia|o__Clostridia_unclassified|f__Clostridia_unclassified|g__Clostridia_unclassified|s__Clostridia_bacterium|t__SGB4341",4,0.0072992700729927,0.000457324975457508,FALSE,TRUE,FALSE,NA,"HMP1-2 taxonomy stool"
"k__Bacteria|p__Firmicutes|c__Negativicutes|o__Veillonellales|f__Veillonellaceae|g__Allisonella|s__Allisonella_histaminiformans|t__SGB5843",33,0.0602189781021898,0.000239554548936417,FALSE,TRUE,FALSE,NA,"HMP1-2 taxonomy stool"
"k__Bacteria|p__Firmicutes|c__Clostridia|o__Clostridiales|f__Ruminococcaceae|g__Ruminococcaceae_unclassified|s__Ruminococcaceae_bacterium|t__SGB4301",3,0.00547445255474453,2.57666596366693e-05,FALSE,FALSE,FALSE,NA,"HMP1-2 taxonomy stool"
"k__Bacteria|p__Firmicutes|c__Clostridia|o__Clostridiales|f__Ruminococcaceae|g__Ruminococcaceae_unclassified|s__Ruminococcaceae_bacterium|t__SGB4174",5,0.00912408759124088,0.00145527946918429,FALSE,TRUE,FALSE,NA,"HMP1-2 taxonomy stool"
"k__Bacteria|p__Firmicutes|c__Clostridia|o__Clostridia_unclassified|f__Clostridia_unclassified|g__GGB9332|s__GGB9332_SGB14295|t__SGB14295",2,0.00364963503649635,2.1699993490002e-05,FALSE,FALSE,FALSE,NA,"HMP1-2 taxonomy stool"
"k__Bacteria|p__Firmicutes|c__Clostridia|o__Clostridia_unclassified|f__Clostridia_unclassified|g__Clostridia_unclassified|s__Clostridia_bacterium|t__SGB14218",16,0.0291970802919708,0.00110050657351273,FALSE,TRUE,FALSE,NA,"HMP1-2 taxonomy stool"
"k__Bacteria|p__Firmicutes|c__Clostridia|o__Clostridia_unclassified|f__Clostridia_unclassified|g__Clostridia_unclassified|s__Clostridia_bacterium|t__SGB15388",6,0.0109489051094891,0.00012808329848002,FALSE,TRUE,FALSE,NA,"HMP1-2 taxonomy stool"
"k__Bacteria|p__Firmicutes|c__Clostridia|o__Clostridia_unclassified|f__Clostridia_unclassified|g__Clostridia_unclassified|s__Clostridia_bacterium|t__SGB53490",15,0.0273722627737226,0.00023059328719869,FALSE,TRUE,FALSE,NA,"HMP1-2 taxonomy stool"
"k__Bacteria|p__Firmicutes|c__Firmicutes_unclassified|o__Firmicutes_unclassified|f__Firmicutes_unclassified|g__Firmicutes_unclassified|s__Firmicutes_bacterium|t__SGB49163",4,0.0072992700729927,0.000137350125282638,FALSE,TRUE,FALSE,NA,"HMP1-2 taxonomy stool"
"k__Bacteria|p__Firmicutes|c__Bacilli|o__Lactobacillales|f__Lactobacillaceae|g__Lactobacillus|s__Lactobacillus_acidophilus|t__SGB7044",3,0.00547445255474453,0.000428799958066671,FALSE,TRUE,FALSE,NA,"HMP1-2 taxonomy stool"
"k__Bacteria|p__Firmicutes|c__CFGB11481|o__OFGB11481|f__FGB11481|g__GGB33665|s__GGB33665_SGB47358|t__SGB47358",8,0.0145985401459854,0.000472587714131568,FALSE,TRUE,FALSE,NA,"HMP1-2 taxonomy stool"
"k__Bacteria|p__Firmicutes|c__Clostridia|o__Clostridia_unclassified|f__Clostridia_unclassified|g__Clostridia_unclassified|s__Clostridia_unclassified_SGB14024|t__SGB14024",2,0.00364963503649635,5.85999824200053e-05,FALSE,FALSE,FALSE,NA,"HMP1-2 taxonomy stool"
"k__Bacteria|p__Firmicutes|c__Clostridia|o__Clostridia_unclassified|f__Clostridia_unclassified|g__GGB9101|s__GGB9101_SGB14033|t__SGB14033",24,0.0437956204379562,0.000341333354424232,FALSE,TRUE,FALSE,NA,"HMP1-2 taxonomy stool"
"k__Bacteria|p__Firmicutes|c__Clostridia|o__Clostridia_unclassified|f__Clostridia_unclassified|g__GGB2977|s__GGB2977_SGB3959|t__SGB3959",15,0.0273722627737226,4.89866848000153e-05,FALSE,FALSE,FALSE,NA,"HMP1-2 taxonomy stool"
"k__Bacteria|p__Firmicutes|c__Clostridia|o__Clostridiales|f__Ruminococcaceae|g__Ruminococcus|s__Ruminococcus_sp_AF41_9|t__SGB25497",17,0.031021897810219,8.87764702705926e-05,FALSE,FALSE,FALSE,NA,"HMP1-2 taxonomy stool"
"k__Bacteria|p__Bacteroidetes|c__Bacteroidia|o__Bacteroidales|f__Bacteroidaceae|g__Bacteroides|s__Bacteroides_sp_GM023|t__SGB69998",6,0.0109489051094891,0.000318983329106672,FALSE,TRUE,FALSE,NA,"HMP1-2 taxonomy stool"
"k__Bacteria|p__Fusobacteria|c__Fusobacteriia|o__Fusobacteriales|f__Fusobacteriaceae|g__Fusobacterium|s__Fusobacterium_massiliense|t__SGB5987",0,0,NA,FALSE,FALSE,FALSE,NA,"HMP1-2 taxonomy stool"
"k__Bacteria|p__Firmicutes|c__Negativicutes|o__Veillonellales|f__Veillonellaceae|g__Veillonella|s__Veillonella_sp_CHU110|t__SGB30370",0,0,NA,FALSE,FALSE,FALSE,NA,"HMP1-2 taxonomy stool"
"k__Eukaryota|p__Ascomycota|c__Saccharomycetes|o__Saccharomycetales|f__Debaryomycetaceae|g__Candida|s__Candida_tropicalis|t__EUK5482",2,0.00364963503649635,6.77499803600057e-05,FALSE,FALSE,FALSE,NA,"HMP1-2 taxonomy stool"
"k__Bacteria|p__Bacteroidetes|c__Bacteroidia|o__Bacteroidales|f__Prevotellaceae|g__Prevotella|s__Prevotella_copri_clade_B|t__SGB1613",12,0.0218978102189781,0.0208343702493737,FALSE,TRUE,FALSE,NA,"HMP1-2 taxonomy stool"
"k__Bacteria|p__Firmicutes|c__Negativicutes|o__Veillonellales|f__Veillonellaceae|g__Dialister|s__Dialister_hominis|t__SGB5803",42,0.0766423357664234,0.00851037075646317,FALSE,TRUE,FALSE,NA,"HMP1-2 taxonomy stool"
"k__Bacteria|p__Firmicutes|c__Clostridia|o__Clostridia_unclassified|f__Clostridia_unclassified|g__Clostridia_unclassified|s__Clostridia_bacterium|t__SGB4339",10,0.0182481751824818,0.00193358934737368,FALSE,TRUE,FALSE,NA,"HMP1-2 taxonomy stool"
"k__Bacteria|p__Firmicutes|c__Bacilli|o__Bacilli_unclassified|f__Bacilli_unclassified|g__Bacilli_unclassified|s__Bacilli_unclassified_SGB6422|t__SGB6422",22,0.0401459854014599,0.00479558620782954,FALSE,TRUE,FALSE,NA,"HMP1-2 taxonomy stool"
"k__Bacteria|p__Firmicutes|c__Bacilli|o__Lactobacillales|f__Enterococcaceae|g__Enterococcus|s__Enterococcus_faecium|t__SGB7967",13,0.0237226277372263,0.000291099987705405,FALSE,TRUE,FALSE,NA,"HMP1-2 taxonomy stool"
"k__Bacteria|p__Lentisphaerae|c__Lentisphaeria|o__Victivallales|f__Victivallaceae|g__Victivallis|s__Victivallis_vadensis|t__SGB9202",46,0.083941605839416,0.000487680405872674,FALSE,TRUE,FALSE,NA,"HMP1-2 taxonomy stool"
"k__Bacteria|p__Actinobacteria|c__Coriobacteriia|o__Eggerthellales|f__Eggerthellaceae|g__Slackia|s__Slackia_isoflavoniconvertens|t__SGB14773_group",52,0.0948905109489051,0.000269836524527727,FALSE,TRUE,FALSE,NA,"HMP1-2 taxonomy stool"
"k__Bacteria|p__Firmicutes|c__CFGB3048|o__OFGB3048|f__FGB3048|g__GGB9561|s__GGB9561_SGB14972|t__SGB14972",23,0.041970802919708,9.4313049368727e-05,FALSE,FALSE,FALSE,NA,"HMP1-2 taxonomy stool"
"k__Bacteria|p__Firmicutes|c__CFGB1394|o__OFGB1394|f__FGB1394|g__GGB3386|s__GGB3386_SGB4474|t__SGB4474",0,0,NA,FALSE,FALSE,FALSE,NA,"HMP1-2 taxonomy stool"
"k__Bacteria|p__Spirochaetes|c__Spirochaetia|o__Spirochaetales|f__Spirochaetaceae|g__Treponema|s__Treponema_sp_Marseille_Q3903|t__SGB3552",0,0,NA,FALSE,FALSE,FALSE,NA,"HMP1-2 taxonomy stool"
"k__Bacteria|p__Bacteroidetes|c__CFGB47554|o__OFGB47554|f__FGB47554|g__GGB49229|s__GGB49229_SGB69060|t__SGB69060",0,0,NA,FALSE,FALSE,FALSE,NA,"HMP1-2 taxonomy stool"
"k__Bacteria|p__Tenericutes|c__Mollicutes|o__Mycoplasmatales|f__Mycoplasmataceae|g__GGB4333|s__GGB4333_SGB5935|t__SGB5935",1,0.00182481751824818,0.000102499979500004,FALSE,TRUE,FALSE,NA,"HMP1-2 taxonomy stool"
"k__Bacteria|p__Bacteroidetes|c__Flavobacteriia|o__Flavobacteriales|f__Flavobacteriaceae|g__GGB1838|s__GGB1838_SGB2488|t__SGB2488",1,0.00182481751824818,0.000457999725200165,FALSE,TRUE,FALSE,NA,"HMP1-2 taxonomy stool"
"k__Bacteria|p__Firmicutes|c__Clostridia|o__Clostridiales|f__Clostridiales_Family_XIII_Incertae_Sedis|g__Clostridiales_Family_XIII_Incertae_Sedis_unclassified|s__Eubacterium_saphenum|t__SGB3945",0,0,NA,FALSE,FALSE,FALSE,NA,"HMP1-2 taxonomy stool"
"k__Bacteria|p__Bacteroidetes|c__Bacteroidia|o__Bacteroidales|f__Bacteroidales_unclassified|g__Phocaeicola|s__Phocaeicola_abscessus|t__SGB2052",2,0.00364963503649635,1.1850001675003e-05,FALSE,FALSE,FALSE,NA,"HMP1-2 taxonomy stool"
"k__Bacteria|p__Bacteroidetes|c__Bacteroidia|o__Bacteroidales|f__Prevotellaceae|g__Prevotella|s__Prevotella_koreensis|t__SGB1580",0,0,NA,FALSE,FALSE,FALSE,NA,"HMP1-2 taxonomy stool"
"k__Bacteria|p__Proteobacteria|c__Deltaproteobacteria|o__Desulfovibrionales|f__Desulfovibrionaceae|g__Desulfovibrio|s__Desulfovibrio_sp_Dsv1|t__SGB57328",0,0,NA,FALSE,FALSE,FALSE,NA,"HMP1-2 taxonomy stool"
"k__Bacteria|p__Bacteroidetes|c__Bacteroidia|o__Bacteroidales|f__Prevotellaceae|g__Prevotella|s__Prevotella_dentalis|t__SGB1532",0,0,NA,FALSE,FALSE,FALSE,NA,"HMP1-2 taxonomy stool"
"k__Bacteria|p__Bacteroidetes|c__Flavobacteriia|o__Flavobacteriales|f__Flavobacteriaceae|g__Capnocytophaga|s__Capnocytophaga_haemolytica|t__SGB2487",0,0,NA,FALSE,FALSE,FALSE,NA,"HMP1-2 taxonomy stool"
"k__Bacteria|p__Firmicutes|c__Clostridia|o__Clostridiales|f__Lachnospiraceae|g__Lachnospiraceae_unclassified|s__Lachnospiraceae_bacterium_oral_taxon_500|t__SGB24947",0,0,NA,FALSE,FALSE,FALSE,NA,"HMP1-2 taxonomy stool"
"k__Bacteria|p__Bacteroidetes|c__Bacteroidia|o__Bacteroidales|f__Prevotellaceae|g__Prevotella|s__Prevotella_intermedia|t__SGB1560",2,0.00364963503649635,0.000332399925315018,FALSE,TRUE,FALSE,NA,"HMP1-2 taxonomy stool"
"k__Bacteria|p__Bacteroidetes|c__Bacteroidia|o__Bacteroidales|f__Prevotellaceae|g__Prevotella|s__Prevotella_sp_oral_taxon_820|t__SGB21553",0,0,NA,FALSE,FALSE,FALSE,NA,"HMP1-2 taxonomy stool"
"k__Bacteria|p__Firmicutes|c__Clostridia|o__Clostridiales|f__Eubacteriaceae|g__Pseudoramibacter|s__Pseudoramibacter_alactolyticus|t__SGB4082",0,0,NA,FALSE,FALSE,FALSE,NA,"HMP1-2 taxonomy stool"
"k__Bacteria|p__Spirochaetes|c__Spirochaetia|o__Spirochaetales|f__Spirochaetaceae|g__Treponema|s__Treponema_putidum|t__SGB3616",0,0,NA,FALSE,FALSE,FALSE,NA,"HMP1-2 taxonomy stool"
"k__Bacteria|p__Candidatus_Saccharibacteria|c__Candidatus_Saccharibacteria_unclassified|o__Candidatus_Saccharibacteria_unclassified|f__Candidatus_Saccharibacteria_unclassified|g__Candidatus_Saccharibacteria_unclassified|s__TM7_phylum_sp_oral_taxon_350|t__SGB19820",0,0,NA,FALSE,FALSE,FALSE,NA,"HMP1-2 taxonomy stool"
"k__Bacteria|p__Actinobacteria|c__Actinobacteria|o__Bifidobacteriales|f__Bifidobacteriaceae|g__Gardnerella|s__Gardnerella_vaginalis|t__SGB17309",1,0.00182481751824818,2.40000072000022e-06,FALSE,FALSE,FALSE,NA,"HMP1-2 taxonomy stool"
"k__Bacteria|p__Bacteroidetes|c__Bacteroidia|o__Bacteroidales|f__Prevotellaceae|g__Prevotella|s__Prevotella_amnii|t__SGB1558",1,0.00182481751824818,1.40000028000006e-06,FALSE,FALSE,FALSE,NA,"HMP1-2 taxonomy stool"
"k__Bacteria|p__Firmicutes|c__Clostridia|o__Clostridiales|f__Hungateiclostridiaceae|g__GGB3012|s__GGB3012_SGB4003|t__SGB4003",0,0,NA,FALSE,FALSE,FALSE,NA,"HMP1-2 taxonomy stool"
"k__Bacteria|p__Firmicutes|c__Negativicutes|o__Veillonellales|f__Veillonellaceae|g__Megasphaera|s__Megasphaera_genomosp_type_1|t__SGB5867",0,0,NA,FALSE,FALSE,FALSE,NA,"HMP1-2 taxonomy stool"
"k__Bacteria|p__Actinobacteria|c__Actinobacteria|o__Bifidobacteriales|f__Bifidobacteriaceae|g__Gardnerella|s__Gardnerella_vaginalis|t__SGB17301",0,0,NA,FALSE,FALSE,FALSE,NA,"HMP1-2 taxonomy stool"
"k__Bacteria|p__Proteobacteria|c__Gammaproteobacteria|o__Pseudomonadales|f__Moraxellaceae|g__Moraxella|s__Moraxella_lincolnii|t__SGB10432",0,0,NA,FALSE,FALSE,FALSE,NA,"HMP1-2 taxonomy stool"
"k__Bacteria|p__Proteobacteria|c__Gammaproteobacteria|o__Pseudomonadales|f__Pseudomonadaceae|g__Pseudomonas|s__Pseudomonas_extremaustralis|t__SGB12135",2,0.00364963503649635,0.151895842362565,FALSE,TRUE,FALSE,NA,"HMP1-2 taxonomy stool"
"k__Bacteria|p__Bacteroidetes|c__Bacteroidia|o__Bacteroidales|f__Prevotellaceae|g__GGB1266|s__GGB1266_SGB1699|t__SGB1699",53,0.0967153284671533,0.026113810827357,FALSE,TRUE,FALSE,NA,"HMP1-2 taxonomy stool"
"k__Bacteria|p__Firmicutes|c__Clostridia|o__Clostridiales|f__Lachnospiraceae|g__Lachnospiraceae_unclassified|s__Lachnospiraceae_bacterium|t__SGB4672",23,0.041970802919708,0.00209750372817983,FALSE,TRUE,FALSE,NA,"HMP1-2 taxonomy stool"
"k__Bacteria|p__Firmicutes|c__CFGB1281|o__OFGB1281|f__FGB1281|g__GGB3095|s__GGB3095_SGB4103|t__SGB4103",3,0.00547445255474453,0.000184366670626744,FALSE,TRUE,FALSE,NA,"HMP1-2 taxonomy stool"
"k__Bacteria|p__Firmicutes|c__Clostridia|o__Clostridia_unclassified|f__Clostridia_unclassified|g__Clostridia_unclassified|s__Clostridia_bacterium|t__SGB5183",54,0.0985401459854015,0.000390505566209674,FALSE,TRUE,FALSE,NA,"HMP1-2 taxonomy stool"
"k__Bacteria|p__Actinobacteria|c__Coriobacteriia|o__Eggerthellales|f__Eggerthellaceae|g__Enteroscipio|s__Enteroscipio_rubneri|t__SGB14803",8,0.0145985401459854,7.52374841950172e-05,FALSE,FALSE,FALSE,NA,"HMP1-2 taxonomy stool"
"k__Bacteria|p__Firmicutes|c__Erysipelotrichia|o__Erysipelotrichales|f__Erysipelotrichaceae|g__Erysipelotrichaceae_unclassified|s__Erysipelotrichaceae_bacterium_3_1_53|t__SGB4036",25,0.0456204379562044,2.26839966200037e-05,FALSE,FALSE,FALSE,NA,"HMP1-2 taxonomy stool"
"k__Bacteria|p__Firmicutes|c__Clostridia|o__Clostridiales|f__Lachnospiraceae|g__Lachnospiraceae_unclassified|s__Lachnospiraceae_bacterium|t__SGB4688",26,0.0474452554744526,0.00012698075954616,FALSE,TRUE,FALSE,NA,"HMP1-2 taxonomy stool"
"k__Bacteria|p__Firmicutes|c__Clostridia|o__Clostridiales|f__Lachnospiraceae|g__Lachnoclostridium|s__Clostridium_hylemonae|t__SGB4632",6,0.0109489051094891,0.000104416616271696,FALSE,TRUE,FALSE,NA,"HMP1-2 taxonomy stool"
"k__Bacteria|p__Firmicutes|c__Clostridia|o__Clostridiales|f__Eubacteriaceae|g__Intestinibacillus|s__Intestinibacillus_sp_Marseille_P6563|t__SGB29313",9,0.0164233576642336,3.65999965488895e-05,FALSE,FALSE,FALSE,NA,"HMP1-2 taxonomy stool"
"k__Bacteria|p__Firmicutes|c__Clostridia|o__Clostridiales|f__Lachnospiraceae|g__Lachnospiraceae_unclassified|s__Lachnospiraceae_bacterium_NSJ_38|t__SGB82502",2,0.00364963503649635,1.34999985500015e-06,FALSE,FALSE,FALSE,NA,"HMP1-2 taxonomy stool"
"k__Bacteria|p__Firmicutes|c__Clostridia|o__Clostridiales|f__Clostridiales_Family_XIII_Incertae_Sedis|g__Clostridiales_Family_XIII_Incertae_Sedis_unclassified|s__Eubacterium_nodatum|t__SGB6627",0,0,NA,FALSE,FALSE,FALSE,NA,"HMP1-2 taxonomy stool"
"k__Bacteria|p__Firmicutes|c__Clostridia|o__Clostridiales|f__Clostridiales_Family_XIII_Incertae_Sedis|g__Mogibacterium|s__Mogibacterium_timidum|t__SGB3920",0,0,NA,FALSE,FALSE,FALSE,NA,"HMP1-2 taxonomy stool"
"k__Bacteria|p__Actinobacteria|c__Coriobacteriia|o__Coriobacteriales|f__Atopobiaceae|g__Olsenella|s__Olsenella_uli|t__SGB14386",0,0,NA,FALSE,FALSE,FALSE,NA,"HMP1-2 taxonomy stool"
"k__Bacteria|p__Firmicutes|c__Bacilli|o__Bacilli_unclassified|f__Bacilli_unclassified|g__Bacilli_unclassified|s__Bacilli_bacterium|t__SGB1021",3,0.00547445255474453,0.137782816006279,FALSE,TRUE,FALSE,NA,"HMP1-2 taxonomy stool"
"k__Bacteria|p__Bacteroidetes|c__Bacteroidia|o__Bacteroidales|f__Bacteroidaceae|g__Bacteroidaceae_unclassified|s__Bacteroidaceae_bacterium|t__SGB1472",11,0.0200729927007299,0.0479045584273611,FALSE,TRUE,FALSE,NA,"HMP1-2 taxonomy stool"
"k__Bacteria|p__Bacteroidetes|c__Bacteroidia|o__Bacteroidales|f__Prevotellaceae|g__Prevotella|s__Prevotella_sp_885|t__SGB1677",5,0.00912408759124088,0.0106627136701314,FALSE,TRUE,FALSE,NA,"HMP1-2 taxonomy stool"
"k__Bacteria|p__Firmicutes|c__Clostridia|o__Clostridiales|f__Lachnospiraceae|g__GGB3733|s__GGB3733_SGB5066|t__SGB5066",14,0.0255474452554745,0.00777808874640219,FALSE,TRUE,FALSE,NA,"HMP1-2 taxonomy stool"
"k__Bacteria|p__Bacteroidetes|c__Bacteroidia|o__Bacteroidales|f__Bacteroidales_unclassified|g__Phocaeicola|s__Phocaeicola_sartorii|t__SGB1813",7,0.0127737226277372,0.0233474237224464,FALSE,TRUE,FALSE,NA,"HMP1-2 taxonomy stool"
"k__Bacteria|p__Firmicutes|c__Clostridia|o__Clostridia_unclassified|f__Clostridia_unclassified|g__GGB4610|s__GGB4610_SGB6384|t__SGB6384",3,0.00547445255474453,0.00203346630274743,FALSE,TRUE,FALSE,NA,"HMP1-2 taxonomy stool"
"k__Bacteria|p__Firmicutes|c__Clostridia|o__Clostridiales|f__Ruminococcaceae|g__GGB9674|s__GGB9674_SGB15173|t__SGB15173",1,0.00182481751824818,0.00152959892928075,FALSE,TRUE,FALSE,NA,"HMP1-2 taxonomy stool"
"k__Bacteria|p__Firmicutes|c__Clostridia|o__Clostridia_unclassified|f__Clostridia_unclassified|g__Clostridia_unclassified|s__Clostridia_unclassified_SGB4373|t__SGB4373",10,0.0182481751824818,0.00177091987062531,FALSE,TRUE,FALSE,NA,"HMP1-2 taxonomy stool"
"k__Bacteria|p__Firmicutes|c__Clostridia|o__Clostridia_unclassified|f__Clostridia_unclassified|g__GGB9348|s__GGB9348_SGB14315|t__SGB14315",7,0.0127737226277372,0.000450014219951482,FALSE,TRUE,FALSE,NA,"HMP1-2 taxonomy stool"
"k__Bacteria|p__Firmicutes|c__Clostridia|o__Clostridia_unclassified|f__Clostridia_unclassified|g__Clostridia_unclassified|s__Clostridia_bacterium|t__SGB3951",16,0.0291970802919708,0.00060503122852071,FALSE,TRUE,FALSE,NA,"HMP1-2 taxonomy stool"
"k__Bacteria|p__Firmicutes|c__Clostridia|o__Clostridiales|f__Oscillospiraceae|g__Oscillibacter|s__Oscillibacter_ruminantium|t__SGB28985",1,0.00182481751824818,0.000294999793500144,FALSE,TRUE,FALSE,NA,"HMP1-2 taxonomy stool"
"k__Bacteria|p__Firmicutes|c__Clostridia|o__Clostridiales|f__Lachnospiraceae|g__Lachnospiraceae_unclassified|s__Lachnospiraceae_unclassified_SGB5104|t__SGB5104",1,0.00182481751824818,0.00028679979924014,FALSE,TRUE,FALSE,NA,"HMP1-2 taxonomy stool"
"k__Bacteria|p__Firmicutes|c__Clostridia|o__Clostridiales|f__Peptococcaceae|g__Peptococcaceae_unclassified|s__Peptococcaceae_bacterium|t__SGB4060",16,0.0291970802919708,0.000224881272630024,FALSE,TRUE,FALSE,NA,"HMP1-2 taxonomy stool"
"k__Bacteria|p__Firmicutes|c__Clostridia|o__Clostridiales|f__Ruminococcaceae|g__GGB9583|s__GGB9583_SGB15004|t__SGB15004",14,0.0255474452554745,0.00207779983596709,FALSE,TRUE,FALSE,NA,"HMP1-2 taxonomy stool"
"k__Bacteria|p__Firmicutes|c__Clostridia|o__Clostridiales|f__Lachnospiraceae|g__Lachnospiraceae_unclassified|s__Lachnospiraceae_bacterium_BX3|t__SGB4651",44,0.0802919708029197,0.000856874986978086,FALSE,TRUE,FALSE,NA,"HMP1-2 taxonomy stool"
"k__Bacteria|p__Firmicutes|c__Clostridia|o__Clostridiales|f__Ruminococcaceae|g__Negativibacillus|s__Negativibacillus_massiliensis|t__SGB14912",56,0.102189781021898,0.000389083911321664,TRUE,TRUE,TRUE,0.013867236219352,"HMP1-2 taxonomy stool"
"k__Bacteria|p__Firmicutes|c__Clostridia|o__Clostridiales|f__Ruminococcaceae|g__GGB9452|s__GGB9452_SGB14843|t__SGB14843",5,0.00912408759124088,0.000223439968278017,FALSE,TRUE,FALSE,NA,"HMP1-2 taxonomy stool"
"k__Bacteria|p__Firmicutes|c__Clostridia|o__Clostridiales|f__Lachnospiraceae|g__GGB3737|s__GGB3737_SGB5071|t__SGB5071",12,0.0218978102189781,0.000233883369387531,FALSE,TRUE,FALSE,NA,"HMP1-2 taxonomy stool"
"k__Bacteria|p__Firmicutes|c__Clostridia|o__Clostridiales|f__Lachnospiraceae|g__Lachnospiraceae_unclassified|s__Lachnospiraceae_bacterium|t__SGB4834",7,0.0127737226277372,0.0001193856553929,FALSE,TRUE,FALSE,NA,"HMP1-2 taxonomy stool"
"k__Bacteria|p__Firmicutes|c__Clostridia|o__Clostridiales|f__Clostridiales_unclassified|g__Clostridiales_unclassified|s__Clostridiales_bacterium_CHKCI006|t__SGB7261",9,0.0164233576642336,1.79333292711139e-05,FALSE,FALSE,FALSE,NA,"HMP1-2 taxonomy stool"
"k__Bacteria|p__Firmicutes|c__Clostridia|o__Clostridia_unclassified|f__Clostridia_unclassified|g__Clostridia_unclassified|s__Clostridia_bacterium|t__SGB19227",19,0.0346715328467153,6.78736829805337e-05,FALSE,FALSE,FALSE,NA,"HMP1-2 taxonomy stool"
"k__Bacteria|p__Firmicutes|c__Clostridia|o__Clostridia_unclassified|f__Clostridia_unclassified|g__Clostridia_unclassified|s__Clostridia_bacterium|t__SGB54333",9,0.0164233576642336,7.61555825878031e-05,FALSE,FALSE,FALSE,NA,"HMP1-2 taxonomy stool"
"k__Bacteria|p__Firmicutes|c__Clostridia|o__Clostridiales|f__Clostridiaceae|g__Clostridium|s__Clostridium_sp_chh4_2|t__SGB4743",18,0.0328467153284672,3.02277819916708e-05,FALSE,FALSE,FALSE,NA,"HMP1-2 taxonomy stool"
"k__Bacteria|p__Actinobacteria|c__Coriobacteriia|o__Coriobacteriales|f__Coriobacteriaceae|g__Senegalimassilia|s__Senegalimassilia_faecalis|t__SGB14822",4,0.0072992700729927,6.88750059425059e-05,FALSE,FALSE,FALSE,NA,"HMP1-2 taxonomy stool"
"k__Archaea|p__Euryarchaeota|c__Methanobacteria|o__Methanobacteriales|f__Methanobacteriaceae|g__Methanosphaera|s__Methanosphaera_stadtmanae|t__SGB698",8,0.0145985401459854,0.000161699991533764,FALSE,TRUE,FALSE,NA,"HMP1-2 taxonomy stool"
"k__Bacteria|p__Actinobacteria|c__Coriobacteriia|o__Eggerthellales|f__Eggerthellaceae|g__Adlercreutzia|s__Adlercreutzia_mucosicola|t__SGB33554",1,0.00182481751824818,1.8299987190009e-05,FALSE,FALSE,FALSE,NA,"HMP1-2 taxonomy stool"
"k__Bacteria|p__Actinobacteria|c__Coriobacteriia|o__Coriobacteriales|f__Coriobacteriales_unclassified|g__Coriobacteriales_unclassified|s__Coriobacteriales_unclassified_SGB72475|t__SGB72475_group",5,0.00912408759124088,3.74199930400071e-05,FALSE,FALSE,FALSE,NA,"HMP1-2 taxonomy stool"
"k__Bacteria|p__Firmicutes|c__Clostridia|o__Clostridia_unclassified|f__Clostridia_unclassified|g__Candidatus_Metaruminococcus|s__Candidatus_Metaruminococcus_gallistercoris|t__SGB14870",18,0.0328467153284672,0.000417655522205577,FALSE,TRUE,FALSE,NA,"HMP1-2 taxonomy stool"
"k__Bacteria|p__Firmicutes|c__Clostridia|o__Clostridia_unclassified|f__Clostridia_unclassified|g__Clostridia_unclassified|s__Clostridia_bacterium|t__SGB4438",68,0.124087591240876,0.000305763195938908,TRUE,TRUE,TRUE,0.012983980047282,"HMP1-2 taxonomy stool"
"k__Bacteria|p__Firmicutes|c__Clostridia|o__Clostridiales|f__Clostridiaceae|g__Lactonifactor|s__Lactonifactor_sp_BIOML_A6|t__SGB48013",9,0.0164233576642336,2.17888865711122e-05,FALSE,FALSE,FALSE,NA,"HMP1-2 taxonomy stool"
"k__Bacteria|p__Proteobacteria|c__Gammaproteobacteria|o__Pseudomonadales|f__Pseudomonadaceae|g__Pseudomonas|s__Pseudomonas_monteilii|t__SGB12291",1,0.00182481751824818,7.29999489000357e-06,FALSE,FALSE,FALSE,NA,"HMP1-2 taxonomy stool"
"k__Bacteria|p__Firmicutes|c__Clostridia|o__Clostridiales|f__Lachnospiraceae|g__Blautia|s__Blautia_producta|t__SGB4786",26,0.0474452554744526,8.11922973019279e-05,FALSE,FALSE,FALSE,NA,"HMP1-2 taxonomy stool"
"k__Bacteria|p__Firmicutes|c__Clostridia|o__Clostridiales|f__Ruminococcaceae|g__Ruminococcaceae_unclassified|s__Ruminococcaceae_bacterium|t__SGB14925",14,0.0255474452554745,0.00010690720339291,FALSE,TRUE,FALSE,NA,"HMP1-2 taxonomy stool"
"k__Bacteria|p__Proteobacteria|c__Betaproteobacteria|o__Neisseriales|f__Neisseriaceae|g__Simonsiella|s__Simonsiella_muelleri|t__SGB9474",0,0,NA,FALSE,FALSE,FALSE,NA,"HMP1-2 taxonomy stool"
"k__Bacteria|p__Proteobacteria|c__Betaproteobacteria|o__Neisseriales|f__Neisseriaceae|g__Kingella|s__Kingella_kingae|t__SGB9475",0,0,NA,FALSE,FALSE,FALSE,NA,"HMP1-2 taxonomy stool"
"k__Bacteria|p__Candidatus_Saccharibacteria|c__CFGB4354|o__OFGB4354|f__FGB4354|g__GGB12787|s__GGB12787_SGB19830|t__SGB19830",0,0,NA,FALSE,FALSE,FALSE,NA,"HMP1-2 taxonomy stool"
"k__Bacteria|p__Actinobacteria|c__Actinobacteria|o__Corynebacteriales|f__Corynebacteriaceae|g__Corynebacterium|s__Corynebacterium_kroppenstedtii|t__SGB17004",0,0,NA,FALSE,FALSE,FALSE,NA,"HMP1-2 taxonomy stool"
"k__Bacteria|p__Actinobacteria|c__Actinobacteria|o__Corynebacteriales|f__Corynebacteriaceae|g__Corynebacterium|s__Corynebacterium_kroppenstedtii|t__SGB17000",0,0,NA,FALSE,FALSE,FALSE,NA,"HMP1-2 taxonomy stool"
"k__Bacteria|p__Actinobacteria|c__Actinobacteria|o__Micrococcales|f__Brevibacteriaceae|g__Brevibacterium|s__Brevibacterium_casei|t__SGB16643",0,0,NA,FALSE,FALSE,FALSE,NA,"HMP1-2 taxonomy stool"
"k__Bacteria|p__Bacteroidetes|c__Flavobacteriia|o__Flavobacteriales|f__Weeksellaceae|g__Chryseobacterium|s__Chryseobacterium_arthrosphaerae|t__SGB2574",0,0,NA,FALSE,FALSE,FALSE,NA,"HMP1-2 taxonomy stool"
"k__Bacteria|p__Actinobacteria|c__Actinobacteria|o__Corynebacteriales|f__Corynebacteriaceae|g__Corynebacterium|s__Corynebacterium_variabile|t__SGB17034",0,0,NA,FALSE,FALSE,FALSE,NA,"HMP1-2 taxonomy stool"
"k__Bacteria|p__Actinobacteria|c__Actinobacteria|o__Micrococcales|f__Micrococcaceae|g__Kocuria|s__Kocuria_rhizophila|t__SGB16671",0,0,NA,FALSE,FALSE,FALSE,NA,"HMP1-2 taxonomy stool"
"k__Bacteria|p__Proteobacteria|c__Gammaproteobacteria|o__Xanthomonadales|f__Xanthomonadaceae|g__Xanthomonas|s__Xanthomonas_campestris|t__SGB12430",1,0.00182481751824818,2.67e-05,FALSE,FALSE,FALSE,NA,"HMP1-2 taxonomy stool"
"k__Bacteria|p__Proteobacteria|c__Alphaproteobacteria|o__Rhizobiales|f__Rhizobiales_unclassified|g__Rhizobiales_unclassified|s__Rhizobiales_bacterium|t__SGB11087",0,0,NA,FALSE,FALSE,FALSE,NA,"HMP1-2 taxonomy stool"
"k__Bacteria|p__Actinobacteria|c__Actinobacteria|o__Corynebacteriales|f__Corynebacteriaceae|g__Corynebacterium|s__Corynebacterium_hadale|t__SGB17059",0,0,NA,FALSE,FALSE,FALSE,NA,"HMP1-2 taxonomy stool"
"k__Bacteria|p__Firmicutes|c__Bacilli|o__Bacillales|f__Staphylococcaceae|g__Staphylococcus|s__Staphylococcus_warneri|t__SGB7857_group",1,0.00182481751824818,6.50000065000007e-06,FALSE,FALSE,FALSE,NA,"HMP1-2 taxonomy stool"
"k__Bacteria|p__Actinobacteria|c__Actinobacteria|o__Corynebacteriales|f__Corynebacteriaceae|g__Corynebacterium|s__Corynebacterium_jeikeium|t__SGB17043",0,0,NA,FALSE,FALSE,FALSE,NA,"HMP1-2 taxonomy stool"
"k__Bacteria|p__Bacteroidetes|c__CFGB12541|o__OFGB12541|f__FGB12541|g__GGB35550|s__GGB35550_SGB48439|t__SGB48439",2,0.00364963503649635,0.00234799944132022,FALSE,TRUE,FALSE,NA,"HMP1-2 taxonomy stool"
"k__Bacteria|p__Bacteroidetes|c__Bacteroidia|o__Bacteroidales|f__Bacteroidaceae|g__GGB1379|s__GGB1379_SGB1880|t__SGB1880",2,0.00364963503649635,0.0010897997364601,FALSE,TRUE,FALSE,NA,"HMP1-2 taxonomy stool"
"k__Bacteria|p__Proteobacteria|c__Betaproteobacteria|o__Burkholderiales|f__Sutterellaceae|g__Sutterella|s__Sutterella_SGB9281|t__SGB9281",22,0.0401459854014599,0.0115848090260199,FALSE,TRUE,FALSE,NA,"HMP1-2 taxonomy stool"
"k__Bacteria|p__Candidatus_Melainabacteria|c__Candidatus_Melainabacteria_unclassified|o__Candidatus_Gastranaerophilales|f__Candidatus_Gastranaerophilales_unclassified|g__GGB5980|s__GGB5980_SGB8599|t__SGB8599",28,0.0510948905109489,0.00649700341812394,FALSE,TRUE,FALSE,NA,"HMP1-2 taxonomy stool"
"k__Bacteria|p__Firmicutes|c__Clostridia|o__Clostridiales|f__Ruminococcaceae|g__Ruminococcaceae_unclassified|s__Ruminococcaceae_bacterium|t__SGB15196",42,0.0766423357664234,0.00132242628464196,FALSE,TRUE,FALSE,NA,"HMP1-2 taxonomy stool"
"k__Bacteria|p__Proteobacteria|c__Deltaproteobacteria|o__Desulfovibrionales|f__Desulfovibrionaceae|g__GGB28319|s__GGB28319_SGB40892|t__SGB40892",7,0.0127737226277372,0.000339642969527211,FALSE,TRUE,FALSE,NA,"HMP1-2 taxonomy stool"
"k__Bacteria|p__Bacteroidetes|c__Bacteroidia|o__Bacteroidales|f__Bacteroidaceae|g__Bacteroides|s__Bacteroides_gallinarum|t__SGB1828",32,0.0583941605839416,0.00496797485595633,FALSE,TRUE,FALSE,NA,"HMP1-2 taxonomy stool"
"k__Bacteria|p__Bacteroidetes|c__Bacteroidia|o__Bacteroidales|f__Prevotellaceae|g__Prevotella|s__Prevotella_multiformis|t__SGB1539",0,0,NA,FALSE,FALSE,FALSE,NA,"HMP1-2 taxonomy stool"
"k__Bacteria|p__Bacteroidetes|c__Bacteroidia|o__Bacteroidales|f__Porphyromonadaceae|g__Porphyromonas|s__Porphyromonas_gingivalis|t__SGB2057",0,0,NA,FALSE,FALSE,FALSE,NA,"HMP1-2 taxonomy stool"
"k__Bacteria|p__Spirochaetes|c__Spirochaetia|o__Spirochaetales|f__Spirochaetaceae|g__GGB2676|s__GGB2676_SGB3611|t__SGB3611",0,0,NA,FALSE,FALSE,FALSE,NA,"HMP1-2 taxonomy stool"
"k__Bacteria|p__Fusobacteria|c__Fusobacteriia|o__Fusobacteriales|f__Leptotrichiaceae|g__Leptotrichia|s__Leptotrichia_sp_oral_taxon_847|t__SGB24832",0,0,NA,FALSE,FALSE,FALSE,NA,"HMP1-2 taxonomy stool"
"k__Bacteria|p__Bacteroidetes|c__Bacteroidia|o__Bacteroidales|f__Prevotellaceae|g__GGB1188|s__GGB1188_SGB1538|t__SGB1538",0,0,NA,FALSE,FALSE,FALSE,NA,"HMP1-2 taxonomy stool"
"k__Bacteria|p__Bacteroidetes|c__Bacteroidia|o__Bacteroidales|f__Prevotellaceae|g__Prevotella|s__Prevotella_sp_oral_taxon_376|t__SGB21554",0,0,NA,FALSE,FALSE,FALSE,NA,"HMP1-2 taxonomy stool"
"k__Bacteria|p__Firmicutes|c__Clostridia|o__Clostridiales|f__Lachnospiraceae|g__Oribacterium|s__Oribacterium_sp_oral_taxon_102|t__SGB71397",0,0,NA,FALSE,FALSE,FALSE,NA,"HMP1-2 taxonomy stool"
"k__Bacteria|p__Firmicutes|c__Erysipelotrichia|o__Erysipelotrichales|f__Erysipelotrichaceae|g__Eggerthia|s__Eggerthia_catenaformis|t__SGB6630",0,0,NA,FALSE,FALSE,FALSE,NA,"HMP1-2 taxonomy stool"
"k__Bacteria|p__Bacteroidetes|c__Bacteroidia|o__Bacteroidales|f__Prevotellaceae|g__Prevotella|s__Prevotella_baroniae|t__SGB1533",0,0,NA,FALSE,FALSE,FALSE,NA,"HMP1-2 taxonomy stool"
"k__Bacteria|p__Proteobacteria|c__Deltaproteobacteria|o__Desulfobacterales|f__Desulfobulbaceae|g__Desulfobulbus|s__Desulfobulbus_oralis|t__SGB8831",0,0,NA,FALSE,FALSE,FALSE,NA,"HMP1-2 taxonomy stool"
"k__Bacteria|p__Firmicutes|c__Clostridia|o__Clostridiales|f__Peptostreptococcaceae|g__Peptostreptococcaceae_unclassified|s__Peptostreptococcaceae_bacterium_oral_taxon_113|t__SGB6626",0,0,NA,FALSE,FALSE,FALSE,NA,"HMP1-2 taxonomy stool"
"k__Bacteria|p__Actinobacteria|c__Coriobacteriia|o__Coriobacteriales|f__Atopobiaceae|g__Olsenella|s__Olsenella_phocaeensis|t__SGB14384",0,0,NA,FALSE,FALSE,FALSE,NA,"HMP1-2 taxonomy stool"
"k__Bacteria|p__Bacteroidetes|c__CFGB2427|o__OFGB2427|f__FGB2427|g__GGB6645|s__GGB6645_SGB9382|t__SGB9382",0,0,NA,FALSE,FALSE,FALSE,NA,"HMP1-2 taxonomy stool"
"k__Bacteria|p__Candidatus_Absconditabacteria|c__Candidatus_Absconditabacteria_unclassified|o__Candidatus_Absconditabacteria_unclassified|f__Candidatus_Absconditabacteria_unclassified|g__GGB4936|s__GGB4936_SGB6888|t__SGB6888",0,0,NA,FALSE,FALSE,FALSE,NA,"HMP1-2 taxonomy stool"
"k__Bacteria|p__Firmicutes|c__Clostridia|o__Clostridia_unclassified|f__Clostridia_unclassified|g__Clostridia_unclassified|s__Clostridia_unclassified_SGB4317|t__SGB4317",10,0.0182481751824818,0.0426043502954505,FALSE,TRUE,FALSE,NA,"HMP1-2 taxonomy stool"
"k__Bacteria|p__Firmicutes|c__Erysipelotrichia|o__Erysipelotrichales|f__Erysipelotrichaceae|g__Erysipelatoclostridium|s__Erysipelatoclostridium_sp_An15|t__SGB6746",6,0.0109489051094891,0.000187866668495002,FALSE,TRUE,FALSE,NA,"HMP1-2 taxonomy stool"
"k__Bacteria|p__Firmicutes|c__Clostridia|o__Clostridiales|f__Lachnospiraceae|g__Lachnospiraceae_unclassified|s__Lachnospiraceae_bacterium|t__SGB48024",31,0.0565693430656934,0.000184435476367784,FALSE,TRUE,FALSE,NA,"HMP1-2 taxonomy stool"
"k__Bacteria|p__Firmicutes|c__CFGB24517|o__OFGB24517|f__FGB24517|g__GGB45620|s__GGB45620_SGB63333|t__SGB63333",8,0.0145985401459854,4.0750004723753e-05,FALSE,FALSE,FALSE,NA,"HMP1-2 taxonomy stool"
"k__Bacteria|p__Firmicutes|c__Clostridia|o__Clostridiales|f__Clostridiaceae|g__Clostridium|s__Clostridium_sp_AM58_1XD|t__SGB25539",2,0.00364963503649635,1.66999992100002e-05,FALSE,FALSE,FALSE,NA,"HMP1-2 taxonomy stool"
"k__Bacteria|p__Firmicutes|c__Clostridia|o__Clostridiales|f__Lachnospiraceae|g__Marvinbryantia|s__Marvinbryantia_formatexigens|t__SGB4690",2,0.00364963503649635,0.000244799877825061,FALSE,TRUE,FALSE,NA,"HMP1-2 taxonomy stool"
"k__Bacteria|p__Candidatus_Gracilibacteria|c__Candidatus_Gracilibacteria_unclassified|o__Candidatus_Gracilibacteria_unclassified|f__Candidatus_Gracilibacteria_unclassified|g__Candidatus_Gracilibacteria_unclassified|s__Candidatus_Gracilibacteria_bacterium_HOT_871|t__SGB5977",0,0,NA,FALSE,FALSE,FALSE,NA,"HMP1-2 taxonomy stool"
"k__Bacteria|p__Firmicutes|c__Negativicutes|o__Veillonellales|f__Veillonellaceae|g__Veillonellaceae_unclassified|s__Veillonellaceae_bacterium|t__SGB6930",0,0,NA,FALSE,FALSE,FALSE,NA,"HMP1-2 taxonomy stool"
"k__Bacteria|p__Firmicutes|c__Negativicutes|o__Veillonellales|f__Veillonellaceae|g__Veillonellaceae_unclassified|s__Veillonellaceae_bacterium|t__SGB6932",0,0,NA,FALSE,FALSE,FALSE,NA,"HMP1-2 taxonomy stool"
"k__Bacteria|p__Actinobacteria|c__Actinobacteria|o__Propionibacteriales|f__Propionibacteriaceae|g__Propionibacterium|s__Propionibacterium_acidifaciens|t__SGB15903",0,0,NA,FALSE,FALSE,FALSE,NA,"HMP1-2 taxonomy stool"
"k__Bacteria|p__Proteobacteria|c__Betaproteobacteria|o__Neisseriales|f__Neisseriaceae|g__Neisseria|s__Neisseria_chenwenguii|t__SGB9471",0,0,NA,FALSE,FALSE,FALSE,NA,"HMP1-2 taxonomy stool"
"k__Bacteria|p__Firmicutes|c__Clostridia|o__Clostridia_unclassified|f__Clostridia_unclassified|g__GGB4554|s__GGB4554_SGB6285|t__SGB6285",9,0.0164233576642336,0.00167487752032689,FALSE,TRUE,FALSE,NA,"HMP1-2 taxonomy stool"
"k__Bacteria|p__Firmicutes|c__Bacilli|o__Bacilli_unclassified|f__Bacilli_unclassified|g__Bacilli_unclassified|s__Bacilli_bacterium|t__SGB6392",8,0.0145985401459854,0.00110476218684266,FALSE,TRUE,FALSE,NA,"HMP1-2 taxonomy stool"
"k__Bacteria|p__Firmicutes|c__Clostridia|o__Clostridiales|f__Lachnospiraceae|g__Roseburia|s__Roseburia_SGB4958|t__SGB4958",30,0.0547445255474453,0.000262169975819696,FALSE,TRUE,FALSE,NA,"HMP1-2 taxonomy stool"
"k__Bacteria|p__Firmicutes|c__Erysipelotrichia|o__Erysipelotrichales|f__Erysipelotrichaceae|g__Faecalicoccus|s__Faecalicoccus_pleomorphus|t__SGB6791_group",8,0.0145985401459854,0.00017710000204628,FALSE,TRUE,FALSE,NA,"HMP1-2 taxonomy stool"
"k__Bacteria|p__Actinobacteria|c__Coriobacteriia|o__Coriobacteriales|f__Coriobacteriaceae|g__Collinsella|s__Collinsella_sp_AF08_23|t__SGB14739",23,0.041970802919708,0.000195917395224805,FALSE,TRUE,FALSE,NA,"HMP1-2 taxonomy stool"
"k__Bacteria|p__Bacteroidetes|c__Bacteroidia|o__Bacteroidales|f__Rikenellaceae|g__Alistipes|s__Alistipes_dispar|t__SGB2311",44,0.0802919708029197,0.00319288170675598,FALSE,TRUE,FALSE,NA,"HMP1-2 taxonomy stool"
"k__Bacteria|p__Firmicutes|c__Clostridia|o__Clostridiales|f__Clostridiaceae|g__Clostridium|s__Clostridium_sp_AM42_4|t__SGB4709",7,0.0127737226277372,0.000164485724937147,FALSE,TRUE,FALSE,NA,"HMP1-2 taxonomy stool"
"k__Bacteria|p__Bacteroidetes|c__Bacteroidia|o__Bacteroidales|f__Bacteroidaceae|g__Bacteroides|s__Bacteroides_congonensis|t__SGB1878",22,0.0401459854014599,0.00259835938081618,FALSE,TRUE,FALSE,NA,"HMP1-2 taxonomy stool"
"k__Bacteria|p__Firmicutes|c__Clostridia|o__Clostridiales|f__Lachnospiraceae|g__Lachnospiraceae_unclassified|s__Lachnospiraceae_bacterium|t__SGB4728",22,0.0401459854014599,5.59818211413708e-05,FALSE,FALSE,FALSE,NA,"HMP1-2 taxonomy stool"
"k__Bacteria|p__Firmicutes|c__Clostridia|o__Clostridia_unclassified|f__Clostridia_unclassified|g__Clostridia_unclassified|s__Clostridia_bacterium|t__SGB3992",20,0.0364963503649635,0.00268795497633677,FALSE,TRUE,FALSE,NA,"HMP1-2 taxonomy stool"
"k__Bacteria|p__Firmicutes|c__Bacilli|o__Bacilli_unclassified|f__Bacilli_unclassified|g__Bacilli_unclassified|s__Bacilli_bacterium|t__SGB6532",2,0.00364963503649635,0.00176180000476,FALSE,TRUE,FALSE,NA,"HMP1-2 taxonomy stool"
"k__Bacteria|p__Bacteroidetes|c__Bacteroidia|o__Bacteroidales|f__Bacteroidales_unclassified|g__Bacteroidales_unclassified|s__Bacteroidales_bacterium|t__SGB1961",40,0.072992700729927,0.0048863621733318,FALSE,TRUE,FALSE,NA,"HMP1-2 taxonomy stool"
"k__Bacteria|p__Firmicutes|c__Clostridia|o__Clostridia_unclassified|f__Clostridia_unclassified|g__Clostridia_unclassified|s__Clostridia_bacterium_UC5_1_1E11|t__SGB14895",87,0.158759124087591,0.000154648265726914,TRUE,TRUE,TRUE,0.00773924832688857,"HMP1-2 taxonomy stool"
"k__Bacteria|p__Firmicutes|c__Clostridia|o__Clostridiales|f__Lachnospiraceae|g__GGB3678|s__GGB3678_SGB4991|t__SGB4991",19,0.0346715328467153,0.00013941580815685,FALSE,TRUE,FALSE,NA,"HMP1-2 taxonomy stool"
"k__Bacteria|p__Firmicutes|c__Clostridia|o__Clostridia_unclassified|f__Clostridia_unclassified|g__Clostridia_unclassified|s__Clostridia_bacterium|t__SGB15405",8,0.0145985401459854,5.57250338650335e-05,FALSE,FALSE,FALSE,NA,"HMP1-2 taxonomy stool"
"k__Bacteria|p__Firmicutes|c__CFGB1218|o__OFGB1218|f__FGB1218|g__GGB2983|s__GGB2983_SGB3965|t__SGB3965",15,0.0273722627737226,5.13733454373513e-05,FALSE,FALSE,FALSE,NA,"HMP1-2 taxonomy stool"
"k__Bacteria|p__Firmicutes|c__Clostridia|o__Clostridia_unclassified|f__Clostridia_unclassified|g__Clostridia_unclassified|s__Clostridia_bacterium|t__SGB15401",11,0.0200729927007299,3.66454601436409e-05,FALSE,FALSE,FALSE,NA,"HMP1-2 taxonomy stool"
"k__Bacteria|p__Firmicutes|c__Clostridia|o__Clostridiales|f__Lachnospiraceae|g__Enterocloster|s__Enterocloster_asparagiformis|t__SGB4724",46,0.083941605839416,6.81282571997902e-05,FALSE,FALSE,FALSE,NA,"HMP1-2 taxonomy stool"
"k__Bacteria|p__Proteobacteria|c__Betaproteobacteria|o__Burkholderiales|f__Comamonadaceae|g__Acidovorax|s__Acidovorax_ebreus|t__SGB12715",1,0.00182481751824818,6.99999440000448e-07,FALSE,FALSE,FALSE,NA,"HMP1-2 taxonomy stool"
"k__Bacteria|p__Proteobacteria|c__Betaproteobacteria|o__Rhodocyclales|f__Azonexaceae|g__Dechloromonas|s__Dechloromonas_agitata|t__SGB32903",0,0,NA,FALSE,FALSE,FALSE,NA,"HMP1-2 taxonomy stool"
"k__Bacteria|p__Proteobacteria|c__Betaproteobacteria|o__Burkholderiales|f__Comamonadaceae|g__Acidovorax|s__Acidovorax_temperans|t__SGB12690",1,0.00182481751824818,8.3899958050021e-05,FALSE,FALSE,FALSE,NA,"HMP1-2 taxonomy stool"
"k__Bacteria|p__Proteobacteria|c__Betaproteobacteria|o__Burkholderiales|f__Alcaligenaceae|g__Paracandidimonas|s__Paracandidimonas_soli|t__SGB32666",0,0,NA,FALSE,FALSE,FALSE,NA,"HMP1-2 taxonomy stool"
"k__Bacteria|p__Proteobacteria|c__Betaproteobacteria|o__Burkholderiales|f__Comamonadaceae|g__Acidovorax|s__Acidovorax_caeni|t__SGB12718",0,0,NA,FALSE,FALSE,FALSE,NA,"HMP1-2 taxonomy stool"
"k__Bacteria|p__Firmicutes|c__Clostridia|o__Clostridiales|f__Ruminococcaceae|g__GGB9635|s__GGB9635_SGB15102|t__SGB15102",10,0.0182481751824818,0.00268968996622225,FALSE,TRUE,FALSE,NA,"HMP1-2 taxonomy stool"
"k__Bacteria|p__Firmicutes|c__Clostridia|o__Clostridia_unclassified|f__Clostridia_unclassified|g__Clostridia_unclassified|s__Clostridia_bacterium|t__SGB4325",1,0.00182481751824818,0.00601349879730025,FALSE,TRUE,FALSE,NA,"HMP1-2 taxonomy stool"
"k__Bacteria|p__Firmicutes|c__Clostridia|o__Clostridia_unclassified|f__Clostridia_unclassified|g__Clostridia_unclassified|s__Clostridia_unclassified_SGB6307|t__SGB6307",11,0.0200729927007299,0.00544303658118152,FALSE,TRUE,FALSE,NA,"HMP1-2 taxonomy stool"
"k__Bacteria|p__Firmicutes|c__Negativicutes|o__Acidaminococcales|f__Acidaminococcaceae|g__Phascolarctobacterium|s__Phascolarctobacterium_succinatutens|t__SGB5765_group",35,0.0638686131386861,0.00706961596950953,FALSE,TRUE,FALSE,NA,"HMP1-2 taxonomy stool"
"k__Bacteria|p__Firmicutes|c__Clostridia|o__Clostridiales|f__Ruminococcaceae|g__Ruminococcaceae_unclassified|s__Ruminococcaceae_bacterium|t__SGB15353",9,0.0164233576642336,0.00303599928121063,FALSE,TRUE,FALSE,NA,"HMP1-2 taxonomy stool"
"k__Bacteria|p__Proteobacteria|c__Betaproteobacteria|o__Burkholderiales|f__Sutterellaceae|g__GGB6572|s__GGB6572_SGB9284|t__SGB9284",5,0.00912408759124088,0.00175993985548407,FALSE,TRUE,FALSE,NA,"HMP1-2 taxonomy stool"
"k__Bacteria|p__Firmicutes|c__Clostridia|o__Clostridiales|f__Ruminococcaceae|g__GGB9677|s__GGB9677_SGB15179|t__SGB15179",3,0.00547445255474453,0.000564900050800096,FALSE,TRUE,FALSE,NA,"HMP1-2 taxonomy stool"
"k__Bacteria|p__Firmicutes|c__Clostridia|o__Clostridiales|f__Lachnospiraceae|g__Lachnospiraceae_unclassified|s__Lachnospiraceae_bacterium|t__SGB4697",9,0.0164233576642336,0.000371388890213352,FALSE,TRUE,FALSE,NA,"HMP1-2 taxonomy stool"
"k__Bacteria|p__Firmicutes|c__Clostridia|o__Clostridiales|f__Ruminococcaceae|g__GGB41366|s__GGB41366_SGB58424|t__SGB58424",3,0.00547445255474453,0.00139033293372345,FALSE,TRUE,FALSE,NA,"HMP1-2 taxonomy stool"
"k__Bacteria|p__Firmicutes|c__Clostridia|o__Clostridiales|f__Ruminococcaceae|g__Ruminococcaceae_unclassified|s__Ruminococcaceae_unclassified_SGB14835|t__SGB14835",16,0.0291970802919708,0.000170237512282522,FALSE,TRUE,FALSE,NA,"HMP1-2 taxonomy stool"
"k__Bacteria|p__Firmicutes|c__Clostridia|o__Clostridia_unclassified|f__Clostridia_unclassified|g__Candidatus_Gallimonas|s__Candidatus_Gallimonas_intestinalis|t__SGB54318",22,0.0401459854014599,0.00431670001224419,FALSE,TRUE,FALSE,NA,"HMP1-2 taxonomy stool"
"k__Bacteria|p__Firmicutes|c__Clostridia|o__Clostridia_unclassified|f__Clostridia_unclassified|g__Clostridia_unclassified|s__Clostridia_bacterium|t__SGB4146",3,0.00547445255474453,0.000504633092380138,FALSE,TRUE,FALSE,NA,"HMP1-2 taxonomy stool"
"k__Bacteria|p__Firmicutes|c__Clostridia|o__Clostridiales|f__Lachnospiraceae|g__GGB3474|s__GGB3474_SGB4637|t__SGB4637",28,0.0510948905109489,0.000688785780774008,FALSE,TRUE,FALSE,NA,"HMP1-2 taxonomy stool"
"k__Bacteria|p__Firmicutes|c__Clostridia|o__Clostridiales|f__Lachnospiraceae|g__Faecalicatena|s__Faecalicatena_fissicatena|t__SGB4615",11,0.0200729927007299,9.96181531709406e-05,FALSE,FALSE,FALSE,NA,"HMP1-2 taxonomy stool"
"k__Bacteria|p__Firmicutes|c__Clostridia|o__Clostridia_unclassified|f__Clostridia_unclassified|g__Clostridia_unclassified|s__Clostridia_bacterium|t__SGB14046",6,0.0109489051094891,0.000668533088241805,FALSE,TRUE,FALSE,NA,"HMP1-2 taxonomy stool"
"k__Bacteria|p__Firmicutes|c__Clostridia|o__Clostridiales|f__Eubacteriaceae|g__GGB9778|s__GGB9778_SGB15398|t__SGB15398",3,0.00547445255474453,4.11666951000233e-05,FALSE,FALSE,FALSE,NA,"HMP1-2 taxonomy stool"
"k__Bacteria|p__Firmicutes|c__Clostridia|o__Clostridiales|f__Lachnospiraceae|g__Mediterraneibacter|s__Mediterraneibacter_massiliensis|t__SGB4595",36,0.0656934306569343,3.38611101305595e-05,FALSE,FALSE,FALSE,NA,"HMP1-2 taxonomy stool"
"k__Bacteria|p__Firmicutes|c__Clostridia|o__Clostridiales|f__Christensenellaceae|g__Christensenella|s__Christensenella_timonensis|t__SGB29340",11,0.0200729927007299,2.46909108227346e-05,FALSE,FALSE,FALSE,NA,"HMP1-2 taxonomy stool"
"k__Bacteria|p__Firmicutes|c__Clostridia|o__Clostridiales|f__Ruminococcaceae|g__GGB3171|s__GGB3171_SGB4185|t__SGB4185",4,0.0072992700729927,0.000236550015077516,FALSE,TRUE,FALSE,NA,"HMP1-2 taxonomy stool"
"k__Bacteria|p__Firmicutes|c__Clostridia|o__Clostridiales|f__Peptococcaceae|g__Peptococcaceae_unclassified|s__Peptococcaceae_bacterium|t__SGB4059",24,0.0437956204379562,0.000235987530187096,FALSE,TRUE,FALSE,NA,"HMP1-2 taxonomy stool"
"k__Bacteria|p__Firmicutes|c__Tissierellia|o__Tissierellales|f__Peptoniphilaceae|g__Peptoniphilus|s__Peptoniphilus_grossensis|t__SGB6701",12,0.0218978102189781,0.000103966642471689,FALSE,TRUE,FALSE,NA,"HMP1-2 taxonomy stool"
"k__Bacteria|p__Firmicutes|c__Clostridia|o__Clostridia_unclassified|f__Clostridia_unclassified|g__Clostridia_unclassified|s__Clostridia_unclassified_SGB71368|t__SGB71368",16,0.0291970802919708,0.000325287433099429,FALSE,TRUE,FALSE,NA,"HMP1-2 taxonomy stool"
"k__Bacteria|p__Proteobacteria|c__Gammaproteobacteria|o__Pseudomonadales|f__Pseudomonadaceae|g__Pseudomonas|s__Pseudomonas_saxonica|t__SGB89059",1,0.00182481751824818,8.6e-06,FALSE,FALSE,FALSE,NA,"HMP1-2 taxonomy stool"
"k__Bacteria|p__Firmicutes|c__Clostridia|o__Clostridiales|f__Eubacteriaceae|g__Eubacterium|s__Eubacterium_sp_ER2|t__SGB4624",6,0.0109489051094891,0.000622833341205024,FALSE,TRUE,FALSE,NA,"HMP1-2 taxonomy stool"
"k__Bacteria|p__Firmicutes|c__Clostridia|o__Clostridiales|f__Lachnospiraceae|g__Lachnospiraceae_unclassified|s__Lachnospiraceae_bacterium|t__SGB4602",9,0.0164233576642336,0.000129822208181119,FALSE,TRUE,FALSE,NA,"HMP1-2 taxonomy stool"
"k__Bacteria|p__Firmicutes|c__Erysipelotrichia|o__Erysipelotrichales|f__Erysipelotrichaceae|g__Coprobacillus|s__Coprobacillus_sp_AF33_1AC|t__SGB6765",5,0.00912408759124088,3.33999932280048e-05,FALSE,FALSE,FALSE,NA,"HMP1-2 taxonomy stool"
"k__Bacteria|p__Firmicutes|c__Clostridia|o__Clostridia_unclassified|f__Clostridia_unclassified|g__Candidatus_Neoanaerotignum|s__Candidatus_Neoanaerotignum_tabaqchaliae|t__SGB59528",13,0.0237226277372263,8.52307636384692e-05,FALSE,FALSE,FALSE,NA,"HMP1-2 taxonomy stool"
"k__Bacteria|p__Actinobacteria|c__Coriobacteriia|o__Coriobacteriales|f__Coriobacteriaceae|g__Collinsella|s__Collinsella_tanakaei|t__SGB14737",21,0.0383211678832117,0.00124295206684064,FALSE,TRUE,FALSE,NA,"HMP1-2 taxonomy stool"
"k__Bacteria|p__Firmicutes|c__Clostridia|o__Clostridiales|f__Peptostreptococcaceae|g__Terrisporobacter|s__Terrisporobacter_othiniensis|t__SGB6142",1,0.00182481751824818,0.000131099934450033,FALSE,TRUE,FALSE,NA,"HMP1-2 taxonomy stool"
"k__Bacteria|p__Firmicutes|c__Clostridia|o__Clostridiales|f__Clostridiaceae|g__Clostridium|s__Clostridium_sp_CL_2|t__SGB29097",1,0.00182481751824818,7.27999636000182e-05,FALSE,FALSE,FALSE,NA,"HMP1-2 taxonomy stool"
"k__Bacteria|p__Firmicutes|c__Clostridia|o__Clostridiales|f__Clostridiaceae|g__Clostridium|s__Clostridium_SGB6179|t__SGB6179",22,0.0401459854014599,0.000166027325782322,FALSE,TRUE,FALSE,NA,"HMP1-2 taxonomy stool"
"k__Bacteria|p__Firmicutes|c__Clostridia|o__Clostridiales|f__Lachnospiraceae|g__Lachnospiraceae_unclassified|s__Lachnospiraceae_bacterium|t__SGB4967",7,0.0127737226277372,4.63571432871439e-05,FALSE,FALSE,FALSE,NA,"HMP1-2 taxonomy stool"
"k__Bacteria|p__Firmicutes|c__Negativicutes|o__Veillonellales|f__Veillonellaceae|g__Dialister|s__Dialister_succinatiphilus|t__SGB5818",9,0.0164233576642336,0.0120691837007133,FALSE,TRUE,FALSE,NA,"HMP1-2 taxonomy stool"
"k__Bacteria|p__Candidatus_Melainabacteria|c__Candidatus_Melainabacteria_unclassified|o__Candidatus_Gastranaerophilales|f__Candidatus_Gastranaerophilales_unclassified|g__GGB5997|s__GGB5997_SGB8620|t__SGB8620",3,0.00547445255474453,0.00380939946324677,FALSE,TRUE,FALSE,NA,"HMP1-2 taxonomy stool"
"k__Bacteria|p__Firmicutes|c__Clostridia|o__Clostridiales|f__Lachnospiraceae|g__Lachnospiraceae_unclassified|s__Lachnospiraceae_bacterium|t__SGB5050",29,0.0529197080291971,0.00275866222699949,FALSE,TRUE,FALSE,NA,"HMP1-2 taxonomy stool"
"k__Bacteria|p__Firmicutes|c__Clostridia|o__Clostridia_unclassified|f__Clostridia_unclassified|g__Clostridia_unclassified|s__Clostridia_bacterium|t__SGB6370",23,0.041970802919708,0.0017355565683857,FALSE,TRUE,FALSE,NA,"HMP1-2 taxonomy stool"
"k__Bacteria|p__Actinobacteria|c__Actinobacteria|o__Corynebacteriales|f__Mycobacteriaceae|g__Mycobacteroides|s__Mycobacteroides_chelonae|t__SGB15648_group",0,0,NA,FALSE,FALSE,FALSE,NA,"HMP1-2 taxonomy stool"
"k__Bacteria|p__Firmicutes|c__CFGB1872|o__OFGB1872|f__FGB1872|g__GGB4964|s__GGB4964_SGB6927|t__SGB6927",3,0.00547445255474453,4.24000072433351e-05,FALSE,FALSE,FALSE,NA,"HMP1-2 taxonomy stool"
"k__Bacteria|p__Actinobacteria|c__Actinobacteria|o__Actinomycetales|f__Actinomycetaceae|g__Actinomyces|s__Actinomyces_SGB15893|t__SGB15893",0,0,NA,FALSE,FALSE,FALSE,NA,"HMP1-2 taxonomy stool"
"k__Bacteria|p__Actinobacteria|c__Actinobacteria|o__Micrococcales|f__Micrococcaceae|g__Rothia|s__Rothia_SGB16985|t__SGB16985",0,0,NA,FALSE,FALSE,FALSE,NA,"HMP1-2 taxonomy stool"
"k__Bacteria|p__Proteobacteria|c__Gammaproteobacteria|o__Pseudomonadales|f__Pseudomonadaceae|g__Thiopseudomonas|s__Thiopseudomonas_denitrificans|t__SGB33034",0,0,NA,FALSE,FALSE,FALSE,NA,"HMP1-2 taxonomy stool"
"k__Bacteria|p__Proteobacteria|c__Betaproteobacteria|o__Neisseriales|f__Neisseriaceae|g__Neisseria|s__Neisseria_meningitidis|t__SGB9461",0,0,NA,FALSE,FALSE,FALSE,NA,"HMP1-2 taxonomy stool"
"k__Bacteria|p__Actinobacteria|c__Actinobacteria|o__Corynebacteriales|f__Corynebacteriaceae|g__Corynebacterium|s__Corynebacterium_argentoratense|t__SGB17009",1,0.00182481751824818,0.000456599908680018,FALSE,TRUE,FALSE,NA,"HMP1-2 taxonomy stool"
"k__Bacteria|p__Proteobacteria|c__Alphaproteobacteria|o__Sphingomonadales|f__Sphingomonadaceae|g__Sphingomonas|s__Sphingomonas_sp_3F27F9|t__SGB31711",1,0.00182481751824818,3.20999967900003e-05,FALSE,FALSE,FALSE,NA,"HMP1-2 taxonomy stool"
"k__Bacteria|p__Proteobacteria|c__Alphaproteobacteria|o__Rhodobacterales|f__Rhodobacteraceae|g__Paracoccus|s__Paracoccus_versutus|t__SGB10719",0,0,NA,FALSE,FALSE,FALSE,NA,"HMP1-2 taxonomy stool"
"k__Bacteria|p__Actinobacteria|c__Actinobacteria|o__Corynebacteriales|f__Corynebacteriaceae|g__Corynebacterium|s__Corynebacterium_SGB17105|t__SGB17105",0,0,NA,FALSE,FALSE,FALSE,NA,"HMP1-2 taxonomy stool"
"k__Bacteria|p__Actinobacteria|c__Actinobacteria|o__Bifidobacteriales|f__Bifidobacteriaceae|g__Bifidobacterium|s__Bifidobacterium_angulatum|t__SGB17231",20,0.0364963503649635,0.00028337502977653,FALSE,TRUE,FALSE,NA,"HMP1-2 taxonomy stool"
"k__Bacteria|p__Firmicutes|c__Negativicutes|o__Veillonellales|f__Veillonellaceae|g__Megasphaera|s__Megasphaera_sp_BL7|t__SGB5858",11,0.0200729927007299,0.00146444546874828,FALSE,TRUE,FALSE,NA,"HMP1-2 taxonomy stool"
"k__Bacteria|p__Firmicutes|c__Negativicutes|o__Selenomonadales|f__Selenomonadaceae|g__Mitsuokella|s__Mitsuokella_multacida|t__SGB5906_group",3,0.00547445255474453,0.000529966733676711,FALSE,TRUE,FALSE,NA,"HMP1-2 taxonomy stool"
"k__Bacteria|p__Firmicutes|c__Negativicutes|o__Veillonellales|f__Veillonellaceae|g__Megasphaera|s__Megasphaera_sp_AM44_1BH|t__SGB5853",3,0.00547445255474453,0.000799766896803437,FALSE,TRUE,FALSE,NA,"HMP1-2 taxonomy stool"
"k__Bacteria|p__Firmicutes|c__Clostridia|o__Clostridiales|f__Clostridiales_unclassified|g__Clostridiales_unclassified|s__Clostridiales_bacterium_KA00274|t__SGB7884",1,0.00182481751824818,0.000135299986470001,FALSE,TRUE,FALSE,NA,"HMP1-2 taxonomy stool"
"k__Bacteria|p__Actinobacteria|c__Actinobacteria|o__Bifidobacteriales|f__Bifidobacteriaceae|g__Bifidobacterium|s__Bifidobacterium_catenulatum|t__SGB17241",36,0.0656934306569343,0.00046236105948754,FALSE,TRUE,FALSE,NA,"HMP1-2 taxonomy stool"
"k__Bacteria|p__Firmicutes|c__Clostridia|o__Clostridiales|f__Clostridiaceae|g__Butyricicoccus|s__Butyricicoccus_SGB14990|t__SGB14990",25,0.0456204379562044,0.000145236004723224,FALSE,TRUE,FALSE,NA,"HMP1-2 taxonomy stool"
"k__Bacteria|p__Bacteroidetes|c__Bacteroidia|o__Bacteroidales|f__Porphyromonadaceae|g__Porphyromonas|s__Porphyromonas_SGB1980|t__SGB1980",22,0.0401459854014599,0.000122231834682741,FALSE,TRUE,FALSE,NA,"HMP1-2 taxonomy stool"
"k__Bacteria|p__Firmicutes|c__Clostridia|o__Clostridiales|f__Lachnospiraceae|g__Lachnospiraceae_unclassified|s__Lachnospiraceae_bacterium|t__SGB4808",26,0.0474452554744526,4.13692386257768e-05,FALSE,FALSE,FALSE,NA,"HMP1-2 taxonomy stool"
"k__Bacteria|p__Firmicutes|c__Negativicutes|o__Veillonellales|f__Veillonellaceae|g__Megasphaera|s__Megasphaera_genomosp_type_2|t__SGB5866",1,0.00182481751824818,3.73999962600004e-05,FALSE,FALSE,FALSE,NA,"HMP1-2 taxonomy stool"
"k__Bacteria|p__Firmicutes|c__Clostridia|o__Clostridiales|f__Clostridiaceae|g__Clostridium|s__Clostridium_ventriculi|t__SGB6190",1,0.00182481751824818,7.29999927000007e-06,FALSE,FALSE,FALSE,NA,"HMP1-2 taxonomy stool"
"k__Bacteria|p__Bacteroidetes|c__Bacteroidia|o__Bacteroidales|f__Porphyromonadaceae|g__Porphyromonas|s__Porphyromonas_sp_HMSC065F10|t__SGB1990",21,0.0383211678832117,0.000481790320459125,FALSE,TRUE,FALSE,NA,"HMP1-2 taxonomy stool"
"k__Bacteria|p__Firmicutes|c__Negativicutes|o__Selenomonadales|f__Selenomonadaceae|g__Mitsuokella|s__Mitsuokella_jalaludinii|t__SGB5904",2,0.00364963503649635,9.79500190950039e-05,FALSE,FALSE,FALSE,NA,"HMP1-2 taxonomy stool"
"k__Bacteria|p__Spirochaetes|c__CFGB1017|o__OFGB1017|f__FGB1017|g__GGB2665|s__GGB2665_SGB3591|t__SGB3591",0,0,NA,FALSE,FALSE,FALSE,NA,"HMP1-2 taxonomy stool"
"k__Bacteria|p__Actinobacteria|c__Coriobacteriia|o__Coriobacteriales|f__Atopobiaceae|g__Atopobium|s__Atopobium_sp_oral_taxon_199|t__SGB984",0,0,NA,FALSE,FALSE,FALSE,NA,"HMP1-2 taxonomy stool"
"k__Bacteria|p__Proteobacteria|c__Alphaproteobacteria|o__Holosporales|f__Caedimonadaceae|g__Candidatus_Nucleicultrix|s__Candidatus_Nucleicultrix_amoebiphila|t__SGB28929",0,0,NA,FALSE,FALSE,FALSE,NA,"HMP1-2 taxonomy stool"
"k__Bacteria|p__Firmicutes|c__Tissierellia|o__Tissierellales|f__Peptoniphilaceae|g__Parvimonas|s__Parvimonas_sp_oral_taxon_393|t__SGB6652",0,0,NA,FALSE,FALSE,FALSE,NA,"HMP1-2 taxonomy stool"
"k__Bacteria|p__Actinobacteria|c__Actinobacteria|o__Actinomycetales|f__Actinomycetaceae|g__Schaalia|s__Schaalia_cardiffensis|t__SGB17147",0,0,NA,FALSE,FALSE,FALSE,NA,"HMP1-2 taxonomy stool"
"k__Bacteria|p__Bacteroidetes|c__CFGB618|o__OFGB618|f__FGB618|g__GGB1455|s__GGB1455_SGB2018|t__SGB2018",11,0.0200729927007299,0.00010165456245275,FALSE,TRUE,FALSE,NA,"HMP1-2 taxonomy stool"
"k__Bacteria|p__Firmicutes|c__Tissierellia|o__Tissierellales|f__Peptoniphilaceae|g__Parvimonas|s__Parvimonas_sp_KA00067|t__SGB6648",0,0,NA,FALSE,FALSE,FALSE,NA,"HMP1-2 taxonomy stool"
"k__Bacteria|p__Firmicutes|c__Clostridia|o__Clostridiales|f__Lachnospiraceae|g__Blautia|s__Blautia_producta|t__SGB4791",21,0.0383211678832117,0.00058811889041482,FALSE,TRUE,FALSE,NA,"HMP1-2 taxonomy stool"
"k__Bacteria|p__Firmicutes|c__Tissierellia|o__Tissierellales|f__Peptoniphilaceae|g__Peptoniphilus|s__Peptoniphilus_SGB6699|t__SGB6699",1,0.00182481751824818,0.000135499959350012,FALSE,TRUE,FALSE,NA,"HMP1-2 taxonomy stool"
"k__Bacteria|p__Firmicutes|c__Negativicutes|o__Veillonellales|f__Veillonellaceae|g__Negativicoccus|s__Negativicoccus_succinicivorans|t__SGB5794_group",5,0.00912408759124088,4.61599777340118e-05,FALSE,FALSE,FALSE,NA,"HMP1-2 taxonomy stool"
"k__Bacteria|p__Firmicutes|c__Clostridia|o__Clostridiales|f__Lachnospiraceae|g__GGB3606|s__GGB3606_SGB4870|t__SGB4870",7,0.0127737226277372,0.000849443031234336,FALSE,TRUE,FALSE,NA,"HMP1-2 taxonomy stool"
"k__Bacteria|p__Firmicutes|c__CFGB3048|o__OFGB3048|f__FGB3048|g__GGB9560|s__GGB9560_SGB69175|t__SGB69175",37,0.0675182481751825,0.000156940567710025,FALSE,TRUE,FALSE,NA,"HMP1-2 taxonomy stool"
"k__Bacteria|p__Firmicutes|c__CFGB12277|o__OFGB12277|f__FGB12277|g__GGB35068|s__GGB35068_SGB47850|t__SGB47850",21,0.0383211678832117,4.21523899338155e-05,FALSE,FALSE,FALSE,NA,"HMP1-2 taxonomy stool"
"k__Bacteria|p__Proteobacteria|c__Gammaproteobacteria|o__Pseudomonadales|f__Moraxellaceae|g__GGB7107|s__GGB7107_SGB10420|t__SGB10420",0,0,NA,FALSE,FALSE,FALSE,NA,"HMP1-2 taxonomy stool"
"k__Bacteria|p__Firmicutes|c__Clostridia|o__Clostridiales|f__Lachnospiraceae|g__Lachnospiraceae_unclassified|s__Lachnospiraceae_bacterium|t__SGB47543",8,0.0145985401459854,0.000748887485166274,FALSE,TRUE,FALSE,NA,"HMP1-2 taxonomy stool"
"k__Bacteria|p__Firmicutes|c__Clostridia|o__Clostridiales|f__Christensenellaceae|g__Christensenellaceae_unclassified|s__Christensenellaceae_bacterium_NSJ_53|t__SGB82545",11,0.0200729927007299,1.69636401872756e-05,FALSE,FALSE,FALSE,NA,"HMP1-2 taxonomy stool"
"k__Bacteria|p__Proteobacteria|c__Alphaproteobacteria|o__Rhodobacterales|f__Rhodobacteraceae|g__Rhodobacteraceae_unclassified|s__Rhodobacteraceae_unclassified_SGB53807|t__SGB53807",13,0.0237226277372263,0.000133053903027001,FALSE,TRUE,FALSE,NA,"HMP1-2 taxonomy stool"
"k__Bacteria|p__Firmicutes|c__Clostridia|o__Clostridiales|f__Ruminococcaceae|g__Pseudoflavonifractor|s__Pseudoflavonifractor_sp_Marseille_P3106|t__SGB15142",10,0.0182481751824818,9.76600011950322e-05,FALSE,FALSE,FALSE,NA,"HMP1-2 taxonomy stool"
"k__Bacteria|p__Firmicutes|c__Negativicutes|o__Veillonellales|f__Veillonellaceae|g__Megasphaera|s__Megasphaera_massiliensis|t__SGB5857_group",19,0.0346715328467153,0.000700873680778473,FALSE,TRUE,FALSE,NA,"HMP1-2 taxonomy stool"
"k__Bacteria|p__Firmicutes|c__Clostridia|o__Clostridiales|f__Lachnospiraceae|g__Frisingicoccus|s__Frisingicoccus_caecimuris|t__SGB4675",18,0.0328467153284672,0.000520422248915601,FALSE,TRUE,FALSE,NA,"HMP1-2 taxonomy stool"
"k__Bacteria|p__Firmicutes|c__Clostridia|o__Clostridiales|f__Ruminococcaceae|g__GGB9694|s__GGB9694_SGB15202|t__SGB15202",1,0.00182481751824818,1.16000011600001e-05,FALSE,FALSE,FALSE,NA,"HMP1-2 taxonomy stool"
"k__Bacteria|p__Firmicutes|c__Clostridia|o__Clostridia_unclassified|f__Clostridia_unclassified|g__Candidatus_Aristotella|s__Candidatus_Aristotella_avistercoris|t__SGB63343",9,0.0164233576642336,7.35555377333487e-06,FALSE,FALSE,FALSE,NA,"HMP1-2 taxonomy stool"
"k__Bacteria|p__Proteobacteria|c__CFGB2428|o__OFGB2428|f__FGB2428|g__GGB6646|s__GGB6646_SGB9383|t__SGB9383",0,0,NA,FALSE,FALSE,FALSE,NA,"HMP1-2 taxonomy stool"
"k__Bacteria|p__Proteobacteria|c__Gammaproteobacteria|o__Pseudomonadales|f__Pseudomonadaceae|g__Pseudomonas|s__Pseudomonas_fluorescens|t__SGB12127",0,0,NA,FALSE,FALSE,FALSE,NA,"HMP1-2 taxonomy stool"
"k__Bacteria|p__Proteobacteria|c__Gammaproteobacteria|o__Enterobacterales|f__Yersiniaceae|g__Serratia|s__Serratia_proteamaculans|t__SGB10258",1,0.00182481751824818,7.02000210600064e-05,FALSE,FALSE,FALSE,NA,"HMP1-2 taxonomy stool"
"k__Bacteria|p__Firmicutes|c__Bacilli|o__Bacillales|f__Listeriaceae|g__Brochothrix|s__Brochothrix_thermosphacta|t__SGB7517",0,0,NA,FALSE,FALSE,FALSE,NA,"HMP1-2 taxonomy stool"
"k__Bacteria|p__Firmicutes|c__Bacilli|o__Lactobacillales|f__Carnobacteriaceae|g__Carnobacterium|s__Carnobacterium_divergens|t__SGB7903",0,0,NA,FALSE,FALSE,FALSE,NA,"HMP1-2 taxonomy stool"
"k__Bacteria|p__Proteobacteria|c__Gammaproteobacteria|o__Pseudomonadales|f__Pseudomonadaceae|g__Pseudomonas|s__Pseudomonas_fragi|t__SGB12106",1,0.00182481751824818,0.000174300034860007,FALSE,TRUE,FALSE,NA,"HMP1-2 taxonomy stool"
"k__Bacteria|p__Proteobacteria|c__Gammaproteobacteria|o__Pseudomonadales|f__Moraxellaceae|g__Psychrobacter|s__Psychrobacter_sp_1501_2011|t__SGB10442",0,0,NA,FALSE,FALSE,FALSE,NA,"HMP1-2 taxonomy stool"
"k__Bacteria|p__Proteobacteria|c__Gammaproteobacteria|o__Pseudomonadales|f__Moraxellaceae|g__Psychrobacter|s__Psychrobacter_cibarius|t__SGB10459",0,0,NA,FALSE,FALSE,FALSE,NA,"HMP1-2 taxonomy stool"
"k__Bacteria|p__Proteobacteria|c__Gammaproteobacteria|o__Pseudomonadales|f__Moraxellaceae|g__Psychrobacter|s__Psychrobacter_okhotskensis|t__SGB10460",0,0,NA,FALSE,FALSE,FALSE,NA,"HMP1-2 taxonomy stool"
"k__Bacteria|p__Firmicutes|c__Bacilli|o__Lactobacillales|f__Leuconostocaceae|g__Leuconostoc|s__Leuconostoc_carnosum|t__SGB7129",1,0.00182481751824818,2.91000058200012e-05,FALSE,FALSE,FALSE,NA,"HMP1-2 taxonomy stool"
"k__Bacteria|p__Firmicutes|c__Bacilli|o__Lactobacillales|f__Carnobacteriaceae|g__Carnobacterium|s__Carnobacterium_maltaromaticum|t__SGB7902",0,0,NA,FALSE,FALSE,FALSE,NA,"HMP1-2 taxonomy stool"
"k__Bacteria|p__Firmicutes|c__Bacilli|o__Lactobacillales|f__Leuconostocaceae|g__Leuconostoc|s__Leuconostoc_gelidum|t__SGB7127",0,0,NA,FALSE,FALSE,FALSE,NA,"HMP1-2 taxonomy stool"
"k__Bacteria|p__Proteobacteria|c__Betaproteobacteria|o__Burkholderiales|f__Oxalobacteraceae|g__Oxalobacter|s__Oxalobacter_SGB9385|t__SGB9385",8,0.0145985401459854,0.000664475385781564,FALSE,TRUE,FALSE,NA,"HMP1-2 taxonomy stool"
"k__Bacteria|p__Proteobacteria|c__Betaproteobacteria|o__Burkholderiales|f__Oxalobacteraceae|g__Herbaspirillum|s__Herbaspirillum_huttiense|t__SGB12894",0,0,NA,FALSE,FALSE,FALSE,NA,"HMP1-2 taxonomy stool"
"k__Bacteria|p__Firmicutes|c__Clostridia|o__Clostridiales|f__Eubacteriaceae|g__Eubacteriaceae_unclassified|s__Eubacteriaceae_bacterium_CHKCI004|t__SGB4682",2,0.00364963503649635,5.52500084150075e-05,FALSE,FALSE,FALSE,NA,"HMP1-2 taxonomy stool"
"k__Bacteria|p__Firmicutes|c__Clostridia|o__Clostridia_unclassified|f__Clostridia_unclassified|g__Clostridia_unclassified|s__Clostridia_bacterium|t__SGB13977",12,0.0218978102189781,0.00135652507936017,FALSE,TRUE,FALSE,NA,"HMP1-2 taxonomy stool"
"k__Bacteria|p__Actinobacteria|c__Coriobacteriia|o__Eggerthellales|f__Eggerthellaceae|g__Eggerthellaceae_unclassified|s__Eggerthellaceae_bacterium|t__SGB86230",1,0.00182481751824818,5.70000228000091e-06,FALSE,FALSE,FALSE,NA,"HMP1-2 taxonomy stool"
"k__Bacteria|p__Bacteroidetes|c__Bacteroidia|o__Bacteroidales|f__Bacteroidaceae|g__GGB1387|s__GGB1387_SGB1894|t__SGB1894",5,0.00912408759124088,0.00859064153298033,FALSE,TRUE,FALSE,NA,"HMP1-2 taxonomy stool"
"k__Bacteria|p__Firmicutes|c__Clostridia|o__Clostridiales|f__Ruminococcaceae|g__GGB9729|s__GGB9729_SGB15288|t__SGB15288_group",1,0.00182481751824818,5.0000020000008e-07,FALSE,FALSE,FALSE,NA,"HMP1-2 taxonomy stool"
"k__Bacteria|p__Proteobacteria|c__Alphaproteobacteria|o__Rhizobiales|f__Bradyrhizobiaceae|g__Afipia|s__Afipia_birgiae|t__SGB31944",0,0,NA,FALSE,FALSE,FALSE,NA,"HMP1-2 taxonomy stool"
"k__Bacteria|p__Proteobacteria|c__Alphaproteobacteria|o__Sphingomonadales|f__Sphingomonadaceae|g__Sphingomonas|s__Sphingomonas_koreensis|t__SGB11633",0,0,NA,FALSE,FALSE,FALSE,NA,"HMP1-2 taxonomy stool"
"k__Bacteria|p__Firmicutes|c__Clostridia|o__Clostridiales|f__Ruminococcaceae|g__Ruminococcaceae_unclassified|s__Ruminococcaceae_bacterium|t__SGB4181",26,0.0474452554744526,0.00283893482952721,FALSE,TRUE,FALSE,NA,"HMP1-2 taxonomy stool"
"k__Bacteria|p__Tenericutes|c__Mollicutes|o__Acholeplasmatales|f__Acholeplasmatales_unclassified|g__Acholeplasmatales_unclassified|s__Acholeplasmatales_unclassified_SGB6584|t__SGB6584",6,0.0109489051094891,0.0125014344178379,FALSE,TRUE,FALSE,NA,"HMP1-2 taxonomy stool"
"k__Bacteria|p__Bacteroidetes|c__Bacteroidia|o__Bacteroidales|f__Prevotellaceae|g__Prevotella|s__Prevotella_marseillensis|t__SGB1588",10,0.0182481751824818,0.0411279431850163,FALSE,TRUE,FALSE,NA,"HMP1-2 taxonomy stool"
"k__Bacteria|p__Firmicutes|c__Clostridia|o__Clostridiales|f__Lachnospiraceae|g__Marvinbryantia|s__Marvinbryantia_SGB4691|t__SGB4691",13,0.0237226277372263,0.000319861492689267,FALSE,TRUE,FALSE,NA,"HMP1-2 taxonomy stool"
"k__Bacteria|p__Actinobacteria|c__CFGB9370|o__OFGB9370|f__FGB9370|g__GGB51959|s__GGB51959_SGB72479|t__SGB72479",9,0.0164233576642336,9.45111323555819e-05,FALSE,FALSE,FALSE,NA,"HMP1-2 taxonomy stool"
"k__Bacteria|p__Actinobacteria|c__Actinobacteria|o__Actinomycetales|f__Actinomycetaceae|g__Varibaculum|s__Varibaculum_SGB15480|t__SGB15480",14,0.0255474452554745,0.000169592838704296,FALSE,TRUE,FALSE,NA,"HMP1-2 taxonomy stool"
"k__Bacteria|p__Firmicutes|c__Tissierellia|o__Tissierellia_unclassified|f__Tissierellia_unclassified|g__Ezakiella|s__Ezakiella_massiliensis|t__SGB6731",2,0.00364963503649635,9.49999939500006e-06,FALSE,FALSE,FALSE,NA,"HMP1-2 taxonomy stool"
"k__Bacteria|p__Firmicutes|c__Clostridia|o__Clostridiales|f__Clostridiales_Family_XIII_Incertae_Sedis|g__Clostridiales_Family_XIII_Incertae_Sedis_unclassified|s__Clostridiales_bacterium_S5_A14a|t__SGB3977",2,0.00364963503649635,4.0399999725e-05,FALSE,FALSE,FALSE,NA,"HMP1-2 taxonomy stool"
"k__Bacteria|p__Fusobacteria|c__Fusobacteriia|o__Fusobacteriales|f__Fusobacteriaceae|g__Fusobacterium|s__Fusobacterium_naviforme|t__SGB5268",2,0.00364963503649635,1.09000021700008e-05,FALSE,FALSE,FALSE,NA,"HMP1-2 taxonomy stool"
"k__Bacteria|p__Firmicutes|c__Clostridia|o__Clostridiales|f__Lachnospiraceae|g__Faecalicatena|s__Faecalicatena_orotica|t__SGB4616",2,0.00364963503649635,6.89999736000104e-06,FALSE,FALSE,FALSE,NA,"HMP1-2 taxonomy stool"
"k__Bacteria|p__Actinobacteria|c__Coriobacteriia|o__Coriobacteriales|f__Coriobacteriaceae|g__Collinsella|s__Collinsella_stercoris|t__SGB14740",18,0.0328467153284672,0.00131560571549975,FALSE,TRUE,FALSE,NA,"HMP1-2 taxonomy stool"
"k__Bacteria|p__Firmicutes|c__Clostridia|o__Clostridiales|f__Clostridiaceae|g__Clostridium|s__Clostridium_SGB4751|t__SGB4751",5,0.00912408759124088,0.000129119993594012,FALSE,TRUE,FALSE,NA,"HMP1-2 taxonomy stool"
"k__Bacteria|p__Firmicutes|c__Clostridia|o__Clostridiales|f__Lachnospiraceae|g__Bariatricus|s__Bariatricus_massiliensis|t__SGB4006",2,0.00364963503649635,1.34000031700009e-05,FALSE,FALSE,FALSE,NA,"HMP1-2 taxonomy stool"
"k__Bacteria|p__Proteobacteria|c__Gammaproteobacteria|o__Pseudomonadales|f__Moraxellaceae|g__Moraxella|s__Moraxella_catarrhalis|t__SGB10429",0,0,NA,FALSE,FALSE,FALSE,NA,"HMP1-2 taxonomy stool"
"k__Bacteria|p__Proteobacteria|c__Gammaproteobacteria|o__Enterobacterales|f__Morganellaceae|g__Proteus|s__Proteus_mirabilis|t__SGB9992",1,0.00182481751824818,0.000328800065760013,FALSE,TRUE,FALSE,NA,"HMP1-2 taxonomy stool"
"k__Bacteria|p__Proteobacteria|c__Gammaproteobacteria|o__Enterobacterales|f__Enterobacteriaceae|g__Klebsiella|s__Klebsiella_aerogenes|t__SGB10116",5,0.00912408759124088,0.000159559922416053,FALSE,TRUE,FALSE,NA,"HMP1-2 taxonomy stool"
"k__Bacteria|p__Proteobacteria|c__Betaproteobacteria|o__Burkholderiales|f__Sutterellaceae|g__Parasutterella|s__Parasutterella_sp_NM82_D38|t__SGB9265",6,0.0109489051094891,0.000113950006690002,FALSE,TRUE,FALSE,NA,"HMP1-2 taxonomy stool"
"k__Bacteria|p__Bacteroidetes|c__Flavobacteriia|o__Flavobacteriales|f__Flavobacteriales_unclassified|g__Flavobacteriales_unclassified|s__Flavobacteriales_bacterium|t__SGB2275",21,0.0383211678832117,0.00120442870667827,FALSE,TRUE,FALSE,NA,"HMP1-2 taxonomy stool"
"k__Eukaryota|p__Basidiomycota|c__Malasseziomycetes|o__Malasseziales|f__Malasseziaceae|g__Malassezia|s__Malassezia_sympodialis|t__EUK76777",0,0,NA,FALSE,FALSE,FALSE,NA,"HMP1-2 taxonomy stool"
"k__Bacteria|p__Bacteroidetes|c__Bacteroidia|o__Bacteroidales|f__Bacteroidales_unclassified|g__GGB27872|s__GGB27872_SGB40306|t__SGB40306",2,0.00364963503649635,9.55e-05,FALSE,FALSE,FALSE,NA,"HMP1-2 taxonomy stool"
"k__Bacteria|p__Firmicutes|c__Clostridia|o__Clostridiales|f__Clostridiaceae|g__Butyricicoccus|s__Butyricicoccus_SGB14985|t__SGB14985_group",6,0.0109489051094891,2.28666638066681e-05,FALSE,FALSE,FALSE,NA,"HMP1-2 taxonomy stool"
"k__Bacteria|p__Bacteroidetes|c__Bacteroidia|o__Bacteroidales|f__Barnesiellaceae|g__Barnesiella|s__Barnesiella_sp_An22|t__SGB1967",2,0.00364963503649635,0.0170514988845025,FALSE,TRUE,FALSE,NA,"HMP1-2 taxonomy stool"
"k__Bacteria|p__Firmicutes|c__Erysipelotrichia|o__Erysipelotrichales|f__Erysipelotrichaceae|g__Holdemanella|s__Holdemanella_biformis|t__SGB6806_group",25,0.0456204379562044,0.0014288480567987,FALSE,TRUE,FALSE,NA,"HMP1-2 taxonomy stool"
"k__Bacteria|p__Firmicutes|c__Clostridia|o__Clostridiales|f__Ruminococcaceae|g__GGB9691|s__GGB9691_SGB15198|t__SGB15198",16,0.0291970802919708,0.000836018872425744,FALSE,TRUE,FALSE,NA,"HMP1-2 taxonomy stool"
"k__Bacteria|p__Firmicutes|c__Clostridia|o__Clostridia_unclassified|f__Clostridia_unclassified|g__Clostridia_unclassified|s__Clostridia_bacterium|t__SGB15409",9,0.0164233576642336,0.000405133306125731,FALSE,TRUE,FALSE,NA,"HMP1-2 taxonomy stool"
"k__Bacteria|p__Firmicutes|c__Clostridia|o__Clostridiales|f__Lachnospiraceae|g__Lachnospiraceae_unclassified|s__Lachnospiraceae_bacterium_OF09_6|t__SGB4966",24,0.0437956204379562,6.58541738012765e-05,FALSE,FALSE,FALSE,NA,"HMP1-2 taxonomy stool"
"k__Bacteria|p__Firmicutes|c__Clostridia|o__Clostridiales|f__Lachnospiraceae|g__Lachnospiraceae_unclassified|s__Lachnospiraceae_bacterium|t__SGB5061",9,0.0164233576642336,0.000671588864145635,FALSE,TRUE,FALSE,NA,"HMP1-2 taxonomy stool"
"k__Bacteria|p__Firmicutes|c__Bacilli|o__Bacillales|f__Bacillales_unclassified|g__Gemella|s__Gemella_bergeri|t__SGB7283",0,0,NA,FALSE,FALSE,FALSE,NA,"HMP1-2 taxonomy stool"
"k__Bacteria|p__Verrucomicrobia|c__Verrucomicrobiae|o__Verrucomicrobiales|f__Akkermansiaceae|g__Akkermansia|s__Akkermansia_sp_BIOML_A40|t__SGB9223",9,0.0164233576642336,0.00859352149494621,FALSE,TRUE,FALSE,NA,"HMP1-2 taxonomy stool"
"k__Bacteria|p__Firmicutes|c__Clostridia|o__Clostridiales|f__Ruminococcaceae|g__Ruminococcaceae_unclassified|s__Ruminococcaceae_bacterium|t__SGB14867",2,0.00364963503649635,0.000275,FALSE,TRUE,FALSE,NA,"HMP1-2 taxonomy stool"
"k__Bacteria|p__Bacteroidetes|c__Bacteroidia|o__Bacteroidales|f__Dysgonomonadaceae|g__Dysgonomonas|s__Dysgonomonas_mossii|t__SGB1772",2,0.00364963503649635,0.00028979994827001,FALSE,TRUE,FALSE,NA,"HMP1-2 taxonomy stool"
"k__Bacteria|p__Firmicutes|c__Clostridia|o__Clostridia_unclassified|f__Clostridia_unclassified|g__Clostridia_unclassified|s__Clostridia_bacterium|t__SGB54312",7,0.0127737226277372,0.00212085707480148,FALSE,TRUE,FALSE,NA,"HMP1-2 taxonomy stool"
"k__Bacteria|p__Firmicutes|c__Bacilli|o__Lactobacillales|f__Leuconostocaceae|g__Leuconostoc|s__Leuconostoc_mesenteroides|t__SGB7126",1,0.00182481751824818,0.00013579987778011,FALSE,TRUE,FALSE,NA,"HMP1-2 taxonomy stool"
"k__Bacteria|p__Firmicutes|c__Clostridia|o__Clostridia_unclassified|f__Clostridia_unclassified|g__Clostridia_unclassified|s__Clostridia_bacterium|t__SGB54313",6,0.0109489051094891,0.00659606650735009,FALSE,TRUE,FALSE,NA,"HMP1-2 taxonomy stool"
"k__Bacteria|p__Firmicutes|c__Clostridia|o__Clostridia_unclassified|f__Clostridia_unclassified|g__Candidatus_Metalachnospira|s__Candidatus_Metalachnospira_gallinarum|t__SGB5181",13,0.0237226277372263,0.000193853800426958,FALSE,TRUE,FALSE,NA,"HMP1-2 taxonomy stool"
"k__Bacteria|p__Firmicutes|c__Clostridia|o__Clostridiales|f__Eubacteriaceae|g__Eubacterium|s__Eubacterium_coprostanoligenes|t__SGB4330",2,0.00364963503649635,0.00417425229131133,FALSE,TRUE,FALSE,NA,"HMP1-2 taxonomy stool"
"k__Bacteria|p__Firmicutes|c__Clostridia|o__Clostridiales|f__Ruminococcaceae|g__Ruminococcus|s__Ruminococcus_sp_JE7A12|t__SGB4272",8,0.0145985401459854,0.00909820318276726,FALSE,TRUE,FALSE,NA,"HMP1-2 taxonomy stool"
"k__Bacteria|p__Actinobacteria|c__Coriobacteriia|o__Eggerthellales|f__Eggerthellaceae|g__Raoultibacter|s__Raoultibacter_massiliensis|t__SGB33551",5,0.00912408759124088,7.40000327960188e-05,FALSE,FALSE,FALSE,NA,"HMP1-2 taxonomy stool"
"k__Bacteria|p__Bacteroidetes|c__Bacteroidia|o__Bacteroidales|f__Tannerellaceae|g__Tannerella|s__Tannerella_forsythia|t__SGB27842",0,0,NA,FALSE,FALSE,FALSE,NA,"HMP1-2 taxonomy stool"
"k__Bacteria|p__Actinobacteria|c__Actinobacteria|o__Propionibacteriales|f__Propionibacteriaceae|g__Propionibacterium|s__Propionibacterium_sp_oral_taxon_192|t__SGB16999",0,0,NA,FALSE,FALSE,FALSE,NA,"HMP1-2 taxonomy stool"
"k__Bacteria|p__Bacteroidetes|c__CFGB540|o__OFGB540|f__FGB540|g__GGB1109|s__GGB1109_SGB1423|t__SGB1423",2,0.00364963503649635,0.0199728574954928,FALSE,TRUE,FALSE,NA,"HMP1-2 taxonomy stool"
"k__Bacteria|p__Firmicutes|c__Bacilli|o__Bacilli_unclassified|f__Bacilli_unclassified|g__Bacilli_unclassified|s__Bacilli_bacterium|t__SGB6445",6,0.0109489051094891,0.00266376772398878,FALSE,TRUE,FALSE,NA,"HMP1-2 taxonomy stool"
"k__Bacteria|p__Firmicutes|c__Clostridia|o__Clostridiales|f__Ruminococcaceae|g__GGB9595|s__GGB9595_SGB15019|t__SGB15019",2,0.00364963503649635,0.000428300170205067,FALSE,TRUE,FALSE,NA,"HMP1-2 taxonomy stool"
"k__Bacteria|p__Firmicutes|c__Clostridia|o__Clostridia_unclassified|f__Clostridia_unclassified|g__Clostridia_unclassified|s__Clostridia_unclassified_SGB14196|t__SGB14196",7,0.0127737226277372,0.000229971471680047,FALSE,TRUE,FALSE,NA,"HMP1-2 taxonomy stool"
"k__Bacteria|p__Firmicutes|c__Firmicutes_unclassified|o__Firmicutes_unclassified|f__Firmicutes_unclassified|g__Firmicutes_unclassified|s__Firmicutes_bacterium_AM41_11|t__SGB6817",3,0.00547445255474453,0.000301500098303368,FALSE,TRUE,FALSE,NA,"HMP1-2 taxonomy stool"
"k__Bacteria|p__Bacteroidetes|c__Bacteroidia|o__Bacteroidales|f__Bacteroidaceae|g__Bacteroides|s__Bacteroides_faecalis|t__SGB27808",6,0.0109489051094891,0.000314716668095013,FALSE,TRUE,FALSE,NA,"HMP1-2 taxonomy stool"
"k__Bacteria|p__Actinobacteria|c__Coriobacteriia|o__Eggerthellales|f__Eggerthellaceae|g__Slackia|s__Slackia_piriformis|t__SGB14779",16,0.0291970802919708,0.000228306246010639,FALSE,TRUE,FALSE,NA,"HMP1-2 taxonomy stool"
"k__Bacteria|p__Bacteroidetes|c__Bacteroidia|o__Bacteroidales|f__Bacteroidaceae|g__Bacteroides|s__Bacteroides_timonensis|t__SGB1842",30,0.0547445255474453,0.00633385612782619,FALSE,TRUE,FALSE,NA,"HMP1-2 taxonomy stool"
"k__Bacteria|p__Firmicutes|c__Clostridia|o__Clostridia_unclassified|f__Clostridia_unclassified|g__Clostridia_unclassified|s__Clostridia_bacterium|t__SGB6374",1,0.00182481751824818,1.9000007600003e-06,FALSE,FALSE,FALSE,NA,"HMP1-2 taxonomy stool"
"k__Bacteria|p__Bacteroidetes|c__Bacteroidia|o__Bacteroidales|f__Odoribacteraceae|g__Butyricimonas|s__Butyricimonas_SGB1783|t__SGB1783",16,0.0291970802919708,0.0113954272553205,FALSE,TRUE,FALSE,NA,"HMP1-2 taxonomy stool"
"k__Bacteria|p__Bacteroidetes|c__Bacteroidia|o__Bacteroidales|f__Barnesiellaceae|g__Barnesiella|s__Barnesiella_sp_WM24|t__SGB2084",3,0.00547445255474453,0.00605463410546445,FALSE,TRUE,FALSE,NA,"HMP1-2 taxonomy stool"
"k__Bacteria|p__Firmicutes|c__Bacilli|o__Bacilli_unclassified|f__Bacilli_unclassified|g__Bacilli_unclassified|s__Bacilli_bacterium|t__SGB6570",24,0.0437956204379562,0.00828811638702407,FALSE,TRUE,FALSE,NA,"HMP1-2 taxonomy stool"
"k__Bacteria|p__Actinobacteria|c__Actinobacteria|o__Corynebacteriales|f__Corynebacteriaceae|g__Corynebacterium|s__Corynebacterium_propinquum|t__SGB17012",0,0,NA,FALSE,FALSE,FALSE,NA,"HMP1-2 taxonomy stool"
"k__Bacteria|p__Actinobacteria|c__Actinobacteria|o__Corynebacteriales|f__Lawsonellaceae|g__Lawsonella|s__Lawsonella_SGB3665|t__SGB3665",5,0.00912408759124088,3.8580002490005e-05,FALSE,FALSE,FALSE,NA,"HMP1-2 taxonomy stool"
"k__Bacteria|p__Firmicutes|c__Clostridia|o__Clostridia_unclassified|f__Clostridia_unclassified|g__Clostridia_unclassified|s__Clostridia_bacterium|t__SGB6298",8,0.0145985401459854,0.000289750037168777,FALSE,TRUE,FALSE,NA,"HMP1-2 taxonomy stool"
"k__Bacteria|p__Firmicutes|c__Clostridia|o__Clostridiales|f__Clostridiales_Family_XIII_Incertae_Sedis|g__Clostridiales_Family_XIII_Incertae_Sedis_unclassified|s__Clostridiales_Family_XIII_bacterium_WCA_MUC_591_APC_4B|t__SGB3926_group",13,0.0237226277372263,0.000622438612020823,FALSE,TRUE,FALSE,NA,"HMP1-2 taxonomy stool"
"k__Bacteria|p__Firmicutes|c__Clostridia|o__Clostridia_unclassified|f__Clostridia_unclassified|g__Candidatus_Heteroscilispira|s__Candidatus_Heteroscilispira_lomanii|t__SGB63278",10,0.0182481751824818,2.37199965950021e-05,FALSE,FALSE,FALSE,NA,"HMP1-2 taxonomy stool"
"k__Bacteria|p__Firmicutes|c__Bacilli|o__Bacillales|f__Bacillaceae|g__Psychrobacillus|s__Psychrobacillus_sp_BL_248_WT_3|t__SGB7511",1,0.00182481751824818,3.79999962000004e-06,FALSE,FALSE,FALSE,NA,"HMP1-2 taxonomy stool"
"k__Bacteria|p__Proteobacteria|c__Gammaproteobacteria|o__Enterobacterales|f__Enterobacteriaceae|g__Citrobacter|s__Citrobacter_freundii|t__SGB10083_group",5,0.00912408759124088,0.000313079959748044,FALSE,TRUE,FALSE,NA,"HMP1-2 taxonomy stool"
"k__Bacteria|p__Firmicutes|c__Clostridia|o__Clostridiales|f__Clostridiaceae|g__Clostridium|s__Clostridium_tertium|t__SGB6183",2,0.00364963503649635,2.10499921350045e-05,FALSE,FALSE,FALSE,NA,"HMP1-2 taxonomy stool"
"k__Bacteria|p__Firmicutes|c__Clostridia|o__Clostridiales|f__Lachnospiraceae|g__Roseburia|s__Roseburia_SGB4949|t__SGB4949",6,0.0109489051094891,3.99999973000102e-06,FALSE,FALSE,FALSE,NA,"HMP1-2 taxonomy stool"
"k__Bacteria|p__Firmicutes|c__Clostridia|o__Clostridiales|f__Clostridiaceae|g__Clostridiaceae_unclassified|s__Clostridiaceae_bacterium|t__SGB6153",4,0.0072992700729927,9.0749978100021e-06,FALSE,FALSE,FALSE,NA,"HMP1-2 taxonomy stool"
"k__Bacteria|p__Firmicutes|c__Bacilli|o__Bacillales|f__Staphylococcaceae|g__Staphylococcus|s__Staphylococcus_pseudintermedius|t__SGB7827",0,0,NA,FALSE,FALSE,FALSE,NA,"HMP1-2 taxonomy stool"
"k__Bacteria|p__Aquificae|c__CFGB12224|o__OFGB12224|f__FGB12224|g__GGB41261|s__GGB41261_SGB64010|t__SGB64010",0,0,NA,FALSE,FALSE,FALSE,NA,"HMP1-2 taxonomy stool"
"k__Bacteria|p__Proteobacteria|c__Alphaproteobacteria|o__Rhodobacterales|f__Rhodobacteraceae|g__Paracoccus|s__Paracoccus_solventivorans|t__SGB10725",0,0,NA,FALSE,FALSE,FALSE,NA,"HMP1-2 taxonomy stool"
"k__Bacteria|p__Proteobacteria|c__Hydrogenophilalia|o__Hydrogenophilales|f__Hydrogenophilaceae|g__Tepidiphilus|s__Tepidiphilus_succinatimandens|t__SGB12605",0,0,NA,FALSE,FALSE,FALSE,NA,"HMP1-2 taxonomy stool"
"k__Bacteria|p__Fusobacteria|c__Fusobacteriia|o__Fusobacteriales|f__Fusobacteriaceae|g__Fusobacterium|s__Fusobacterium_necrophorum|t__SGB5986",0,0,NA,FALSE,FALSE,FALSE,NA,"HMP1-2 taxonomy stool"
"k__Bacteria|p__Spirochaetes|c__Spirochaetia|o__Brachyspirales|f__Brachyspiraceae|g__Brachyspira|s__Brachyspira_aalborgi|t__SGB5967",2,0.00364963503649635,0.00709840081687017,FALSE,TRUE,FALSE,NA,"HMP1-2 taxonomy stool"
"k__Bacteria|p__Bacteroidetes|c__Bacteroidia|o__Bacteroidales|f__Muribaculaceae|g__Muribaculum|s__Muribaculum_gordoncarteri|t__SGB2087",14,0.0255474452554745,0.00602761392861938,FALSE,TRUE,FALSE,NA,"HMP1-2 taxonomy stool"
"k__Bacteria|p__Firmicutes|c__Clostridia|o__Clostridiales|f__Christensenellaceae|g__Christensenella|s__Christensenella_sp_AF73_05CM02|t__SGB29341",4,0.0072992700729927,9.35000183725037e-05,FALSE,FALSE,FALSE,NA,"HMP1-2 taxonomy stool"
"k__Bacteria|p__Firmicutes|c__CFGB9501|o__OFGB9501|f__FGB9501|g__GGB28369|s__GGB28369_SGB40949|t__SGB40949",8,0.0145985401459854,0.000948312928241469,FALSE,TRUE,FALSE,NA,"HMP1-2 taxonomy stool"
"k__Bacteria|p__Bacteroidetes|c__Bacteroidia|o__Bacteroidales|f__Rikenellaceae|g__Rikenellaceae_unclassified|s__Rikenellaceae_bacterium|t__SGB2247",2,0.00364963503649635,0.00283625036247506,FALSE,TRUE,FALSE,NA,"HMP1-2 taxonomy stool"
"k__Bacteria|p__Firmicutes|c__Clostridia|o__Clostridia_unclassified|f__Clostridia_unclassified|g__Clostridia_unclassified|s__Clostridia_bacterium|t__SGB4453",1,0.00182481751824818,0.00410080041008004,FALSE,TRUE,FALSE,NA,"HMP1-2 taxonomy stool"
"k__Bacteria|p__Bacteroidetes|c__Bacteroidia|o__Bacteroidales|f__Bacteroidales_unclassified|g__GGB1536|s__GGB1536_SGB2119|t__SGB2119",1,0.00182481751824818,0.00146420014642002,FALSE,TRUE,FALSE,NA,"HMP1-2 taxonomy stool"
"k__Bacteria|p__Firmicutes|c__Clostridia|o__Clostridiales|f__Clostridiales_Family_XIII_Incertae_Sedis|g__Bacilliculturomica|s__Bacilliculturomica_massiliensis|t__SGB28982",4,0.0072992700729927,4.80250134075048e-05,FALSE,FALSE,FALSE,NA,"HMP1-2 taxonomy stool"
"k__Bacteria|p__Firmicutes|c__Clostridia|o__Clostridiales|f__Clostridiaceae|g__GGB4482|s__GGB4482_SGB6176|t__SGB6176",3,0.00547445255474453,1.38333350166678e-05,FALSE,FALSE,FALSE,NA,"HMP1-2 taxonomy stool"
"k__Bacteria|p__Firmicutes|c__CFGB3035|o__OFGB3035|f__FGB3035|g__GGB9523|s__GGB9523_SGB14922|t__SGB14922",14,0.0255474452554745,0.000769099853950096,FALSE,TRUE,FALSE,NA,"HMP1-2 taxonomy stool"
"k__Bacteria|p__Firmicutes|c__Clostridia|o__Clostridiales|f__Lachnospiraceae|g__Lachnospiraceae_unclassified|s__Lachnospiraceae_bacterium|t__SGB47610",5,0.00912408759124088,0.00355249999821693,FALSE,TRUE,FALSE,NA,"HMP1-2 taxonomy stool"
"k__Bacteria|p__Firmicutes|c__Clostridia|o__Clostridiales|f__Ruminococcaceae|g__GGB9732|s__GGB9732_SGB15302|t__SGB15302",1,0.00182481751824818,0.000531699840490048,FALSE,TRUE,FALSE,NA,"HMP1-2 taxonomy stool"
"k__Bacteria|p__Firmicutes|c__Clostridia|o__Clostridiales|f__Lachnospiraceae|g__Lachnospiraceae_unclassified|s__Lachnospiraceae_bacterium|t__SGB4673",9,0.0164233576642336,0.000531822163774618,FALSE,TRUE,FALSE,NA,"HMP1-2 taxonomy stool"
"k__Bacteria|p__Firmicutes|c__Clostridia|o__Clostridiales|f__Clostridiaceae|g__GGB9580|s__GGB9580_SGB14998|t__SGB14998",2,0.00364963503649635,0.000138549985775007,FALSE,TRUE,FALSE,NA,"HMP1-2 taxonomy stool"
"k__Bacteria|p__Firmicutes|c__Clostridia|o__Clostridiales|f__Lachnospiraceae|g__GGB3569|s__GGB3569_SGB4776|t__SGB4776",2,0.00364963503649635,2.36999932500022e-05,FALSE,FALSE,FALSE,NA,"HMP1-2 taxonomy stool"
"k__Bacteria|p__Firmicutes|c__Clostridia|o__Clostridia_unclassified|f__Clostridia_unclassified|g__Clostridia_unclassified|s__Clostridia_bacterium|t__SGB53496",4,0.0072992700729927,2.64750006550026e-05,FALSE,FALSE,FALSE,NA,"HMP1-2 taxonomy stool"
"k__Bacteria|p__Firmicutes|c__Clostridia|o__Clostridiales|f__Lachnospiraceae|g__Lachnospiraceae_unclassified|s__Lachnospiraceae_bacterium|t__SGB4605",3,0.00547445255474453,0.000125866672740001,FALSE,TRUE,FALSE,NA,"HMP1-2 taxonomy stool"
"k__Bacteria|p__Firmicutes|c__CFGB3606|o__OFGB3606|f__FGB3606|g__GGB42689|s__GGB42689_SGB59892|t__SGB59892",2,0.00364963503649635,8.99999930000041e-07,FALSE,FALSE,FALSE,NA,"HMP1-2 taxonomy stool"
"k__Bacteria|p__Firmicutes|c__Clostridia|o__Clostridia_unclassified|f__Clostridia_unclassified|g__Clostridia_unclassified|s__Clostridia_bacterium|t__SGB14021",8,0.0145985401459854,0.0033407998390326,FALSE,TRUE,FALSE,NA,"HMP1-2 taxonomy stool"
"k__Bacteria|p__Firmicutes|c__Clostridia|o__Clostridiales|f__Lachnospiraceae|g__GGB3678|s__GGB3678_SGB4992|t__SGB4992",4,0.0072992700729927,0.00165114936649276,FALSE,TRUE,FALSE,NA,"HMP1-2 taxonomy stool"
"k__Bacteria|p__Firmicutes|c__Bacilli|o__Bacilli_unclassified|f__Bacilli_unclassified|g__GGB4739|s__GGB4739_SGB6564|t__SGB6564",5,0.00912408759124088,0.00314975930976829,FALSE,TRUE,FALSE,NA,"HMP1-2 taxonomy stool"
"k__Bacteria|p__Bacteroidetes|c__CFGB636|o__OFGB636|f__FGB636|g__GGB14001|s__GGB14001_SGB21428|t__SGB21428",1,0.00182481751824818,1.17000011700001e-05,FALSE,FALSE,FALSE,NA,"HMP1-2 taxonomy stool"
"k__Bacteria|p__Firmicutes|c__Clostridia|o__Clostridiales|f__Lachnospiraceae|g__Lachnospiraceae_unclassified|s__Lachnospiraceae_bacterium|t__SGB4607",6,0.0109489051094891,0.000863966698888357,FALSE,TRUE,FALSE,NA,"HMP1-2 taxonomy stool"
"k__Bacteria|p__Bacteroidetes|c__Bacteroidia|o__Bacteroidales|f__Tannerellaceae|g__Parabacteroides|s__Parabacteroides_gordonii|t__SGB1942",9,0.0164233576642336,0.000520877815714543,FALSE,TRUE,FALSE,NA,"HMP1-2 taxonomy stool"
"k__Bacteria|p__Firmicutes|c__Clostridia|o__Clostridiales|f__Lachnospiraceae|g__Lachnospiraceae_unclassified|s__Lachnospiraceae_bacterium|t__SGB4994",3,0.00547445255474453,0.00158666637373339,FALSE,TRUE,FALSE,NA,"HMP1-2 taxonomy stool"
"k__Bacteria|p__Firmicutes|c__Bacilli|o__Bacillales|f__Staphylococcaceae|g__Staphylococcus|s__Staphylococcus_auricularis|t__SGB7816",0,0,NA,FALSE,FALSE,FALSE,NA,"HMP1-2 taxonomy stool"
"k__Bacteria|p__Firmicutes|c__Bacilli|o__Lactobacillales|f__Carnobacteriaceae|g__Alloiococcus|s__Alloiococcus_otitis|t__SGB7016",0,0,NA,FALSE,FALSE,FALSE,NA,"HMP1-2 taxonomy stool"
"k__Bacteria|p__Firmicutes|c__CFGB1798|o__OFGB1798|f__FGB1798|g__GGB4769|s__GGB4769_SGB6602|t__SGB6602",17,0.031021897810219,0.0101432420249364,FALSE,TRUE,FALSE,NA,"HMP1-2 taxonomy stool"
"k__Bacteria|p__Firmicutes|c__Negativicutes|o__Acidaminococcales|f__Acidaminococcaceae|g__Acidaminococcaceae_unclassified|s__Acidaminococcaceae_unclassified_SGB5785|t__SGB5785",17,0.031021897810219,0.00345775918116668,FALSE,TRUE,FALSE,NA,"HMP1-2 taxonomy stool"
"k__Bacteria|p__Bacteroidetes|c__Bacteroidia|o__Bacteroidales|f__Porphyromonadaceae|g__Sanguibacteroides|s__Sanguibacteroides_justesenii|t__SGB1776",20,0.0364963503649635,0.000380875028845658,FALSE,TRUE,FALSE,NA,"HMP1-2 taxonomy stool"
"k__Bacteria|p__Firmicutes|c__Clostridia|o__Clostridia_unclassified|f__Clostridia_unclassified|g__Candidatus_Neoanaerotignum|s__Candidatus_Neoanaerotignum_galli|t__SGB59530",10,0.0182481751824818,1.76899948020038e-05,FALSE,FALSE,FALSE,NA,"HMP1-2 taxonomy stool"
"k__Bacteria|p__Bacteroidetes|c__Bacteroidia|o__Bacteroidales|f__Bacteroidaceae|g__Bacteroides|s__Bacteroides_sp_AF16_49|t__SGB1840",4,0.0072992700729927,0.0056523514186437,FALSE,TRUE,FALSE,NA,"HMP1-2 taxonomy stool"
"k__Bacteria|p__Firmicutes|c__Clostridia|o__Clostridia_unclassified|f__Clostridia_unclassified|g__Clostridia_unclassified|s__Clostridia_bacterium|t__SGB6273",3,0.00547445255474453,0.00289693306278704,FALSE,TRUE,FALSE,NA,"HMP1-2 taxonomy stool"
"k__Bacteria|p__Firmicutes|c__Clostridia|o__Clostridia_unclassified|f__Clostridia_unclassified|g__GGB9530|s__GGB9530_SGB14930|t__SGB14930",9,0.0164233576642336,0.000467833330787807,FALSE,TRUE,FALSE,NA,"HMP1-2 taxonomy stool"
"k__Bacteria|p__Firmicutes|c__Clostridia|o__Clostridiales|f__Lachnospiraceae|g__Lachnospiraceae_unclassified|s__Lachnospiraceae_bacterium|t__SGB4877",11,0.0200729927007299,0.000448372720670013,FALSE,TRUE,FALSE,NA,"HMP1-2 taxonomy stool"
"k__Bacteria|p__Firmicutes|c__Clostridia|o__Clostridiales|f__Ruminococcaceae|g__Drancourtella|s__Drancourtella_sp_An57|t__SGB4619",10,0.0182481751824818,0.000374679967934005,FALSE,TRUE,FALSE,NA,"HMP1-2 taxonomy stool"
"k__Bacteria|p__Firmicutes|c__Bacilli|o__Lactobacillales|f__Streptococcaceae|g__Streptococcus|s__Streptococcus_equinus|t__SGB8022",1,0.00182481751824818,2.57999896800041e-05,FALSE,FALSE,FALSE,NA,"HMP1-2 taxonomy stool"
"k__Bacteria|p__Firmicutes|c__Bacilli|o__Lactobacillales|f__Enterococcaceae|g__Enterococcus|s__Enterococcus_gallinarum|t__SGB7951",2,0.00364963503649635,1.36499978600022e-05,FALSE,FALSE,FALSE,NA,"HMP1-2 taxonomy stool"
"k__Bacteria|p__Firmicutes|c__Clostridia|o__Clostridiales|f__Lachnospiraceae|g__Lachnospiraceae_unclassified|s__Lachnospiraceae_bacterium|t__SGB4755",13,0.0237226277372263,6.4892303592313e-05,FALSE,FALSE,FALSE,NA,"HMP1-2 taxonomy stool"
"k__Bacteria|p__Firmicutes|c__Clostridia|o__Clostridia_unclassified|f__Clostridia_unclassified|g__Clostridia_unclassified|s__Clostridia_bacterium|t__SGB4316",1,0.00182481751824818,1.09999956000018e-06,FALSE,FALSE,FALSE,NA,"HMP1-2 taxonomy stool"
"k__Bacteria|p__Proteobacteria|c__Betaproteobacteria|o__Neisseriales|f__Neisseriaceae|g__Kingella|s__Kingella_potus|t__SGB23375",0,0,NA,FALSE,FALSE,FALSE,NA,"HMP1-2 taxonomy stool"
"k__Bacteria|p__Proteobacteria|c__Betaproteobacteria|o__Neisseriales|f__Neisseriaceae|g__Neisseria|s__Neisseria_shayeganii|t__SGB9446",0,0,NA,FALSE,FALSE,FALSE,NA,"HMP1-2 taxonomy stool"
"k__Bacteria|p__Firmicutes|c__Clostridia|o__Clostridiales|f__Lachnospiraceae|g__Lachnospiraceae_unclassified|s__Lachnospiraceae_unclassified_SGB5063|t__SGB5063",3,0.00547445255474453,0.00665140077044035,FALSE,TRUE,FALSE,NA,"HMP1-2 taxonomy stool"
"k__Bacteria|p__Bacteroidetes|c__Bacteroidia|o__Bacteroidales|f__Bacteroidales_unclassified|g__Bacteroidales_unclassified|s__Bacteroidales_bacterium|t__SGB2085",6,0.0109489051094891,0.00336154891243038,FALSE,TRUE,FALSE,NA,"HMP1-2 taxonomy stool"
"k__Bacteria|p__Firmicutes|c__Clostridia|o__Clostridiales|f__Lachnospiraceae|g__GGB3664|s__GGB3664_SGB4976|t__SGB4976",1,0.00182481751824818,0.000175899929640028,FALSE,TRUE,FALSE,NA,"HMP1-2 taxonomy stool"
"k__Bacteria|p__Bacteroidetes|c__Bacteroidia|o__Bacteroidales|f__Bacteroidales_unclassified|g__Bacteroidales_unclassified|s__Bacteroidales_bacterium|t__SGB48233",4,0.0072992700729927,0.00524534883727306,FALSE,TRUE,FALSE,NA,"HMP1-2 taxonomy stool"
"k__Bacteria|p__Proteobacteria|c__Gammaproteobacteria|o__Enterobacterales|f__Enterobacteriaceae|g__Escherichia|s__Escherichia_marmotae|t__SGB10064",2,0.00364963503649635,7.99999873500032e-05,FALSE,FALSE,FALSE,NA,"HMP1-2 taxonomy stool"
"k__Bacteria|p__Firmicutes|c__Clostridia|o__Clostridiales|f__Lachnospiraceae|g__GGB3617|s__GGB3617_SGB4891|t__SGB4891",1,0.00182481751824818,1.02999958800016e-05,FALSE,FALSE,FALSE,NA,"HMP1-2 taxonomy stool"
"k__Bacteria|p__Firmicutes|c__Clostridia|o__Clostridiales|f__Lachnospiraceae|g__Lachnospiraceae_unclassified|s__Lachnospiraceae_bacterium|t__SGB4888",1,0.00182481751824818,7.19999712000115e-06,FALSE,FALSE,FALSE,NA,"HMP1-2 taxonomy stool"
"k__Bacteria|p__Firmicutes|c__Negativicutes|o__Veillonellales|f__Veillonellaceae|g__Veillonella|s__Veillonella_ratti|t__SGB6922",4,0.0072992700729927,0.00115522479941504,FALSE,TRUE,FALSE,NA,"HMP1-2 taxonomy stool"
"k__Bacteria|p__Firmicutes|c__Clostridia|o__Clostridia_unclassified|f__Clostridia_unclassified|g__Clostridia_unclassified|s__Clostridia_bacterium|t__SGB4333",3,0.00547445255474453,0.000426833318543343,FALSE,TRUE,FALSE,NA,"HMP1-2 taxonomy stool"
"k__Bacteria|p__Actinobacteria|c__Actinobacteria|o__Corynebacteriales|f__Lawsonellaceae|g__Lawsonella|s__Lawsonella_clevelandensis|t__SGB3664",0,0,NA,FALSE,FALSE,FALSE,NA,"HMP1-2 taxonomy stool"
"k__Bacteria|p__Actinobacteria|c__Actinobacteria|o__Corynebacteriales|f__Corynebacteriaceae|g__Corynebacterium|s__Corynebacterium_singulare|t__SGB17118",0,0,NA,FALSE,FALSE,FALSE,NA,"HMP1-2 taxonomy stool"
"k__Bacteria|p__Actinobacteria|c__Coriobacteriia|o__Coriobacteriales|f__Coriobacteriaceae|g__Enorma|s__Enorma_massiliensis|t__SGB14749",5,0.00912408759124088,0.000380740030732004,FALSE,TRUE,FALSE,NA,"HMP1-2 taxonomy stool"
"k__Bacteria|p__Bacteroidetes|c__Bacteroidia|o__Bacteroidales|f__Bacteroidaceae|g__Bacteroides|s__Bacteroides_fluxus|t__SGB1835",6,0.0109489051094891,3.50000055000047e-07,FALSE,FALSE,FALSE,NA,"HMP1-2 taxonomy stool"
"k__Bacteria|p__Firmicutes|c__Negativicutes|o__Veillonellales|f__Veillonellaceae|g__GGB4263|s__GGB4263_SGB5801|t__SGB5801",2,0.00364963503649635,0.00373625165536087,FALSE,TRUE,FALSE,NA,"HMP1-2 taxonomy stool"
"k__Bacteria|p__Firmicutes|c__CFGB12855|o__OFGB12855|f__FGB12855|g__GGB36331|s__GGB36331_SGB53806|t__SGB53806",2,0.00364963503649635,2.77999981200003e-05,FALSE,FALSE,FALSE,NA,"HMP1-2 taxonomy stool"
"k__Bacteria|p__Actinobacteria|c__Actinobacteria|o__Bifidobacteriales|f__Bifidobacteriaceae|g__Bifidobacterium|s__Bifidobacterium_animalis|t__SGB17278",6,0.0109489051094891,7.71833285166671e-05,FALSE,FALSE,FALSE,NA,"HMP1-2 taxonomy stool"
"k__Bacteria|p__Firmicutes|c__Clostridia|o__Clostridia_unclassified|f__Clostridia_unclassified|g__Clostridia_unclassified|s__Clostridia_bacterium|t__SGB14139",4,0.0072992700729927,9.3624983872504e-05,FALSE,FALSE,FALSE,NA,"HMP1-2 taxonomy stool"
"k__Bacteria|p__Bacteroidetes|c__Flavobacteriia|o__Flavobacteriales|f__Weeksellaceae|g__Bergeyella|s__Bergeyella_cardium|t__SGB28230",0,0,NA,FALSE,FALSE,FALSE,NA,"HMP1-2 taxonomy stool"
"k__Bacteria|p__Firmicutes|c__Bacilli|o__Bacillales|f__Staphylococcaceae|g__Staphylococcus|s__Staphylococcus_saprophyticus|t__SGB7848",0,0,NA,FALSE,FALSE,FALSE,NA,"HMP1-2 taxonomy stool"
"k__Bacteria|p__Firmicutes|c__Clostridia|o__Clostridia_unclassified|f__Clostridia_unclassified|g__Clostridia_unclassified|s__Clostridia_bacterium|t__SGB6077",1,0.00182481751824818,6.99999930000008e-07,FALSE,FALSE,FALSE,NA,"HMP1-2 taxonomy stool"
"k__Bacteria|p__Actinobacteria|c__Actinobacteria|o__Actinomycetales|f__Actinomycetaceae|g__Actinomyces|s__Actinomyces_sp_ZJ1629|t__SGB86826",0,0,NA,FALSE,FALSE,FALSE,NA,"HMP1-2 taxonomy stool"
"k__Bacteria|p__Proteobacteria|c__Gammaproteobacteria|o__Pasteurellales|f__Pasteurellaceae|g__Aggregatibacter|s__Aggregatibacter_kilianii|t__SGB31002",0,0,NA,FALSE,FALSE,FALSE,NA,"HMP1-2 taxonomy stool"
"k__Bacteria|p__Candidatus_Melainabacteria|c__Candidatus_Melainabacteria_unclassified|o__Candidatus_Gastranaerophilales|f__Candidatus_Gastranaerophilales_unclassified|g__GGB6012|s__GGB6012_SGB8640|t__SGB8640",3,0.00547445255474453,0.012661436823022,FALSE,TRUE,FALSE,NA,"HMP1-2 taxonomy stool"
"k__Bacteria|p__Bacteroidetes|c__Bacteroidia|o__Bacteroidales|f__Bacteroidaceae|g__Bacteroidaceae_unclassified|s__Bacteroidaceae_bacterium|t__SGB1474",3,0.00547445255474453,0.0130797315896437,FALSE,TRUE,FALSE,NA,"HMP1-2 taxonomy stool"
"k__Bacteria|p__Proteobacteria|c__CFGB1062|o__OFGB1062|f__FGB1062|g__GGB2734|s__GGB2734_SGB3677|t__SGB3677",2,0.00364963503649635,0.0208533961943566,FALSE,TRUE,FALSE,NA,"HMP1-2 taxonomy stool"
"k__Bacteria|p__Firmicutes|c__Clostridia|o__Clostridiales|f__Lachnospiraceae|g__GGB3637|s__GGB3637_SGB4930|t__SGB4930",4,0.0072992700729927,0.00145182461523019,FALSE,TRUE,FALSE,NA,"HMP1-2 taxonomy stool"
"k__Bacteria|p__Verrucomicrobia|c__Opitutae|o__Opitutales|f__Opitutales_unclassified|g__Opitutales_unclassified|s__Opitutales_bacterium|t__SGB8769",9,0.0164233576642336,0.00873041075028984,FALSE,TRUE,FALSE,NA,"HMP1-2 taxonomy stool"
"k__Bacteria|p__Firmicutes|c__Clostridia|o__Clostridiales|f__Ruminococcaceae|g__GGB9635|s__GGB9635_SGB15101|t__SGB15101",13,0.0237226277372263,0.00165265370642773,FALSE,TRUE,FALSE,NA,"HMP1-2 taxonomy stool"
"k__Bacteria|p__Firmicutes|c__Bacilli|o__Bacilli_unclassified|f__Bacilli_unclassified|g__GGB4693|s__GGB4693_SGB6491|t__SGB6491",1,0.00182481751824818,0.000102400020480004,FALSE,TRUE,FALSE,NA,"HMP1-2 taxonomy stool"
"k__Bacteria|p__Firmicutes|c__Clostridia|o__Clostridia_unclassified|f__Clostridia_unclassified|g__Clostridia_unclassified|s__Clostridia_bacterium|t__SGB6346",4,0.0072992700729927,0.00903547800427389,FALSE,TRUE,FALSE,NA,"HMP1-2 taxonomy stool"
"k__Bacteria|p__Actinobacteria|c__Coriobacteriia|o__Coriobacteriales|f__Atopobiaceae|g__Olsenella|s__Olsenella_sp_GAM18|t__SGB14370_group",7,0.0127737226277372,7.78714349157199e-05,FALSE,FALSE,FALSE,NA,"HMP1-2 taxonomy stool"
"k__Bacteria|p__Firmicutes|c__Clostridia|o__Clostridiales|f__Ruminococcaceae|g__GGB13472|s__GGB13472_SGB20758|t__SGB20758",4,0.0072992700729927,2.34749987925113e-05,FALSE,FALSE,FALSE,NA,"HMP1-2 taxonomy stool"
"k__Bacteria|p__Actinobacteria|c__Actinobacteria|o__Corynebacteriales|f__Corynebacteriaceae|g__Corynebacterium|s__Corynebacterium_fournieri|t__SGB33706",0,0,NA,FALSE,FALSE,FALSE,NA,"HMP1-2 taxonomy stool"
"k__Bacteria|p__Firmicutes|c__Negativicutes|o__Acidaminococcales|f__Acidaminococcaceae|g__GGB4250|s__GGB4250_SGB5751|t__SGB5751",5,0.00912408759124088,0.0106748981976863,FALSE,TRUE,FALSE,NA,"HMP1-2 taxonomy stool"
"k__Bacteria|p__Proteobacteria|c__Epsilonproteobacteria|o__Campylobacterales|f__Helicobacteraceae|g__Helicobacter|s__Helicobacter_pylori|t__SGB19376",2,0.00364963503649635,4.30500110400029e-05,FALSE,FALSE,FALSE,NA,"HMP1-2 taxonomy stool"
"k__Bacteria|p__Firmicutes|c__Clostridia|o__Clostridiales|f__Peptostreptococcaceae|g__Peptacetobacter|s__Peptacetobacter_hiranonis|t__SGB6131",5,0.00912408759124088,0.000245520065206025,FALSE,TRUE,FALSE,NA,"HMP1-2 taxonomy stool"
"k__Bacteria|p__Firmicutes|c__Bacilli|o__Lactobacillales|f__Streptococcaceae|g__Streptococcus|s__Streptococcus_dysgalactiae|t__SGB8219",1,0.00182481751824818,5.76999769200092e-05,FALSE,FALSE,FALSE,NA,"HMP1-2 taxonomy stool"
"k__Bacteria|p__Firmicutes|c__Negativicutes|o__Veillonellales|f__Veillonellaceae|g__Veillonella|s__Veillonella_denticariosi|t__SGB6938",0,0,NA,FALSE,FALSE,FALSE,NA,"HMP1-2 taxonomy stool"
"k__Bacteria|p__Actinobacteria|c__Actinobacteria|o__Actinomycetales|f__Actinomycetaceae|g__Actinomyces|s__Actinomyces_ihuae|t__SGB17194",0,0,NA,FALSE,FALSE,FALSE,NA,"HMP1-2 taxonomy stool"
"k__Bacteria|p__Firmicutes|c__Clostridia|o__Clostridiales|f__Hungateiclostridiaceae|g__Fastidiosipila|s__Fastidiosipila_sanguinis|t__SGB29515",0,0,NA,FALSE,FALSE,FALSE,NA,"HMP1-2 taxonomy stool"
"k__Bacteria|p__Firmicutes|c__Tissierellia|o__Tissierellales|f__Peptoniphilaceae|g__Anaerococcus|s__Anaerococcus_prevotii|t__SGB6679",0,0,NA,FALSE,FALSE,FALSE,NA,"HMP1-2 taxonomy stool"
"k__Bacteria|p__Firmicutes|c__Tissierellia|o__Tissierellales|f__Peptoniphilaceae|g__Peptoniphilus|s__Peptoniphilus_harei|t__SGB6693",0,0,NA,FALSE,FALSE,FALSE,NA,"HMP1-2 taxonomy stool"
"k__Bacteria|p__Firmicutes|c__Tissierellia|o__Tissierellales|f__Peptoniphilaceae|g__Anaerococcus|s__Anaerococcus_senegalensis|t__SGB6664",0,0,NA,FALSE,FALSE,FALSE,NA,"HMP1-2 taxonomy stool"
"k__Bacteria|p__Actinobacteria|c__Actinobacteria|o__Actinomycetales|f__Actinomycetaceae|g__GGB753|s__GGB753_SGB989|t__SGB989",0,0,NA,FALSE,FALSE,FALSE,NA,"HMP1-2 taxonomy stool"
"k__Bacteria|p__Firmicutes|c__Clostridia|o__Clostridiales|f__Lachnospiraceae|g__Lachnospiraceae_unclassified|s__Lachnospiraceae_bacterium|t__SGB5267",0,0,NA,FALSE,FALSE,FALSE,NA,"HMP1-2 taxonomy stool"
"k__Bacteria|p__Firmicutes|c__Clostridia|o__Clostridiales|f__Peptostreptococcaceae|g__Peptostreptococcus|s__Peptostreptococcus_anaerobius|t__SGB746",4,0.0072992700729927,0.000151699991767502,FALSE,TRUE,FALSE,NA,"HMP1-2 taxonomy stool"
"k__Bacteria|p__Firmicutes|c__Clostridia|o__Clostridiales|f__Peptostreptococcaceae|g__Peptostreptococcus|s__Peptostreptococcus_sp_MV1|t__SGB747",0,0,NA,FALSE,FALSE,FALSE,NA,"HMP1-2 taxonomy stool"
"k__Bacteria|p__Firmicutes|c__Clostridia|o__Clostridiales|f__Peptostreptococcaceae|g__Criibacterium|s__Criibacterium_bergeronii|t__SGB6645",1,0.00182481751824818,9.04000632800443e-05,FALSE,FALSE,FALSE,NA,"HMP1-2 taxonomy stool"
"k__Bacteria|p__Firmicutes|c__Bacilli|o__Lactobacillales|f__Streptococcaceae|g__Streptococcus|s__Streptococcus_sp_DD11|t__SGB8055",0,0,NA,FALSE,FALSE,FALSE,NA,"HMP1-2 taxonomy stool"
"k__Bacteria|p__Firmicutes|c__Tissierellia|o__Tissierellales|f__Peptoniphilaceae|g__Anaerococcus|s__Anaerococcus_prevotii|t__SGB6676",0,0,NA,FALSE,FALSE,FALSE,NA,"HMP1-2 taxonomy stool"
"k__Bacteria|p__Firmicutes|c__Tissierellia|o__Tissierellales|f__Peptoniphilaceae|g__Peptoniphilus|s__Peptoniphilus_sp_Marseille_P3761|t__SGB29485",3,0.00547445255474453,3.59999858433398e-05,FALSE,FALSE,FALSE,NA,"HMP1-2 taxonomy stool"
"k__Bacteria|p__Actinobacteria|c__Actinobacteria|o__Actinomycetales|f__Actinomycetaceae|g__Mobiluncus|s__Mobiluncus_SGB15488|t__SGB15488",9,0.0164233576642336,3.44222197366711e-05,FALSE,FALSE,FALSE,NA,"HMP1-2 taxonomy stool"
"k__Bacteria|p__Actinobacteria|c__Actinobacteria|o__Corynebacteriales|f__Corynebacteriaceae|g__Corynebacterium|s__Corynebacterium_amycolatum|t__SGB17036",0,0,NA,FALSE,FALSE,FALSE,NA,"HMP1-2 taxonomy stool"
"k__Bacteria|p__Firmicutes|c__Tissierellia|o__Tissierellales|f__Peptoniphilaceae|g__Peptoniphilus|s__Peptoniphilus_pacaensis|t__SGB29484",0,0,NA,FALSE,FALSE,FALSE,NA,"HMP1-2 taxonomy stool"
"k__Bacteria|p__Firmicutes|c__Tissierellia|o__Tissierellales|f__Peptoniphilaceae|g__Anaerococcus|s__Anaerococcus_marasmi|t__SGB29494",0,0,NA,FALSE,FALSE,FALSE,NA,"HMP1-2 taxonomy stool"
"k__Bacteria|p__Proteobacteria|c__Betaproteobacteria|o__Rhodocyclales|f__Rhodocyclaceae|g__Azospira|s__Dechlorosoma_suillum|t__SGB12609",0,0,NA,FALSE,FALSE,FALSE,NA,"HMP1-2 taxonomy stool"
"k__Bacteria|p__Proteobacteria|c__Gammaproteobacteria|o__Pseudomonadales|f__Moraxellaceae|g__Acinetobacter|s__Acinetobacter_junii|t__SGB10370",1,0.00182481751824818,2.68999946200011e-05,FALSE,FALSE,FALSE,NA,"HMP1-2 taxonomy stool"
"k__Bacteria|p__Firmicutes|c__Tissierellia|o__Tissierellales|f__Peptoniphilaceae|g__Anaerococcus|s__Anaerococcus_mediterraneensis|t__SGB29507",0,0,NA,FALSE,FALSE,FALSE,NA,"HMP1-2 taxonomy stool"
"k__Bacteria|p__Proteobacteria|c__Deltaproteobacteria|o__Desulfovibrionales|f__Desulfovibrionaceae|g__GGB9815|s__GGB9815_SGB15449|t__SGB15449",3,0.00547445255474453,0.000464900136750041,FALSE,TRUE,FALSE,NA,"HMP1-2 taxonomy stool"
"k__Bacteria|p__Firmicutes|c__Clostridia|o__Clostridiales|f__Lachnospiraceae|g__Blautia|s__Blautia_producta|t__SGB4785",8,0.0145985401459854,5.68624941112558e-05,FALSE,FALSE,FALSE,NA,"HMP1-2 taxonomy stool"
"k__Bacteria|p__Firmicutes|c__Clostridia|o__Clostridia_unclassified|f__Clostridia_unclassified|g__GGB9104|s__GGB9104_SGB14036|t__SGB14036",23,0.041970802919708,0.000143091274971348,FALSE,TRUE,FALSE,NA,"HMP1-2 taxonomy stool"
"k__Bacteria|p__Verrucomicrobia|c__CFGB2164|o__OFGB2164|f__FGB2164|g__GGB6132|s__GGB6132_SGB8779|t__SGB8779",5,0.00912408759124088,0.0021864797896203,FALSE,TRUE,FALSE,NA,"HMP1-2 taxonomy stool"
"k__Bacteria|p__Firmicutes|c__Clostridia|o__Clostridiales|f__Ruminococcaceae|g__Gemmiger|s__Gemmiger_SGB15292|t__SGB15292",2,0.00364963503649635,0.000813249865385041,FALSE,TRUE,FALSE,NA,"HMP1-2 taxonomy stool"
"k__Bacteria|p__Firmicutes|c__Bacilli|o__Lactobacillales|f__Streptococcaceae|g__Streptococcus|s__Streptococcus_sinensis|t__SGB8030",0,0,NA,FALSE,FALSE,FALSE,NA,"HMP1-2 taxonomy stool"
"k__Bacteria|p__Proteobacteria|c__Betaproteobacteria|o__Burkholderiales|f__Burkholderiaceae|g__Burkholderia|s__Burkholderia_cenocepacia|t__SGB13000",0,0,NA,FALSE,FALSE,FALSE,NA,"HMP1-2 taxonomy stool"
"k__Bacteria|p__Bacteroidetes|c__Bacteroidia|o__Bacteroidales|f__Rikenellaceae|g__GGB1631|s__GGB1631_SGB2239|t__SGB2239",5,0.00912408759124088,0.0510089617276124,FALSE,TRUE,FALSE,NA,"HMP1-2 taxonomy stool"
"k__Bacteria|p__Bacteroidetes|c__Bacteroidia|o__Bacteroidales|f__Bacteroidaceae|g__Bacteroidaceae_unclassified|s__Bacteroidaceae_bacterium|t__SGB1404",9,0.0164233576642336,0.00685137882870476,FALSE,TRUE,FALSE,NA,"HMP1-2 taxonomy stool"
"k__Bacteria|p__Firmicutes|c__Bacilli|o__Bacilli_unclassified|f__Bacilli_unclassified|g__Bacilli_unclassified|s__Bacilli_unclassified_SGB6502|t__SGB6502",4,0.0072992700729927,0.0420971056804596,FALSE,TRUE,FALSE,NA,"HMP1-2 taxonomy stool"
"k__Bacteria|p__Bacteroidetes|c__Bacteroidia|o__Bacteroidales|f__Rikenellaceae|g__Rikenellaceae_unclassified|s__Rikenellaceae_unclassified_SGB2230|t__SGB2230",6,0.0109489051094891,0.0788137540618026,FALSE,TRUE,FALSE,NA,"HMP1-2 taxonomy stool"
"k__Bacteria|p__Proteobacteria|c__Alphaproteobacteria|o__Sphingomonadales|f__Sphingomonadaceae|g__Sphingomonas|s__Sphingomonas_ginsenosidimutans|t__SGB11685",2,0.00364963503649635,3.66499919850027e-05,FALSE,FALSE,FALSE,NA,"HMP1-2 taxonomy stool"
"k__Bacteria|p__Proteobacteria|c__Alphaproteobacteria|o__Rhizobiales|f__Bradyrhizobiaceae|g__Bradyrhizobium|s__Bradyrhizobium_elkanii|t__SGB11334",17,0.031021897810219,9.27117511311865e-05,FALSE,FALSE,FALSE,NA,"HMP1-2 taxonomy stool"
"k__Bacteria|p__Firmicutes|c__Clostridia|o__Clostridia_unclassified|f__Clostridia_unclassified|g__Clostridia_unclassified|s__Clostridia_bacterium|t__SGB14017",3,0.00547445255474453,0.00556606772769373,FALSE,TRUE,FALSE,NA,"HMP1-2 taxonomy stool"
"k__Eukaryota|p__Eukaryota_unclassified|c__Eukaryota_unclassified|o__Eukaryota_unclassified|f__Eukaryota_unclassified|g__Blastocystis|s__Blastocystis_sp_subtype_1|t__EUK944036",6,0.0109489051094891,0.00242078333287033,FALSE,TRUE,FALSE,NA,"HMP1-2 taxonomy stool"
"k__Bacteria|p__Firmicutes|c__Clostridia|o__Clostridia_unclassified|f__Clostridia_unclassified|g__Clostridia_unclassified|s__Clostridia_bacterium|t__SGB53819",6,0.0109489051094891,0.000994183661013749,FALSE,TRUE,FALSE,NA,"HMP1-2 taxonomy stool"
"k__Bacteria|p__Bacteroidetes|c__Bacteroidia|o__Bacteroidales|f__Odoribacteraceae|g__GGB1332|s__GGB1332_SGB1789|t__SGB1789",11,0.0200729927007299,0.0029300818662007,FALSE,TRUE,FALSE,NA,"HMP1-2 taxonomy stool"
"k__Bacteria|p__Proteobacteria|c__Gammaproteobacteria|o__Aeromonadales|f__Aeromonadaceae|g__GGB41458|s__GGB41458_SGB58520|t__SGB58520",11,0.0200729927007299,5.62727279500184e-05,FALSE,FALSE,FALSE,NA,"HMP1-2 taxonomy stool"
"k__Bacteria|p__Bacteroidetes|c__Bacteroidia|o__Bacteroidales|f__Rikenellaceae|g__GGB1681|s__GGB1681_SGB2313|t__SGB2313",1,0.00182481751824818,0.220068598061738,FALSE,TRUE,FALSE,NA,"HMP1-2 taxonomy stool"
"k__Bacteria|p__Firmicutes|c__Clostridia|o__Clostridiales|f__Lachnospiraceae|g__Lachnospiraceae_unclassified|s__Lachnospiraceae_bacterium|t__SGB4668",4,0.0072992700729927,0.000411300303422793,FALSE,TRUE,FALSE,NA,"HMP1-2 taxonomy stool"
"k__Bacteria|p__Firmicutes|c__Clostridia|o__Clostridia_unclassified|f__Clostridia_unclassified|g__Clostridia_unclassified|s__Clostridia_bacterium|t__SGB6264",2,0.00364963503649635,0.00133075053183541,FALSE,TRUE,FALSE,NA,"HMP1-2 taxonomy stool"
"k__Bacteria|p__Firmicutes|c__Clostridia|o__Clostridia_unclassified|f__Clostridia_unclassified|g__GGB31790|s__GGB31790_SGB45159|t__SGB45159",1,0.00182481751824818,0.000865400778860702,FALSE,TRUE,FALSE,NA,"HMP1-2 taxonomy stool"
"k__Bacteria|p__Bacteroidetes|c__Bacteroidia|o__Bacteroidales|f__Bacteroidaceae|g__Bacteroidaceae_unclassified|s__Bacteroidaceae_bacterium|t__SGB1408",2,0.00364963503649635,0.00209564999958538,FALSE,TRUE,FALSE,NA,"HMP1-2 taxonomy stool"
"k__Bacteria|p__Firmicutes|c__Clostridia|o__Clostridia_unclassified|f__Clostridia_unclassified|g__Clostridia_unclassified|s__Clostridia_bacterium|t__SGB14862",13,0.0237226277372263,0.000871307763646203,FALSE,TRUE,FALSE,NA,"HMP1-2 taxonomy stool"
"k__Bacteria|p__Firmicutes|c__Clostridia|o__Clostridia_unclassified|f__Clostridia_unclassified|g__Clostridia_unclassified|s__Clostridia_unclassified_SGB6344|t__SGB6344",13,0.0237226277372263,0.00147409973869177,FALSE,TRUE,FALSE,NA,"HMP1-2 taxonomy stool"
"k__Bacteria|p__Candidatus_Melainabacteria|c__Candidatus_Melainabacteria_unclassified|o__Candidatus_Gastranaerophilales|f__Candidatus_Gastranaerophilales_unclassified|g__Candidatus_Gastranaerophilales_unclassified|s__Candidatus_Gastranaerophilales_bacterium|t__SGB8625",7,0.0127737226277372,0.000941457091821655,FALSE,TRUE,FALSE,NA,"HMP1-2 taxonomy stool"
"k__Bacteria|p__Proteobacteria|c__Gammaproteobacteria|o__Enterobacterales|f__Erwiniaceae|g__Pantoea|s__Pantoea_agglomerans|t__SGB10187",1,0.00182481751824818,0.000163300146970132,FALSE,TRUE,FALSE,NA,"HMP1-2 taxonomy stool"
"k__Bacteria|p__Candidatus_Melainabacteria|c__Candidatus_Melainabacteria_unclassified|o__Candidatus_Gastranaerophilales|f__Candidatus_Gastranaerophilales_unclassified|g__Candidatus_Gastranaerophilales_unclassified|s__Candidatus_Gastranaerophilales_unclassified_SGB8630|t__SGB8630",8,0.0145985401459854,0.00811178636655659,FALSE,TRUE,FALSE,NA,"HMP1-2 taxonomy stool"
"k__Bacteria|p__Actinobacteria|c__Coriobacteriia|o__Eggerthellales|f__Eggerthellaceae|g__Eggerthellaceae_unclassified|s__Eggerthellaceae_bacterium|t__SGB14327",2,0.00364963503649635,0.000122650083775059,FALSE,TRUE,FALSE,NA,"HMP1-2 taxonomy stool"
"k__Bacteria|p__Firmicutes|c__Bacilli|o__Bacillales|f__Bacillales_unclassified|g__Gemella|s__Gemella_cuniculi|t__SGB29652",0,0,NA,FALSE,FALSE,FALSE,NA,"HMP1-2 taxonomy stool"
"k__Bacteria|p__Firmicutes|c__Clostridia|o__Clostridiales|f__Ruminococcaceae|g__Ruminococcaceae_unclassified|s__Ruminococcaceae_bacterium_UBA1375|t__SGB14840",5,0.00912408759124088,0.00246007953235656,FALSE,TRUE,FALSE,NA,"HMP1-2 taxonomy stool"
"k__Bacteria|p__Bacteroidetes|c__Bacteroidia|o__Bacteroidales|f__Bacteroidales_unclassified|g__GGB1515|s__GGB1515_SGB2095|t__SGB2095",1,0.00182481751824818,0.220367432220459,FALSE,TRUE,FALSE,NA,"HMP1-2 taxonomy stool"
"k__Bacteria|p__Firmicutes|c__CFGB12541|o__OFGB12541|f__FGB12541|g__GGB35551|s__GGB35551_SGB53794|t__SGB53794",5,0.00912408759124088,0.000136400020672014,FALSE,TRUE,FALSE,NA,"HMP1-2 taxonomy stool"
"k__Bacteria|p__Firmicutes|c__Bacilli|o__Lactobacillales|f__Lactobacillaceae|g__Lactobacillus|s__Lactobacillus_delbrueckii|t__SGB7020",1,0.00182481751824818,2.89000028900003e-05,FALSE,FALSE,FALSE,NA,"HMP1-2 taxonomy stool"
"k__Bacteria|p__Proteobacteria|c__Gammaproteobacteria|o__Enterobacterales|f__Enterobacteriaceae|g__Klebsiella|s__Klebsiella_sp_WP3_S18_ESBL_05|t__SGB23240",2,0.00364963503649635,2.41500089350042e-05,FALSE,FALSE,FALSE,NA,"HMP1-2 taxonomy stool"
"k__Bacteria|p__Firmicutes|c__Clostridia|o__Clostridiales|f__Lachnospiraceae|g__Lachnospiraceae_unclassified|s__Lachnospiraceae_bacterium_UBA1818|t__SGB4604",1,0.00182481751824818,0.00090700072560058,FALSE,TRUE,FALSE,NA,"HMP1-2 taxonomy stool"
"k__Bacteria|p__Actinobacteria|c__Coriobacteriia|o__Eggerthellales|f__Eggerthellaceae|g__GGB9434|s__GGB9434_SGB14812|t__SGB14812",1,0.00182481751824818,0.000142500114000091,FALSE,TRUE,FALSE,NA,"HMP1-2 taxonomy stool"
"k__Bacteria|p__Firmicutes|c__Clostridia|o__Clostridiales|f__Clostridiales_unclassified|g__Intestinimonas|s__Intestinimonas_massiliensis|t__SGB29331",1,0.00182481751824818,7.06000564800452e-05,FALSE,FALSE,FALSE,NA,"HMP1-2 taxonomy stool"
"k__Bacteria|p__Actinobacteria|c__Actinobacteria|o__Actinomycetales|f__Actinomycetaceae|g__Schaalia|s__Schaalia_turicensis|t__SGB17195",8,0.0145985401459854,0.000139450035648818,FALSE,TRUE,FALSE,NA,"HMP1-2 taxonomy stool"
"k__Bacteria|p__Firmicutes|c__Clostridia|o__Clostridiales|f__Lachnospiraceae|g__Lachnospira|s__Lachnospira_SGB5076|t__SGB5076",8,0.0145985401459854,0.000530687562103855,FALSE,TRUE,FALSE,NA,"HMP1-2 taxonomy stool"
"k__Bacteria|p__Firmicutes|c__Clostridia|o__Clostridiales|f__Peptococcaceae|g__Peptococcaceae_unclassified|s__Peptococcaceae_bacterium|t__SGB4053",8,0.0145985401459854,0.000278687472655135,FALSE,TRUE,FALSE,NA,"HMP1-2 taxonomy stool"
"k__Bacteria|p__Actinobacteria|c__Coriobacteriia|o__Coriobacteriia_unclassified|f__Coriobacteriia_unclassified|g__Coriobacteriia_unclassified|s__Coriobacteriia_unclassified_SGB14764|t__SGB14764",11,0.0200729927007299,7.71454649254584e-05,FALSE,FALSE,FALSE,NA,"HMP1-2 taxonomy stool"
"k__Bacteria|p__Firmicutes|c__Erysipelotrichia|o__Erysipelotrichales|f__Erysipelotrichaceae|g__Erysipelotrichaceae_unclassified|s__Erysipelotrichaceae_bacterium|t__SGB4028",6,0.0109489051094891,0.000127699890016765,FALSE,TRUE,FALSE,NA,"HMP1-2 taxonomy stool"
"k__Bacteria|p__Bacteroidetes|c__Bacteroidia|o__Bacteroidales|f__Bacteroidaceae|g__Bacteroides|s__Bacteroides_acidifaciens|t__SGB27814",4,0.0072992700729927,0.00449387427812824,FALSE,TRUE,FALSE,NA,"HMP1-2 taxonomy stool"
"k__Bacteria|p__Bacteroidetes|c__Bacteroidia|o__Bacteroidales|f__Dysgonomonadaceae|g__Dysgonomonas|s__Dysgonomonas_capnocytophagoides|t__SGB1769",3,0.00547445255474453,0.000844033279940069,FALSE,TRUE,FALSE,NA,"HMP1-2 taxonomy stool"
"k__Bacteria|p__Firmicutes|c__Bacilli|o__Lactobacillales|f__Lactobacillaceae|g__Ligilactobacillus|s__Ligilactobacillus_salivarius|t__SGB7082",2,0.00364963503649635,0.00011860004597002,FALSE,TRUE,FALSE,NA,"HMP1-2 taxonomy stool"
"k__Bacteria|p__Firmicutes|c__Clostridia|o__Clostridiales|f__Ruminococcaceae|g__Ruminococcaceae_unclassified|s__Ruminococcaceae_bacterium|t__SGB4252",1,0.00182481751824818,0.000107999989200001,FALSE,TRUE,FALSE,NA,"HMP1-2 taxonomy stool"
"k__Bacteria|p__Firmicutes|c__Clostridia|o__Clostridia_unclassified|f__Clostridia_unclassified|g__Clostridia_unclassified|s__Clostridia_bacterium|t__SGB14203",4,0.0072992700729927,0.000792374907370529,FALSE,TRUE,FALSE,NA,"HMP1-2 taxonomy stool"
"k__Bacteria|p__Proteobacteria|c__Deltaproteobacteria|o__Desulfovibrionales|f__Desulfovibrionaceae|g__Desulfovibrionaceae_unclassified|s__Desulfovibrionaceae_unclassified_SGB40890|t__SGB40890",3,0.00547445255474453,1.47333416033459e-05,FALSE,FALSE,FALSE,NA,"HMP1-2 taxonomy stool"
"k__Bacteria|p__Firmicutes|c__Clostridia|o__Clostridia_unclassified|f__Clostridia_unclassified|g__Candidatus_Cryptoclostridium|s__Candidatus_Cryptoclostridium_obscurum|t__SGB61016",5,0.00912408759124088,3.10200024560029e-05,FALSE,FALSE,FALSE,NA,"HMP1-2 taxonomy stool"
"k__Bacteria|p__Firmicutes|c__Clostridia|o__Clostridiales|f__Ruminococcaceae|g__GGB9730|s__GGB9730_SGB15290|t__SGB15290",6,0.0109489051094891,0.00169758318821169,FALSE,TRUE,FALSE,NA,"HMP1-2 taxonomy stool"
"k__Bacteria|p__Firmicutes|c__Clostridia|o__Clostridia_unclassified|f__Clostridia_unclassified|g__Clostridia_unclassified|s__Clostridia_bacterium|t__SGB4151",4,0.0072992700729927,0.000574949757230185,FALSE,TRUE,FALSE,NA,"HMP1-2 taxonomy stool"
"k__Bacteria|p__Firmicutes|c__Tissierellia|o__Tissierellales|f__Peptoniphilaceae|g__Anaerococcus|s__Anaerococcus_nagyae|t__SGB24935",0,0,NA,FALSE,FALSE,FALSE,NA,"HMP1-2 taxonomy stool"
"k__Bacteria|p__Proteobacteria|c__Gammaproteobacteria|o__Pseudomonadales|f__Moraxellaceae|g__Acinetobacter|s__Acinetobacter_baumannii|t__SGB10343",0,0,NA,FALSE,FALSE,FALSE,NA,"HMP1-2 taxonomy stool"
"k__Bacteria|p__Actinobacteria|c__Actinobacteria|o__Micrococcales|f__Dermabacteraceae|g__Dermabacter|s__Dermabacter_hominis|t__SGB17179",0,0,NA,FALSE,FALSE,FALSE,NA,"HMP1-2 taxonomy stool"
"k__Bacteria|p__Proteobacteria|c__Gammaproteobacteria|o__Pseudomonadales|f__Moraxellaceae|g__Acinetobacter|s__Acinetobacter_lwoffii|t__SGB10405",0,0,NA,FALSE,FALSE,FALSE,NA,"HMP1-2 taxonomy stool"
"k__Bacteria|p__Actinobacteria|c__Actinobacteria|o__Micrococcales|f__Micrococcaceae|g__Micrococcus|s__Micrococcus_lylae|t__SGB16675",0,0,NA,FALSE,FALSE,FALSE,NA,"HMP1-2 taxonomy stool"
"k__Bacteria|p__Actinobacteria|c__Actinobacteria|o__Corynebacteriales|f__Corynebacteriaceae|g__Corynebacterium|s__Corynebacterium_phoceense|t__SGB17119",0,0,NA,FALSE,FALSE,FALSE,NA,"HMP1-2 taxonomy stool"
"k__Bacteria|p__Actinobacteria|c__Actinobacteria|o__Corynebacteriales|f__Corynebacteriaceae|g__Corynebacterium|s__Corynebacterium_appendicis|t__SGB17051",0,0,NA,FALSE,FALSE,FALSE,NA,"HMP1-2 taxonomy stool"
"k__Bacteria|p__Firmicutes|c__Tissierellia|o__Tissierellales|f__Peptoniphilaceae|g__Anaerococcus|s__Anaerococcus_urinomassiliensis|t__SGB29510",0,0,NA,FALSE,FALSE,FALSE,NA,"HMP1-2 taxonomy stool"
"k__Bacteria|p__Firmicutes|c__Bacilli|o__Lactobacillales|f__Aerococcaceae|g__Facklamia|s__Facklamia_hominis|t__SGB7882",0,0,NA,FALSE,FALSE,FALSE,NA,"HMP1-2 taxonomy stool"
"k__Bacteria|p__Fusobacteria|c__Fusobacteriia|o__Fusobacteriales|f__Fusobacteriaceae|g__Fusobacterium|s__Fusobacterium_gonidiaformans|t__SGB5985",4,0.0072992700729927,0.000233724962957534,FALSE,TRUE,FALSE,NA,"HMP1-2 taxonomy stool"
"k__Bacteria|p__Synergistetes|c__Synergistia|o__Synergistales|f__Synergistaceae|g__Pyramidobacter|s__Pyramidobacter_piscolens|t__SGB15497",10,0.0182481751824818,0.000348949997156025,FALSE,TRUE,FALSE,NA,"HMP1-2 taxonomy stool"
"k__Bacteria|p__Actinobacteria|c__Actinobacteria|o__Corynebacteriales|f__Corynebacteriaceae|g__Corynebacterium|s__Corynebacterium_bovis|t__SGB33717",0,0,NA,FALSE,FALSE,FALSE,NA,"HMP1-2 taxonomy stool"
"k__Bacteria|p__Firmicutes|c__Clostridia|o__Clostridia_unclassified|f__Clostridia_unclassified|g__GGB9270|s__GGB9270_SGB14221|t__SGB14221",4,0.0072992700729927,0.000974250077450059,FALSE,TRUE,FALSE,NA,"HMP1-2 taxonomy stool"
"k__Bacteria|p__Proteobacteria|c__CFGB2395|o__OFGB2395|f__FGB2395|g__GGB6547|s__GGB6547_SGB9247|t__SGB9247",2,0.00364963503649635,0.0276037010127962,FALSE,TRUE,FALSE,NA,"HMP1-2 taxonomy stool"
"k__Bacteria|p__Bacteroidetes|c__Bacteroidia|o__Bacteroidales|f__Bacteroidales_unclassified|g__Bacteroidales_unclassified|s__Bacteroidales_bacterium|t__SGB2073",2,0.00364963503649635,0.00673920123549191,FALSE,TRUE,FALSE,NA,"HMP1-2 taxonomy stool"
"k__Bacteria|p__Firmicutes|c__Bacilli|o__Bacilli_unclassified|f__Bacilli_unclassified|g__Bacilli_unclassified|s__Bacilli_bacterium|t__SGB6538",2,0.00364963503649635,0.00330379983691063,FALSE,TRUE,FALSE,NA,"HMP1-2 taxonomy stool"
"k__Bacteria|p__Bacteroidetes|c__Bacteroidia|o__Bacteroidales|f__Rikenellaceae|g__GGB1689|s__GGB1689_SGB2321|t__SGB2321",2,0.00364963503649635,0.00236690138563105,FALSE,TRUE,FALSE,NA,"HMP1-2 taxonomy stool"
"k__Bacteria|p__Firmicutes|c__Negativicutes|o__Veillonellales|f__Veillonellaceae|g__Veillonella|s__Veillonella_montpellierensis|t__SGB6960",0,0,NA,FALSE,FALSE,FALSE,NA,"HMP1-2 taxonomy stool"
"k__Bacteria|p__Firmicutes|c__Bacilli|o__Lactobacillales|f__Enterococcaceae|g__Enterococcus|s__Enterococcus_hirae|t__SGB7970",1,0.00182481751824818,5.1000010200002e-06,FALSE,FALSE,FALSE,NA,"HMP1-2 taxonomy stool"
"k__Bacteria|p__Firmicutes|c__Tissierellia|o__Tissierellales|f__Peptoniphilaceae|g__Anaerococcus|s__Anaerococcus_jeddahensis|t__SGB6665_group",0,0,NA,FALSE,FALSE,FALSE,NA,"HMP1-2 taxonomy stool"
"k__Bacteria|p__Actinobacteria|c__Actinobacteria|o__Micrococcales|f__Dermatophilaceae|g__Kineosphaera|s__Kineosphaera_limosa|t__SGB16013",0,0,NA,FALSE,FALSE,FALSE,NA,"HMP1-2 taxonomy stool"
"k__Bacteria|p__Firmicutes|c__Bacilli|o__Bacilli_unclassified|f__Bacilli_unclassified|g__Bacilli_unclassified|s__Bacilli_bacterium|t__SGB6511",2,0.00364963503649635,0.00266139926858023,FALSE,TRUE,FALSE,NA,"HMP1-2 taxonomy stool"
"k__Bacteria|p__Firmicutes|c__Clostridia|o__Clostridia_unclassified|f__Clostridia_unclassified|g__GGB9278|s__GGB9278_SGB14230|t__SGB14230",4,0.0072992700729927,0.00408017735263955,FALSE,TRUE,FALSE,NA,"HMP1-2 taxonomy stool"
"k__Bacteria|p__Firmicutes|c__Clostridia|o__Clostridia_unclassified|f__Clostridia_unclassified|g__Clostridia_unclassified|s__Clostridia_bacterium|t__SGB14193",16,0.0291970802919708,0.00149909338150094,FALSE,TRUE,FALSE,NA,"HMP1-2 taxonomy stool"
"k__Bacteria|p__Firmicutes|c__Clostridia|o__Clostridia_unclassified|f__Clostridia_unclassified|g__GGB9052|s__GGB9052_SGB13957|t__SGB13957",4,0.0072992700729927,2.71000088975065e-05,FALSE,FALSE,FALSE,NA,"HMP1-2 taxonomy stool"
"k__Bacteria|p__Firmicutes|c__Clostridia|o__Clostridia_unclassified|f__Clostridia_unclassified|g__Clostridia_unclassified|s__Clostridia_bacterium|t__SGB14113",2,0.00364963503649635,0.0107379025484865,FALSE,TRUE,FALSE,NA,"HMP1-2 taxonomy stool"
"k__Bacteria|p__Firmicutes|c__Clostridia|o__Clostridiales|f__Eubacteriaceae|g__Eubacterium|s__Eubacterium_sp_AF22_8LB|t__SGB6816",3,0.00547445255474453,0.00117196609274409,FALSE,TRUE,FALSE,NA,"HMP1-2 taxonomy stool"
"k__Bacteria|p__Actinobacteria|c__Coriobacteriia|o__Eggerthellales|f__Eggerthellaceae|g__Eggerthellaceae_unclassified|s__Eggerthellaceae_bacterium|t__SGB14334",15,0.0273722627737226,0.000204359983623342,FALSE,TRUE,FALSE,NA,"HMP1-2 taxonomy stool"
"k__Bacteria|p__Firmicutes|c__Negativicutes|o__Acidaminococcales|f__Acidaminococcaceae|g__GGB4237|s__GGB4237_SGB5728|t__SGB5728",1,0.00182481751824818,0.0535601785759286,FALSE,TRUE,FALSE,NA,"HMP1-2 taxonomy stool"
"k__Bacteria|p__Firmicutes|c__Clostridia|o__Clostridia_unclassified|f__Clostridia_unclassified|g__Clostridia_unclassified|s__Clostridia_bacterium|t__SGB14955",3,0.00547445255474453,0.000492866632746756,FALSE,TRUE,FALSE,NA,"HMP1-2 taxonomy stool"
"k__Bacteria|p__Proteobacteria|c__Betaproteobacteria|o__Burkholderiales|f__Comamonadaceae|g__Comamonas|s__Comamonas_kerstersii|t__SGB12676",3,0.00547445255474453,0.00014893335419002,FALSE,TRUE,FALSE,NA,"HMP1-2 taxonomy stool"
"k__Bacteria|p__Firmicutes|c__Clostridia|o__Clostridiales|f__Ruminococcaceae|g__Ruminococcaceae_unclassified|s__Ruminococcaceae_bacterium|t__SGB53790",2,0.00364963503649635,1.94000027050021e-05,FALSE,FALSE,FALSE,NA,"HMP1-2 taxonomy stool"
"k__Bacteria|p__Firmicutes|c__CFGB12479|o__OFGB12479|f__FGB12479|g__GGB35456|s__GGB35456_SGB47582|t__SGB47582",5,0.00912408759124088,0.000668279832298098,FALSE,TRUE,FALSE,NA,"HMP1-2 taxonomy stool"
"k__Bacteria|p__Firmicutes|c__Clostridia|o__Clostridiales|f__Eubacteriaceae|g__Eubacterium|s__Eubacterium_sp_NSJ_61|t__SGB4040",5,0.00912408759124088,6.28799920780054e-05,FALSE,FALSE,FALSE,NA,"HMP1-2 taxonomy stool"
"k__Bacteria|p__Firmicutes|c__Clostridia|o__Clostridiales|f__Ruminococcaceae|g__Ruminococcus|s__Ruminococcus_gauvreauii|t__SGB29375",1,0.00182481751824818,4.19999748000151e-06,FALSE,FALSE,FALSE,NA,"HMP1-2 taxonomy stool"
"k__Bacteria|p__Bacteroidetes|c__Bacteroidia|o__Bacteroidales|f__Prevotellaceae|g__GGB1250|s__GGB1250_SGB1673|t__SGB1673",3,0.00547445255474453,0.0875221181189374,FALSE,TRUE,FALSE,NA,"HMP1-2 taxonomy stool"
"k__Bacteria|p__Bacteroidetes|c__Bacteroidia|o__Bacteroidales|f__Prevotellaceae|g__Prevotella|s__Prevotella_sp_P4_51|t__SGB1666",3,0.00547445255474453,0.0156772752529518,FALSE,TRUE,FALSE,NA,"HMP1-2 taxonomy stool"
"k__Bacteria|p__Bacteroidetes|c__Bacteroidia|o__Bacteroidales|f__Rikenellaceae|g__GGB1629|s__GGB1629_SGB2237|t__SGB2237",2,0.00364963503649635,0.0144314086588452,FALSE,TRUE,FALSE,NA,"HMP1-2 taxonomy stool"
"k__Bacteria|p__Bacteroidetes|c__Bacteroidia|o__Bacteroidales|f__Bacteroidaceae|g__Bacteroidaceae_unclassified|s__Bacteroidaceae_bacterium|t__SGB1475",3,0.00547445255474453,0.00389283541048786,FALSE,TRUE,FALSE,NA,"HMP1-2 taxonomy stool"
"k__Bacteria|p__Bacteroidetes|c__Bacteroidia|o__Bacteroidales|f__Rikenellaceae|g__GGB1672|s__GGB1672_SGB2289|t__SGB2289",4,0.0072992700729927,0.00809529864508951,FALSE,TRUE,FALSE,NA,"HMP1-2 taxonomy stool"
"k__Bacteria|p__Bacteroidetes|c__CFGB544|o__OFGB544|f__FGB544|g__GGB1123|s__GGB1123_SGB1437|t__SGB1437",2,0.00364963503649635,0.00552610331566199,FALSE,TRUE,FALSE,NA,"HMP1-2 taxonomy stool"
"k__Bacteria|p__Bacteroidetes|c__Bacteroidia|o__Bacteroidales|f__Prevotellaceae|g__GGB1247|s__GGB1247_SGB1668|t__SGB1668",2,0.00364963503649635,0.0143271085962652,FALSE,TRUE,FALSE,NA,"HMP1-2 taxonomy stool"
"k__Bacteria|p__Firmicutes|c__Clostridia|o__Clostridia_unclassified|f__Clostridia_unclassified|g__Clostridia_unclassified|s__Clostridia_bacterium|t__SGB47307",2,0.00364963503649635,0.000686200411720247,FALSE,TRUE,FALSE,NA,"HMP1-2 taxonomy stool"
"k__Bacteria|p__Bacteroidetes|c__Bacteroidia|o__Bacteroidales|f__Prevotellaceae|g__GGB1246|s__GGB1246_SGB1667|t__SGB1667",2,0.00364963503649635,0.00264555158733095,FALSE,TRUE,FALSE,NA,"HMP1-2 taxonomy stool"
"k__Bacteria|p__Bacteroidetes|c__Bacteroidia|o__Bacteroidales|f__Bacteroidaceae|g__Bacteroides|s__Bacteroides_cutis|t__SGB1827",1,0.00182481751824818,0.00038970023382014,FALSE,TRUE,FALSE,NA,"HMP1-2 taxonomy stool"
"k__Bacteria|p__Lentisphaerae|c__Lentisphaeria|o__Lentisphaeria_unclassified|f__Lentisphaeria_unclassified|g__Lentisphaeria_unclassified|s__Lentisphaeria_bacterium|t__SGB48040",3,0.00547445255474453,0.00149996666636688,FALSE,TRUE,FALSE,NA,"HMP1-2 taxonomy stool"
"k__Bacteria|p__Bacteroidetes|c__Bacteroidia|o__Bacteroidales|f__Prevotellaceae|g__Prevotella|s__Prevotella_SGB1680|t__SGB1680",2,0.00364963503649635,0.0002789001673401,FALSE,TRUE,FALSE,NA,"HMP1-2 taxonomy stool"
"k__Bacteria|p__Lentisphaerae|c__Lentisphaeria|o__Lentisphaeria_unclassified|f__Lentisphaeria_unclassified|g__Lentisphaeria_unclassified|s__Lentisphaeria_bacterium|t__SGB9210",2,0.00364963503649635,0.000964150578490347,FALSE,TRUE,FALSE,NA,"HMP1-2 taxonomy stool"
"k__Bacteria|p__Proteobacteria|c__Alphaproteobacteria|o__Rhizobiales|f__Phyllobacteriaceae|g__GGB38171|s__GGB38171_SGB72433|t__SGB72433_group",15,0.0273722627737226,9.33933369080169e-05,FALSE,FALSE,FALSE,NA,"HMP1-2 taxonomy stool"
"k__Bacteria|p__Bacteroidetes|c__Bacteroidia|o__Bacteroidales|f__Prevotellaceae|g__GGB1235|s__GGB1235_SGB1614|t__SGB1614",1,0.00182481751824818,0.00441649867505039,FALSE,TRUE,FALSE,NA,"HMP1-2 taxonomy stool"
"k__Bacteria|p__Firmicutes|c__Bacilli|o__Bacillales|f__Staphylococcaceae|g__Staphylococcus|s__Staphylococcus_haemolyticus|t__SGB7861",0,0,NA,FALSE,FALSE,FALSE,NA,"HMP1-2 taxonomy stool"
"k__Bacteria|p__Synergistetes|c__Synergistia|o__Synergistales|f__Synergistaceae|g__Jonquetella|s__Jonquetella_anthropi|t__SGB15495",0,0,NA,FALSE,FALSE,FALSE,NA,"HMP1-2 taxonomy stool"
"k__Bacteria|p__Lentisphaerae|c__Lentisphaeria|o__Lentisphaeria_unclassified|f__Lentisphaeria_unclassified|g__Lentisphaeria_unclassified|s__Lentisphaeria_bacterium|t__SGB9207",1,0.00182481751824818,0.00369349889195033,FALSE,TRUE,FALSE,NA,"HMP1-2 taxonomy stool"
"k__Bacteria|p__Bacteroidetes|c__Bacteroidia|o__Bacteroidales|f__Bacteroidaceae|g__Bacteroides|s__Bacteroides_stercorirosoris|t__SGB1848",7,0.0127737226277372,0.00101239979590292,FALSE,TRUE,FALSE,NA,"HMP1-2 taxonomy stool"
"k__Bacteria|p__Bacteroidetes|c__Bacteroidia|o__Bacteroidales|f__Rikenellaceae|g__GGB27776|s__GGB27776_SGB40190|t__SGB40190",4,0.0072992700729927,0.000258950013625015,FALSE,TRUE,FALSE,NA,"HMP1-2 taxonomy stool"
"k__Bacteria|p__Bacteroidetes|c__Bacteroidia|o__Bacteroidales|f__Porphyromonadaceae|g__Sanguibacteroides|s__Sanguibacteroides_SGB1777|t__SGB1777",1,0.00182481751824818,6.10999816700054e-05,FALSE,FALSE,FALSE,NA,"HMP1-2 taxonomy stool"
"k__Bacteria|p__Firmicutes|c__CFGB2801|o__OFGB2801|f__FGB2801|g__GGB8965|s__GGB8965_SGB13825|t__SGB13825",1,0.00182481751824818,1.98999940300018e-05,FALSE,FALSE,FALSE,NA,"HMP1-2 taxonomy stool"
"k__Bacteria|p__Firmicutes|c__Bacilli|o__Lactobacillales|f__Lactobacillaceae|g__Lacticaseibacillus|s__Lacticaseibacillus_paracasei|t__SGB7142",2,0.00364963503649635,1.51499903950064e-05,FALSE,FALSE,FALSE,NA,"HMP1-2 taxonomy stool"
"k__Bacteria|p__Actinobacteria|c__Coriobacteriia|o__Coriobacteriales|f__Coriobacteriaceae|g__Enorma|s__Enorma_phocaeensis|t__SGB33571",1,0.00182481751824818,4.29999871000038e-06,FALSE,FALSE,FALSE,NA,"HMP1-2 taxonomy stool"
"k__Bacteria|p__Bacteroidetes|c__Bacteroidia|o__Bacteroidales|f__Bacteroidaceae|g__Bacteroides|s__Bacteroides_sp_AM10_21B|t__SGB1831",1,0.00182481751824818,1.29999961000012e-06,FALSE,FALSE,FALSE,NA,"HMP1-2 taxonomy stool"
"k__Bacteria|p__Lentisphaerae|c__Lentisphaeria|o__Lentisphaeria_unclassified|f__Lentisphaeria_unclassified|g__Lentisphaeria_unclassified|s__Lentisphaeria_bacterium|t__SGB9193",4,0.0072992700729927,0.000220425112782636,FALSE,TRUE,FALSE,NA,"HMP1-2 taxonomy stool"
"k__Bacteria|p__Actinobacteria|c__Actinobacteria|o__Corynebacteriales|f__Corynebacteriaceae|g__Corynebacterium|s__Corynebacterium_afermentans|t__SGB17067",0,0,NA,FALSE,FALSE,FALSE,NA,"HMP1-2 taxonomy stool"
"k__Bacteria|p__Actinobacteria|c__Actinobacteria|o__Micrococcales|f__Dermabacteraceae|g__Dermabacter|s__Dermabacter_vaginalis|t__SGB17180",0,0,NA,FALSE,FALSE,FALSE,NA,"HMP1-2 taxonomy stool"
"k__Bacteria|p__Actinobacteria|c__Actinobacteria|o__Corynebacteriales|f__Corynebacteriaceae|g__Corynebacterium|s__Corynebacterium_genitalium|t__SGB17050",0,0,NA,FALSE,FALSE,FALSE,NA,"HMP1-2 taxonomy stool"
"k__Bacteria|p__Firmicutes|c__Bacilli|o__Lactobacillales|f__Lactobacillaceae|g__Latilactobacillus|s__Latilactobacillus_curvatus|t__SGB7249",0,0,NA,FALSE,FALSE,FALSE,NA,"HMP1-2 taxonomy stool"
"k__Bacteria|p__Firmicutes|c__Negativicutes|o__Veillonellales|f__Veillonellaceae|g__Megasphaera|s__Megasphaera_sp_MJR8396C|t__SGB5855",9,0.0164233576642336,0.00552189156150056,FALSE,TRUE,FALSE,NA,"HMP1-2 taxonomy stool"
"k__Bacteria|p__Firmicutes|c__Clostridia|o__Clostridiales|f__Clostridiaceae|g__Clostridiaceae_unclassified|s__Clostridiaceae_bacterium_DONG20_135|t__SGB4034",5,0.00912408759124088,4.83799905520031e-05,FALSE,FALSE,FALSE,NA,"HMP1-2 taxonomy stool"
"k__Bacteria|p__Bacteroidetes|c__Bacteroidia|o__Bacteroidales|f__Bacteroidaceae|g__Bacteroides|s__Bacteroides_acidifaciens|t__SGB48548",3,0.00547445255474453,0.000144133320066669,FALSE,TRUE,FALSE,NA,"HMP1-2 taxonomy stool"
"k__Bacteria|p__Firmicutes|c__Clostridia|o__Clostridia_unclassified|f__Clostridia_unclassified|g__Clostridia_unclassified|s__Clostridia_bacterium|t__SGB15400",3,0.00547445255474453,0.00118316674283011,FALSE,TRUE,FALSE,NA,"HMP1-2 taxonomy stool"
"k__Bacteria|p__Firmicutes|c__Clostridia|o__Clostridiales|f__Peptostreptococcaceae|g__Clostridioides|s__Clostridioides_difficile|t__SGB6136",5,0.00912408759124088,5.24799812040089e-05,FALSE,FALSE,FALSE,NA,"HMP1-2 taxonomy stool"
"k__Bacteria|p__Firmicutes|c__Bacilli|o__Lactobacillales|f__Lactobacillaceae|g__Lactiplantibacillus|s__Lactiplantibacillus_plantarum|t__SGB7202",0,0,NA,FALSE,FALSE,FALSE,NA,"HMP1-2 taxonomy stool"
"k__Eukaryota|p__Ascomycota|c__Saccharomycetes|o__Saccharomycetales|f__Debaryomycetaceae|g__Candida|s__Candida_dubliniensis|t__EUK42374",0,0,NA,FALSE,FALSE,FALSE,NA,"HMP1-2 taxonomy stool"
"k__Bacteria|p__Firmicutes|c__Clostridia|o__Clostridia_unclassified|f__Clostridia_unclassified|g__Clostridia_unclassified|s__Clostridia_bacterium|t__SGB4111",1,0.00182481751824818,0.00313629905911028,FALSE,TRUE,FALSE,NA,"HMP1-2 taxonomy stool"
"k__Bacteria|p__Firmicutes|c__Bacilli|o__Bacilli_unclassified|f__Bacilli_unclassified|g__GGB4652|s__GGB4652_SGB6439|t__SGB6439",1,0.00182481751824818,0.00124659962602011,FALSE,TRUE,FALSE,NA,"HMP1-2 taxonomy stool"
"k__Bacteria|p__Firmicutes|c__Clostridia|o__Clostridia_unclassified|f__Clostridia_unclassified|g__Clostridia_unclassified|s__Clostridia_bacterium|t__SGB14945",1,0.00182481751824818,0.000132299960310012,FALSE,TRUE,FALSE,NA,"HMP1-2 taxonomy stool"
"k__Bacteria|p__Firmicutes|c__Clostridia|o__Clostridiales|f__Ruminococcaceae|g__GGB3189|s__GGB3189_SGB4212|t__SGB4212",10,0.0182481751824818,0.000704080062851024,FALSE,TRUE,FALSE,NA,"HMP1-2 taxonomy stool"
"k__Bacteria|p__Firmicutes|c__Clostridia|o__Clostridia_unclassified|f__Clostridia_unclassified|g__Clostridia_unclassified|s__Clostridia_bacterium|t__SGB14202",1,0.00182481751824818,0.00011269996619001,FALSE,TRUE,FALSE,NA,"HMP1-2 taxonomy stool"
"k__Bacteria|p__Firmicutes|c__Bacilli|o__Bacilli_unclassified|f__Bacilli_unclassified|g__Bacilli_unclassified|s__Bacilli_bacterium|t__SGB6578",3,0.00547445255474453,0.0233837341447186,FALSE,TRUE,FALSE,NA,"HMP1-2 taxonomy stool"
"k__Bacteria|p__Bacteroidetes|c__Bacteroidia|o__Bacteroidales|f__Tannerellaceae|g__GGB1410|s__GGB1410_SGB1935|t__SGB1935",1,0.00182481751824818,0.0085564,FALSE,TRUE,FALSE,NA,"HMP1-2 taxonomy stool"
"k__Bacteria|p__Firmicutes|c__Negativicutes|o__Acidaminococcales|f__Acidaminococcaceae|g__Acidaminococcaceae_unclassified|s__Acidaminococcaceae_bacterium|t__SGB5789",2,0.00364963503649635,0.000370000042760034,FALSE,TRUE,FALSE,NA,"HMP1-2 taxonomy stool"
"k__Bacteria|p__Proteobacteria|c__Gammaproteobacteria|o__Enterobacterales|f__Hafniaceae|g__Hafnia|s__Hafnia_paralvei|t__SGB10207",1,0.00182481751824818,0.0001114,FALSE,TRUE,FALSE,NA,"HMP1-2 taxonomy stool"
"k__Bacteria|p__Firmicutes|c__Clostridia|o__Clostridia_unclassified|f__Clostridia_unclassified|g__Candidatus_Flemingibacterium|s__Candidatus_Flemingibacterium_merdigallinarum|t__SGB59451",3,0.00547445255474453,6.87333225800031e-05,FALSE,FALSE,FALSE,NA,"HMP1-2 taxonomy stool"
"k__Bacteria|p__Firmicutes|c__Clostridia|o__Clostridiales|f__Ruminococcaceae|g__GGB9695|s__GGB9695_SGB15211|t__SGB15211",8,0.0145985401459854,0.000100874936681341,FALSE,TRUE,FALSE,NA,"HMP1-2 taxonomy stool"
"k__Bacteria|p__Firmicutes|c__Clostridia|o__Clostridia_unclassified|f__Clostridia_unclassified|g__Candidatus_Alangreenwoodia|s__Candidatus_Alangreenwoodia_gallinarii|t__SGB60876",3,0.00547445255474453,6.20000150000044e-06,FALSE,FALSE,FALSE,NA,"HMP1-2 taxonomy stool"
"k__Bacteria|p__Bacteroidetes|c__Bacteroidia|o__Bacteroidales|f__Bacteroidaceae|g__Bacteroidaceae_unclassified|s__Bacteroidaceae_bacterium|t__SGB48432",2,0.00364963503649635,0.0675375932490807,FALSE,TRUE,FALSE,NA,"HMP1-2 taxonomy stool"
"k__Bacteria|p__Firmicutes|c__CFGB12952|o__OFGB12952|f__FGB12952|g__GGB36472|s__GGB36472_SGB47660|t__SGB47660",3,0.00547445255474453,4.08666630100004e-05,FALSE,FALSE,FALSE,NA,"HMP1-2 taxonomy stool"
"k__Bacteria|p__Firmicutes|c__Clostridia|o__Clostridiales|f__Lachnospiraceae|g__Blautia|s__Blautia_hominis|t__SGB29381",1,0.00182481751824818,0.000110799988920001,FALSE,TRUE,FALSE,NA,"HMP1-2 taxonomy stool"
"k__Bacteria|p__Firmicutes|c__Clostridia|o__Clostridia_unclassified|f__Clostridia_unclassified|g__GGB3264|s__GGB3264_SGB4312|t__SGB4312",2,0.00364963503649635,0.00103824988710002,FALSE,TRUE,FALSE,NA,"HMP1-2 taxonomy stool"
"k__Bacteria|p__Firmicutes|c__Bacilli|o__Bacilli_unclassified|f__Bacilli_unclassified|g__Bacilli_unclassified|s__Bacilli_bacterium|t__SGB6521",2,0.00364963503649635,0.00942095518419806,FALSE,TRUE,FALSE,NA,"HMP1-2 taxonomy stool"
"k__Bacteria|p__Firmicutes|c__Bacilli|o__Bacilli_unclassified|f__Bacilli_unclassified|g__GGB4661|s__GGB4661_SGB6449|t__SGB6449",2,0.00364963503649635,0.00139020051317028,FALSE,TRUE,FALSE,NA,"HMP1-2 taxonomy stool"
"k__Bacteria|p__Firmicutes|c__Clostridia|o__Clostridia_unclassified|f__Clostridia_unclassified|g__GGB3271|s__GGB3271_SGB4321|t__SGB4321",1,0.00182481751824818,0.00120790072474044,FALSE,TRUE,FALSE,NA,"HMP1-2 taxonomy stool"
"k__Bacteria|p__Firmicutes|c__Clostridia|o__Clostridiales|f__Ruminococcaceae|g__GGB3204|s__GGB3204_SGB4228|t__SGB4228",2,0.00364963503649635,0.000238550119180069,FALSE,TRUE,FALSE,NA,"HMP1-2 taxonomy stool"
"k__Bacteria|p__Firmicutes|c__Clostridia|o__Clostridiales|f__Lachnospiraceae|g__Lachnospiraceae_unclassified|s__Lachnospiraceae_bacterium|t__SGB4704",6,0.0109489051094891,0.000327799950638361,FALSE,TRUE,FALSE,NA,"HMP1-2 taxonomy stool"
"k__Bacteria|p__Bacteroidetes|c__Bacteroidia|o__Bacteroidales|f__Bacteroidaceae|g__GGB33839|s__GGB33839_SGB48227|t__SGB48227",1,0.00182481751824818,2.58000154800093e-05,FALSE,FALSE,FALSE,NA,"HMP1-2 taxonomy stool"
"k__Bacteria|p__Bacteroidetes|c__Bacteroidia|o__Bacteroidales|f__Bacteroidales_unclassified|g__GGB1514|s__GGB1514_SGB2094|t__SGB2094",1,0.00182481751824818,1.60000096000058e-06,FALSE,FALSE,FALSE,NA,"HMP1-2 taxonomy stool"
"k__Bacteria|p__Actinobacteria|c__Actinobacteria|o__Micrococcales|f__Micrococcaceae|g__Kocuria|s__Kocuria_indica|t__SGB16668",0,0,NA,FALSE,FALSE,FALSE,NA,"HMP1-2 taxonomy stool"
"k__Bacteria|p__Firmicutes|c__Clostridia|o__Clostridia_unclassified|f__Clostridia_unclassified|g__Clostridia_unclassified|s__Clostridia_bacterium|t__SGB4154",1,0.00182481751824818,0.00056919931696082,FALSE,TRUE,FALSE,NA,"HMP1-2 taxonomy stool"
"k__Bacteria|p__Firmicutes|c__Clostridia|o__Clostridia_unclassified|f__Clostridia_unclassified|g__Clostridia_unclassified|s__Clostridia_bacterium|t__SGB6364",1,0.00182481751824818,8.10000567000397e-06,FALSE,FALSE,FALSE,NA,"HMP1-2 taxonomy stool"
"k__Bacteria|p__Firmicutes|c__Clostridia|o__Clostridiales|f__Lachnospiraceae|g__Lachnospiraceae_unclassified|s__Lachnospiraceae_bacterium|t__SGB4913",10,0.0182481751824818,3.23000115900076e-06,FALSE,FALSE,FALSE,NA,"HMP1-2 taxonomy stool"
"k__Bacteria|p__Firmicutes|c__Clostridia|o__Clostridiales|f__Lachnospiraceae|g__Lachnospiraceae_unclassified|s__Lachnospiraceae_bacterium|t__SGB4907",4,0.0072992700729927,3.02500141750085e-06,FALSE,FALSE,FALSE,NA,"HMP1-2 taxonomy stool"
"k__Bacteria|p__Firmicutes|c__Clostridia|o__Clostridiales|f__Lachnospiraceae|g__Lachnospiraceae_unclassified|s__Lachnospiraceae_bacterium|t__SGB4915",1,0.00182481751824818,6.00000420000294e-07,FALSE,FALSE,FALSE,NA,"HMP1-2 taxonomy stool"
"k__Bacteria|p__Firmicutes|c__Bacilli|o__Lactobacillales|f__Enterococcaceae|g__Enterococcus|s__Enterococcus_dispar|t__SGB7957",2,0.00364963503649635,0.000112649967830012,FALSE,TRUE,FALSE,NA,"HMP1-2 taxonomy stool"
"k__Bacteria|p__Firmicutes|c__Clostridia|o__Clostridiales|f__Clostridiales_unclassified|g__Clostridiales_unclassified|s__Clostridiales_bacterium_Marseille_P5551|t__SGB4592",2,0.00364963503649635,1.76999905300056e-05,FALSE,FALSE,FALSE,NA,"HMP1-2 taxonomy stool"
"k__Bacteria|p__Actinobacteria|c__Coriobacteriia|o__Eggerthellales|f__Eggerthellaceae|g__Eggerthella|s__Eggerthella_sinensis|t__SGB14810",2,0.00364963503649635,3.02499921100027e-05,FALSE,FALSE,FALSE,NA,"HMP1-2 taxonomy stool"
"k__Bacteria|p__Firmicutes|c__Clostridia|o__Clostridiales|f__Ruminococcaceae|g__Gemmiger|s__Gemmiger_sp_An194|t__SGB15283",2,0.00364963503649635,1.27999957800018e-05,FALSE,FALSE,FALSE,NA,"HMP1-2 taxonomy stool"
"k__Bacteria|p__Actinobacteria|c__Actinobacteria|o__Micrococcales|f__Micrococcaceae|g__Rothia|s__Rothia_amarae|t__SGB34818",1,0.00182481751824818,5.60000056000006e-05,FALSE,FALSE,FALSE,NA,"HMP1-2 taxonomy stool"
"k__Bacteria|p__Firmicutes|c__Tissierellia|o__Tissierellales|f__Peptoniphilaceae|g__Peptoniphilus|s__Peptoniphilus_vaginalis|t__SGB6696",0,0,NA,FALSE,FALSE,FALSE,NA,"HMP1-2 taxonomy stool"
"k__Bacteria|p__Actinobacteria|c__Actinobacteria|o__Actinomycetales|f__Actinomycetaceae|g__Arcanobacterium|s__Arcanobacterium_sp_S3PF19|t__SGB17200",0,0,NA,FALSE,FALSE,FALSE,NA,"HMP1-2 taxonomy stool"
"k__Bacteria|p__Bacteroidetes|c__Bacteroidia|o__Bacteroidales|f__Bacteroidales_unclassified|g__Bacteroidales_unclassified|s__Bacteroidales_bacterium_KA00251|t__SGB3324",1,0.00182481751824818,9.40000094000009e-06,FALSE,FALSE,FALSE,NA,"HMP1-2 taxonomy stool"
"k__Bacteria|p__Tenericutes|c__Mollicutes|o__Mycoplasmatales|f__Mycoplasmataceae|g__Ureaplasma|s__Ureaplasma_urealyticum|t__SGB5567",0,0,NA,FALSE,FALSE,FALSE,NA,"HMP1-2 taxonomy stool"
"k__Bacteria|p__Actinobacteria|c__Actinobacteria|o__Bifidobacteriales|f__Bifidobacteriaceae|g__Bifidobacteriaceae_unclassified|s__Bifidobacteriaceae_bacterium_NR047|t__SGB33639",0,0,NA,FALSE,FALSE,FALSE,NA,"HMP1-2 taxonomy stool"
"k__Bacteria|p__Firmicutes|c__Bacilli|o__Bacilli_unclassified|f__Bacilli_unclassified|g__Bacilli_unclassified|s__Bacilli_bacterium|t__SGB6486",5,0.00912408759124088,0.0201060408864309,FALSE,TRUE,FALSE,NA,"HMP1-2 taxonomy stool"
"k__Bacteria|p__Firmicutes|c__Erysipelotrichia|o__Erysipelotrichales|f__Erysipelotrichaceae|g__Candidatus_Stoquefichus|s__Candidatus_Stoquefichus_sp_SB1|t__SGB6772",4,0.0072992700729927,3.87500165425205e-05,FALSE,FALSE,FALSE,NA,"HMP1-2 taxonomy stool"
"k__Bacteria|p__Firmicutes|c__Tissierellia|o__Tissierellales|f__Peptoniphilaceae|g__Peptoniphilus|s__Peptoniphilus_obesi|t__SGB29505",0,0,NA,FALSE,FALSE,FALSE,NA,"HMP1-2 taxonomy stool"
"k__Bacteria|p__Actinobacteria|c__Actinobacteria|o__Actinomycetales|f__Actinomycetaceae|g__Actinomyces|s__Actinomyces_urogenitalis|t__SGB15868",0,0,NA,FALSE,FALSE,FALSE,NA,"HMP1-2 taxonomy stool"
"k__Bacteria|p__Actinobacteria|c__Coriobacteriia|o__Coriobacteriales|f__Atopobiaceae|g__Olsenella|s__Olsenella_sp_HMSC062G07|t__SGB14385",0,0,NA,FALSE,FALSE,FALSE,NA,"HMP1-2 taxonomy stool"
"k__Bacteria|p__Firmicutes|c__Negativicutes|o__Veillonellales|f__Veillonellaceae|g__Megasphaera|s__Megasphaera_vaginalis|t__SGB5848",0,0,NA,FALSE,FALSE,FALSE,NA,"HMP1-2 taxonomy stool"
"k__Bacteria|p__Firmicutes|c__Negativicutes|o__Veillonellales|f__Veillonellaceae|g__Veillonella|s__Veillonella_caviae|t__SGB30380",0,0,NA,FALSE,FALSE,FALSE,NA,"HMP1-2 taxonomy stool"
"k__Bacteria|p__Bacteroidetes|c__Bacteroidia|o__Bacteroidales|f__Bacteroidaceae|g__Bacteroidaceae_unclassified|s__Bacteroidaceae_bacterium|t__SGB1890",3,0.00547445255474453,0.00252676718952687,FALSE,TRUE,FALSE,NA,"HMP1-2 taxonomy stool"
"k__Bacteria|p__Fusobacteria|c__Fusobacteriia|o__Fusobacteriales|f__Fusobacteriaceae|g__Fusobacterium|s__Fusobacterium_ulcerans|t__SGB6039_group",11,0.0200729927007299,0.000212254593677298,FALSE,TRUE,FALSE,NA,"HMP1-2 taxonomy stool"
"k__Bacteria|p__Firmicutes|c__Bacilli|o__Lactobacillales|f__Streptococcaceae|g__Streptococcus|s__Streptococcus_lutetiensis|t__SGB8021",2,0.00364963503649635,2.50999956600008e-05,FALSE,FALSE,FALSE,NA,"HMP1-2 taxonomy stool"
"k__Bacteria|p__Firmicutes|c__Clostridia|o__Clostridia_unclassified|f__Clostridia_unclassified|g__Clostridia_unclassified|s__Clostridia_bacterium|t__SGB14013",1,0.00182481751824818,0.0029299,FALSE,TRUE,FALSE,NA,"HMP1-2 taxonomy stool"
"k__Bacteria|p__Firmicutes|c__Clostridia|o__Clostridia_unclassified|f__Clostridia_unclassified|g__Clostridia_unclassified|s__Clostridia_bacterium|t__SGB14019",2,0.00364963503649635,0.000379599740895285,FALSE,TRUE,FALSE,NA,"HMP1-2 taxonomy stool"
"k__Bacteria|p__Firmicutes|c__Clostridia|o__Clostridiales|f__Ruminococcaceae|g__GGB9608|s__GGB9608_SGB15042|t__SGB15042_group",9,0.0164233576642336,0.000275755582681127,FALSE,TRUE,FALSE,NA,"HMP1-2 taxonomy stool"
"k__Bacteria|p__Firmicutes|c__Clostridia|o__Clostridia_unclassified|f__Clostridia_unclassified|g__Clostridia_unclassified|s__Clostridia_bacterium|t__SGB54336",1,0.00182481751824818,4e-07,FALSE,FALSE,FALSE,NA,"HMP1-2 taxonomy stool"
"k__Bacteria|p__Firmicutes|c__Clostridia|o__Clostridia_unclassified|f__Clostridia_unclassified|g__Clostridia_unclassified|s__Clostridia_bacterium|t__SGB13952",2,0.00364963503649635,0.0115208036308762,FALSE,TRUE,FALSE,NA,"HMP1-2 taxonomy stool"
"k__Bacteria|p__Firmicutes|c__Clostridia|o__Clostridiales|f__Oscillospiraceae|g__Oscillospiraceae_unclassified|s__Oscillospiraceae_bacterium_N12|t__SGB1802",5,0.00912408759124088,0.000147740057652024,FALSE,TRUE,FALSE,NA,"HMP1-2 taxonomy stool"
"k__Bacteria|p__Firmicutes|c__Clostridia|o__Clostridia_unclassified|f__Clostridia_unclassified|g__Candidatus_Pseudoscilispira|s__Candidatus_Pseudoscilispira_falkowii|t__SGB63238",4,0.0072992700729927,2.23750013200031e-05,FALSE,FALSE,FALSE,NA,"HMP1-2 taxonomy stool"
"k__Bacteria|p__Proteobacteria|c__Gammaproteobacteria|o__Enterobacterales|f__Enterobacteriaceae|g__Klebsiella|s__Klebsiella_michiganensis|t__SGB10119",3,0.00547445255474453,6.95333593566793e-05,FALSE,FALSE,FALSE,NA,"HMP1-2 taxonomy stool"
"k__Bacteria|p__Firmicutes|c__Clostridia|o__Clostridia_unclassified|f__Clostridia_unclassified|g__Clostridia_unclassified|s__Clostridia_bacterium|t__SGB14235",6,0.0109489051094891,0.00712649617454043,FALSE,TRUE,FALSE,NA,"HMP1-2 taxonomy stool"
"k__Bacteria|p__Firmicutes|c__Clostridia|o__Clostridiales|f__Lachnospiraceae|g__GGB3738|s__GGB3738_SGB5072|t__SGB5072",1,0.00182481751824818,0.000169200016920002,FALSE,TRUE,FALSE,NA,"HMP1-2 taxonomy stool"
"k__Bacteria|p__Firmicutes|c__Clostridia|o__Clostridia_unclassified|f__Clostridia_unclassified|g__Clostridia_unclassified|s__Clostridia_bacterium|t__SGB15408",1,0.00182481751824818,7.36999631500185e-05,FALSE,FALSE,FALSE,NA,"HMP1-2 taxonomy stool"
"k__Bacteria|p__Verrucomicrobia|c__Opitutae|o__Opitutales|f__Opitutales_unclassified|g__Opitutales_unclassified|s__Opitutales_bacterium|t__SGB8767_group",4,0.0072992700729927,0.00374897608613533,FALSE,TRUE,FALSE,NA,"HMP1-2 taxonomy stool"
"k__Bacteria|p__Bacteroidetes|c__Bacteroidia|o__Bacteroidales|f__Rikenellaceae|g__Rikenellaceae_unclassified|s__Rikenellaceae_bacterium_DSM_108975|t__SGB2329",5,0.00912408759124088,5.08600077800218e-05,FALSE,FALSE,FALSE,NA,"HMP1-2 taxonomy stool"
"k__Bacteria|p__Firmicutes|c__CFGB4614|o__OFGB4614|f__FGB4614|g__GGB13418|s__GGB13418_SGB20686|t__SGB20686",1,0.00182481751824818,7.49999625000188e-06,FALSE,FALSE,FALSE,NA,"HMP1-2 taxonomy stool"
"k__Bacteria|p__Proteobacteria|c__Gammaproteobacteria|o__Pseudomonadales|f__Moraxellaceae|g__Acinetobacter|s__Acinetobacter_johnsonii|t__SGB10398",1,0.00182481751824818,8.48999830200034e-05,FALSE,FALSE,FALSE,NA,"HMP1-2 taxonomy stool"
"k__Bacteria|p__Proteobacteria|c__Gammaproteobacteria|o__Enterobacterales|f__Enterobacteriaceae|g__Citrobacter|s__Citrobacter_koseri|t__SGB10079",2,0.00364963503649635,0.000240250112370071,FALSE,TRUE,FALSE,NA,"HMP1-2 taxonomy stool"
"k__Bacteria|p__Bacteroidetes|c__Bacteroidia|o__Bacteroidales|f__Tannerellaceae|g__Parabacteroides|s__Parabacteroides_bouchesdurhonensis|t__SGB21587",1,0.00182481751824818,0.000131100078660047,FALSE,TRUE,FALSE,NA,"HMP1-2 taxonomy stool"
"k__Bacteria|p__Fusobacteria|c__Fusobacteriia|o__Fusobacteriales|f__Leptotrichiaceae|g__Streptobacillus|s__Streptobacillus_hongkongensis|t__SGB29040",0,0,NA,FALSE,FALSE,FALSE,NA,"HMP1-2 taxonomy stool"
"k__Bacteria|p__Planctomycetes|c__Planctomycetia|o__Pirellulales|f__Pirellulaceae|g__GGB6565|s__GGB6565_SGB9274|t__SGB9274",1,0.00182481751824818,0.00377130037713004,FALSE,TRUE,FALSE,NA,"HMP1-2 taxonomy stool"
"k__Bacteria|p__Firmicutes|c__Clostridia|o__Clostridia_unclassified|f__Clostridia_unclassified|g__Clostridia_unclassified|s__Clostridia_bacterium|t__SGB14004",1,0.00182481751824818,0.000470400047040005,FALSE,TRUE,FALSE,NA,"HMP1-2 taxonomy stool"
"k__Bacteria|p__Firmicutes|c__CFGB1379|o__OFGB1379|f__FGB1379|g__GGB3360|s__GGB3360_SGB4444|t__SGB4444",2,0.00364963503649635,7.52000067700008e-05,FALSE,FALSE,FALSE,NA,"HMP1-2 taxonomy stool"
"k__Bacteria|p__Firmicutes|c__Clostridia|o__Clostridiales|f__Lachnospiraceae|g__Lachnospiraceae_unclassified|s__Lachnospiraceae_bacterium_2_1_46FAA|t__SGB4549",5,0.00912408759124088,0.000946960091746077,FALSE,TRUE,FALSE,NA,"HMP1-2 taxonomy stool"
"k__Bacteria|p__Fusobacteria|c__Fusobacteriia|o__Fusobacteriales|f__Fusobacteriaceae|g__Fusobacteriaceae_unclassified|s__Fusobacteriaceae_unclassified_SGB6035|t__SGB6035_group",2,0.00364963503649635,0.00128770036678015,FALSE,TRUE,FALSE,NA,"HMP1-2 taxonomy stool"
"k__Bacteria|p__Firmicutes|c__Bacilli|o__Lactobacillales|f__Lactobacillaceae|g__Dellaglioa|s__Dellaglioa_algida|t__SGB7252",1,0.00182481751824818,2.72e-05,FALSE,FALSE,FALSE,NA,"HMP1-2 taxonomy stool"
"k__Bacteria|p__Firmicutes|c__Clostridia|o__Clostridia_unclassified|f__Clostridia_unclassified|g__Clostridia_unclassified|s__Clostridia_bacterium|t__SGB58484",6,0.0109489051094891,0.00396918202061224,FALSE,TRUE,FALSE,NA,"HMP1-2 taxonomy stool"
"k__Bacteria|p__Proteobacteria|c__Betaproteobacteria|o__Neisseriales|f__Neisseriaceae|g__Conchiformibius|s__Conchiformibius_steedae|t__SGB30651",0,0,NA,FALSE,FALSE,FALSE,NA,"HMP1-2 taxonomy stool"
"k__Bacteria|p__Actinobacteria|c__Actinobacteria|o__Corynebacteriales|f__Corynebacteriaceae|g__Corynebacterium|s__Corynebacterium_sp_HMSC08D02|t__SGB17071",0,0,NA,FALSE,FALSE,FALSE,NA,"HMP1-2 taxonomy stool"
"k__Bacteria|p__Actinobacteria|c__Actinobacteria|o__Corynebacteriales|f__Corynebacteriaceae|g__Corynebacterium|s__Corynebacterium_atypicum|t__SGB17094",0,0,NA,FALSE,FALSE,FALSE,NA,"HMP1-2 taxonomy stool"
"k__Bacteria|p__Proteobacteria|c__Gammaproteobacteria|o__Pseudomonadales|f__Moraxellaceae|g__Acinetobacter|s__Acinetobacter_ursingii|t__SGB10372",0,0,NA,FALSE,FALSE,FALSE,NA,"HMP1-2 taxonomy stool"
"k__Bacteria|p__Firmicutes|c__Clostridia|o__Clostridiales|f__Ruminococcaceae|g__GGB9716|s__GGB9716_SGB15269|t__SGB15269",1,0.00182481751824818,1.08000054000027e-05,FALSE,FALSE,FALSE,NA,"HMP1-2 taxonomy stool"
"k__Bacteria|p__Proteobacteria|c__Gammaproteobacteria|o__Pseudomonadales|f__Moraxellaceae|g__Acinetobacter|s__Acinetobacter_venetianus|t__SGB10365",0,0,NA,FALSE,FALSE,FALSE,NA,"HMP1-2 taxonomy stool"
"k__Bacteria|p__Proteobacteria|c__Alphaproteobacteria|o__Rhizobiales|f__Bradyrhizobiaceae|g__Afipia|s__Afipia_broomeae|t__SGB11355",1,0.00182481751824818,0.000159999968000006,FALSE,TRUE,FALSE,NA,"HMP1-2 taxonomy stool"
"k__Bacteria|p__Firmicutes|c__Bacilli|o__Lactobacillales|f__Lactobacillaceae|g__Limosilactobacillus|s__Limosilactobacillus_reuteri|t__SGB7095",2,0.00364963503649635,1.75999929600028e-05,FALSE,FALSE,FALSE,NA,"HMP1-2 taxonomy stool"
"k__Bacteria|p__Firmicutes|c__CFGB3546|o__OFGB3546|f__FGB3546|g__GGB58071|s__GGB58071_SGB79702|t__SGB79702",2,0.00364963503649635,1.28499994400001e-05,FALSE,FALSE,FALSE,NA,"HMP1-2 taxonomy stool"
"k__Bacteria|p__Firmicutes|c__Erysipelotrichia|o__Erysipelotrichales|f__Erysipelotrichaceae|g__GGB31184|s__GGB31184_SGB44478|t__SGB44478",3,0.00547445255474453,9.05667155434105e-05,FALSE,FALSE,FALSE,NA,"HMP1-2 taxonomy stool"
"k__Bacteria|p__Firmicutes|c__Bacilli|o__Lactobacillales|f__Lactobacillaceae|g__Limosilactobacillus|s__Lactobacillus_pontis|t__SGB7090",0,0,NA,FALSE,FALSE,FALSE,NA,"HMP1-2 taxonomy stool"
"k__Bacteria|p__Proteobacteria|c__Gammaproteobacteria|o__Pseudomonadales|f__Moraxellaceae|g__Moraxella|s__Moraxella_lacunata|t__SGB10428",0,0,NA,FALSE,FALSE,FALSE,NA,"HMP1-2 taxonomy stool"
"k__Bacteria|p__Actinobacteria|c__Actinobacteria|o__Corynebacteriales|f__Dietziaceae|g__Dietzia|s__Dietzia_timorensis|t__SGB15768",0,0,NA,FALSE,FALSE,FALSE,NA,"HMP1-2 taxonomy stool"
"k__Bacteria|p__Proteobacteria|c__Gammaproteobacteria|o__Enterobacterales|f__Erwiniaceae|g__Pantoea|s__Pantoea_ananatis|t__SGB10194",0,0,NA,FALSE,FALSE,FALSE,NA,"HMP1-2 taxonomy stool"
"k__Bacteria|p__Bacteroidetes|c__Bacteroidia|o__Bacteroidales|f__Bacteroidaceae|g__GGB1153|s__GGB1153_SGB1481|t__SGB1481",3,0.00547445255474453,0.0463524400804281,FALSE,TRUE,FALSE,NA,"HMP1-2 taxonomy stool"
"k__Bacteria|p__Bacteroidetes|c__Bacteroidia|o__Bacteroidales|f__Prevotellaceae|g__Paraprevotella|s__Paraprevotella_xylaniphila|t__SGB1797",4,0.0072992700729927,0.0245331566104547,FALSE,TRUE,FALSE,NA,"HMP1-2 taxonomy stool"
"k__Bacteria|p__Bacteroidetes|c__Bacteroidia|o__Bacteroidales|f__Bacteroidales_unclassified|g__Bacteroidales_unclassified|s__Bacteroidales_bacterium|t__SGB2067",2,0.00364963503649635,0.00345695117077044,FALSE,TRUE,FALSE,NA,"HMP1-2 taxonomy stool"
"k__Bacteria|p__Bacteroidetes|c__Bacteroidia|o__Bacteroidales|f__Bacteroidaceae|g__GGB1350|s__GGB1350_SGB1808|t__SGB1808",2,0.00364963503649635,0.00575150137727546,FALSE,TRUE,FALSE,NA,"HMP1-2 taxonomy stool"
"k__Bacteria|p__Actinobacteria|c__Coriobacteriia|o__Eggerthellales|f__Eggerthellaceae|g__GGB9423|s__GGB9423_SGB14792|t__SGB14792",7,0.0127737226277372,0.000218542911202878,FALSE,TRUE,FALSE,NA,"HMP1-2 taxonomy stool"
"k__Bacteria|p__Proteobacteria|c__Alphaproteobacteria|o__Caulobacterales|f__Caulobacteraceae|g__Caulobacteraceae_unclassified|s__Caulobacteraceae_bacterium|t__SGB56795",13,0.0237226277372263,0.000471569162886209,FALSE,TRUE,FALSE,NA,"HMP1-2 taxonomy stool"
"k__Bacteria|p__Proteobacteria|c__Alphaproteobacteria|o__Rhizobiales|f__Bradyrhizobiaceae|g__Bradyrhizobium|s__Bradyrhizobium_sp_17_4|t__SGB11337",13,0.0237226277372263,5.66846057492382e-05,FALSE,FALSE,FALSE,NA,"HMP1-2 taxonomy stool"
"k__Bacteria|p__Proteobacteria|c__Betaproteobacteria|o__Burkholderiales|f__Burkholderiaceae|g__Ralstonia|s__Ralstonia_pickettii|t__SGB12924",13,0.0237226277372263,2.70230728946184e-05,FALSE,FALSE,FALSE,NA,"HMP1-2 taxonomy stool"
"k__Bacteria|p__Firmicutes|c__Bacilli|o__Bacilli_unclassified|f__Bacilli_unclassified|g__Bacilli_unclassified|s__Bacilli_bacterium|t__SGB6766",3,0.00547445255474453,0.0104188001678678,FALSE,TRUE,FALSE,NA,"HMP1-2 taxonomy stool"
"k__Bacteria|p__Firmicutes|c__Bacilli|o__Bacilli_unclassified|f__Bacilli_unclassified|g__Bacilli_unclassified|s__Bacilli_unclassified_SGB6428|t__SGB6428",7,0.0127737226277372,0.00202518561780163,FALSE,TRUE,FALSE,NA,"HMP1-2 taxonomy stool"
"k__Bacteria|p__Firmicutes|c__Clostridia|o__Clostridia_unclassified|f__Clostridia_unclassified|g__Clostridia_unclassified|s__Clostridia_bacterium|t__SGB14216",4,0.0072992700729927,0.0033196505718328,FALSE,TRUE,FALSE,NA,"HMP1-2 taxonomy stool"
"k__Bacteria|p__Firmicutes|c__Clostridia|o__Clostridiales|f__Ruminococcaceae|g__GGB9701|s__GGB9701_SGB15218|t__SGB15218",3,0.00547445255474453,2.13666675133343e-05,FALSE,FALSE,FALSE,NA,"HMP1-2 taxonomy stool"
"k__Bacteria|p__Firmicutes|c__Clostridia|o__Clostridia_unclassified|f__Clostridia_unclassified|g__GGB3266|s__GGB3266_SGB4315|t__SGB4315",2,0.00364963503649635,0.00836209804923559,FALSE,TRUE,FALSE,NA,"HMP1-2 taxonomy stool"
"k__Bacteria|p__Firmicutes|c__Clostridia|o__Clostridiales|f__Ruminococcaceae|g__Flavonifractor|s__Flavonifractor_sp_An112|t__SGB15138",3,0.00547445255474453,2.33333269500094e-05,FALSE,FALSE,FALSE,NA,"HMP1-2 taxonomy stool"
"k__Bacteria|p__Firmicutes|c__Clostridia|o__Clostridiales|f__Eubacteriaceae|g__Intestinibacillus|s__Intestinibacillus_massiliensis|t__SGB29304",9,0.0164233576642336,3.38889000477941e-05,FALSE,FALSE,FALSE,NA,"HMP1-2 taxonomy stool"
"k__Bacteria|p__Actinobacteria|c__Actinobacteria|o__Corynebacteriales|f__Corynebacteriaceae|g__Corynebacterium|s__Corynebacterium_imitans|t__SGB17060",0,0,NA,FALSE,FALSE,FALSE,NA,"HMP1-2 taxonomy stool"
"k__Bacteria|p__Proteobacteria|c__Alphaproteobacteria|o__Caulobacterales|f__Caulobacteraceae|g__Brevundimonas|s__Brevundimonas_diminuta|t__SGB11729_group",0,0,NA,FALSE,FALSE,FALSE,NA,"HMP1-2 taxonomy stool"
"k__Bacteria|p__Bacteroidetes|c__Flavobacteriia|o__Flavobacteriales|f__Weeksellaceae|g__Kaistella|s__Chryseobacterium_haifense|t__SGB2641",0,0,NA,FALSE,FALSE,FALSE,NA,"HMP1-2 taxonomy stool"
"k__Bacteria|p__Proteobacteria|c__Alphaproteobacteria|o__Caulobacterales|f__Caulobacteraceae|g__GGB7899|s__GGB7899_SGB11736|t__SGB11736",0,0,NA,FALSE,FALSE,FALSE,NA,"HMP1-2 taxonomy stool"
"k__Bacteria|p__Proteobacteria|c__Alphaproteobacteria|o__Caulobacterales|f__Caulobacteraceae|g__Brevundimonas|s__Brevundimonas_SGB38300|t__SGB38300",0,0,NA,FALSE,FALSE,FALSE,NA,"HMP1-2 taxonomy stool"
"k__Bacteria|p__Proteobacteria|c__Gammaproteobacteria|o__Enterobacterales|f__Erwiniaceae|g__Mixta|s__Mixta_calida|t__SGB10159",0,0,NA,FALSE,FALSE,FALSE,NA,"HMP1-2 taxonomy stool"
"k__Bacteria|p__Proteobacteria|c__Gammaproteobacteria|o__Pseudomonadales|f__Moraxellaceae|g__Acinetobacter|s__Acinetobacter_parvus|t__SGB10366",0,0,NA,FALSE,FALSE,FALSE,NA,"HMP1-2 taxonomy stool"
"k__Bacteria|p__Proteobacteria|c__Alphaproteobacteria|o__Caulobacterales|f__Caulobacteraceae|g__Brevundimonas|s__Brevundimonas_SGB38301|t__SGB38301",0,0,NA,FALSE,FALSE,FALSE,NA,"HMP1-2 taxonomy stool"
"k__Bacteria|p__Proteobacteria|c__Alphaproteobacteria|o__Rhodobacterales|f__Rhodobacteraceae|g__Paracoccus|s__Paracoccus_sanguinis|t__SGB10730",0,0,NA,FALSE,FALSE,FALSE,NA,"HMP1-2 taxonomy stool"
"k__Bacteria|p__Proteobacteria|c__Gammaproteobacteria|o__Pseudomonadales|f__Moraxellaceae|g__Acinetobacter|s__Acinetobacter_bereziniae|t__SGB10379",0,0,NA,FALSE,FALSE,FALSE,NA,"HMP1-2 taxonomy stool"
"k__Bacteria|p__Firmicutes|c__Bacilli|o__Bacillales|f__Staphylococcaceae|g__Mammaliicoccus|s__Mammaliicoccus_sciuri|t__SGB7818",0,0,NA,FALSE,FALSE,FALSE,NA,"HMP1-2 taxonomy stool"
"k__Bacteria|p__Firmicutes|c__Negativicutes|o__Selenomonadales|f__Selenomonadaceae|g__Mitsuokella|s__Mitsuokella_sp_oral_taxon_131|t__SGB5901",0,0,NA,FALSE,FALSE,FALSE,NA,"HMP1-2 taxonomy stool"
"k__Bacteria|p__Firmicutes|c__Clostridia|o__Clostridiales|f__Lachnospiraceae|g__Lachnospiraceae_unclassified|s__Lachnospiraceae_bacterium|t__SGB4591",2,0.00364963503649635,2.59999981500002e-06,FALSE,FALSE,FALSE,NA,"HMP1-2 taxonomy stool"
"k__Bacteria|p__Bacteroidetes|c__Bacteroidia|o__Bacteroidales|f__Rikenellaceae|g__Alistipes|s__Alistipes_sp_An66|t__SGB2306",3,0.00547445255474453,2.06000051266687e-05,FALSE,FALSE,FALSE,NA,"HMP1-2 taxonomy stool"
"k__Bacteria|p__Proteobacteria|c__Gammaproteobacteria|o__Pseudomonadales|f__Moraxellaceae|g__Moraxella|s__Moraxella_canis|t__SGB10431",0,0,NA,FALSE,FALSE,FALSE,NA,"HMP1-2 taxonomy stool"
"k__Bacteria|p__Candidatus_Melainabacteria|c__Candidatus_Melainabacteria_unclassified|o__Candidatus_Gastranaerophilales|f__Candidatus_Gastranaerophilales_unclassified|g__GGB6007|s__GGB6007_SGB8634|t__SGB8634",3,0.00547445255474453,0.000620766636043382,FALSE,TRUE,FALSE,NA,"HMP1-2 taxonomy stool"
"k__Bacteria|p__Bacteroidetes|c__Flavobacteriia|o__Flavobacteriales|f__Weeksellaceae|g__Algoriella|s__Algoriella_xinjiangensis|t__SGB3057",2,0.00364963503649635,3.51000015150019e-05,FALSE,FALSE,FALSE,NA,"HMP1-2 taxonomy stool"
"k__Bacteria|p__Actinobacteria|c__Coriobacteriia|o__Coriobacteriales|f__Coriobacteriaceae|g__Collinsella|s__Collinsella_sp_AK_207A|t__SGB14762",2,0.00364963503649635,0.000809249917445008,FALSE,TRUE,FALSE,NA,"HMP1-2 taxonomy stool"
"k__Bacteria|p__Firmicutes|c__Bacilli|o__Bacilli_unclassified|f__Bacilli_unclassified|g__Bacilli_unclassified|s__Bacilli_bacterium|t__SGB47354",2,0.00364963503649635,0.00140274958244513,FALSE,TRUE,FALSE,NA,"HMP1-2 taxonomy stool"
"k__Bacteria|p__Bacteroidetes|c__Bacteroidia|o__Bacteroidales|f__Porphyromonadaceae|g__Porphyromonas|s__Porphyromonas_sp_COT_290_OH3588|t__SGB2058",0,0,NA,FALSE,FALSE,FALSE,NA,"HMP1-2 taxonomy stool"
"k__Bacteria|p__Bacteroidetes|c__Bacteroidia|o__Bacteroidales|f__Porphyromonadaceae|g__Porphyromonas|s__Porphyromonas_canoris|t__SGB2061",0,0,NA,FALSE,FALSE,FALSE,NA,"HMP1-2 taxonomy stool"
"k__Bacteria|p__Bacteroidetes|c__Bacteroidia|o__Bacteroidales|f__Porphyromonadaceae|g__Porphyromonas|s__Porphyromonas_cangingivalis|t__SGB2060",0,0,NA,FALSE,FALSE,FALSE,NA,"HMP1-2 taxonomy stool"
"k__Bacteria|p__Bacteroidetes|c__Bacteroidia|o__Bacteroidales|f__Porphyromonadaceae|g__Porphyromonas|s__Porphyromonas_gulae|t__SGB2056",0,0,NA,FALSE,FALSE,FALSE,NA,"HMP1-2 taxonomy stool"
"k__Bacteria|p__Bacteroidetes|c__Bacteroidia|o__Bacteroidales|f__Porphyromonadaceae|g__Porphyromonas|s__Porphyromonas_gingivicanis|t__SGB2063",0,0,NA,FALSE,FALSE,FALSE,NA,"HMP1-2 taxonomy stool"
"k__Bacteria|p__Bacteroidetes|c__Flavobacteriia|o__Flavobacteriales|f__Weeksellaceae|g__Bergeyella|s__Bergeyella_zoohelcum|t__SGB2924",0,0,NA,FALSE,FALSE,FALSE,NA,"HMP1-2 taxonomy stool"
"k__Bacteria|p__Proteobacteria|c__Epsilonproteobacteria|o__Campylobacterales|f__Campylobacteraceae|g__Campylobacter|s__Campylobacter_sp_CCUG_57310|t__SGB77311",0,0,NA,FALSE,FALSE,FALSE,NA,"HMP1-2 taxonomy stool"
"k__Bacteria|p__Proteobacteria|c__Gammaproteobacteria|o__Pseudomonadales|f__Moraxellaceae|g__Moraxella|s__Moraxella_sp_VT_16_12|t__SGB10433",0,0,NA,FALSE,FALSE,FALSE,NA,"HMP1-2 taxonomy stool"
"k__Bacteria|p__Proteobacteria|c__Betaproteobacteria|o__Neisseriales|f__Neisseriaceae|g__Neisseria|s__Neisseria_dumasiana|t__SGB9444",0,0,NA,FALSE,FALSE,FALSE,NA,"HMP1-2 taxonomy stool"
"k__Bacteria|p__Proteobacteria|c__Betaproteobacteria|o__Neisseriales|f__Neisseriaceae|g__Neisseria|s__Neisseria_weaveri|t__SGB9442",0,0,NA,FALSE,FALSE,FALSE,NA,"HMP1-2 taxonomy stool"
"k__Bacteria|p__Bacteroidetes|c__Bacteroidia|o__Bacteroidales|f__Porphyromonadaceae|g__Porphyromonas|s__Porphyromonas_sp_COT_239_OH1446|t__SGB2059",0,0,NA,FALSE,FALSE,FALSE,NA,"HMP1-2 taxonomy stool"
"k__Bacteria|p__Firmicutes|c__Clostridia|o__Clostridiales|f__Lachnospiraceae|g__Murimonas|s__Murimonas_intestini|t__SGB25538",4,0.0072992700729927,6.20000065750015e-06,FALSE,FALSE,FALSE,NA,"HMP1-2 taxonomy stool"
"k__Bacteria|p__Firmicutes|c__Clostridia|o__Clostridia_unclassified|f__Clostridia_unclassified|g__Clostridia_unclassified|s__Clostridia_bacterium|t__SGB4304",2,0.00364963503649635,0.00156159967345007,FALSE,TRUE,FALSE,NA,"HMP1-2 taxonomy stool"
"k__Bacteria|p__Firmicutes|c__Bacilli|o__Lactobacillales|f__Streptococcaceae|g__Streptococcus|s__Streptococcus_sobrinus|t__SGB7995",0,0,NA,FALSE,FALSE,FALSE,NA,"HMP1-2 taxonomy stool"
"k__Bacteria|p__Proteobacteria|c__Alphaproteobacteria|o__Rhodobacterales|f__Rhodobacteraceae|g__Paracoccus|s__Paracoccus_haeundaensis|t__SGB10707",0,0,NA,FALSE,FALSE,FALSE,NA,"HMP1-2 taxonomy stool"
"k__Bacteria|p__Proteobacteria|c__Alphaproteobacteria|o__Sphingomonadales|f__Sphingomonadaceae|g__Sphingobium|s__Sphingobium_yanoikuyae|t__SGB11614_group",0,0,NA,FALSE,FALSE,FALSE,NA,"HMP1-2 taxonomy stool"
"k__Bacteria|p__Proteobacteria|c__Hydrogenophilalia|o__Hydrogenophilales|f__Hydrogenophilaceae|g__Hydrogenophilus|s__Hydrogenophilus_thermoluteolus|t__SGB23500",1,0.00182481751824818,8.89999822000036e-06,FALSE,FALSE,FALSE,NA,"HMP1-2 taxonomy stool"
"k__Bacteria|p__Candidatus_Melainabacteria|c__Candidatus_Melainabacteria_unclassified|o__Candidatus_Gastranaerophilales|f__Candidatus_Gastranaerophilales_unclassified|g__Candidatus_Gastranaerophilales_unclassified|s__Candidatus_Gastranaerophilales_bacterium|t__SGB8597",3,0.00547445255474453,0.0156750407213738,FALSE,TRUE,FALSE,NA,"HMP1-2 taxonomy stool"
"k__Bacteria|p__Firmicutes|c__Clostridia|o__Clostridiales|f__Ruminococcaceae|g__GGB3247|s__GGB3247_SGB4294|t__SGB4294",2,0.00364963503649635,0.0123562513296052,FALSE,TRUE,FALSE,NA,"HMP1-2 taxonomy stool"
"k__Bacteria|p__Firmicutes|c__Clostridia|o__Clostridia_unclassified|f__Clostridia_unclassified|g__Clostridia_unclassified|s__Clostridia_bacterium|t__SGB14873",4,0.0072992700729927,0.00102415011595507,FALSE,TRUE,FALSE,NA,"HMP1-2 taxonomy stool"
"k__Bacteria|p__Bacteroidetes|c__Bacteroidia|o__Bacteroidales|f__Rikenellaceae|g__Rikenellaceae_unclassified|s__Rikenellaceae_unclassified_SGB2227|t__SGB2227",4,0.0072992700729927,0.029331019390839,FALSE,TRUE,FALSE,NA,"HMP1-2 taxonomy stool"
"k__Bacteria|p__Proteobacteria|c__CFGB2394|o__OFGB2394|f__FGB2394|g__GGB6544|s__GGB6544_SGB9243|t__SGB9243",3,0.00547445255474453,0.00157686527926158,FALSE,TRUE,FALSE,NA,"HMP1-2 taxonomy stool"
"k__Bacteria|p__Firmicutes|c__Clostridia|o__Clostridiales|f__Ruminococcaceae|g__Ruminococcaceae_unclassified|s__Ruminococcaceae_bacterium|t__SGB42516",3,0.00547445255474453,3.28333344133344e-05,FALSE,FALSE,FALSE,NA,"HMP1-2 taxonomy stool"
"k__Bacteria|p__Bacteroidetes|c__Flavobacteriia|o__Flavobacteriales|f__Weeksellaceae|g__Epilithonimonas|s__Chryseobacterium_hominis|t__SGB2549",0,0,NA,FALSE,FALSE,FALSE,NA,"HMP1-2 taxonomy stool"
"k__Bacteria|p__Bacteroidetes|c__Bacteroidia|o__Bacteroidales|f__Bacteroidaceae|g__Bacteroides|s__Bacteroides_zoogleoformans|t__SGB21590",0,0,NA,FALSE,FALSE,FALSE,NA,"HMP1-2 taxonomy stool"
"k__Bacteria|p__Firmicutes|c__Tissierellia|o__Tissierellales|f__Peptoniphilaceae|g__Anaerococcus|s__Anaerococcus_hydrogenalis|t__SGB6663",0,0,NA,FALSE,FALSE,FALSE,NA,"HMP1-2 taxonomy stool"
"k__Bacteria|p__Actinobacteria|c__Actinobacteria|o__Actinomycetales|f__Actinomycetaceae|g__Winkia|s__Winkia_neuii|t__SGB17192",0,0,NA,FALSE,FALSE,FALSE,NA,"HMP1-2 taxonomy stool"
"k__Bacteria|p__Actinobacteria|c__Actinobacteria|o__Actinomycetales|f__Actinomycetaceae|g__Actinomyces|s__Actinomyces_culturomici|t__SGB17171",0,0,NA,FALSE,FALSE,FALSE,NA,"HMP1-2 taxonomy stool"
"k__Bacteria|p__Actinobacteria|c__Coriobacteriia|o__Coriobacteriales|f__Coriobacteriaceae|g__Coriobacteriaceae_unclassified|s__Coriobacteriaceae_bacterium_68_1_3|t__SGB14791",0,0,NA,FALSE,FALSE,FALSE,NA,"HMP1-2 taxonomy stool"
"k__Bacteria|p__Actinobacteria|c__Coriobacteriia|o__Coriobacteriales|f__Atopobiaceae|g__Olsenella|s__Olsenella_sp_KGMB02461|t__SGB72466",2,0.00364963503649635,1.42499931750045e-05,FALSE,FALSE,FALSE,NA,"HMP1-2 taxonomy stool"
"k__Bacteria|p__Firmicutes|c__Clostridia|o__Clostridiales|f__Ruminococcaceae|g__Agathobaculum|s__Agathobaculum_desmolans|t__SGB14989",1,0.00182481751824818,6.19999938000006e-06,FALSE,FALSE,FALSE,NA,"HMP1-2 taxonomy stool"
"k__Bacteria|p__Firmicutes|c__Erysipelotrichia|o__Erysipelotrichales|f__Erysipelotrichaceae|g__Erysipelotrichaceae_unclassified|s__Erysipelotrichaceae_bacterium|t__SGB6823",3,0.00547445255474453,0.000424733356940036,FALSE,TRUE,FALSE,NA,"HMP1-2 taxonomy stool"
"k__Bacteria|p__Firmicutes|c__Clostridia|o__Clostridiales|f__Ruminococcaceae|g__GGB9637|s__GGB9637_SGB15111|t__SGB15111",12,0.0218978102189781,0.000262658398614279,FALSE,TRUE,FALSE,NA,"HMP1-2 taxonomy stool"
"k__Bacteria|p__Firmicutes|c__Clostridia|o__Clostridiales|f__Ruminococcaceae|g__Ruminococcaceae_unclassified|s__Ruminococcaceae_bacterium|t__SGB14908",5,0.00912408759124088,0.000207399993710031,FALSE,TRUE,FALSE,NA,"HMP1-2 taxonomy stool"
"k__Bacteria|p__Firmicutes|c__Clostridia|o__Clostridiales|f__Clostridiaceae|g__GGB3528|s__GGB3528_SGB4713|t__SGB4713",2,0.00364963503649635,6.39500066900007e-05,FALSE,FALSE,FALSE,NA,"HMP1-2 taxonomy stool"
"k__Bacteria|p__Firmicutes|c__Clostridia|o__Clostridiales|f__Ruminococcaceae|g__Ruminococcaceae_unclassified|s__Ruminococcaceae_bacterium|t__SGB15355",9,0.0164233576642336,0.00335367697398287,FALSE,TRUE,FALSE,NA,"HMP1-2 taxonomy stool"
"k__Bacteria|p__Actinobacteria|c__Actinobacteria|o__Corynebacteriales|f__Corynebacteriaceae|g__Corynebacterium|s__Corynebacterium_timonense|t__SGB17057",0,0,NA,FALSE,FALSE,FALSE,NA,"HMP1-2 taxonomy stool"
"k__Bacteria|p__Actinobacteria|c__Coriobacteriia|o__Eggerthellales|f__Eggerthellaceae|g__Eggerthellaceae_unclassified|s__Eggerthellaceae_bacterium|t__SGB53822",6,0.0109489051094891,7.64333512083469e-05,FALSE,FALSE,FALSE,NA,"HMP1-2 taxonomy stool"
"k__Bacteria|p__Firmicutes|c__Clostridia|o__Clostridiales|f__Clostridiaceae|g__Clostridium|s__Clostridium_celatum|t__SGB6180",2,0.00364963503649635,1.79499930200085e-05,FALSE,FALSE,FALSE,NA,"HMP1-2 taxonomy stool"
"k__Bacteria|p__Firmicutes|c__Clostridia|o__Clostridiales|f__Ruminococcaceae|g__Ruminococcaceae_unclassified|s__Ruminococcaceae_bacterium|t__SGB14911",4,0.0072992700729927,0.000109400013572504,FALSE,TRUE,FALSE,NA,"HMP1-2 taxonomy stool"
"k__Bacteria|p__Proteobacteria|c__Alphaproteobacteria|o__Alphaproteobacteria_unclassified|f__Alphaproteobacteria_unclassified|g__Alphaproteobacteria_unclassified|s__Alphaproteobacteria_bacterium|t__SGB57593",2,0.00364963503649635,0.0432120164855277,FALSE,TRUE,FALSE,NA,"HMP1-2 taxonomy stool"
"k__Bacteria|p__Proteobacteria|c__Alphaproteobacteria|o__Sphingomonadales|f__Sphingomonadaceae|g__Novosphingobium|s__Novosphingobium_sp_SG900|t__SGB24585",1,0.00182481751824818,0.000536499892700021,FALSE,TRUE,FALSE,NA,"HMP1-2 taxonomy stool"
"k__Bacteria|p__Proteobacteria|c__Gammaproteobacteria|o__Pseudomonadales|f__Pseudomonadaceae|g__Pseudomonas|s__Pseudomonas_aeruginosa|t__SGB12320",0,0,NA,FALSE,FALSE,FALSE,NA,"HMP1-2 taxonomy stool"
"k__Bacteria|p__Proteobacteria|c__Gammaproteobacteria|o__Pseudomonadales|f__Pseudomonadaceae|g__Pseudomonas|s__Pseudomonas_guariconensis|t__SGB12273",0,0,NA,FALSE,FALSE,FALSE,NA,"HMP1-2 taxonomy stool"
"k__Bacteria|p__Proteobacteria|c__Betaproteobacteria|o__Burkholderiales|f__Comamonadaceae|g__Comamonas|s__Comamonas_thiooxydans|t__SGB12682_group",0,0,NA,FALSE,FALSE,FALSE,NA,"HMP1-2 taxonomy stool"
"k__Bacteria|p__Proteobacteria|c__Gammaproteobacteria|o__Pseudomonadales|f__Moraxellaceae|g__Acinetobacter|s__Acinetobacter_parvus|t__SGB10367",0,0,NA,FALSE,FALSE,FALSE,NA,"HMP1-2 taxonomy stool"
"k__Bacteria|p__Proteobacteria|c__Betaproteobacteria|o__Burkholderiales|f__Comamonadaceae|g__Comamonas|s__Comamonas_aquatica|t__SGB12677",0,0,NA,FALSE,FALSE,FALSE,NA,"HMP1-2 taxonomy stool"
"k__Bacteria|p__Proteobacteria|c__Alphaproteobacteria|o__Rhizobiales|f__Methylobacteriaceae|g__Methylobacterium|s__Methylobacterium_sp_CLZ|t__SGB24428",0,0,NA,FALSE,FALSE,FALSE,NA,"HMP1-2 taxonomy stool"
"k__Bacteria|p__Actinobacteria|c__Actinobacteria|o__Actinomycetales|f__Actinomycetaceae|g__Actinomyces|s__Actinomyces_oricola|t__SGB33758",0,0,NA,FALSE,FALSE,FALSE,NA,"HMP1-2 taxonomy stool"
"k__Bacteria|p__Firmicutes|c__Clostridia|o__Clostridiales|f__Ruminococcaceae|g__GGB9635|s__GGB9635_SGB15100|t__SGB15100",2,0.00364963503649635,0.00405009882200094,FALSE,TRUE,FALSE,NA,"HMP1-2 taxonomy stool"
"k__Bacteria|p__Firmicutes|c__Clostridia|o__Clostridiales|f__Ruminococcaceae|g__GGB9687|s__GGB9687_SGB15191|t__SGB15191",2,0.00364963503649635,0.00244294951136039,FALSE,TRUE,FALSE,NA,"HMP1-2 taxonomy stool"
"k__Bacteria|p__Firmicutes|c__Clostridia|o__Clostridiales|f__Ruminococcaceae|g__GGB9636|s__GGB9636_SGB15108|t__SGB15108",2,0.00364963503649635,0.000411349731280215,FALSE,TRUE,FALSE,NA,"HMP1-2 taxonomy stool"
"k__Bacteria|p__Firmicutes|c__Clostridia|o__Clostridia_unclassified|f__Clostridia_unclassified|g__Clostridia_unclassified|s__Clostridia_bacterium|t__SGB15384",3,0.00547445255474453,0.000186233477633527,FALSE,TRUE,FALSE,NA,"HMP1-2 taxonomy stool"
"k__Bacteria|p__Firmicutes|c__Clostridia|o__Clostridiales|f__Ruminococcaceae|g__Ruminococcaceae_unclassified|s__Ruminococcaceae_bacterium|t__SGB15084",3,0.00547445255474453,3.69333164733457e-05,FALSE,FALSE,FALSE,NA,"HMP1-2 taxonomy stool"
"k__Bacteria|p__Synergistetes|c__Synergistia|o__Synergistales|f__Synergistaceae|g__Cloacibacillus|s__Cloacibacillus_porcorum|t__SGB15507",7,0.0127737226277372,9.04714265800223e-05,FALSE,FALSE,FALSE,NA,"HMP1-2 taxonomy stool"
"k__Bacteria|p__Firmicutes|c__Clostridia|o__Clostridia_unclassified|f__Clostridia_unclassified|g__Clostridia_unclassified|s__Clostridia_bacterium|t__SGB13997",1,0.00182481751824818,5.89999528000377e-06,FALSE,FALSE,FALSE,NA,"HMP1-2 taxonomy stool"
"k__Bacteria|p__Firmicutes|c__Bacilli|o__Bacillales|f__Bacillaceae|g__Salicibibacter|s__Salicibibacter_halophilus|t__SGB82671",0,0,NA,FALSE,FALSE,FALSE,NA,"HMP1-2 taxonomy stool"
"k__Bacteria|p__Actinobacteria|c__Actinobacteria|o__Corynebacteriales|f__Corynebacteriaceae|g__Corynebacterium|s__Corynebacterium_pyruviciproducens|t__SGB17029",0,0,NA,FALSE,FALSE,FALSE,NA,"HMP1-2 taxonomy stool"
"k__Bacteria|p__Actinobacteria|c__Actinobacteria|o__Micrococcales|f__Sanguibacteraceae|g__Sanguibacter|s__Sanguibacter_inulinus|t__SGB16047",0,0,NA,FALSE,FALSE,FALSE,NA,"HMP1-2 taxonomy stool"
"k__Bacteria|p__Actinobacteria|c__Actinobacteria|o__Micrococcales|f__Microbacteriaceae|g__Plantibacter|s__Plantibacter_flavus|t__SGB16794",0,0,NA,FALSE,FALSE,FALSE,NA,"HMP1-2 taxonomy stool"
"k__Bacteria|p__Proteobacteria|c__CFGB2395|o__OFGB2395|f__FGB2395|g__GGB6554|s__GGB6554_SGB9256|t__SGB9256",2,0.00364963503649635,0.00549504941186507,FALSE,TRUE,FALSE,NA,"HMP1-2 taxonomy stool"
"k__Bacteria|p__Firmicutes|c__Clostridia|o__Clostridia_unclassified|f__Clostridia_unclassified|g__Clostridia_unclassified|s__Clostridia_bacterium|t__SGB14081",2,0.00364963503649635,0.00311914966516504,FALSE,TRUE,FALSE,NA,"HMP1-2 taxonomy stool"
"k__Bacteria|p__Verrucomicrobia|c__Opitutae|o__Opitutales|f__Opitutales_unclassified|g__GGB6128|s__GGB6128_SGB8774|t__SGB8774",4,0.0072992700729927,0.00105454996843257,FALSE,TRUE,FALSE,NA,"HMP1-2 taxonomy stool"
"k__Bacteria|p__Firmicutes|c__Bacilli|o__Bacilli_unclassified|f__Bacilli_unclassified|g__GGB4702|s__GGB4702_SGB6509|t__SGB6509",2,0.00364963503649635,0.00169564978305504,FALSE,TRUE,FALSE,NA,"HMP1-2 taxonomy stool"
"k__Bacteria|p__Candidatus_Melainabacteria|c__Candidatus_Melainabacteria_unclassified|o__Candidatus_Gastranaerophilales|f__Candidatus_Gastranaerophilales_unclassified|g__Candidatus_Gastranaerophilales_unclassified|s__Candidatus_Gastranaerophilales_bacterium|t__SGB8590",3,0.00547445255474453,0.00092239966008351,FALSE,TRUE,FALSE,NA,"HMP1-2 taxonomy stool"
"k__Bacteria|p__Firmicutes|c__Clostridia|o__Clostridia_unclassified|f__Clostridia_unclassified|g__Clostridia_unclassified|s__Clostridia_bacterium|t__SGB14025",4,0.0072992700729927,0.00220987555861769,FALSE,TRUE,FALSE,NA,"HMP1-2 taxonomy stool"
"k__Bacteria|p__Firmicutes|c__Clostridia|o__Clostridia_unclassified|f__Clostridia_unclassified|g__Clostridia_unclassified|s__Clostridia_bacterium|t__SGB14213",2,0.00364963503649635,0.000448049932695014,FALSE,TRUE,FALSE,NA,"HMP1-2 taxonomy stool"
"k__Bacteria|p__Firmicutes|c__Clostridia|o__Clostridiales|f__Ruminococcaceae|g__GGB9636|s__GGB9636_SGB15109|t__SGB15109",1,0.00182481751824818,0.000372999962700004,FALSE,TRUE,FALSE,NA,"HMP1-2 taxonomy stool"
"k__Bacteria|p__Firmicutes|c__Clostridia|o__Clostridiales|f__Ruminococcaceae|g__GGB9595|s__GGB9595_SGB15017|t__SGB15017",3,0.00547445255474453,0.000731466259236908,FALSE,TRUE,FALSE,NA,"HMP1-2 taxonomy stool"
"k__Bacteria|p__Firmicutes|c__CFGB2950|o__OFGB2950|f__FGB2950|g__GGB9291|s__GGB9291_SGB14248|t__SGB14248",10,0.0182481751824818,0.000361249894034089,FALSE,TRUE,FALSE,NA,"HMP1-2 taxonomy stool"
"k__Bacteria|p__Firmicutes|c__Clostridia|o__Clostridia_unclassified|f__Clostridia_unclassified|g__Clostridia_unclassified|s__Clostridia_bacterium|t__SGB14950",2,0.00364963503649635,6.56499838450045e-05,FALSE,FALSE,FALSE,NA,"HMP1-2 taxonomy stool"
"k__Bacteria|p__Firmicutes|c__Clostridia|o__Clostridia_unclassified|f__Clostridia_unclassified|g__Clostridia_unclassified|s__Clostridia_bacterium|t__SGB13978",2,0.00364963503649635,0.000885849472640317,FALSE,TRUE,FALSE,NA,"HMP1-2 taxonomy stool"
"k__Bacteria|p__Firmicutes|c__Clostridia|o__Clostridiales|f__Lachnospiraceae|g__Coprococcus|s__Coprococcus_SGB5116|t__SGB5116",3,0.00547445255474453,0.00636512991128194,FALSE,TRUE,FALSE,NA,"HMP1-2 taxonomy stool"
"k__Bacteria|p__Firmicutes|c__Clostridia|o__Clostridia_unclassified|f__Clostridia_unclassified|g__GGB9768|s__GGB9768_SGB15386|t__SGB15386",3,0.00547445255474453,0.00012466668496667,FALSE,TRUE,FALSE,NA,"HMP1-2 taxonomy stool"
"k__Bacteria|p__Firmicutes|c__Clostridia|o__Clostridia_unclassified|f__Clostridia_unclassified|g__Candidatus_Avimonas|s__Candidatus_Avimonas_intestinalis|t__SGB53519",1,0.00182481751824818,0.00766710153342031,FALSE,TRUE,FALSE,NA,"HMP1-2 taxonomy stool"
"k__Bacteria|p__Firmicutes|c__Clostridia|o__Clostridiales|f__Ruminococcaceae|g__GGB9696|s__GGB9696_SGB15212|t__SGB15212",2,0.00364963503649635,0.00182160035592008,FALSE,TRUE,FALSE,NA,"HMP1-2 taxonomy stool"
"k__Bacteria|p__Actinobacteria|c__Coriobacteriia|o__Coriobacteriales|f__Atopobiaceae|g__Parolsenella|s__Parolsenella_catena|t__SGB14379",1,0.00182481751824818,0.00121950024390005,FALSE,TRUE,FALSE,NA,"HMP1-2 taxonomy stool"
"k__Bacteria|p__Firmicutes|c__Negativicutes|o__Acidaminococcales|f__Acidaminococcaceae|g__Acidaminococcus|s__Acidaminococcus_fermentans|t__SGB5743",1,0.00182481751824818,0.000609300121860025,FALSE,TRUE,FALSE,NA,"HMP1-2 taxonomy stool"
"k__Bacteria|p__Firmicutes|c__Clostridia|o__Clostridiales|f__Ruminococcaceae|g__Flavonifractor|s__Flavonifractor_SGB15137|t__SGB15137",1,0.00182481751824818,1.51000030200006e-05,FALSE,FALSE,FALSE,NA,"HMP1-2 taxonomy stool"
"k__Bacteria|p__Firmicutes|c__CFGB1470|o__OFGB1470|f__FGB1470|g__GGB3717|s__GGB3717_SGB5040|t__SGB5040",1,0.00182481751824818,7.4000014800003e-06,FALSE,FALSE,FALSE,NA,"HMP1-2 taxonomy stool"
"k__Bacteria|p__Firmicutes|c__Negativicutes|o__Acidaminococcales|f__Acidaminococcaceae|g__GGB4249|s__GGB4249_SGB5749|t__SGB5749",4,0.0072992700729927,0.0225336538319476,FALSE,TRUE,FALSE,NA,"HMP1-2 taxonomy stool"
"k__Bacteria|p__Actinobacteria|c__Actinobacteria|o__Corynebacteriales|f__Mycobacteriaceae|g__Mycobacterium|s__Mycobacterium_grossiae|t__SGB15683",0,0,NA,FALSE,FALSE,FALSE,NA,"HMP1-2 taxonomy stool"
"k__Bacteria|p__Proteobacteria|c__Alphaproteobacteria|o__Rhizobiales|f__Methylobacteriaceae|g__Methylobacterium|s__Methylobacterium_brachiatum|t__SGB11381",0,0,NA,FALSE,FALSE,FALSE,NA,"HMP1-2 taxonomy stool"
"k__Bacteria|p__Firmicutes|c__Clostridia|o__Clostridia_unclassified|f__Clostridia_unclassified|g__Clostridia_unclassified|s__Clostridia_bacterium|t__SGB6270",1,0.00182481751824818,0.0150756954772914,FALSE,TRUE,FALSE,NA,"HMP1-2 taxonomy stool"
"k__Bacteria|p__Firmicutes|c__Bacilli|o__Bacilli_unclassified|f__Bacilli_unclassified|g__GGB4701|s__GGB4701_SGB6508|t__SGB6508",1,0.00182481751824818,0.00350999894700032,FALSE,TRUE,FALSE,NA,"HMP1-2 taxonomy stool"
"k__Bacteria|p__Firmicutes|c__Bacilli|o__Bacilli_unclassified|f__Bacilli_unclassified|g__GGB4667|s__GGB4667_SGB6456|t__SGB6456",2,0.00364963503649635,0.000460049815545083,FALSE,TRUE,FALSE,NA,"HMP1-2 taxonomy stool"
"k__Bacteria|p__Firmicutes|c__Bacilli|o__Bacilli_unclassified|f__Bacilli_unclassified|g__GGB4678|s__GGB4678_SGB6468|t__SGB6468",2,0.00364963503649635,0.0120490463852861,FALSE,TRUE,FALSE,NA,"HMP1-2 taxonomy stool"
"k__Bacteria|p__Actinobacteria|c__Actinobacteria|o__Corynebacteriales|f__Corynebacteriaceae|g__Corynebacterium|s__Corynebacterium_striatum|t__SGB17121",0,0,NA,FALSE,FALSE,FALSE,NA,"HMP1-2 taxonomy stool"
"k__Bacteria|p__Firmicutes|c__Bacilli|o__Bacilli_unclassified|f__Bacilli_unclassified|g__Bacilli_unclassified|s__Bacilli_bacterium|t__SGB6494",1,0.00182481751824818,0.0064665,FALSE,TRUE,FALSE,NA,"HMP1-2 taxonomy stool"
"k__Bacteria|p__Firmicutes|c__Clostridia|o__Clostridia_unclassified|f__Clostridia_unclassified|g__GGB4608|s__GGB4608_SGB6382|t__SGB6382",1,0.00182481751824818,0.0008434,FALSE,TRUE,FALSE,NA,"HMP1-2 taxonomy stool"
"k__Bacteria|p__Firmicutes|c__Clostridia|o__Clostridia_unclassified|f__Clostridia_unclassified|g__Clostridia_unclassified|s__Clostridia_unclassified_SGB14016|t__SGB14016",1,0.00182481751824818,0.0001105,FALSE,TRUE,FALSE,NA,"HMP1-2 taxonomy stool"
"k__Bacteria|p__Firmicutes|c__Clostridia|o__Clostridia_unclassified|f__Clostridia_unclassified|g__Clostridia_unclassified|s__Clostridia_bacterium|t__SGB4143",1,0.00182481751824818,0.0001027,FALSE,TRUE,FALSE,NA,"HMP1-2 taxonomy stool"
"k__Bacteria|p__Firmicutes|c__Clostridia|o__Clostridia_unclassified|f__Clostridia_unclassified|g__Clostridia_unclassified|s__Clostridia_bacterium|t__SGB13984",1,0.00182481751824818,4.09e-05,FALSE,FALSE,FALSE,NA,"HMP1-2 taxonomy stool"
"k__Bacteria|p__Firmicutes|c__Clostridia|o__Clostridia_unclassified|f__Clostridia_unclassified|g__Clostridia_unclassified|s__Clostridia_bacterium|t__SGB14011",3,0.00547445255474453,0.000238966819983446,FALSE,TRUE,FALSE,NA,"HMP1-2 taxonomy stool"
"k__Bacteria|p__Firmicutes|c__Clostridia|o__Clostridia_unclassified|f__Clostridia_unclassified|g__GGB9540|s__GGB9540_SGB14943|t__SGB14943",4,0.0072992700729927,0.000466600100445026,FALSE,TRUE,FALSE,NA,"HMP1-2 taxonomy stool"
"k__Bacteria|p__Firmicutes|c__Bacilli|o__Lactobacillales|f__Leuconostocaceae|g__Leuconostoc|s__Leuconostoc_lactis|t__SGB7121",2,0.00364963503649635,0.00013304995064002,FALSE,TRUE,FALSE,NA,"HMP1-2 taxonomy stool"
"k__Bacteria|p__Firmicutes|c__Bacilli|o__Bacillales|f__Staphylococcaceae|g__Staphylococcus|s__Staphylococcus_pasteuri|t__SGB7855",0,0,NA,FALSE,FALSE,FALSE,NA,"HMP1-2 taxonomy stool"
"k__Bacteria|p__Firmicutes|c__Bacilli|o__Bacilli_unclassified|f__Bacilli_unclassified|g__GGB4713|s__GGB4713_SGB6526|t__SGB6526",5,0.00912408759124088,0.0191828186150012,FALSE,TRUE,FALSE,NA,"HMP1-2 taxonomy stool"
"k__Bacteria|p__Firmicutes|c__Clostridia|o__Clostridia_unclassified|f__Clostridia_unclassified|g__GGB9074|s__GGB9074_SGB13995|t__SGB13995",4,0.0072992700729927,0.00044252511144015,FALSE,TRUE,FALSE,NA,"HMP1-2 taxonomy stool"
"k__Archaea|p__Candidatus_Thermoplasmatota|c__Thermoplasmata|o__Methanomassiliicoccales|f__Methanomassiliicoccaceae|g__Methanomassiliicoccaceae_unclassified|s__Methanomassiliicoccaceae_unclassified_SGB380|t__SGB380",1,0.00182481751824818,1.82999908500046e-05,FALSE,FALSE,FALSE,NA,"HMP1-2 taxonomy stool"
"k__Bacteria|p__Firmicutes|c__Negativicutes|o__Veillonellales|f__Veillonellaceae|g__Dialister|s__Dialister_SGB5817|t__SGB5817",1,0.00182481751824818,4.09999713000201e-06,FALSE,FALSE,FALSE,NA,"HMP1-2 taxonomy stool"
"k__Bacteria|p__Bacteroidetes|c__Bacteroidia|o__Bacteroidales|f__Bacteroidales_unclassified|g__Bacteroidales_unclassified|s__Bacteroidales_bacterium|t__SGB2021",3,0.00547445255474453,0.0212245128529324,FALSE,TRUE,FALSE,NA,"HMP1-2 taxonomy stool"
"k__Bacteria|p__Firmicutes|c__Bacilli|o__Bacilli_unclassified|f__Bacilli_unclassified|g__GGB4687|s__GGB4687_SGB6484|t__SGB6484",1,0.00182481751824818,0.0258321206656965,FALSE,TRUE,FALSE,NA,"HMP1-2 taxonomy stool"
"k__Bacteria|p__Lentisphaerae|c__Lentisphaeria|o__Lentisphaeria_unclassified|f__Lentisphaeria_unclassified|g__GGB6522|s__GGB6522_SGB9214|t__SGB9214",3,0.00547445255474453,0.0015313677890242,FALSE,TRUE,FALSE,NA,"HMP1-2 taxonomy stool"
"k__Bacteria|p__Lentisphaerae|c__Lentisphaeria|o__Lentisphaeria_unclassified|f__Lentisphaeria_unclassified|g__Lentisphaeria_unclassified|s__Lentisphaeria_bacterium|t__SGB9153",2,0.00364963503649635,0.00167125111430082,FALSE,TRUE,FALSE,NA,"HMP1-2 taxonomy stool"
"k__Bacteria|p__Lentisphaerae|c__Lentisphaeria|o__Lentisphaeria_unclassified|f__Lentisphaeria_unclassified|g__Lentisphaeria_unclassified|s__Lentisphaeria_bacterium|t__SGB9192",2,0.00364963503649635,0.00123005088716568,FALSE,TRUE,FALSE,NA,"HMP1-2 taxonomy stool"
"k__Bacteria|p__Proteobacteria|c__Betaproteobacteria|o__Burkholderiales|f__Sutterellaceae|g__Sutterella|s__Sutterella_sp_AM11_39|t__SGB9280",6,0.0109489051094891,0.00285116655119056,FALSE,TRUE,FALSE,NA,"HMP1-2 taxonomy stool"
"k__Archaea|p__Candidatus_Thermoplasmatota|c__Thermoplasmata|o__Methanomassiliicoccales|f__Methanomassiliicoccaceae|g__GGB260|s__GGB260_SGB362|t__SGB362",1,0.00182481751824818,9.81000784800628e-05,FALSE,FALSE,FALSE,NA,"HMP1-2 taxonomy stool"
"k__Bacteria|p__Firmicutes|c__Clostridia|o__Clostridia_unclassified|f__Clostridia_unclassified|g__Clostridia_unclassified|s__Clostridia_bacterium|t__SGB14291",1,0.00182481751824818,9.40000752000602e-05,FALSE,FALSE,FALSE,NA,"HMP1-2 taxonomy stool"
"k__Bacteria|p__Synergistetes|c__Synergistia|o__Synergistales|f__Synergistaceae|g__Pyramidobacter|s__Pyramidobacter_sp_C12_8|t__SGB15498",1,0.00182481751824818,7.67000613600491e-05,FALSE,FALSE,FALSE,NA,"HMP1-2 taxonomy stool"
"k__Bacteria|p__Firmicutes|c__Clostridia|o__Clostridia_unclassified|f__Clostridia_unclassified|g__Clostridia_unclassified|s__Clostridia_bacterium|t__SGB14949",3,0.00547445255474453,5.87666636533454e-05,FALSE,FALSE,FALSE,NA,"HMP1-2 taxonomy stool"
"k__Bacteria|p__Bacteroidetes|c__Bacteroidia|o__Bacteroidales|f__Rikenellaceae|g__Millionella|s__Millionella_massiliensis|t__SGB27758",1,0.00182481751824818,1.1000008800007e-05,FALSE,FALSE,FALSE,NA,"HMP1-2 taxonomy stool"
"k__Bacteria|p__Firmicutes|c__Clostridia|o__Clostridiales|f__Ruminococcaceae|g__Gemmiger|s__Gemmiger_sp_An50|t__SGB15282",2,0.00364963503649635,9.29999853000033e-06,FALSE,FALSE,FALSE,NA,"HMP1-2 taxonomy stool"
"k__Bacteria|p__Actinobacteria|c__Actinobacteria|o__Corynebacteriales|f__Corynebacteriaceae|g__Corynebacterium|s__Corynebacterium_mucifaciens|t__SGB17064",0,0,NA,FALSE,FALSE,FALSE,NA,"HMP1-2 taxonomy stool"
"k__Bacteria|p__Actinobacteria|c__Actinobacteria|o__Corynebacteriales|f__Corynebacteriaceae|g__Corynebacterium|s__Corynebacterium_aurimucosum|t__SGB17109",0,0,NA,FALSE,FALSE,FALSE,NA,"HMP1-2 taxonomy stool"
"k__Bacteria|p__Firmicutes|c__Bacilli|o__Lactobacillales|f__Lactobacillaceae|g__Latilactobacillus|s__Latilactobacillus_sakei|t__SGB7248",0,0,NA,FALSE,FALSE,FALSE,NA,"HMP1-2 taxonomy stool"
"k__Bacteria|p__Bacteroidetes|c__Bacteroidia|o__Bacteroidales|f__Porphyromonadaceae|g__Porphyromonas|s__Porphyromonas_crevioricanis|t__SGB2062",0,0,NA,FALSE,FALSE,FALSE,NA,"HMP1-2 taxonomy stool"
"k__Bacteria|p__Bacteroidetes|c__Bacteroidia|o__Bacteroidales|f__Prevotellaceae|g__Alloprevotella|s__Alloprevotella_sp_OH1205_COT_284|t__SGB27854",0,0,NA,FALSE,FALSE,FALSE,NA,"HMP1-2 taxonomy stool"
"k__Bacteria|p__Actinobacteria|c__Actinobacteria|o__Corynebacteriales|f__Corynebacteriaceae|g__Corynebacterium|s__Corynebacterium_canis|t__SGB86814",0,0,NA,FALSE,FALSE,FALSE,NA,"HMP1-2 taxonomy stool"
"k__Bacteria|p__Actinobacteria|c__Actinobacteria|o__Corynebacteriales|f__Mycobacteriaceae|g__Mycolicibacterium|s__Mycolicibacterium_mucogenicum|t__SGB15716",0,0,NA,FALSE,FALSE,FALSE,NA,"HMP1-2 taxonomy stool"
"k__Bacteria|p__Proteobacteria|c__Alphaproteobacteria|o__Sphingomonadales|f__Sphingomonadaceae|g__Sphingomonas|s__Sphingomonas_dokdonensis|t__SGB11645",0,0,NA,FALSE,FALSE,FALSE,NA,"HMP1-2 taxonomy stool"
"k__Bacteria|p__Proteobacteria|c__Alphaproteobacteria|o__Sphingomonadales|f__Sphingomonadaceae|g__Sphingomonas|s__Sphingomonas_sp_CCH5_D11|t__SGB11646",0,0,NA,FALSE,FALSE,FALSE,NA,"HMP1-2 taxonomy stool"
"k__Bacteria|p__Bacteroidetes|c__Flavobacteriia|o__Flavobacteriales|f__Weeksellaceae|g__Empedobacter|s__Empedobacter_falsenii|t__SGB3056",0,0,NA,FALSE,FALSE,FALSE,NA,"HMP1-2 taxonomy stool"
"k__Bacteria|p__Firmicutes|c__Bacilli|o__Bacillales|f__Staphylococcaceae|g__Nosocomiicoccus|s__Nosocomiicoccus_ampullae|t__SGB82656",0,0,NA,FALSE,FALSE,FALSE,NA,"HMP1-2 taxonomy stool"
"k__Bacteria|p__Actinobacteria|c__Actinobacteria|o__Corynebacteriales|f__Corynebacteriaceae|g__Corynebacterium|s__Corynebacterium_urealyticum|t__SGB17041",0,0,NA,FALSE,FALSE,FALSE,NA,"HMP1-2 taxonomy stool"
"k__Bacteria|p__Proteobacteria|c__Alphaproteobacteria|o__Rhodobacterales|f__Rhodobacteraceae|g__Paracoccus|s__Paracoccus_yeei|t__SGB10717",0,0,NA,FALSE,FALSE,FALSE,NA,"HMP1-2 taxonomy stool"
"k__Bacteria|p__Firmicutes|c__Clostridia|o__Clostridiales|f__Lachnospiraceae|g__Lachnospiraceae_unclassified|s__Lachnospiraceae_bacterium|t__SGB4754",5,0.00912408759124088,7.93599943900034e-05,FALSE,FALSE,FALSE,NA,"HMP1-2 taxonomy stool"
"k__Bacteria|p__Bacteroidetes|c__Bacteroidia|o__Bacteroidales|f__Muribaculaceae|g__GGB24127|s__GGB24127_SGB35930|t__SGB35930",2,0.00364963503649635,5.47499848550052e-05,FALSE,FALSE,FALSE,NA,"HMP1-2 taxonomy stool"
"k__Bacteria|p__Firmicutes|c__Clostridia|o__Clostridia_unclassified|f__Clostridia_unclassified|g__Candidatus_Heritagella|s__Candidatus_Heritagella_intestinalis|t__SGB63346",3,0.00547445255474453,6.02666564933352e-05,FALSE,FALSE,FALSE,NA,"HMP1-2 taxonomy stool"
"k__Bacteria|p__Actinobacteria|c__Coriobacteriia|o__Eggerthellales|f__Eggerthellaceae|g__Paraeggerthella|s__Paraeggerthella_hongkongensis|t__SGB33559",2,0.00364963503649635,4.23499952400009e-05,FALSE,FALSE,FALSE,NA,"HMP1-2 taxonomy stool"
"k__Bacteria|p__Bacteroidetes|c__Bacteroidia|o__Bacteroidales|f__Dysgonomonadaceae|g__Dysgonomonas|s__Dysgonomonas_gadei|t__SGB1774",1,0.00182481751824818,3.49999930000014e-05,FALSE,FALSE,FALSE,NA,"HMP1-2 taxonomy stool"
"k__Bacteria|p__Firmicutes|c__Clostridia|o__Clostridiales|f__Lachnospiraceae|g__Lachnospiraceae_unclassified|s__Lachnospiraceae_unclassified_SGB4550|t__SGB4550",1,0.00182481751824818,0.000442999911400018,FALSE,TRUE,FALSE,NA,"HMP1-2 taxonomy stool"
"k__Bacteria|p__Firmicutes|c__Bacilli|o__Lactobacillales|f__Leuconostocaceae|g__Weissella|s__Weissella_confusa|t__SGB7115",1,0.00182481751824818,1.68000084000042e-05,FALSE,FALSE,FALSE,NA,"HMP1-2 taxonomy stool"
"k__Bacteria|p__Firmicutes|c__Clostridia|o__Clostridia_unclassified|f__Clostridia_unclassified|g__Candidatus_Gallimonas|s__Candidatus_Gallimonas_caecicola|t__SGB14041",2,0.00364963503649635,5.97999940200006e-05,FALSE,FALSE,FALSE,NA,"HMP1-2 taxonomy stool"
"k__Bacteria|p__Firmicutes|c__Clostridia|o__Clostridiales|f__Ruminococcaceae|g__GGB9742|s__GGB9742_SGB15348|t__SGB15348",2,0.00364963503649635,1.15000016500007e-06,FALSE,FALSE,FALSE,NA,"HMP1-2 taxonomy stool"
"k__Bacteria|p__Proteobacteria|c__Betaproteobacteria|o__Neisseriales|f__Neisseriaceae|g__Kingella|s__Kingella_negevensis|t__SGB9476",0,0,NA,FALSE,FALSE,FALSE,NA,"HMP1-2 taxonomy stool"
"k__Bacteria|p__Firmicutes|c__Clostridia|o__Clostridiales|f__Ruminococcaceae|g__Candidatus_Soleaferrea|s__Candidatus_Soleaferrea_massiliensis|t__SGB29379",3,0.00547445255474453,1.14333319500044e-05,FALSE,FALSE,FALSE,NA,"HMP1-2 taxonomy stool"
"k__Bacteria|p__Firmicutes|c__Clostridia|o__Clostridia_unclassified|f__Clostridia_unclassified|g__GGB4590|s__GGB4590_SGB6349|t__SGB6349",2,0.00364963503649635,0.0012674005076852,FALSE,TRUE,FALSE,NA,"HMP1-2 taxonomy stool"
"k__Bacteria|p__Chloroflexi|c__Chloroflexia|o__Chloroflexales|f__Roseiflexaceae|g__Roseiflexus|s__Roseiflexus_sp_RS_1|t__SGB17336",0,0,NA,FALSE,FALSE,FALSE,NA,"HMP1-2 taxonomy stool"
"k__Bacteria|p__Cyanobacteria|c__Cyanobacteria_unclassified|o__Synechococcales|f__Synechococcaceae|g__Synechococcus|s__Synechococcus_sp_JA_2_3B_a_2_13|t__SGB13383",0,0,NA,FALSE,FALSE,FALSE,NA,"HMP1-2 taxonomy stool"
"k__Bacteria|p__Firmicutes|c__CFGB53340|o__OFGB53340|f__FGB53340|g__GGB55179|s__GGB55179_SGB76443|t__SGB76443",0,0,NA,FALSE,FALSE,FALSE,NA,"HMP1-2 taxonomy stool"
"k__Bacteria|p__Cyanobacteria|c__CFGB2413|o__OFGB2413|f__FGB2413|g__GGB43425|s__GGB43425_SGB60738|t__SGB60738",0,0,NA,FALSE,FALSE,FALSE,NA,"HMP1-2 taxonomy stool"
"k__Bacteria|p__Cyanobacteria|c__Cyanobacteria_unclassified|o__Synechococcales|f__Synechococcaceae|g__Synechococcus|s__Synechococcus_sp_60AY4M2|t__SGB13382",0,0,NA,FALSE,FALSE,FALSE,NA,"HMP1-2 taxonomy stool"
"k__Bacteria|p__Acidobacteria|c__Blastocatellia|o__Blastocatellia_unclassified|f__Blastocatellia_unclassified|g__Chloracidobacterium|s__Chloracidobacterium_SGB76761|t__SGB76761",0,0,NA,FALSE,FALSE,FALSE,NA,"HMP1-2 taxonomy stool"
"k__Bacteria|p__Firmicutes|c__Clostridia|o__Clostridia_unclassified|f__Clostridia_unclassified|g__Clostridia_unclassified|s__Clostridia_bacterium|t__SGB6301",2,0.00364963503649635,0.000964800207280186,FALSE,TRUE,FALSE,NA,"HMP1-2 taxonomy stool"
"k__Bacteria|p__Actinobacteria|c__Actinobacteria|o__Corynebacteriales|f__Dietziaceae|g__Dietzia|s__Dietzia_cercidiphylli|t__SGB86977",0,0,NA,FALSE,FALSE,FALSE,NA,"HMP1-2 taxonomy stool"
"k__Bacteria|p__Actinobacteria|c__Actinobacteria|o__Corynebacteriales|f__Dietziaceae|g__Dietzia|s__Dietzia_kunjamensis|t__SGB15765",0,0,NA,FALSE,FALSE,FALSE,NA,"HMP1-2 taxonomy stool"
"k__Bacteria|p__Actinobacteria|c__Actinobacteria|o__Corynebacteriales|f__Mycobacteriaceae|g__Mycolicibacterium|s__Mycolicibacterium_neoaurum|t__SGB15710",0,0,NA,FALSE,FALSE,FALSE,NA,"HMP1-2 taxonomy stool"
"k__Bacteria|p__Actinobacteria|c__Actinobacteria|o__Corynebacteriales|f__Nocardiaceae|g__Rhodococcus|s__Rhodococcus_kroppenstedtii|t__SGB15803",0,0,NA,FALSE,FALSE,FALSE,NA,"HMP1-2 taxonomy stool"
"k__Bacteria|p__Proteobacteria|c__Alphaproteobacteria|o__Rhodospirillales|f__Rhodospirillaceae|g__Skermanella|s__Skermanella_aerolata|t__SGB11248",0,0,NA,FALSE,FALSE,FALSE,NA,"HMP1-2 taxonomy stool"
"k__Bacteria|p__Actinobacteria|c__Actinobacteria|o__Corynebacteriales|f__Nocardiaceae|g__Rhodococcus|s__Rhodococcus_fascians|t__SGB15814",0,0,NA,FALSE,FALSE,FALSE,NA,"HMP1-2 taxonomy stool"
"k__Bacteria|p__Proteobacteria|c__Gammaproteobacteria|o__Pseudomonadales|f__Pseudomonadaceae|g__Pseudomonas|s__Pseudomonas_helleri|t__SGB12098",0,0,NA,FALSE,FALSE,FALSE,NA,"HMP1-2 taxonomy stool"
"k__Bacteria|p__Proteobacteria|c__Gammaproteobacteria|o__Pseudomonadales|f__Pseudomonadaceae|g__Pseudomonas|s__Pseudomonas_taetrolens|t__SGB12103",0,0,NA,FALSE,FALSE,FALSE,NA,"HMP1-2 taxonomy stool"
"k__Bacteria|p__Firmicutes|c__Clostridia|o__Clostridiales|f__Lachnospiraceae|g__Roseburia|s__Roseburia_sp_MUC_MUC_530_WT_4D|t__SGB66053",1,0.00182481751824818,0.000804399839120033,FALSE,TRUE,FALSE,NA,"HMP1-2 taxonomy stool"
"k__Bacteria|p__Firmicutes|c__Clostridia|o__Clostridia_unclassified|f__Clostridia_unclassified|g__Clostridia_unclassified|s__Clostridia_bacterium|t__SGB14242",2,0.00364963503649635,0.00407609904289058,FALSE,TRUE,FALSE,NA,"HMP1-2 taxonomy stool"
"k__Bacteria|p__Firmicutes|c__Clostridia|o__Clostridia_unclassified|f__Clostridia_unclassified|g__Clostridia_unclassified|s__Clostridia_bacterium|t__SGB14023",2,0.00364963503649635,0.000161550032015016,FALSE,TRUE,FALSE,NA,"HMP1-2 taxonomy stool"
"k__Bacteria|p__Firmicutes|c__Clostridia|o__Clostridia_unclassified|f__Clostridia_unclassified|g__Clostridia_unclassified|s__Clostridia_unclassified_SGB14297|t__SGB14297",4,0.0072992700729927,0.00440940053579018,FALSE,TRUE,FALSE,NA,"HMP1-2 taxonomy stool"
"k__Bacteria|p__Proteobacteria|c__Gammaproteobacteria|o__Enterobacterales|f__Enterobacteriaceae|g__Klebsiella|s__Klebsiella_oxytoca|t__SGB10118",0,0,NA,FALSE,FALSE,FALSE,NA,"HMP1-2 taxonomy stool"
"k__Bacteria|p__Proteobacteria|c__Gammaproteobacteria|o__Enterobacterales|f__Enterobacteriaceae|g__Klebsiella|s__Klebsiella_grimontii|t__SGB10120",2,0.00364963503649635,0.000852500005190001,FALSE,TRUE,FALSE,NA,"HMP1-2 taxonomy stool"
"k__Bacteria|p__Actinobacteria|c__Actinobacteria|o__Corynebacteriales|f__Corynebacteriaceae|g__Corynebacterium|s__Corynebacterium_jeikeium|t__SGB17045",1,0.00182481751824818,1.16999964900011e-05,FALSE,FALSE,FALSE,NA,"HMP1-2 taxonomy stool"
"k__Bacteria|p__Actinobacteria|c__Actinobacteria|o__Corynebacteriales|f__Corynebacteriaceae|g__Corynebacterium|s__Corynebacterium_simulans|t__SGB17120",0,0,NA,FALSE,FALSE,FALSE,NA,"HMP1-2 taxonomy stool"
"k__Bacteria|p__Proteobacteria|c__Alphaproteobacteria|o__Rhizobiales|f__Phyllobacteriaceae|g__Mesorhizobium|s__Mesorhizobium_amorphae|t__SGB32228",6,0.0109489051094891,7.68333056000102e-06,FALSE,FALSE,FALSE,NA,"HMP1-2 taxonomy stool"
"k__Bacteria|p__Proteobacteria|c__Alphaproteobacteria|o__Sphingomonadales|f__Sphingomonadaceae|g__Sphingomonas|s__Sphingomonas_leidyi|t__SGB24634",11,0.0200729927007299,7.51818021272821e-06,FALSE,FALSE,FALSE,NA,"HMP1-2 taxonomy stool"
"k__Bacteria|p__Bacteroidetes|c__Bacteroidia|o__Bacteroidales|f__Prevotellaceae|g__Prevotella|s__Prevotella_lascolaii|t__SGB1585",1,0.00182481751824818,0.0195609960878008,FALSE,TRUE,FALSE,NA,"HMP1-2 taxonomy stool"
"k__Bacteria|p__Bacteria_unclassified|c__Bacteria_unclassified|o__Bacteria_unclassified|f__Bacteria_unclassified|g__Bacteria_unclassified|s__bacterium_J10_2018|t__SGB27771",2,0.00364963503649635,0.0302258438809065,FALSE,TRUE,FALSE,NA,"HMP1-2 taxonomy stool"
"k__Bacteria|p__Candidatus_Melainabacteria|c__Candidatus_Melainabacteria_unclassified|o__Candidatus_Gastranaerophilales|f__Candidatus_Gastranaerophilales_unclassified|g__Candidatus_Gastranaerophilales_unclassified|s__Candidatus_Gastranaerophilales_unclassified_SGB8631|t__SGB8631",2,0.00364963503649635,0.00545384876265533,FALSE,TRUE,FALSE,NA,"HMP1-2 taxonomy stool"
"k__Bacteria|p__Bacteroidetes|c__Bacteroidia|o__Bacteroidales|f__Bacteroidales_unclassified|g__Bacteroidales_unclassified|s__Bacteroidales_bacterium|t__SGB58508",2,0.00364963503649635,0.00316384929437519,FALSE,TRUE,FALSE,NA,"HMP1-2 taxonomy stool"
"k__Bacteria|p__Bacteroidetes|c__Bacteroidia|o__Bacteroidales|f__Muribaculaceae|g__Muribaculaceae_unclassified|s__Muribaculaceae_bacterium|t__SGB35903",2,0.00364963503649635,0.00217354963142508,FALSE,TRUE,FALSE,NA,"HMP1-2 taxonomy stool"
"k__Bacteria|p__Bacteroidetes|c__Bacteroidia|o__Bacteroidales|f__Bacteroidales_unclassified|g__GGB27873|s__GGB27873_SGB40307|t__SGB40307",2,0.00364963503649635,0.000797999891010019,FALSE,TRUE,FALSE,NA,"HMP1-2 taxonomy stool"
"k__Bacteria|p__Firmicutes|c__Clostridia|o__Clostridia_unclassified|f__Clostridia_unclassified|g__Clostridia_unclassified|s__Clostridia_bacterium|t__SGB14301",3,0.00547445255474453,2.70999908300038e-05,FALSE,FALSE,FALSE,NA,"HMP1-2 taxonomy stool"
"k__Bacteria|p__Firmicutes|c__Clostridia|o__Clostridiales|f__Ruminococcaceae|g__Fournierella|s__Fournierella_massiliensis|t__SGB15280",5,0.00912408759124088,0.000273240014406008,FALSE,TRUE,FALSE,NA,"HMP1-2 taxonomy stool"
"k__Bacteria|p__Firmicutes|c__Clostridia|o__Clostridiales|f__Lachnospiraceae|g__Lachnospiraceae_unclassified|s__Lachnospiraceae_unclassified_SGB66069|t__SGB66069",1,0.00182481751824818,2.48999925300022e-05,FALSE,FALSE,FALSE,NA,"HMP1-2 taxonomy stool"
"k__Bacteria|p__Proteobacteria|c__Gammaproteobacteria|o__Pseudomonadales|f__Pseudomonadaceae|g__Pseudomonas|s__Pseudomonas_agarici|t__SGB12111",0,0,NA,FALSE,FALSE,FALSE,NA,"HMP1-2 taxonomy stool"
"k__Bacteria|p__Firmicutes|c__Clostridia|o__Clostridiales|f__Clostridiaceae|g__Clostridium|s__Clostridium_thermobutyricum|t__SGB6193",0,0,NA,FALSE,FALSE,FALSE,NA,"HMP1-2 taxonomy stool"
"k__Bacteria|p__Firmicutes|c__Clostridia|o__Clostridia_unclassified|f__Clostridia_unclassified|g__Clostridia_unclassified|s__Clostridia_bacterium|t__SGB47453",1,0.00182481751824818,0.00398640119592036,FALSE,TRUE,FALSE,NA,"HMP1-2 taxonomy stool"
"k__Bacteria|p__Firmicutes|c__CFGB2829|o__OFGB2829|f__FGB2829|g__GGB9045|s__GGB9045_SGB13947|t__SGB13947",3,0.00547445255474453,0.0127895604039136,FALSE,TRUE,FALSE,NA,"HMP1-2 taxonomy stool"
"k__Bacteria|p__Actinobacteria|c__Actinobacteria|o__Bifidobacteriales|f__Bifidobacteriaceae|g__Gardnerella|s__Gardnerella_vaginalis|t__SGB17310",0,0,NA,FALSE,FALSE,FALSE,NA,"HMP1-2 taxonomy stool"
"k__Bacteria|p__Actinobacteria|c__Actinobacteria|o__Bifidobacteriales|f__Bifidobacteriaceae|g__Gardnerella|s__Gardnerella_vaginalis|t__SGB17308",0,0,NA,FALSE,FALSE,FALSE,NA,"HMP1-2 taxonomy stool"
"k__Bacteria|p__Firmicutes|c__Clostridia|o__Clostridia_unclassified|f__Clostridia_unclassified|g__GGB29685|s__GGB29685_SGB42494|t__SGB42494",2,0.00364963503649635,0.000689350173110059,FALSE,TRUE,FALSE,NA,"HMP1-2 taxonomy stool"
"k__Bacteria|p__Firmicutes|c__Clostridia|o__Clostridiales|f__Clostridiaceae|g__Clostridium|s__Clostridium_sp_AF32_12BH|t__SGB4710",1,0.00182481751824818,1.49999955000014e-05,FALSE,FALSE,FALSE,NA,"HMP1-2 taxonomy stool"
"k__Bacteria|p__Firmicutes|c__Bacilli|o__Bacilli_unclassified|f__Bacilli_unclassified|g__Bacilli_unclassified|s__Bacilli_bacterium|t__SGB6492",1,0.00182481751824818,0.00861220344488138,FALSE,TRUE,FALSE,NA,"HMP1-2 taxonomy stool"
"k__Bacteria|p__Firmicutes|c__Bacilli|o__Lactobacillales|f__Streptococcaceae|g__Lactococcus|s__Lactococcus_piscium|t__SGB7987",1,0.00182481751824818,9.00000360000144e-06,FALSE,FALSE,FALSE,NA,"HMP1-2 taxonomy stool"
"k__Bacteria|p__Candidatus_Melainabacteria|c__Candidatus_Melainabacteria_unclassified|o__Candidatus_Gastranaerophilales|f__Candidatus_Gastranaerophilales_unclassified|g__Candidatus_Gastranaerophilales_unclassified|s__Candidatus_Gastranaerophilales_bacterium|t__SGB8589",1,0.00182481751824818,0.0129006141906756,FALSE,TRUE,FALSE,NA,"HMP1-2 taxonomy stool"
"k__Bacteria|p__Firmicutes|c__CFGB1799|o__OFGB1799|f__FGB1799|g__GGB4770|s__GGB4770_SGB6604|t__SGB6604",1,0.00182481751824818,0.00301870332057365,FALSE,TRUE,FALSE,NA,"HMP1-2 taxonomy stool"
"k__Bacteria|p__Firmicutes|c__Clostridia|o__Clostridia_unclassified|f__Clostridia_unclassified|g__Clostridia_unclassified|s__Clostridia_bacterium|t__SGB4110",2,0.00364963503649635,0.00152880001729052,FALSE,TRUE,FALSE,NA,"HMP1-2 taxonomy stool"
"k__Bacteria|p__Firmicutes|c__Clostridia|o__Clostridiales|f__Lachnospiraceae|g__GGB3636|s__GGB3636_SGB4929|t__SGB4929",1,0.00182481751824818,0.000632000695200765,FALSE,TRUE,FALSE,NA,"HMP1-2 taxonomy stool"
"k__Bacteria|p__Firmicutes|c__Clostridia|o__Clostridia_unclassified|f__Clostridia_unclassified|g__Clostridia_unclassified|s__Clostridia_bacterium|t__SGB15406",1,0.00182481751824818,7.90000869000956e-06,FALSE,FALSE,FALSE,NA,"HMP1-2 taxonomy stool"
"k__Bacteria|p__Actinobacteria|c__Coriobacteriia|o__Coriobacteriales|f__Coriobacteriaceae|g__Collinsella|s__Collinsella_SGB14747|t__SGB14747",3,0.00547445255474453,0.0123004012299302,FALSE,TRUE,FALSE,NA,"HMP1-2 taxonomy stool"
"k__Bacteria|p__Actinobacteria|c__Coriobacteriia|o__Eggerthellales|f__Eggerthellaceae|g__Gordonibacter|s__Gordonibacter_massiliensis|t__SGB33566",2,0.00364963503649635,0.000103950007545002,FALSE,TRUE,FALSE,NA,"HMP1-2 taxonomy stool"
"k__Bacteria|p__Firmicutes|c__Clostridia|o__Clostridiales|f__Lachnospiraceae|g__Lachnospiraceae_unclassified|s__Lachnospiraceae_bacterium|t__SGB4995",2,0.00364963503649635,0.000206200020550004,FALSE,TRUE,FALSE,NA,"HMP1-2 taxonomy stool"
"k__Bacteria|p__Firmicutes|c__Clostridia|o__Clostridiales|f__Lachnospiraceae|g__Lachnospiraceae_unclassified|s__Lachnospiraceae_bacterium|t__SGB4596",3,0.00547445255474453,0.000131300014533336,FALSE,TRUE,FALSE,NA,"HMP1-2 taxonomy stool"
"k__Bacteria|p__Tenericutes|c__Mollicutes|o__Mycoplasmatales|f__Mycoplasmataceae|g__Mycoplasma|s__Mycoplasma_amphoriforme|t__SGB58372",0,0,NA,FALSE,FALSE,FALSE,NA,"HMP1-2 taxonomy stool"
"k__Bacteria|p__Firmicutes|c__Bacilli|o__Bacilli_unclassified|f__Bacilli_unclassified|g__Bacilli_unclassified|s__Bacilli_bacterium|t__SGB6517",1,0.00182481751824818,0.0333868066773613,FALSE,TRUE,FALSE,NA,"HMP1-2 taxonomy stool"
"k__Bacteria|p__Proteobacteria|c__CFGB1062|o__OFGB1062|f__FGB1062|g__GGB2732|s__GGB2732_SGB58358|t__SGB58358",1,0.00182481751824818,1.03000020600004e-05,FALSE,FALSE,FALSE,NA,"HMP1-2 taxonomy stool"
"k__Bacteria|p__Firmicutes|c__Clostridia|o__Clostridia_unclassified|f__Clostridia_unclassified|g__Clostridia_unclassified|s__Clostridia_bacterium|t__SGB4329",3,0.00547445255474453,0.00373269987096617,FALSE,TRUE,FALSE,NA,"HMP1-2 taxonomy stool"
"k__Bacteria|p__Bacteroidetes|c__Flavobacteriia|o__Flavobacteriales|f__Weeksellaceae|g__Planobacterium|s__Chryseobacterium_taklimakanense|t__SGB2643",0,0,NA,FALSE,FALSE,FALSE,NA,"HMP1-2 taxonomy stool"
"k__Bacteria|p__Proteobacteria|c__Gammaproteobacteria|o__Pseudomonadales|f__Moraxellaceae|g__Acinetobacter|s__Acinetobacter_indicus|t__SGB10410",0,0,NA,FALSE,FALSE,FALSE,NA,"HMP1-2 taxonomy stool"
"k__Bacteria|p__Bacteroidetes|c__Sphingobacteriia|o__Sphingobacteriales|f__Sphingobacteriaceae|g__Sphingobacterium|s__Sphingobacterium_sp_DN04309|t__SGB78603",0,0,NA,FALSE,FALSE,FALSE,NA,"HMP1-2 taxonomy stool"
"k__Bacteria|p__Proteobacteria|c__Gammaproteobacteria|o__Alteromonadales|f__Alteromonadaceae|g__Alishewanella|s__Alishewanella_agri|t__SGB9784",0,0,NA,FALSE,FALSE,FALSE,NA,"HMP1-2 taxonomy stool"
"k__Bacteria|p__Firmicutes|c__Clostridia|o__Clostridiales|f__Clostridiaceae|g__GGB9580|s__GGB9580_SGB14996|t__SGB14996",2,0.00364963503649635,7.44999834500319e-05,FALSE,FALSE,FALSE,NA,"HMP1-2 taxonomy stool"
"k__Bacteria|p__Firmicutes|c__Clostridia|o__Clostridia_unclassified|f__Clostridia_unclassified|g__Clostridia_unclassified|s__Clostridia_bacterium|t__SGB4145",1,0.00182481751824818,0.000193399845280124,FALSE,TRUE,FALSE,NA,"HMP1-2 taxonomy stool"
"k__Bacteria|p__Proteobacteria|c__Gammaproteobacteria|o__Pseudomonadales|f__Pseudomonadaceae|g__Pseudomonas|s__Pseudomonas_thermotolerans|t__SGB33286",0,0,NA,FALSE,FALSE,FALSE,NA,"HMP1-2 taxonomy stool"
"k__Bacteria|p__Proteobacteria|c__Betaproteobacteria|o__Neisseriales|f__Chromobacteriaceae|g__Gulbenkiania|s__Gulbenkiania_indica|t__SGB22519",0,0,NA,FALSE,FALSE,FALSE,NA,"HMP1-2 taxonomy stool"
"k__Bacteria|p__Proteobacteria|c__Betaproteobacteria|o__Rhodocyclales|f__Zoogloeaceae|g__Thauera|s__Thauera_hydrothermalis|t__SGB12606",0,0,NA,FALSE,FALSE,FALSE,NA,"HMP1-2 taxonomy stool"
"k__Bacteria|p__Proteobacteria|c__Gammaproteobacteria|o__Pseudomonadales|f__Pseudomonadaceae|g__Pseudomonas|s__Pseudomonas_yamanorum|t__SGB89072",0,0,NA,FALSE,FALSE,FALSE,NA,"HMP1-2 taxonomy stool"
"k__Bacteria|p__Proteobacteria|c__Alphaproteobacteria|o__Sphingomonadales|f__Sphingomonadaceae|g__Sphingomonas|s__Sphingomonas_zeae|t__SGB90167",0,0,NA,FALSE,FALSE,FALSE,NA,"HMP1-2 taxonomy stool"
"k__Bacteria|p__Proteobacteria|c__Gammaproteobacteria|o__Enterobacterales|f__Erwiniaceae|g__Buchnera|s__Buchnera_aphidicola|t__SGB50669",0,0,NA,FALSE,FALSE,FALSE,NA,"HMP1-2 taxonomy stool"
"k__Bacteria|p__Proteobacteria|c__Alphaproteobacteria|o__Rhodospirillales|f__Acetobacteraceae|g__Roseomonas|s__Roseomonas_mucosa|t__SGB11236",0,0,NA,FALSE,FALSE,FALSE,NA,"HMP1-2 taxonomy stool"
"k__Bacteria|p__Firmicutes|c__Bacilli|o__Bacillales|f__Staphylococcaceae|g__Staphylococcus|s__Staphylococcus_arlettae|t__SGB7838",0,0,NA,FALSE,FALSE,FALSE,NA,"HMP1-2 taxonomy stool"
"k__Bacteria|p__Firmicutes|c__Clostridia|o__Clostridia_unclassified|f__Clostridia_unclassified|g__Clostridia_unclassified|s__Clostridia_bacterium|t__SGB14229",1,0.00182481751824818,0.000608300425810298,FALSE,TRUE,FALSE,NA,"HMP1-2 taxonomy stool"
"k__Bacteria|p__Actinobacteria|c__CFGB25442|o__OFGB25442|f__FGB25442|g__GGB51960|s__GGB51960_SGB72480|t__SGB72480",2,0.00364963503649635,3.37499940150018e-05,FALSE,FALSE,FALSE,NA,"HMP1-2 taxonomy stool"
"k__Bacteria|p__Actinobacteria|c__Actinobacteria|o__Micrococcales|f__Intrasporangiaceae|g__Janibacter|s__Janibacter_indicus|t__SGB16017",0,0,NA,FALSE,FALSE,FALSE,NA,"HMP1-2 taxonomy stool"
"k__Bacteria|p__Actinobacteria|c__Actinobacteria|o__Micrococcales|f__Intrasporangiaceae|g__Janibacter|s__Janibacter_hoylei|t__SGB16018",0,0,NA,FALSE,FALSE,FALSE,NA,"HMP1-2 taxonomy stool"
"k__Bacteria|p__Proteobacteria|c__Alphaproteobacteria|o__Rhodospirillales|f__Acetobacteraceae|g__Gluconobacter|s__Gluconobacter_sp_Gdi|t__SGB69210",0,0,NA,FALSE,FALSE,FALSE,NA,"HMP1-2 taxonomy stool"
"k__Bacteria|p__Proteobacteria|c__Gammaproteobacteria|o__Enterobacterales|f__Yersiniaceae|g__Rahnella|s__Rahnella_aquatilis|t__SGB10239",0,0,NA,FALSE,FALSE,FALSE,NA,"HMP1-2 taxonomy stool"
"k__Bacteria|p__Firmicutes|c__Clostridia|o__Clostridiales|f__Lachnospiraceae|g__Blautia|s__Blautia_sp_An81|t__SGB4800",1,0.00182481751824818,9.2000009200001e-06,FALSE,FALSE,FALSE,NA,"HMP1-2 taxonomy stool"
"k__Bacteria|p__Firmicutes|c__Clostridia|o__Clostridia_unclassified|f__Clostridia_unclassified|g__Candidatus_Howiella|s__Candidatus_Howiella_intestinavium|t__SGB63345",3,0.00547445255474453,0.000591766607983339,FALSE,TRUE,FALSE,NA,"HMP1-2 taxonomy stool"
"k__Bacteria|p__Proteobacteria|c__Alphaproteobacteria|o__Alphaproteobacteria_unclassified|f__Alphaproteobacteria_unclassified|g__Alphaproteobacteria_unclassified|s__Alphaproteobacteria_bacterium|t__SGB57596",2,0.00364963503649635,0.00409810141399064,FALSE,TRUE,FALSE,NA,"HMP1-2 taxonomy stool"
"k__Bacteria|p__Firmicutes|c__Bacilli|o__Bacilli_unclassified|f__Bacilli_unclassified|g__Bacilli_unclassified|s__Bacilli_bacterium|t__SGB6566",2,0.00364963503649635,0.00802675348749669,FALSE,TRUE,FALSE,NA,"HMP1-2 taxonomy stool"
"k__Bacteria|p__Firmicutes|c__Clostridia|o__Clostridia_unclassified|f__Clostridia_unclassified|g__GGB4609|s__GGB4609_SGB6383|t__SGB6383",3,0.00547445255474453,0.000295933280016725,FALSE,TRUE,FALSE,NA,"HMP1-2 taxonomy stool"
"k__Bacteria|p__Actinobacteria|c__Actinobacteria|o__Actinomycetales|f__Actinomycetaceae|g__Neoactinobaculum|s__Neoactinobaculum_massilliense|t__SGB33733",0,0,NA,FALSE,FALSE,FALSE,NA,"HMP1-2 taxonomy stool"
"k__Bacteria|p__Firmicutes|c__Clostridia|o__Clostridiales|f__Ruminococcaceae|g__GGB9668|s__GGB9668_SGB15165|t__SGB15165",1,0.00182481751824818,1.2499995000002e-05,FALSE,FALSE,FALSE,NA,"HMP1-2 taxonomy stool"
"k__Bacteria|p__Firmicutes|c__Clostridia|o__Clostridiales|f__Clostridiaceae|g__Clostridium|s__Clostridium_disporicum|t__SGB6172",1,0.00182481751824818,2.10000063000019e-06,FALSE,FALSE,FALSE,NA,"HMP1-2 taxonomy stool"
"k__Bacteria|p__Firmicutes|c__Clostridia|o__Clostridiales|f__Lachnospiraceae|g__Extibacter|s__Extibacter_muris|t__SGB4633",1,0.00182481751824818,4.79999856000044e-06,FALSE,FALSE,FALSE,NA,"HMP1-2 taxonomy stool"
"k__Bacteria|p__Bacteroidetes|c__Bacteroidia|o__Bacteroidales|f__Bacteroidaceae|g__Bacteroides|s__Bacteroides_sp_CBA7301|t__SGB77863",1,0.00182481751824818,4.10000123000036e-06,FALSE,FALSE,FALSE,NA,"HMP1-2 taxonomy stool"
"k__Bacteria|p__Actinobacteria|c__Actinobacteria|o__Corynebacteriales|f__Corynebacteriaceae|g__Corynebacterium|s__Corynebacterium_otitidis|t__SGB17081",0,0,NA,FALSE,FALSE,FALSE,NA,"HMP1-2 taxonomy stool"
"k__Bacteria|p__Lentisphaerae|c__Lentisphaeria|o__Lentisphaeria_unclassified|f__Lentisphaeria_unclassified|g__Lentisphaeria_unclassified|s__Lentisphaeria_bacterium|t__SGB9197",1,0.00182481751824818,0.001413,FALSE,TRUE,FALSE,NA,"HMP1-2 taxonomy stool"
"k__Bacteria|p__Bacteroidetes|c__Bacteroidia|o__Bacteroidales|f__Bacteroidaceae|g__Bacteroides|s__Bacteroides_heparinolyticus|t__SGB21589",0,0,NA,FALSE,FALSE,FALSE,NA,"HMP1-2 taxonomy stool"
"k__Bacteria|p__Actinobacteria|c__Actinobacteria|o__Micrococcales|f__Cellulomonadaceae|g__Actinotalea|s__Actinotalea_caeni|t__SGB87560",0,0,NA,FALSE,FALSE,FALSE,NA,"HMP1-2 taxonomy stool"
"k__Bacteria|p__Actinobacteria|c__Actinobacteria|o__Corynebacteriales|f__Mycobacteriaceae|g__Mycolicibacterium|s__Mycolicibacterium_smegmatis|t__SGB15721",0,0,NA,FALSE,FALSE,FALSE,NA,"HMP1-2 taxonomy stool"
"k__Bacteria|p__Actinobacteria|c__Actinobacteria|o__Corynebacteriales|f__Mycobacteriaceae|g__Mycolicibacterium|s__Mycolicibacterium_phlei|t__SGB15687",0,0,NA,FALSE,FALSE,FALSE,NA,"HMP1-2 taxonomy stool"
"k__Bacteria|p__Proteobacteria|c__Gammaproteobacteria|o__Xanthomonadales|f__Xanthomonadaceae|g__Pseudoxanthomonas|s__Pseudoxanthomonas_suwonensis|t__SGB32972",0,0,NA,FALSE,FALSE,FALSE,NA,"HMP1-2 taxonomy stool"
"k__Bacteria|p__Actinobacteria|c__Actinobacteria|o__Micrococcales|f__Promicromonosporaceae|g__Cellulosimicrobium|s__Cellulosimicrobium_cellulans|t__SGB16056",0,0,NA,FALSE,FALSE,FALSE,NA,"HMP1-2 taxonomy stool"
"k__Bacteria|p__Actinobacteria|c__Actinobacteria|o__Corynebacteriales|f__Corynebacteriaceae|g__Corynebacterium|s__Corynebacterium_sanguinis|t__SGB86809_group",0,0,NA,FALSE,FALSE,FALSE,NA,"HMP1-2 taxonomy stool"
"k__Bacteria|p__Proteobacteria|c__Alphaproteobacteria|o__Rhodobacterales|f__Rhodobacteraceae|g__Paracoccus|s__Paracoccus_salipaludis|t__SGB10728",0,0,NA,FALSE,FALSE,FALSE,NA,"HMP1-2 taxonomy stool"
"k__Bacteria|p__Proteobacteria|c__Gammaproteobacteria|o__Enterobacterales|f__Yersiniaceae|g__Ewingella|s__Ewingella_americana|t__SGB10238",0,0,NA,FALSE,FALSE,FALSE,NA,"HMP1-2 taxonomy stool"
"k__Bacteria|p__Proteobacteria|c__Gammaproteobacteria|o__Pseudomonadales|f__Pseudomonadaceae|g__Pseudomonas|s__Pseudomonas_oryzihabitans|t__SGB12308",0,0,NA,FALSE,FALSE,FALSE,NA,"HMP1-2 taxonomy stool"
"k__Bacteria|p__Proteobacteria|c__Alphaproteobacteria|o__Sphingomonadales|f__Sphingomonadaceae|g__Sphingomonas|s__Sphingomonas_sp_ABOLF|t__SGB31686",0,0,NA,FALSE,FALSE,FALSE,NA,"HMP1-2 taxonomy stool"
"k__Bacteria|p__Proteobacteria|c__Gammaproteobacteria|o__Enterobacterales|f__Enterobacteriaceae|g__Raoultella|s__Raoultella_ornithinolytica|t__SGB10124",1,0.00182481751824818,1.59e-05,FALSE,FALSE,FALSE,NA,"HMP1-2 taxonomy stool"
"k__Bacteria|p__Firmicutes|c__Clostridia|o__Clostridiales|f__Ruminococcaceae|g__GGB9702|s__GGB9702_SGB15220|t__SGB15220",2,0.00364963503649635,0.00396565062677511,FALSE,TRUE,FALSE,NA,"HMP1-2 taxonomy stool"
"k__Bacteria|p__Firmicutes|c__Clostridia|o__Clostridia_unclassified|f__Clostridia_unclassified|g__Clostridia_unclassified|s__Clostridia_bacterium|t__SGB4368",2,0.00364963503649635,0.00433830049680006,FALSE,TRUE,FALSE,NA,"HMP1-2 taxonomy stool"
"k__Bacteria|p__Bacteroidetes|c__Bacteroidia|o__Bacteroidales|f__Bacteroidaceae|g__Bacteroidaceae_unclassified|s__Bacteroidaceae_bacterium|t__SGB48196",2,0.00364963503649635,0.00189130024680004,FALSE,TRUE,FALSE,NA,"HMP1-2 taxonomy stool"
"k__Bacteria|p__Bacteroidetes|c__Bacteroidia|o__Bacteroidales|f__Tannerellaceae|g__Parabacteroides|s__Parabacteroides_goldsteinii|t__SGB1937",2,0.00364963503649635,0.000688400125200024,FALSE,TRUE,FALSE,NA,"HMP1-2 taxonomy stool"
"k__Bacteria|p__Firmicutes|c__Clostridia|o__Clostridia_unclassified|f__Clostridia_unclassified|g__GGB9284|s__GGB9284_SGB14237|t__SGB14237",2,0.00364963503649635,0.00222735026770004,FALSE,TRUE,FALSE,NA,"HMP1-2 taxonomy stool"
"k__Bacteria|p__Candidatus_Melainabacteria|c__Candidatus_Melainabacteria_unclassified|o__Candidatus_Gastranaerophilales|f__Candidatus_Gastranaerophilales_unclassified|g__Candidatus_Gastranaerophilales_unclassified|s__Candidatus_Gastranaerophilales_bacterium|t__SGB8608",2,0.00364963503649635,0.00177345017942002,FALSE,TRUE,FALSE,NA,"HMP1-2 taxonomy stool"
"k__Bacteria|p__Firmicutes|c__Bacilli|o__Bacilli_unclassified|f__Bacilli_unclassified|g__GGB4640|s__GGB4640_SGB6419|t__SGB6419",1,0.00182481751824818,5.60000112000023e-06,FALSE,FALSE,FALSE,NA,"HMP1-2 taxonomy stool"
"k__Bacteria|p__Firmicutes|c__Clostridia|o__Clostridia_unclassified|f__Clostridia_unclassified|g__Clostridia_unclassified|s__Clostridia_bacterium|t__SGB4311",1,0.00182481751824818,0.0019159,FALSE,TRUE,FALSE,NA,"HMP1-2 taxonomy stool"
"k__Bacteria|p__Actinobacteria|c__Coriobacteriia|o__Eggerthellales|f__Eggerthellaceae|g__Raoultibacter|s__Raoultibacter_sp_Marseille_P8396|t__SGB86224",1,0.00182481751824818,4.20000126000037e-06,FALSE,FALSE,FALSE,NA,"HMP1-2 taxonomy stool"
"k__Bacteria|p__Firmicutes|c__Bacilli|o__Lactobacillales|f__Streptococcaceae|g__Lactococcus|s__Lactococcus_petauri|t__SGB7980_group",1,0.00182481751824818,2.5200010080004e-05,FALSE,FALSE,FALSE,NA,"HMP1-2 taxonomy stool"
"k__Archaea|p__Crenarchaeota|c__Thermoprotei|o__Thermoproteales|f__Thermofilaceae|g__GGB1567|s__GGB1567_SGB2154|t__SGB2154",1,0.00182481751824818,2.42000096800039e-05,FALSE,FALSE,FALSE,NA,"HMP1-2 taxonomy stool"
"k__Bacteria|p__Actinobacteria|c__Coriobacteriia|o__Eggerthellales|f__Eggerthellaceae|g__Phoenicibacter|s__Phoenicibacter_congonensis|t__SGB957",2,0.00364963503649635,0.00057334986953004,FALSE,TRUE,FALSE,NA,"HMP1-2 taxonomy stool"
"k__Bacteria|p__Firmicutes|c__Clostridia|o__Clostridia_unclassified|f__Clostridia_unclassified|g__Clostridia_unclassified|s__Clostridia_bacterium|t__SGB4307",1,0.00182481751824818,0.0009422,FALSE,TRUE,FALSE,NA,"HMP1-2 taxonomy stool"
"k__Bacteria|p__Firmicutes|c__Clostridia|o__Clostridiales|f__Ruminococcaceae|g__GGB9582|s__GGB9582_SGB15000|t__SGB15000",5,0.00912408759124088,0.000140340017378007,FALSE,TRUE,FALSE,NA,"HMP1-2 taxonomy stool"
"k__Bacteria|p__Actinobacteria|c__Coriobacteriia|o__Coriobacteriales|f__Coriobacteriaceae|g__Collinsella|s__Collinsella_phocaeensis|t__SGB14745",4,0.0072992700729927,0.000119500015172503,FALSE,TRUE,FALSE,NA,"HMP1-2 taxonomy stool"
"k__Bacteria|p__Bacteroidetes|c__Bacteroidia|o__Bacteroidales|f__Muribaculaceae|g__GGB14014|s__GGB14014_SGB21441|t__SGB21441",1,0.00182481751824818,2.29999885000058e-06,FALSE,FALSE,FALSE,NA,"HMP1-2 taxonomy stool"
"k__Bacteria|p__Firmicutes|c__Clostridia|o__Clostridiales|f__Lachnospiraceae|g__Coprococcus|s__Coprococcus_sp_OM04_5BH|t__SGB5115",1,0.00182481751824818,0.00159720047916014,FALSE,TRUE,FALSE,NA,"HMP1-2 taxonomy stool"
"k__Bacteria|p__Bacteroidetes|c__Bacteroidia|o__Bacteroidales|f__Odoribacteraceae|g__Culturomica|s__Culturomica_massiliensis|t__SGB1791",1,0.00182481751824818,0.000257399794080165,FALSE,TRUE,FALSE,NA,"HMP1-2 taxonomy stool"
"k__Bacteria|p__Firmicutes|c__Clostridia|o__Clostridia_unclassified|f__Clostridia_unclassified|g__Clostridia_unclassified|s__Clostridia_bacterium|t__SGB14067",1,0.00182481751824818,0.000688900068890007,FALSE,TRUE,FALSE,NA,"HMP1-2 taxonomy stool"
"k__Bacteria|p__Bacteroidetes|c__Bacteroidia|o__Bacteroidales|f__Bacteroidaceae|g__Bacteroidaceae_unclassified|s__Bacteroidaceae_bacterium|t__SGB48437",1,0.00182481751824818,0.0523361104672221,FALSE,TRUE,FALSE,NA,"HMP1-2 taxonomy stool"
"k__Bacteria|p__Firmicutes|c__Negativicutes|o__Acidaminococcales|f__Acidaminococcaceae|g__GGB4238|s__GGB4238_SGB5730|t__SGB5730",1,0.00182481751824818,0.00103540020708004,FALSE,TRUE,FALSE,NA,"HMP1-2 taxonomy stool"
"k__Bacteria|p__Firmicutes|c__Clostridia|o__Clostridia_unclassified|f__Clostridia_unclassified|g__Clostridia_unclassified|s__Clostridia_bacterium|t__SGB14848",1,0.00182481751824818,3.90000078000016e-06,FALSE,FALSE,FALSE,NA,"HMP1-2 taxonomy stool"
"k__Bacteria|p__Proteobacteria|c__Alphaproteobacteria|o__Alphaproteobacteria_unclassified|f__Alphaproteobacteria_unclassified|g__Alphaproteobacteria_unclassified|s__Alphaproteobacteria_bacterium|t__SGB9345",1,0.00182481751824818,0.0102693030807909,FALSE,TRUE,FALSE,NA,"HMP1-2 taxonomy stool"
"k__Bacteria|p__Firmicutes|c__Clostridia|o__Clostridiales|f__Lachnospiraceae|g__GGB3623|s__GGB3623_SGB4900|t__SGB4900",1,0.00182481751824818,0.000258300077490023,FALSE,TRUE,FALSE,NA,"HMP1-2 taxonomy stool"
"k__Bacteria|p__Bacteroidetes|c__Bacteroidia|o__Bacteroidales|f__Muribaculaceae|g__GGB14009|s__GGB14009_SGB21436|t__SGB21436",1,0.00182481751824818,7.69999923000007e-06,FALSE,FALSE,FALSE,NA,"HMP1-2 taxonomy stool"
"k__Bacteria|p__Fusobacteria|c__Fusobacteriia|o__Fusobacteriales|f__Fusobacteriaceae|g__Fusobacteriaceae_unclassified|s__Fusobacteriaceae_unclassified_SGB59307|t__SGB59307_group",2,0.00364963503649635,0.00463745105421039,FALSE,TRUE,FALSE,NA,"HMP1-2 taxonomy stool"
"k__Bacteria|p__Firmicutes|c__CFGB25373|o__OFGB25373|f__FGB25373|g__GGB45597|s__GGB45597_SGB72777|t__SGB72777",3,0.00547445255474453,1.62000038800011e-05,FALSE,FALSE,FALSE,NA,"HMP1-2 taxonomy stool"
"k__Bacteria|p__Bacteroidetes|c__Flavobacteriia|o__Flavobacteriales|f__Weeksellaceae|g__Chryseobacterium|s__Chryseobacterium_indologenes|t__SGB2570",0,0,NA,FALSE,FALSE,FALSE,NA,"HMP1-2 taxonomy stool"
"k__Bacteria|p__Actinobacteria|c__Actinobacteria|o__Bifidobacteriales|f__Bifidobacteriaceae|g__Parascardovia|s__Parascardovia_denticolens|t__SGB17291",0,0,NA,FALSE,FALSE,FALSE,NA,"HMP1-2 taxonomy stool"
"k__Bacteria|p__Proteobacteria|c__Alphaproteobacteria|o__Alphaproteobacteria_unclassified|f__Alphaproteobacteria_unclassified|g__Alphaproteobacteria_unclassified|s__Alphaproteobacteria_bacterium|t__SGB9323",1,0.00182481751824818,0.044365826619496,FALSE,TRUE,FALSE,NA,"HMP1-2 taxonomy stool"
"k__Bacteria|p__Firmicutes|c__Clostridia|o__Clostridia_unclassified|f__Clostridia_unclassified|g__Clostridia_unclassified|s__Clostridia_bacterium|t__SGB14131",2,0.00364963503649635,8.75500397300213e-05,FALSE,FALSE,FALSE,NA,"HMP1-2 taxonomy stool"
"k__Bacteria|p__Proteobacteria|c__Alphaproteobacteria|o__Alphaproteobacteria_unclassified|f__Alphaproteobacteria_unclassified|g__Alphaproteobacteria_unclassified|s__Alphaproteobacteria_bacterium|t__SGB57594",3,0.00547445255474453,0.00778549782959828,FALSE,TRUE,FALSE,NA,"HMP1-2 taxonomy stool"
"k__Bacteria|p__Proteobacteria|c__Alphaproteobacteria|o__Rhizobiales|f__Phyllobacteriaceae|g__Phyllobacterium|s__Phyllobacterium_myrsinacearum|t__SGB24484",0,0,NA,FALSE,FALSE,FALSE,NA,"HMP1-2 taxonomy stool"
"k__Bacteria|p__Proteobacteria|c__Alphaproteobacteria|o__Sphingomonadales|f__Sphingomonadaceae|g__Sphingomonas|s__Sphingomonas_sp_3F27E9_B|t__SGB11639",0,0,NA,FALSE,FALSE,FALSE,NA,"HMP1-2 taxonomy stool"
"k__Bacteria|p__Proteobacteria|c__Alphaproteobacteria|o__Rhizobiales|f__Bradyrhizobiaceae|g__GGB7699|s__GGB7699_SGB11380|t__SGB11380",0,0,NA,FALSE,FALSE,FALSE,NA,"HMP1-2 taxonomy stool"
"k__Bacteria|p__Firmicutes|c__Clostridia|o__Clostridiales|f__Ruminococcaceae|g__GGB29848|s__GGB29848_SGB42690|t__SGB42690",1,0.00182481751824818,5.08999694600183e-05,FALSE,FALSE,FALSE,NA,"HMP1-2 taxonomy stool"
"k__Bacteria|p__Bacteroidetes|c__Bacteroidia|o__Bacteroidales|f__Tannerellaceae|g__Parabacteroides|s__Parabacteroides_acidifaciens|t__SGB1943",3,0.00547445255474453,0.00824546740766683,FALSE,TRUE,FALSE,NA,"HMP1-2 taxonomy stool"
"k__Bacteria|p__Proteobacteria|c__Gammaproteobacteria|o__Enterobacterales|f__Enterobacteriaceae|g__Enterobacter|s__Enterobacter_mori|t__SGB10132",0,0,NA,FALSE,FALSE,FALSE,NA,"HMP1-2 taxonomy stool"
"k__Bacteria|p__Proteobacteria|c__Betaproteobacteria|o__Burkholderiales|f__Alcaligenaceae|g__Oligella|s__Oligella_urethralis|t__SGB9505",0,0,NA,FALSE,FALSE,FALSE,NA,"HMP1-2 taxonomy stool"
"k__Bacteria|p__Firmicutes|c__Clostridia|o__Clostridiales|f__Ruminococcaceae|g__GGB9695|s__GGB9695_SGB15210|t__SGB15210",4,0.0072992700729927,0.000147399972705015,FALSE,TRUE,FALSE,NA,"HMP1-2 taxonomy stool"
"k__Bacteria|p__Proteobacteria|c__Gammaproteobacteria|o__Xanthomonadales|f__Xanthomonadaceae|g__Stenotrophomonas|s__Stenotrophomonas_maltophilia|t__SGB12459_group",0,0,NA,FALSE,FALSE,FALSE,NA,"HMP1-2 taxonomy stool"
"k__Bacteria|p__Proteobacteria|c__Betaproteobacteria|o__Burkholderiales|f__Alcaligenaceae|g__Achromobacter|s__Achromobacter_deleyi|t__SGB32683",0,0,NA,FALSE,FALSE,FALSE,NA,"HMP1-2 taxonomy stool"
"k__Bacteria|p__Actinobacteria|c__Actinobacteria|o__Corynebacteriales|f__Corynebacteriaceae|g__Corynebacterium|s__Corynebacterium_massiliense|t__SGB17124",0,0,NA,FALSE,FALSE,FALSE,NA,"HMP1-2 taxonomy stool"
"k__Bacteria|p__Proteobacteria|c__Gammaproteobacteria|o__Enterobacterales|f__Yersiniaceae|g__Serratia|s__Serratia_sp_M24T3|t__SGB10237",0,0,NA,FALSE,FALSE,FALSE,NA,"HMP1-2 taxonomy stool"
"k__Bacteria|p__Firmicutes|c__Clostridia|o__Clostridiales|f__Ruminococcaceae|g__GGB9673|s__GGB9673_SGB15172|t__SGB15172",1,0.00182481751824818,0.0008039,FALSE,TRUE,FALSE,NA,"HMP1-2 taxonomy stool"
"k__Bacteria|p__Firmicutes|c__CFGB14246|o__OFGB14246|f__FGB14246|g__GGB38987|s__GGB38987_SGB63305|t__SGB63305",2,0.00364963503649635,7.03999829900119e-05,FALSE,FALSE,FALSE,NA,"HMP1-2 taxonomy stool"
"k__Bacteria|p__Firmicutes|c__Clostridia|o__Clostridia_unclassified|f__Clostridia_unclassified|g__Candidatus_Heritagella|s__Candidatus_Heritagella_gallinarum|t__SGB63347",2,0.00364963503649635,0.00121714987828501,FALSE,TRUE,FALSE,NA,"HMP1-2 taxonomy stool"
"k__Bacteria|p__Firmicutes|c__Clostridia|o__Clostridiales|f__Oscillospiraceae|g__Oscillospiraceae_unclassified|s__Oscillospiraceae_bacterium_NSJ_54|t__SGB79871",1,0.00182481751824818,1.89999943000017e-06,FALSE,FALSE,FALSE,NA,"HMP1-2 taxonomy stool"
"k__Bacteria|p__Proteobacteria|c__Betaproteobacteria|o__Burkholderiales|f__Comamonadaceae|g__Brachymonas|s__Brachymonas_chironomi|t__SGB32580",0,0,NA,FALSE,FALSE,FALSE,NA,"HMP1-2 taxonomy stool"
"k__Bacteria|p__Bacteroidetes|c__Bacteroidia|o__Bacteroidales|f__Prevotellaceae|g__Prevotella|s__Prevotella_sp_DNF00663|t__SGB3322",0,0,NA,FALSE,FALSE,FALSE,NA,"HMP1-2 taxonomy stool"
"k__Bacteria|p__Fusobacteria|c__Fusobacteriia|o__Fusobacteriales|f__Fusobacteriaceae|g__Fusobacterium|s__Fusobacterium_varium|t__SGB6038",1,0.00182481751824818,0.000304300060860012,FALSE,TRUE,FALSE,NA,"HMP1-2 taxonomy stool"
"k__Bacteria|p__Proteobacteria|c__Alphaproteobacteria|o__Sphingomonadales|f__Sphingomonadaceae|g__Sphingomonas|s__Sphingomonas_sp_ZLT_5|t__SGB56335",0,0,NA,FALSE,FALSE,FALSE,NA,"HMP1-2 taxonomy stool"
"k__Bacteria|p__Proteobacteria|c__Gammaproteobacteria|o__Pseudomonadales|f__Pseudomonadaceae|g__Pseudomonas|s__Pseudomonas_helleri|t__SGB89058",1,0.00182481751824818,0.000141300042390013,FALSE,TRUE,FALSE,NA,"HMP1-2 taxonomy stool"
"k__Bacteria|p__Firmicutes|c__Clostridia|o__Clostridia_unclassified|f__Clostridia_unclassified|g__Clostridia_unclassified|s__Clostridia_bacterium|t__SGB14099",0,0,NA,FALSE,FALSE,FALSE,NA,"HMP1-2 taxonomy stool"
"k__Bacteria|p__Firmicutes|c__Clostridia|o__Clostridia_unclassified|f__Clostridia_unclassified|g__Clostridia_unclassified|s__Clostridia_bacterium|t__SGB14855",2,0.00364963503649635,0.00232010104553055,FALSE,TRUE,FALSE,NA,"HMP1-2 taxonomy stool"
"k__Bacteria|p__Proteobacteria|c__Alphaproteobacteria|o__Rhodobacterales|f__Rhodobacteraceae|g__Paracoccus|s__Paracoccus_pantotrophus|t__SGB10720",0,0,NA,FALSE,FALSE,FALSE,NA,"HMP1-2 taxonomy stool"
"k__Bacteria|p__Actinobacteria|c__Actinobacteria|o__Actinomycetales|f__Actinomycetaceae|g__Schaalia|s__Schaalia_canis|t__SGB33774",0,0,NA,FALSE,FALSE,FALSE,NA,"HMP1-2 taxonomy stool"
"k__Bacteria|p__Proteobacteria|c__Gammaproteobacteria|o__Pseudomonadales|f__Pseudomonadaceae|g__Pseudomonas|s__Pseudomonas_luteola|t__SGB12056",0,0,NA,FALSE,FALSE,FALSE,NA,"HMP1-2 taxonomy stool"
"k__Bacteria|p__Bacteroidetes|c__Flavobacteriia|o__Flavobacteriales|f__Flavobacteriaceae|g__Capnocytophaga|s__Capnocytophaga_cynodegmi|t__SGB2927",0,0,NA,FALSE,FALSE,FALSE,NA,"HMP1-2 taxonomy stool"
"k__Bacteria|p__Proteobacteria|c__Gammaproteobacteria|o__Pseudomonadales|f__Pseudomonadaceae|g__Pseudomonas|s__Pseudomonas_stutzeri|t__SGB12382",0,0,NA,FALSE,FALSE,FALSE,NA,"HMP1-2 taxonomy stool"
"k__Bacteria|p__Proteobacteria|c__Gammaproteobacteria|o__Enterobacterales|f__Erwiniaceae|g__Pantoea|s__Pantoea_sp_PSNIH1|t__SGB10168_group",0,0,NA,FALSE,FALSE,FALSE,NA,"HMP1-2 taxonomy stool"
"k__Bacteria|p__Firmicutes|c__Bacilli|o__Bacillales|f__Bacillaceae|g__Priestia|s__Priestia_megaterium|t__SGB7678",0,0,NA,FALSE,FALSE,FALSE,NA,"HMP1-2 taxonomy stool"
"k__Bacteria|p__Proteobacteria|c__Gammaproteobacteria|o__Pasteurellales|f__Pasteurellaceae|g__Pasteurella|s__Pasteurella_dagmatis|t__SGB9763",0,0,NA,FALSE,FALSE,FALSE,NA,"HMP1-2 taxonomy stool"
"k__Bacteria|p__Actinobacteria|c__Actinobacteria|o__Corynebacteriales|f__Nocardiaceae|g__Rhodococcus|s__Rhodococcus_sp_Leaf225|t__SGB15804",0,0,NA,FALSE,FALSE,FALSE,NA,"HMP1-2 taxonomy stool"
"k__Bacteria|p__Proteobacteria|c__Gammaproteobacteria|o__Legionellales|f__Coxiellaceae|g__Rickettsiella|s__Rickettsiella_grylli|t__SGB9368",0,0,NA,FALSE,FALSE,FALSE,NA,"HMP1-2 taxonomy stool"
"k__Bacteria|p__Actinobacteria|c__Actinobacteria|o__Micrococcales|f__Microbacteriaceae|g__Canibacter|s__Canibacter_oris|t__SGB33649",0,0,NA,FALSE,FALSE,FALSE,NA,"HMP1-2 taxonomy stool"
"k__Bacteria|p__Proteobacteria|c__Betaproteobacteria|o__Burkholderiales|f__Comamonadaceae|g__Comamonadaceae_unclassified|s__Comamonadaceae_bacterium_NML161473|t__SGB32532",0,0,NA,FALSE,FALSE,FALSE,NA,"HMP1-2 taxonomy stool"
"k__Bacteria|p__Proteobacteria|c__Gammaproteobacteria|o__Pasteurellales|f__Pasteurellaceae|g__Frederiksenia|s__Frederiksenia_canicola|t__SGB30988",0,0,NA,FALSE,FALSE,FALSE,NA,"HMP1-2 taxonomy stool"
"k__Bacteria|p__Bacteroidetes|c__Flavobacteriia|o__Flavobacteriales|f__Flavobacteriaceae|g__Capnocytophaga|s__Capnocytophaga_canis|t__SGB2925",0,0,NA,FALSE,FALSE,FALSE,NA,"HMP1-2 taxonomy stool"
"k__Bacteria|p__Firmicutes|c__Bacilli|o__Lactobacillales|f__Streptococcaceae|g__Streptococcus|s__Streptococcus_minor|t__SGB29817",0,0,NA,FALSE,FALSE,FALSE,NA,"HMP1-2 taxonomy stool"
"k__Bacteria|p__Firmicutes|c__Erysipelotrichia|o__Erysipelotrichales|f__Erysipelotrichaceae|g__Erysipelotrichaceae_unclassified|s__Erysipelotrichaceae_bacterium_OH741_COT_311|t__SGB28718",0,0,NA,FALSE,FALSE,FALSE,NA,"HMP1-2 taxonomy stool"
"k__Bacteria|p__Proteobacteria|c__Gammaproteobacteria|o__Enterobacterales|f__Enterobacteriaceae|g__Enterobacter|s__Enterobacter_cloacae|t__SGB10152",0,0,NA,FALSE,FALSE,FALSE,NA,"HMP1-2 taxonomy stool"
"k__Bacteria|p__Actinobacteria|c__Actinobacteria|o__Micrococcales|f__Micrococcaceae|g__Micrococcus|s__Micrococcus_terreus|t__SGB16678",0,0,NA,FALSE,FALSE,FALSE,NA,"HMP1-2 taxonomy stool"
"k__Bacteria|p__Bacteroidetes|c__Flavobacteriia|o__Flavobacteriales|f__Flavobacteriaceae|g__Capnocytophaga|s__Capnocytophaga_canimorsus|t__SGB2926",0,0,NA,FALSE,FALSE,FALSE,NA,"HMP1-2 taxonomy stool"
"k__Bacteria|p__Actinobacteria|c__Actinobacteria|o__Bifidobacteriales|f__Bifidobacteriaceae|g__Bifidobacterium|s__Bifidobacterium_pseudolongum|t__SGB17279",2,0.00364963503649635,0.000284249971365003,FALSE,TRUE,FALSE,NA,"HMP1-2 taxonomy stool"
"k__Bacteria|p__Proteobacteria|c__Alphaproteobacteria|o__Sphingomonadales|f__Sphingomonadaceae|g__Sphingobium|s__Sphingobium_limneticum|t__SGB31652",0,0,NA,FALSE,FALSE,FALSE,NA,"HMP1-2 taxonomy stool"
"k__Bacteria|p__Firmicutes|c__Clostridia|o__Clostridia_unclassified|f__Clostridia_unclassified|g__Candidatus_Paralachnospira|s__Candidatus_Paralachnospira_sangeri|t__SGB59820",1,0.00182481751824818,6.7e-06,FALSE,FALSE,FALSE,NA,"HMP1-2 taxonomy stool"
"k__Bacteria|p__Actinobacteria|c__Actinobacteria|o__Corynebacteriales|f__Corynebacteriaceae|g__Corynebacterium|s__Corynebacterium_sp_HMSC034A01|t__SGB17065",0,0,NA,FALSE,FALSE,FALSE,NA,"HMP1-2 taxonomy stool"
"k__Bacteria|p__Bacteroidetes|c__Flavobacteriia|o__Flavobacteriales|f__Weeksellaceae|g__Cruoricaptor|s__Cruoricaptor_ignavus|t__SGB2539",0,0,NA,FALSE,FALSE,FALSE,NA,"HMP1-2 taxonomy stool"
"k__Bacteria|p__Tenericutes|c__Mollicutes|o__Acholeplasmatales|f__Acholeplasmataceae|g__Candidatus_Phytoplasma|s__Catharanthus_roseus_aster_yellows_phytoplasma|t__SGB6860",1,0.00182481751824818,8.70000522000313e-06,FALSE,FALSE,FALSE,NA,"HMP1-2 taxonomy stool"
"k__Bacteria|p__Firmicutes|c__Clostridia|o__Clostridiales|f__Lachnospiraceae|g__Lachnospiraceae_unclassified|s__Lachnospiraceae_bacterium|t__SGB82501",1,0.00182481751824818,1.04999947500026e-05,FALSE,FALSE,FALSE,NA,"HMP1-2 taxonomy stool"
"k__Bacteria|p__Firmicutes|c__Clostridia|o__Clostridiales|f__Eubacteriaceae|g__Eubacteriaceae_unclassified|s__Eubacteriaceae_bacterium|t__SGB3972",1,0.00182481751824818,7.80000078000008e-06,FALSE,FALSE,FALSE,NA,"HMP1-2 taxonomy stool"
"k__Bacteria|p__Actinobacteria|c__Coriobacteriia|o__Eggerthellales|f__Eggerthellaceae|g__Enterorhabdus|s__Enterorhabdus_sp_P55|t__SGB42958",1,0.00182481751824818,7.00000070000007e-07,FALSE,FALSE,FALSE,NA,"HMP1-2 taxonomy stool"
"k__Bacteria|p__Actinobacteria|c__Actinobacteria|o__Corynebacteriales|f__Corynebacteriaceae|g__Corynebacterium|s__Corynebacterium_glaucum|t__SGB17054",0,0,NA,FALSE,FALSE,FALSE,NA,"HMP1-2 taxonomy stool"
"k__Bacteria|p__Planctomycetes|c__Planctomycetia|o__Pirellulales|f__Pirellulaceae|g__GGB6567|s__GGB6567_SGB9277|t__SGB9277",1,0.00182481751824818,0.0161310822558095,FALSE,TRUE,FALSE,NA,"HMP1-2 taxonomy stool"
"k__Bacteria|p__Firmicutes|c__Clostridia|o__Clostridia_unclassified|f__Clostridia_unclassified|g__Clostridia_unclassified|s__Clostridia_bacterium|t__SGB14316",1,0.00182481751824818,0.0144646840888475,FALSE,TRUE,FALSE,NA,"HMP1-2 taxonomy stool"
"k__Bacteria|p__Bacteroidetes|c__Bacteroidia|o__Bacteroidales|f__Prevotellaceae|g__Prevotella|s__Prevotella_pectinovora|t__SGB1662",1,0.00182481751824818,0.00220969756933267,FALSE,TRUE,FALSE,NA,"HMP1-2 taxonomy stool"
"k__Bacteria|p__Candidatus_Melainabacteria|c__Candidatus_Melainabacteria_unclassified|o__Candidatus_Gastranaerophilales|f__Candidatus_Gastranaerophilales_unclassified|g__Candidatus_Gastranaerophilales_unclassified|s__Candidatus_Gastranaerophilales_bacterium|t__SGB8624",1,0.00182481751824818,0.00119209868869144,FALSE,TRUE,FALSE,NA,"HMP1-2 taxonomy stool"
"k__Bacteria|p__Bacteroidetes|c__Bacteroidia|o__Bacteroidales|f__Prevotellaceae|g__GGB1250|s__GGB1250_SGB1672|t__SGB1672_group",1,0.00182481751824818,0.00088449902705107,FALSE,TRUE,FALSE,NA,"HMP1-2 taxonomy stool"
"k__Bacteria|p__Chlamydiae|c__Chlamydiia|o__Chlamydiales|f__Chlamydiaceae|g__Chlamydia|s__Chlamydia_trachomatis|t__SGB5498",0,0,NA,FALSE,FALSE,FALSE,NA,"HMP1-2 taxonomy stool"
"k__Bacteria|p__Firmicutes|c__Clostridia|o__Clostridia_unclassified|f__Clostridia_unclassified|g__GGB3003|s__GGB3003_SGB3994|t__SGB3994",1,0.00182481751824818,9.90000495000247e-06,FALSE,FALSE,FALSE,NA,"HMP1-2 taxonomy stool"
"k__Bacteria|p__Firmicutes|c__CFGB9736|o__OFGB9736|f__FGB9736|g__GGB45599|s__GGB45599_SGB63311|t__SGB63311",2,0.00364963503649635,0.000107450027685008,FALSE,TRUE,FALSE,NA,"HMP1-2 taxonomy stool"
"k__Bacteria|p__Proteobacteria|c__Gammaproteobacteria|o__Enterobacterales|f__Enterobacteriaceae|g__Citrobacter|s__Citrobacter_amalonaticus|t__SGB10074",1,0.00182481751824818,0.000210899978910002,FALSE,TRUE,FALSE,NA,"HMP1-2 taxonomy stool"
"k__Bacteria|p__Actinobacteria|c__Coriobacteriia|o__Coriobacteriales|f__Atopobiaceae|g__Atopobium|s__Atopobium_minutum|t__SGB987",1,0.00182481751824818,0.000174999982500002,FALSE,TRUE,FALSE,NA,"HMP1-2 taxonomy stool"
"k__Bacteria|p__Actinobacteria|c__Actinobacteria|o__Actinomycetales|f__Actinomycetaceae|g__Gleimia|s__Gleimia_europaea|t__SGB17196",1,0.00182481751824818,5.29999947000005e-06,FALSE,FALSE,FALSE,NA,"HMP1-2 taxonomy stool"
"k__Bacteria|p__Firmicutes|c__Clostridia|o__Clostridia_unclassified|f__Clostridia_unclassified|g__Clostridia_unclassified|s__Clostridia_bacterium|t__SGB4450",1,0.00182481751824818,7.4999955000027e-05,FALSE,FALSE,FALSE,NA,"HMP1-2 taxonomy stool"
"k__Bacteria|p__Firmicutes|c__Clostridia|o__Clostridia_unclassified|f__Clostridia_unclassified|g__Clostridia_unclassified|s__Clostridia_bacterium|t__SGB13990",1,0.00182481751824818,5.40000162000049e-06,FALSE,FALSE,FALSE,NA,"HMP1-2 taxonomy stool"
"k__Bacteria|p__Firmicutes|c__Clostridia|o__Clostridiales|f__Ruminococcaceae|g__GGB9582|s__GGB9582_SGB15002|t__SGB15002",1,0.00182481751824818,3.60000108000032e-06,FALSE,FALSE,FALSE,NA,"HMP1-2 taxonomy stool"
"k__Bacteria|p__Firmicutes|c__Clostridia|o__Clostridiales|f__Eubacteriaceae|g__GGB28645|s__GGB28645_SGB41268|t__SGB41268",2,0.00364963503649635,0.00731560052448005,FALSE,TRUE,FALSE,NA,"HMP1-2 taxonomy stool"
"k__Bacteria|p__Firmicutes|c__Tissierellia|o__Tissierellales|f__Peptoniphilaceae|g__Peptoniphilus|s__Peptoniphilus_senegalensis|t__SGB6698",1,0.00182481751824818,5.95000238000095e-05,FALSE,FALSE,FALSE,NA,"HMP1-2 taxonomy stool"
"k__Bacteria|p__Bacteroidetes|c__Bacteroidia|o__Bacteroidales|f__Prevotellaceae|g__Prevotella|s__Prevotella_brunnea|t__SGB1503",1,0.00182481751824818,8.39000167800033e-05,FALSE,FALSE,FALSE,NA,"HMP1-2 taxonomy stool"
"k__Bacteria|p__Proteobacteria|c__Gammaproteobacteria|o__Enterobacterales|f__Yersiniaceae|g__Serratia|s__Serratia_marcescens|t__SGB10251",0,0,NA,FALSE,FALSE,FALSE,NA,"HMP1-2 taxonomy stool"
"k__Bacteria|p__Firmicutes|c__Bacilli|o__Lactobacillales|f__Streptococcaceae|g__Streptococcus|s__Streptococcus_equi|t__SGB8214",0,0,NA,FALSE,FALSE,FALSE,NA,"HMP1-2 taxonomy stool"
"k__Bacteria|p__Firmicutes|c__Clostridia|o__Clostridiales|f__Ruminococcaceae|g__Ruminococcaceae_unclassified|s__Ruminococcaceae_bacterium|t__SGB4253",1,0.00182481751824818,0.000335399932920013,FALSE,TRUE,FALSE,NA,"HMP1-2 taxonomy stool"
"k__Bacteria|p__Proteobacteria|c__Betaproteobacteria|o__Burkholderiales|f__Burkholderiaceae|g__Cupriavidus|s__Cupriavidus_basilensis|t__SGB32711",0,0,NA,FALSE,FALSE,FALSE,NA,"HMP1-2 taxonomy stool"
"k__Bacteria|p__Proteobacteria|c__Alphaproteobacteria|o__Sphingomonadales|f__Sphingomonadaceae|g__Sphingomonas|s__Sphingomonas_echinoides|t__SGB31712",0,0,NA,FALSE,FALSE,FALSE,NA,"HMP1-2 taxonomy stool"
"k__Bacteria|p__Firmicutes|c__CFGB11875|o__OFGB11875|f__FGB11875|g__GGB34476|s__GGB34476_SGB65958|t__SGB65958",1,0.00182481751824818,0.000252699974730002,FALSE,TRUE,FALSE,NA,"HMP1-2 taxonomy stool"
"k__Bacteria|p__Proteobacteria|c__Gammaproteobacteria|o__Enterobacterales|f__Enterobacteriaceae|g__Kosakonia|s__Kosakonia_cowanii|t__SGB10050",1,0.00182481751824818,3.12999968700003e-05,FALSE,FALSE,FALSE,NA,"HMP1-2 taxonomy stool"
"k__Bacteria|p__Firmicutes|c__Clostridia|o__Clostridia_unclassified|f__Clostridia_unclassified|g__Clostridia_unclassified|s__Clostridia_bacterium|t__SGB4309",1,0.00182481751824818,0.003128,FALSE,TRUE,FALSE,NA,"HMP1-2 taxonomy stool"
"k__Bacteria|p__Bacteroidetes|c__Bacteroidia|o__Bacteroidales|f__Tannerellaceae|g__GGB1407|s__GGB1407_SGB1930|t__SGB1930",1,0.00182481751824818,0.000862800345120138,FALSE,TRUE,FALSE,NA,"HMP1-2 taxonomy stool"
"k__Bacteria|p__Actinobacteria|c__Actinobacteria|o__Propionibacteriales|f__Propionibacteriaceae|g__Propionibacterium|s__Propionibacterium_freudenreichii|t__SGB15904",1,0.00182481751824818,1.01000050500025e-05,FALSE,FALSE,FALSE,NA,"HMP1-2 taxonomy stool"
"k__Bacteria|p__Actinobacteria|c__Actinobacteria|o__Corynebacteriales|f__Corynebacteriaceae|g__Corynebacterium|s__Corynebacterium_glutamicum|t__SGB17021",1,0.00182481751824818,1.49999940000024e-05,FALSE,FALSE,FALSE,NA,"HMP1-2 taxonomy stool"
"k__Bacteria|p__Actinobacteria|c__Coriobacteriia|o__Coriobacteriales|f__Atopobiaceae|g__Olsenella|s__Olsenella_profusa|t__SGB14387",0,0,NA,FALSE,FALSE,FALSE,NA,"HMP1-2 taxonomy stool"
"k__Bacteria|p__Firmicutes|c__Clostridia|o__Clostridiales|f__Ruminococcaceae|g__GGB3226|s__GGB3226_SGB4260|t__SGB4260",1,0.00182481751824818,0.0159443063777226,FALSE,TRUE,FALSE,NA,"HMP1-2 taxonomy stool"
"k__Bacteria|p__Candidatus_Melainabacteria|c__Candidatus_Melainabacteria_unclassified|o__Candidatus_Gastranaerophilales|f__Candidatus_Gastranaerophilales_unclassified|g__GGB6010|s__GGB6010_SGB8637|t__SGB8637",1,0.00182481751824818,0.00196640078656032,FALSE,TRUE,FALSE,NA,"HMP1-2 taxonomy stool"
"k__Bacteria|p__Firmicutes|c__Clostridia|o__Clostridia_unclassified|f__Clostridia_unclassified|g__Clostridia_unclassified|s__Clostridia_bacterium|t__SGB14948",1,0.00182481751824818,0.000212800085120034,FALSE,TRUE,FALSE,NA,"HMP1-2 taxonomy stool"
"k__Bacteria|p__Firmicutes|c__Clostridia|o__Clostridiales|f__Lachnospiraceae|g__Lachnospiraceae_unclassified|s__Lachnospiraceae_unclassified_SGB26919|t__SGB26919",1,0.00182481751824818,5.45000218000087e-05,FALSE,FALSE,FALSE,NA,"HMP1-2 taxonomy stool"
"k__Bacteria|p__Actinobacteria|c__Coriobacteriia|o__Eggerthellales|f__Eggerthellaceae|g__Eggerthellaceae_unclassified|s__Eggerthellaceae_unclassified_SGB14332|t__SGB14332",2,0.00364963503649635,4.08000015450005e-05,FALSE,FALSE,FALSE,NA,"HMP1-2 taxonomy stool"
"k__Bacteria|p__Firmicutes|c__Bacilli|o__Lactobacillales|f__Streptococcaceae|g__Streptococcus|s__Streptococcus_suis|t__SGB29821",1,0.00182481751824818,0.000261300078390024,FALSE,TRUE,FALSE,NA,"HMP1-2 taxonomy stool"
"k__Bacteria|p__Firmicutes|c__Bacilli|o__Lactobacillales|f__Streptococcaceae|g__Streptococcus|s__Streptococcus_sobrinus|t__SGB7996",0,0,NA,FALSE,FALSE,FALSE,NA,"HMP1-2 taxonomy stool"
"k__Bacteria|p__Bacteroidetes|c__Bacteroidia|o__Bacteroidales|f__Tannerellaceae|g__GGB1405|s__GGB1405_SGB1928|t__SGB1928",1,0.00182481751824818,0.0523928685642789,FALSE,TRUE,FALSE,NA,"HMP1-2 taxonomy stool"
"k__Bacteria|p__Firmicutes|c__Clostridia|o__Clostridia_unclassified|f__Clostridia_unclassified|g__Clostridia_unclassified|s__Clostridia_bacterium|t__SGB14300",1,0.00182481751824818,0.00931369441178336,FALSE,TRUE,FALSE,NA,"HMP1-2 taxonomy stool"
"k__Bacteria|p__Firmicutes|c__Clostridia|o__Clostridia_unclassified|f__Clostridia_unclassified|g__GGB9047|s__GGB9047_SGB13950|t__SGB13950",1,0.00182481751824818,0.00575949654430208,FALSE,TRUE,FALSE,NA,"HMP1-2 taxonomy stool"
"k__Archaea|p__Candidatus_Thermoplasmatota|c__Thermoplasmata|o__Methanomassiliicoccales|f__Methanomassiliicoccales_unclassified|g__Methanomassiliicoccales_unclassified|s__Methanomassiliicoccales_archaeon|t__SGB376",1,0.00182481751824818,0.00464419721348167,FALSE,TRUE,FALSE,NA,"HMP1-2 taxonomy stool"
"k__Bacteria|p__Firmicutes|c__CFGB1289|o__OFGB1289|f__FGB1289|g__GGB3106|s__GGB3106_SGB4115|t__SGB4115",1,0.00182481751824818,0.00323169806098116,FALSE,TRUE,FALSE,NA,"HMP1-2 taxonomy stool"
"k__Bacteria|p__Firmicutes|c__Clostridia|o__Clostridia_unclassified|f__Clostridia_unclassified|g__Clostridia_unclassified|s__Clostridia_bacterium|t__SGB14232",1,0.00182481751824818,0.00133589919846048,FALSE,TRUE,FALSE,NA,"HMP1-2 taxonomy stool"
"k__Bacteria|p__Firmicutes|c__Clostridia|o__Clostridiales|f__Ruminococcaceae|g__GGB9727|s__GGB9727_SGB15285|t__SGB15285",1,0.00182481751824818,0.00132939920236048,FALSE,TRUE,FALSE,NA,"HMP1-2 taxonomy stool"
"k__Bacteria|p__Firmicutes|c__Clostridia|o__Clostridiales|f__Ruminococcaceae|g__Ruminococcaceae_unclassified|s__Ruminococcaceae_bacterium|t__SGB15352",1,0.00182481751824818,3.51999788800127e-05,FALSE,FALSE,FALSE,NA,"HMP1-2 taxonomy stool"
"k__Bacteria|p__Firmicutes|c__Clostridia|o__Clostridia_unclassified|f__Clostridia_unclassified|g__Clostridia_unclassified|s__Clostridia_bacterium|t__SGB14211",1,0.00182481751824818,1.20999927400044e-05,FALSE,FALSE,FALSE,NA,"HMP1-2 taxonomy stool"
"k__Bacteria|p__Firmicutes|c__Clostridia|o__Clostridia_unclassified|f__Clostridia_unclassified|g__GGB9528|s__GGB9528_SGB14928|t__SGB14928",1,0.00182481751824818,6.67000800400961e-05,FALSE,FALSE,FALSE,NA,"HMP1-2 taxonomy stool"
"k__Archaea|p__Euryarchaeota|c__Methanobacteria|o__Methanobacteriales|f__Methanobacteriaceae|g__Methanosphaera|s__Methanosphaera_cuniculi|t__SGB696",1,0.00182481751824818,0.000615399815380055,FALSE,TRUE,FALSE,NA,"HMP1-2 taxonomy stool"
"k__Bacteria|p__Firmicutes|c__Clostridia|o__Clostridia_unclassified|f__Clostridia_unclassified|g__Clostridia_unclassified|s__Clostridia_bacterium|t__SGB15038",1,0.00182481751824818,0.000316399905080028,FALSE,TRUE,FALSE,NA,"HMP1-2 taxonomy stool"
"k__Bacteria|p__Actinobacteria|c__Coriobacteriia|o__Eggerthellales|f__Eggerthellaceae|g__Eggerthellaceae_unclassified|s__Eggerthellaceae_bacterium|t__SGB14794",1,0.00182481751824818,0.000129399961180012,FALSE,TRUE,FALSE,NA,"HMP1-2 taxonomy stool"
"k__Bacteria|p__Firmicutes|c__Clostridia|o__Clostridiales|f__Ruminococcaceae|g__GGB9628|s__GGB9628_SGB15082|t__SGB15082",1,0.00182481751824818,8.04999758500072e-05,FALSE,FALSE,FALSE,NA,"HMP1-2 taxonomy stool"
"k__Bacteria|p__Firmicutes|c__Clostridia|o__Clostridia_unclassified|f__Clostridia_unclassified|g__Clostridia_unclassified|s__Clostridia_bacterium|t__SGB53511",1,0.00182481751824818,3.3299990010003e-05,FALSE,FALSE,FALSE,NA,"HMP1-2 taxonomy stool"
"k__Bacteria|p__Firmicutes|c__Clostridia|o__Clostridia_unclassified|f__Clostridia_unclassified|g__Clostridia_unclassified|s__Clostridia_bacterium|t__SGB50367",1,0.00182481751824818,6.99999790000063e-06,FALSE,FALSE,FALSE,NA,"HMP1-2 taxonomy stool"
"k__Bacteria|p__Proteobacteria|c__Gammaproteobacteria|o__Enterobacterales|f__Morganellaceae|g__Morganella|s__Morganella_morganii|t__SGB10028",0,0,NA,FALSE,FALSE,FALSE,NA,"HMP1-2 taxonomy stool"
"k__Bacteria|p__Actinobacteria|c__Actinobacteria|o__Micrococcales|f__Microbacteriaceae|g__GGB33356|s__GGB33356_SGB54315|t__SGB54315",1,0.00182481751824818,0.00205509979449002,FALSE,TRUE,FALSE,NA,"HMP1-2 taxonomy stool"
