"feature","positive_samples","prevalence","nonzero_mean_relative_abundance","prevalence_pass","abundance_pass","retained","transformed_sd","dataset"
"k__Bacteria|p__Bacteroidetes|c__Bacteroidia|o__Bacteroidales|f__Bacteroidaceae|g__Bacteroides|s__Bacteroides_cellulosilyticus|t__SGB1844",3,0.0128755364806867,5.64999961766684e-05,FALSE,FALSE,FALSE,NA,"HMP1-2 taxonomy vaginal"
"k__Bacteria|p__Bacteroidetes|c__Bacteroidia|o__Bacteroidales|f__Bacteroidales_unclassified|g__Phocaeicola|s__Phocaeicola_vulgatus|t__SGB1814",67,0.28755364806867,0.0114687840054399,TRUE,TRUE,TRUE,0.0964970168468776,"HMP1-2 taxonomy vaginal"
"k__Bacteria|p__Bacteroidetes|c__Bacteroidia|o__Bacteroidales|f__Tannerellaceae|g__Parabacteroides|s__Parabacteroides_merdae|t__SGB1949",9,0.0386266094420601,0.0111011435169824,FALSE,TRUE,FALSE,NA,"HMP1-2 taxonomy vaginal"
"k__Bacteria|p__Firmicutes|c__Clostridia|o__Clostridiales|f__Ruminococcaceae|g__Ruminococcaceae_unclassified|s__Ruminococcaceae_bacterium|t__SGB4247",0,0,NA,FALSE,FALSE,FALSE,NA,"HMP1-2 taxonomy vaginal"
"k__Bacteria|p__Bacteroidetes|c__Bacteroidia|o__Bacteroidales|f__Bacteroidales_unclassified|g__Bacteroidales_unclassified|s__Bacteroidales_bacterium|t__SGB2118",0,0,NA,FALSE,FALSE,FALSE,NA,"HMP1-2 taxonomy vaginal"
"k__Bacteria|p__Bacteroidetes|c__Bacteroidia|o__Bacteroidales|f__Tannerellaceae|g__Parabacteroides|s__Parabacteroides_distasonis|t__SGB1934",10,0.0429184549356223,0.00164873999377803,FALSE,TRUE,FALSE,NA,"HMP1-2 taxonomy vaginal"
"k__Bacteria|p__Bacteroidetes|c__Bacteroidia|o__Bacteroidales|f__Bacteroidaceae|g__Bacteroides|s__Bacteroides_ovatus|t__SGB1871",32,0.137339055793991,0.00777051109675087,TRUE,TRUE,TRUE,0.0778429922858193,"HMP1-2 taxonomy vaginal"
"k__Bacteria|p__Bacteroidetes|c__Bacteroidia|o__Bacteroidales|f__Muribaculaceae|g__GGB1511|s__GGB1511_SGB2091|t__SGB2091",0,0,NA,FALSE,FALSE,FALSE,NA,"HMP1-2 taxonomy vaginal"
"k__Bacteria|p__Bacteroidetes|c__Bacteroidia|o__Bacteroidales|f__Bacteroidaceae|g__Bacteroides|s__Bacteroides_caccae|t__SGB1877",10,0.0429184549356223,0.00904792000759224,FALSE,TRUE,FALSE,NA,"HMP1-2 taxonomy vaginal"
"k__Bacteria|p__Firmicutes|c__Clostridia|o__Clostridia_unclassified|f__Clostridia_unclassified|g__GGB4569|s__GGB4569_SGB6310|t__SGB6310",0,0,NA,FALSE,FALSE,FALSE,NA,"HMP1-2 taxonomy vaginal"
"k__Bacteria|p__Bacteroidetes|c__Bacteroidia|o__Bacteroidales|f__Rikenellaceae|g__Alistipes|s__Alistipes_putredinis|t__SGB2318",29,0.124463519313305,0.0171462500192428,TRUE,TRUE,TRUE,0.121695617985101,"HMP1-2 taxonomy vaginal"
"k__Bacteria|p__Proteobacteria|c__Betaproteobacteria|o__Burkholderiales|f__Sutterellaceae|g__Parasutterella|s__Parasutterella_excrementihominis|t__SGB9262",0,0,NA,FALSE,FALSE,FALSE,NA,"HMP1-2 taxonomy vaginal"
"k__Bacteria|p__Bacteroidetes|c__Bacteroidia|o__Bacteroidales|f__Bacteroidales_unclassified|g__Bacteroidales_unclassified|s__Bacteroidales_bacterium|t__SGB1964",0,0,NA,FALSE,FALSE,FALSE,NA,"HMP1-2 taxonomy vaginal"
"k__Bacteria|p__Firmicutes|c__Negativicutes|o__Acidaminococcales|f__Acidaminococcaceae|g__GGB4239|s__GGB4239_SGB5731|t__SGB5731",0,0,NA,FALSE,FALSE,FALSE,NA,"HMP1-2 taxonomy vaginal"
"k__Bacteria|p__Bacteroidetes|c__Bacteroidia|o__Bacteroidales|f__Bacteroidales_unclassified|g__Bacteroidales_unclassified|s__Bacteroidales_bacterium|t__SGB2120",0,0,NA,FALSE,FALSE,FALSE,NA,"HMP1-2 taxonomy vaginal"
"k__Bacteria|p__Bacteroidetes|c__Bacteroidia|o__Bacteroidales|f__Rikenellaceae|g__Alistipes|s__Alistipes_finegoldii|t__SGB2301",2,0.00858369098712446,0.00384460001071,FALSE,TRUE,FALSE,NA,"HMP1-2 taxonomy vaginal"
"k__Bacteria|p__Bacteroidetes|c__Bacteroidia|o__Bacteroidales|f__Rikenellaceae|g__Alistipes|s__Alistipes_shahii|t__SGB2295",7,0.0300429184549356,0.0107909703959059,FALSE,TRUE,FALSE,NA,"HMP1-2 taxonomy vaginal"
"k__Bacteria|p__Firmicutes|c__Clostridia|o__Clostridiales|f__Ruminococcaceae|g__Ruminococcaceae_unclassified|s__Ruminococcaceae_bacterium|t__SGB15356",0,0,NA,FALSE,FALSE,FALSE,NA,"HMP1-2 taxonomy vaginal"
"k__Bacteria|p__Bacteroidetes|c__Bacteroidia|o__Bacteroidales|f__Bacteroidales_unclassified|g__Bacteroidales_unclassified|s__Bacteroidales_bacterium|t__SGB2093",0,0,NA,FALSE,FALSE,FALSE,NA,"HMP1-2 taxonomy vaginal"
"k__Bacteria|p__Firmicutes|c__Clostridia|o__Clostridiales|f__Oscillospiraceae|g__Oscillibacter|s__Oscillibacter_sp_ER4|t__SGB15254",3,0.0128755364806867,0.0225536645331804,FALSE,TRUE,FALSE,NA,"HMP1-2 taxonomy vaginal"
"k__Bacteria|p__Bacteroidetes|c__Bacteroidia|o__Bacteroidales|f__Bacteroidales_unclassified|g__Bacteroidales_unclassified|s__Bacteroidales_bacterium|t__SGB2161",0,0,NA,FALSE,FALSE,FALSE,NA,"HMP1-2 taxonomy vaginal"
"k__Bacteria|p__Firmicutes|c__Clostridia|o__Clostridia_unclassified|f__Clostridia_unclassified|g__Clostridia_unclassified|s__Clostridia_bacterium|t__SGB4406",0,0,NA,FALSE,FALSE,FALSE,NA,"HMP1-2 taxonomy vaginal"
"k__Bacteria|p__Firmicutes|c__Clostridia|o__Clostridiales|f__Ruminococcaceae|g__Ruminococcaceae_unclassified|s__Ruminococcaceae_unclassified_SGB4191|t__SGB4191",0,0,NA,FALSE,FALSE,FALSE,NA,"HMP1-2 taxonomy vaginal"
"k__Bacteria|p__Firmicutes|c__Clostridia|o__Clostridiales|f__Ruminococcaceae|g__Ruminococcus|s__Ruminococcus_bicirculans|t__SGB4262",11,0.0472103004291846,0.00184560010781731,FALSE,TRUE,FALSE,NA,"HMP1-2 taxonomy vaginal"
"k__Bacteria|p__Firmicutes|c__Clostridia|o__Clostridiales|f__Clostridiaceae|g__Clostridium|s__Clostridium_sp_AF36_4|t__SGB4644",1,0.00429184549356223,0.0010574,FALSE,TRUE,FALSE,NA,"HMP1-2 taxonomy vaginal"
"k__Bacteria|p__Bacteroidetes|c__Bacteroidia|o__Bacteroidales|f__Bacteroidales_unclassified|g__Bacteroidales_unclassified|s__Bacteroidales_bacterium|t__SGB48240",0,0,NA,FALSE,FALSE,FALSE,NA,"HMP1-2 taxonomy vaginal"
"k__Bacteria|p__Firmicutes|c__Clostridia|o__Clostridia_unclassified|f__Clostridia_unclassified|g__GGB4596|s__GGB4596_SGB6358|t__SGB6358",0,0,NA,FALSE,FALSE,FALSE,NA,"HMP1-2 taxonomy vaginal"
"k__Bacteria|p__Firmicutes|c__Clostridia|o__Clostridia_unclassified|f__Clostridia_unclassified|g__Clostridia_unclassified|s__Clostridia_unclassified_SGB6293|t__SGB6293",0,0,NA,FALSE,FALSE,FALSE,NA,"HMP1-2 taxonomy vaginal"
"k__Bacteria|p__Firmicutes|c__Clostridia|o__Clostridia_unclassified|f__Clostridia_unclassified|g__GGB4585|s__GGB4585_SGB6340|t__SGB6340",0,0,NA,FALSE,FALSE,FALSE,NA,"HMP1-2 taxonomy vaginal"
"k__Bacteria|p__Firmicutes|c__Clostridia|o__Clostridiales|f__Ruminococcaceae|g__Ruminococcaceae_unclassified|s__Ruminococcaceae_bacterium|t__SGB15249",0,0,NA,FALSE,FALSE,FALSE,NA,"HMP1-2 taxonomy vaginal"
"k__Bacteria|p__Firmicutes|c__Clostridia|o__Clostridia_unclassified|f__Clostridia_unclassified|g__Clostridia_unclassified|s__Clostridia_bacterium|t__SGB14109",0,0,NA,FALSE,FALSE,FALSE,NA,"HMP1-2 taxonomy vaginal"
"k__Bacteria|p__Firmicutes|c__Clostridia|o__Clostridia_unclassified|f__Clostridia_unclassified|g__Clostridia_unclassified|s__Clostridia_bacterium|t__SGB14005",0,0,NA,FALSE,FALSE,FALSE,NA,"HMP1-2 taxonomy vaginal"
"k__Bacteria|p__Bacteroidetes|c__Bacteroidia|o__Bacteroidales|f__Bacteroidales_unclassified|g__Bacteroidales_unclassified|s__Bacteroidales_bacterium|t__SGB48260",0,0,NA,FALSE,FALSE,FALSE,NA,"HMP1-2 taxonomy vaginal"
"k__Bacteria|p__Bacteroidetes|c__Bacteroidia|o__Bacteroidales|f__Bacteroidales_unclassified|g__Bacteroidales_unclassified|s__Bacteroidales_bacterium|t__SGB2111",0,0,NA,FALSE,FALSE,FALSE,NA,"HMP1-2 taxonomy vaginal"
"k__Bacteria|p__Bacteroidetes|c__Bacteroidia|o__Bacteroidales|f__Bacteroidales_unclassified|g__Bacteroidales_unclassified|s__Bacteroidales_bacterium|t__SGB48242",0,0,NA,FALSE,FALSE,FALSE,NA,"HMP1-2 taxonomy vaginal"
"k__Bacteria|p__Firmicutes|c__Clostridia|o__Clostridiales|f__Lachnospiraceae|g__GGB3746|s__GGB3746_SGB5089|t__SGB5089",0,0,NA,FALSE,FALSE,FALSE,NA,"HMP1-2 taxonomy vaginal"
"k__Bacteria|p__Firmicutes|c__Clostridia|o__Clostridiales|f__Lachnospiraceae|g__Lachnospira|s__Lachnospira_pectinoschiza|t__SGB5075_group",2,0.00858369098712446,9.64999956250005e-05,FALSE,FALSE,FALSE,NA,"HMP1-2 taxonomy vaginal"
"k__Bacteria|p__Firmicutes|c__Clostridia|o__Clostridia_unclassified|f__Clostridia_unclassified|g__GGB9176|s__GGB9176_SGB14114|t__SGB14114",0,0,NA,FALSE,FALSE,FALSE,NA,"HMP1-2 taxonomy vaginal"
"k__Bacteria|p__Firmicutes|c__Clostridia|o__Clostridiales|f__Lachnospiraceae|g__Roseburia|s__Roseburia_intestinalis|t__SGB4951",2,0.00858369098712446,0.00171229990767001,FALSE,TRUE,FALSE,NA,"HMP1-2 taxonomy vaginal"
"k__Bacteria|p__Bacteroidetes|c__Bacteroidia|o__Bacteroidales|f__Bacteroidales_unclassified|g__Bacteroidales_unclassified|s__Bacteroidales_bacterium|t__SGB2103",0,0,NA,FALSE,FALSE,FALSE,NA,"HMP1-2 taxonomy vaginal"
"k__Bacteria|p__Bacteroidetes|c__Bacteroidia|o__Bacteroidales|f__Bacteroidales_unclassified|g__GGB1548|s__GGB1548_SGB2132|t__SGB2132",0,0,NA,FALSE,FALSE,FALSE,NA,"HMP1-2 taxonomy vaginal"
"k__Bacteria|p__Bacteroidetes|c__CFGB640|o__OFGB640|f__FGB640|g__GGB1566|s__GGB1566_SGB2153|t__SGB2153",0,0,NA,FALSE,FALSE,FALSE,NA,"HMP1-2 taxonomy vaginal"
"k__Bacteria|p__Bacteroidetes|c__Bacteroidia|o__Bacteroidales|f__Bacteroidales_unclassified|g__Bacteroidales_unclassified|s__Bacteroidales_bacterium|t__SGB2122",0,0,NA,FALSE,FALSE,FALSE,NA,"HMP1-2 taxonomy vaginal"
"k__Bacteria|p__Firmicutes|c__Bacilli|o__Bacilli_unclassified|f__Bacilli_unclassified|g__Bacilli_unclassified|s__Bacilli_unclassified_SGB6473|t__SGB6473",0,0,NA,FALSE,FALSE,FALSE,NA,"HMP1-2 taxonomy vaginal"
"k__Bacteria|p__Bacteroidetes|c__Bacteroidia|o__Bacteroidales|f__Bacteroidales_unclassified|g__GGB1573|s__GGB1573_SGB2160|t__SGB2160",0,0,NA,FALSE,FALSE,FALSE,NA,"HMP1-2 taxonomy vaginal"
"k__Bacteria|p__Firmicutes|c__Clostridia|o__Clostridiales|f__Ruminococcaceae|g__Faecalibacterium|s__Faecalibacterium_prausnitzii|t__SGB15322",1,0.00429184549356223,1.04000031200009e-05,FALSE,FALSE,FALSE,NA,"HMP1-2 taxonomy vaginal"
"k__Bacteria|p__Bacteroidetes|c__Bacteroidia|o__Bacteroidales|f__Odoribacteraceae|g__Butyricimonas|s__Butyricimonas_paravirosa|t__SGB1785",0,0,NA,FALSE,FALSE,FALSE,NA,"HMP1-2 taxonomy vaginal"
"k__Bacteria|p__Firmicutes|c__Clostridia|o__Clostridiales|f__Ruminococcaceae|g__Faecalibacterium|s__Faecalibacterium_prausnitzii|t__SGB15332_group",6,0.0257510729613734,0.00325986651655672,FALSE,TRUE,FALSE,NA,"HMP1-2 taxonomy vaginal"
"k__Bacteria|p__Firmicutes|c__CFGB1677|o__OFGB1677|f__FGB1677|g__GGB4197|s__GGB4197_SGB5684|t__SGB5684",0,0,NA,FALSE,FALSE,FALSE,NA,"HMP1-2 taxonomy vaginal"
"k__Bacteria|p__Firmicutes|c__Bacilli|o__Bacilli_unclassified|f__Bacilli_unclassified|g__Bacilli_unclassified|s__Bacilli_unclassified_SGB6540|t__SGB6540",0,0,NA,FALSE,FALSE,FALSE,NA,"HMP1-2 taxonomy vaginal"
"k__Bacteria|p__Bacteroidetes|c__Bacteroidia|o__Bacteroidales|f__Odoribacteraceae|g__Odoribacter|s__Odoribacter_splanchnicus|t__SGB1790",6,0.0257510729613734,0.0071537659952768,FALSE,TRUE,FALSE,NA,"HMP1-2 taxonomy vaginal"
"k__Bacteria|p__Firmicutes|c__Firmicutes_unclassified|o__Firmicutes_unclassified|f__Firmicutes_unclassified|g__Firmicutes_unclassified|s__Firmicutes_bacterium_AF16_15|t__SGB4993",5,0.0214592274678112,0.00321416045197015,FALSE,TRUE,FALSE,NA,"HMP1-2 taxonomy vaginal"
"k__Bacteria|p__Firmicutes|c__Clostridia|o__Clostridiales|f__Clostridiales_unclassified|g__Clostridiales_unclassified|s__Clostridiales_bacterium_KLE1615|t__SGB5090_group",1,0.00429184549356223,0.0002535,FALSE,FALSE,FALSE,NA,"HMP1-2 taxonomy vaginal"
"k__Bacteria|p__Bacteroidetes|c__Bacteroidia|o__Bacteroidales|f__Rikenellaceae|g__Alistipes|s__Alistipes_communis|t__SGB2290",3,0.0128755364806867,0.00148603325488667,FALSE,TRUE,FALSE,NA,"HMP1-2 taxonomy vaginal"
"k__Bacteria|p__Bacteroidetes|c__Bacteroidia|o__Bacteroidales|f__Bacteroidales_unclassified|g__Bacteroidales_unclassified|s__Bacteroidales_bacterium|t__SGB2133",0,0,NA,FALSE,FALSE,FALSE,NA,"HMP1-2 taxonomy vaginal"
"k__Bacteria|p__Bacteroidetes|c__Bacteroidia|o__Bacteroidales|f__Bacteroidales_unclassified|g__Bacteroidales_unclassified|s__Bacteroidales_bacterium|t__SGB2128",0,0,NA,FALSE,FALSE,FALSE,NA,"HMP1-2 taxonomy vaginal"
"k__Bacteria|p__Firmicutes|c__Clostridia|o__Clostridia_unclassified|f__Clostridia_unclassified|g__Clostridia_unclassified|s__Clostridia_bacterium|t__SGB13981",0,0,NA,FALSE,FALSE,FALSE,NA,"HMP1-2 taxonomy vaginal"
"k__Bacteria|p__Firmicutes|c__Clostridia|o__Clostridia_unclassified|f__Clostridia_unclassified|g__Clostridia_unclassified|s__Clostridia_bacterium|t__SGB5184",1,0.00429184549356223,4.80000144000043e-05,FALSE,FALSE,FALSE,NA,"HMP1-2 taxonomy vaginal"
"k__Bacteria|p__Bacteroidetes|c__CFGB636|o__OFGB636|f__FGB636|g__GGB1554|s__GGB1554_SGB2141|t__SGB2141",0,0,NA,FALSE,FALSE,FALSE,NA,"HMP1-2 taxonomy vaginal"
"k__Bacteria|p__Bacteroidetes|c__Bacteroidia|o__Bacteroidales|f__Bacteroidales_unclassified|g__Bacteroidales_unclassified|s__Bacteroidales_bacterium|t__SGB2124",0,0,NA,FALSE,FALSE,FALSE,NA,"HMP1-2 taxonomy vaginal"
"k__Bacteria|p__Firmicutes|c__Clostridia|o__Clostridia_unclassified|f__Clostridia_unclassified|g__Clostridia_unclassified|s__Clostridia_unclassified_SGB4367|t__SGB4367",0,0,NA,FALSE,FALSE,FALSE,NA,"HMP1-2 taxonomy vaginal"
"k__Bacteria|p__Bacteroidetes|c__Bacteroidia|o__Bacteroidales|f__Rikenellaceae|g__Alistipes|s__Alistipes_ihumii|t__SGB2328",4,0.0171673819742489,0.00154024989691251,FALSE,TRUE,FALSE,NA,"HMP1-2 taxonomy vaginal"
"k__Bacteria|p__Proteobacteria|c__Alphaproteobacteria|o__Alphaproteobacteria_unclassified|f__Alphaproteobacteria_unclassified|g__Alphaproteobacteria_unclassified|s__Alphaproteobacteria_bacterium|t__SGB9305",0,0,NA,FALSE,FALSE,FALSE,NA,"HMP1-2 taxonomy vaginal"
"k__Bacteria|p__Firmicutes|c__Clostridia|o__Clostridiales|f__Clostridiales_unclassified|g__Clostridiales_unclassified|s__Clostridiales_bacterium|t__SGB15143",1,0.00429184549356223,0.0007563,FALSE,FALSE,FALSE,NA,"HMP1-2 taxonomy vaginal"
"k__Bacteria|p__Verrucomicrobia|c__Verrucomicrobiae|o__Verrucomicrobiales|f__Akkermansiaceae|g__Akkermansia|s__Akkermansia_muciniphila|t__SGB9226",4,0.0171673819742489,0.00261434966023006,FALSE,TRUE,FALSE,NA,"HMP1-2 taxonomy vaginal"
"k__Bacteria|p__Firmicutes|c__Clostridia|o__Clostridiales|f__Lachnospiraceae|g__Anaerotignum|s__Anaerotignum_faecicola|t__SGB5190",1,0.00429184549356223,0.00137270041181012,FALSE,TRUE,FALSE,NA,"HMP1-2 taxonomy vaginal"
"k__Bacteria|p__Firmicutes|c__Clostridia|o__Clostridiales|f__Ruminococcaceae|g__GGB9707|s__GGB9707_SGB15229|t__SGB15229",0,0,NA,FALSE,FALSE,FALSE,NA,"HMP1-2 taxonomy vaginal"
"k__Bacteria|p__Firmicutes|c__Clostridia|o__Clostridiales|f__Lachnospiraceae|g__Lachnospiraceae_unclassified|s__Eubacterium_rectale|t__SGB4933_group",13,0.055793991416309,0.00289105401983391,FALSE,TRUE,FALSE,NA,"HMP1-2 taxonomy vaginal"
"k__Bacteria|p__Firmicutes|c__Clostridia|o__Clostridiales|f__Lachnospiraceae|g__Coprococcus|s__Coprococcus_eutactus|t__SGB5117",2,0.00858369098712446,0.00137954993067001,FALSE,TRUE,FALSE,NA,"HMP1-2 taxonomy vaginal"
"k__Bacteria|p__Firmicutes|c__Clostridia|o__Clostridia_unclassified|f__Clostridia_unclassified|g__Clostridia_unclassified|s__Clostridia_bacterium|t__SGB3952",0,0,NA,FALSE,FALSE,FALSE,NA,"HMP1-2 taxonomy vaginal"
"k__Bacteria|p__Firmicutes|c__Clostridia|o__Clostridiales|f__Lachnospiraceae|g__Lachnospiraceae_unclassified|s__Lachnospiraceae_bacterium|t__SGB4963",0,0,NA,FALSE,FALSE,FALSE,NA,"HMP1-2 taxonomy vaginal"
"k__Bacteria|p__Firmicutes|c__Clostridia|o__Clostridiales|f__Lachnospiraceae|g__Roseburia|s__Roseburia_hominis|t__SGB4936",4,0.0171673819742489,0.000308625049522516,FALSE,FALSE,FALSE,NA,"HMP1-2 taxonomy vaginal"
"k__Bacteria|p__Firmicutes|c__Clostridia|o__Clostridiales|f__Ruminococcaceae|g__GGB9635|s__GGB9635_SGB15103|t__SGB15103",0,0,NA,FALSE,FALSE,FALSE,NA,"HMP1-2 taxonomy vaginal"
"k__Bacteria|p__Bacteroidetes|c__Bacteroidia|o__Bacteroidales|f__Bacteroidaceae|g__Bacteroides|s__Bacteroides_fragilis|t__SGB1855_group",4,0.0171673819742489,0.000148949993302501,FALSE,FALSE,FALSE,NA,"HMP1-2 taxonomy vaginal"
"k__Bacteria|p__Firmicutes|c__Clostridia|o__Clostridiales|f__Ruminococcaceae|g__GGB9615|s__GGB9615_SGB15053|t__SGB15053_group",4,0.0171673819742489,0.0064103994262901,FALSE,TRUE,FALSE,NA,"HMP1-2 taxonomy vaginal"
"k__Bacteria|p__Firmicutes|c__Clostridia|o__Clostridia_unclassified|f__Clostridia_unclassified|g__Clostridia_unclassified|s__Clostridia_bacterium|t__SGB14182",0,0,NA,FALSE,FALSE,FALSE,NA,"HMP1-2 taxonomy vaginal"
"k__Bacteria|p__Firmicutes|c__Clostridia|o__Clostridia_unclassified|f__Clostridia_unclassified|g__Candidatus_Heteroclostridium|s__Candidatus_Heteroclostridium_caecigallinarum|t__SGB61601",0,0,NA,FALSE,FALSE,FALSE,NA,"HMP1-2 taxonomy vaginal"
"k__Bacteria|p__Firmicutes|c__Clostridia|o__Clostridiales|f__Lachnospiraceae|g__Lachnospiraceae_unclassified|s__Lachnospiraceae_bacterium|t__SGB4638",0,0,NA,FALSE,FALSE,FALSE,NA,"HMP1-2 taxonomy vaginal"
"k__Bacteria|p__Firmicutes|c__Clostridia|o__Clostridiales|f__Oscillospiraceae|g__Dysosmobacter|s__Dysosmobacter_welbionis|t__SGB15078",5,0.0214592274678112,0.000795820003588017,FALSE,FALSE,FALSE,NA,"HMP1-2 taxonomy vaginal"
"k__Bacteria|p__Firmicutes|c__Clostridia|o__Clostridiales|f__Ruminococcaceae|g__Gemmiger|s__Gemmiger_formicilis|t__SGB15300",3,0.0128755364806867,0.00318119996421006,FALSE,TRUE,FALSE,NA,"HMP1-2 taxonomy vaginal"
"k__Bacteria|p__Firmicutes|c__Bacilli|o__Bacilli_unclassified|f__Bacilli_unclassified|g__Bacilli_unclassified|s__Bacilli_bacterium|t__SGB6447",0,0,NA,FALSE,FALSE,FALSE,NA,"HMP1-2 taxonomy vaginal"
"k__Bacteria|p__Bacteroidetes|c__Bacteroidia|o__Bacteroidales|f__Bacteroidales_unclassified|g__Bacteroidales_unclassified|s__Bacteroidales_bacterium|t__SGB2127",0,0,NA,FALSE,FALSE,FALSE,NA,"HMP1-2 taxonomy vaginal"
"k__Bacteria|p__Firmicutes|c__Clostridia|o__Clostridia_unclassified|f__Clostridia_unclassified|g__Clostridia_unclassified|s__Clostridia_bacterium|t__SGB47298",0,0,NA,FALSE,FALSE,FALSE,NA,"HMP1-2 taxonomy vaginal"
"k__Bacteria|p__Firmicutes|c__Clostridia|o__Clostridiales|f__Eubacteriaceae|g__Eubacterium|s__Eubacterium_ventriosum|t__SGB5045",2,0.00858369098712446,0.00119269994114501,FALSE,TRUE,FALSE,NA,"HMP1-2 taxonomy vaginal"
"k__Bacteria|p__Firmicutes|c__Clostridia|o__Clostridia_unclassified|f__Clostridia_unclassified|g__Clostridia_unclassified|s__Clostridia_bacterium|t__SGB15385",0,0,NA,FALSE,FALSE,FALSE,NA,"HMP1-2 taxonomy vaginal"
"k__Bacteria|p__Firmicutes|c__Clostridia|o__Clostridia_unclassified|f__Clostridia_unclassified|g__Clostridia_unclassified|s__Clostridia_bacterium|t__SGB14311",0,0,NA,FALSE,FALSE,FALSE,NA,"HMP1-2 taxonomy vaginal"
"k__Bacteria|p__Firmicutes|c__Clostridia|o__Clostridia_unclassified|f__Clostridia_unclassified|g__Clostridia_unclassified|s__Clostridia_bacterium|t__SGB14259",0,0,NA,FALSE,FALSE,FALSE,NA,"HMP1-2 taxonomy vaginal"
"k__Bacteria|p__Firmicutes|c__Clostridia|o__Clostridia_unclassified|f__Clostridia_unclassified|g__Clostridia_unclassified|s__Clostridia_bacterium|t__SGB14042",0,0,NA,FALSE,FALSE,FALSE,NA,"HMP1-2 taxonomy vaginal"
"k__Bacteria|p__Candidatus_Melainabacteria|c__Candidatus_Melainabacteria_unclassified|o__Candidatus_Gastranaerophilales|f__Candidatus_Gastranaerophilales_unclassified|g__GGB6007|s__GGB6007_SGB8633|t__SGB8633",0,0,NA,FALSE,FALSE,FALSE,NA,"HMP1-2 taxonomy vaginal"
"k__Bacteria|p__Firmicutes|c__Clostridia|o__Clostridiales|f__Ruminococcaceae|g__Ruminococcus|s__Ruminococcus_sp_NSJ_71|t__SGB4290",4,0.0171673819742489,0.0086986012055527,FALSE,TRUE,FALSE,NA,"HMP1-2 taxonomy vaginal"
"k__Bacteria|p__Firmicutes|c__CFGB2897|o__OFGB2897|f__FGB2897|g__GGB9209|s__GGB9209_SGB14148|t__SGB14148",0,0,NA,FALSE,FALSE,FALSE,NA,"HMP1-2 taxonomy vaginal"
"k__Bacteria|p__Firmicutes|c__Clostridia|o__Clostridia_unclassified|f__Clostridia_unclassified|g__Clostridia_unclassified|s__Clostridia_bacterium|t__SGB14150",0,0,NA,FALSE,FALSE,FALSE,NA,"HMP1-2 taxonomy vaginal"
"k__Bacteria|p__Firmicutes|c__Clostridia|o__Clostridiales|f__Lachnospiraceae|g__Lachnospiraceae_unclassified|s__Lachnospiraceae_bacterium|t__SGB4767",3,0.0128755364806867,0.000242233335110005,FALSE,FALSE,FALSE,NA,"HMP1-2 taxonomy vaginal"
"k__Bacteria|p__Firmicutes|c__Negativicutes|o__Veillonellales|f__Veillonellaceae|g__Dialister|s__Dialister_invisus|t__SGB5825_group",4,0.0171673819742489,0.00455825136429041,FALSE,TRUE,FALSE,NA,"HMP1-2 taxonomy vaginal"
"k__Bacteria|p__Firmicutes|c__Clostridia|o__Clostridiales|f__Lachnospiraceae|g__Lacrimispora|s__Lacrimispora_amygdalina|t__SGB4716",0,0,NA,FALSE,FALSE,FALSE,NA,"HMP1-2 taxonomy vaginal"
"k__Bacteria|p__Firmicutes|c__Clostridia|o__Clostridiales|f__Clostridiaceae|g__Clostridium|s__Clostridium_sp_AF34_10BH|t__SGB4914",8,0.0343347639484979,0.00429367480709004,FALSE,TRUE,FALSE,NA,"HMP1-2 taxonomy vaginal"
"k__Bacteria|p__Bacteroidetes|c__Bacteroidia|o__Bacteroidales|f__Bacteroidales_unclassified|g__Bacteroidales_unclassified|s__Bacteroidales_unclassified_SGB2164|t__SGB2164",0,0,NA,FALSE,FALSE,FALSE,NA,"HMP1-2 taxonomy vaginal"
"k__Bacteria|p__Actinobacteria|c__Coriobacteriia|o__Eggerthellales|f__Eggerthellaceae|g__Slackia|s__Slackia_SGB14778|t__SGB14778",0,0,NA,FALSE,FALSE,FALSE,NA,"HMP1-2 taxonomy vaginal"
"k__Bacteria|p__Bacteroidetes|c__Bacteroidia|o__Bacteroidales|f__Bacteroidales_unclassified|g__Bacteroidales_unclassified|s__Bacteroidales_unclassified_SGB2166|t__SGB2166",0,0,NA,FALSE,FALSE,FALSE,NA,"HMP1-2 taxonomy vaginal"
"k__Bacteria|p__Bacteroidetes|c__Bacteroidia|o__Bacteroidales|f__Rikenellaceae|g__Alistipes|s__Alistipes_indistinctus|t__SGB2325",1,0.00429184549356223,0.00124729987527001,FALSE,TRUE,FALSE,NA,"HMP1-2 taxonomy vaginal"
"k__Bacteria|p__Firmicutes|c__Clostridia|o__Clostridia_unclassified|f__Clostridia_unclassified|g__Clostridia_unclassified|s__Clostridia_bacterium|t__SGB6388",0,0,NA,FALSE,FALSE,FALSE,NA,"HMP1-2 taxonomy vaginal"
"k__Bacteria|p__Firmicutes|c__Clostridia|o__Clostridiales|f__Clostridiaceae|g__Clostridiaceae_unclassified|s__Clostridiaceae_bacterium|t__SGB4269",4,0.0171673819742489,0.000681099980380005,FALSE,FALSE,FALSE,NA,"HMP1-2 taxonomy vaginal"
"k__Bacteria|p__Firmicutes|c__Clostridia|o__Clostridiales|f__Christensenellaceae|g__Christensenellaceae_unclassified|s__Christensenellaceae_bacterium|t__SGB14123",0,0,NA,FALSE,FALSE,FALSE,NA,"HMP1-2 taxonomy vaginal"
"k__Bacteria|p__Firmicutes|c__Clostridia|o__Clostridia_unclassified|f__Clostridia_unclassified|g__Clostridia_unclassified|s__Clostridia_bacterium|t__SGB14937",0,0,NA,FALSE,FALSE,FALSE,NA,"HMP1-2 taxonomy vaginal"
"k__Bacteria|p__Firmicutes|c__Clostridia|o__Clostridiales|f__Ruminococcaceae|g__Faecalibacterium|s__Faecalibacterium_prausnitzii|t__SGB15316_group",3,0.0128755364806867,0.00234099999649338,FALSE,TRUE,FALSE,NA,"HMP1-2 taxonomy vaginal"
"k__Bacteria|p__Proteobacteria|c__Gammaproteobacteria|o__Pasteurellales|f__Pasteurellaceae|g__Haemophilus|s__Haemophilus_parainfluenzae|t__SGB9712_group",64,0.274678111587983,0.00648034272569409,TRUE,TRUE,TRUE,0.0638738180672725,"HMP1-2 taxonomy vaginal"
"k__Bacteria|p__Bacteroidetes|c__Bacteroidia|o__Bacteroidales|f__Bacteroidales_unclassified|g__Bacteroidales_unclassified|s__Bacteroidales_bacterium|t__SGB2169",0,0,NA,FALSE,FALSE,FALSE,NA,"HMP1-2 taxonomy vaginal"
"k__Bacteria|p__Firmicutes|c__Clostridia|o__Clostridiales|f__Eubacteriaceae|g__Eubacterium|s__Eubacterium_ramulus|t__SGB4959",0,0,NA,FALSE,FALSE,FALSE,NA,"HMP1-2 taxonomy vaginal"
"k__Bacteria|p__Firmicutes|c__Clostridia|o__Clostridiales|f__Clostridiales_unclassified|g__Intestinimonas|s__Intestinimonas_massiliensis|t__SGB15127",0,0,NA,FALSE,FALSE,FALSE,NA,"HMP1-2 taxonomy vaginal"
"k__Bacteria|p__Firmicutes|c__Clostridia|o__Clostridia_unclassified|f__Clostridia_unclassified|g__GGB3005|s__GGB3005_SGB3996|t__SGB3996",0,0,NA,FALSE,FALSE,FALSE,NA,"HMP1-2 taxonomy vaginal"
"k__Bacteria|p__Firmicutes|c__Clostridia|o__Clostridiales|f__Ruminococcaceae|g__Ruthenibacterium|s__Ruthenibacterium_lactatiformans|t__SGB15271",2,0.00858369098712446,0.000139350040625012,FALSE,FALSE,FALSE,NA,"HMP1-2 taxonomy vaginal"
"k__Bacteria|p__Firmicutes|c__Clostridia|o__Clostridiales|f__Oscillospiraceae|g__Dysosmobacter|s__Dysosmobacter_sp_NSJ_60|t__SGB15124",0,0,NA,FALSE,FALSE,FALSE,NA,"HMP1-2 taxonomy vaginal"
"k__Bacteria|p__Firmicutes|c__Clostridia|o__Clostridiales|f__Ruminococcaceae|g__Ruminococcaceae_unclassified|s__Ruminococcaceae_unclassified_SGB15265|t__SGB15265_group",2,0.00858369098712446,0.000560049965700004,FALSE,FALSE,FALSE,NA,"HMP1-2 taxonomy vaginal"
"k__Bacteria|p__Bacteroidetes|c__Bacteroidia|o__Bacteroidales|f__Rikenellaceae|g__GGB27782|s__GGB27782_SGB40196|t__SGB40196",0,0,NA,FALSE,FALSE,FALSE,NA,"HMP1-2 taxonomy vaginal"
"k__Bacteria|p__Firmicutes|c__Clostridia|o__Clostridia_unclassified|f__Clostridia_unclassified|g__Clostridia_unclassified|s__Clostridia_bacterium|t__SGB14020",0,0,NA,FALSE,FALSE,FALSE,NA,"HMP1-2 taxonomy vaginal"
"k__Bacteria|p__Firmicutes|c__Clostridia|o__Clostridiales|f__Lachnospiraceae|g__Anaerostipes|s__Anaerostipes_hadrus|t__SGB4540_group",0,0,NA,FALSE,FALSE,FALSE,NA,"HMP1-2 taxonomy vaginal"
"k__Bacteria|p__Firmicutes|c__Erysipelotrichia|o__Erysipelotrichales|f__Erysipelotrichaceae|g__Erysipelatoclostridium|s__Clostridium_saccharogumia|t__SGB6749",0,0,NA,FALSE,FALSE,FALSE,NA,"HMP1-2 taxonomy vaginal"
"k__Bacteria|p__Firmicutes|c__Clostridia|o__Clostridiales|f__Lachnospiraceae|g__Lachnospira|s__Lachnospira_eligens|t__SGB5082_group",4,0.0171673819742489,0.000670149956665004,FALSE,FALSE,FALSE,NA,"HMP1-2 taxonomy vaginal"
"k__Bacteria|p__Firmicutes|c__Clostridia|o__Clostridiales|f__Ruminococcaceae|g__Ruminococcaceae_unclassified|s__Ruminococcaceae_bacterium|t__SGB4184",0,0,NA,FALSE,FALSE,FALSE,NA,"HMP1-2 taxonomy vaginal"
"k__Bacteria|p__Firmicutes|c__Clostridia|o__Clostridiales|f__Clostridiaceae|g__Clostridiaceae_unclassified|s__Clostridiaceae_bacterium|t__SGB4770",3,0.0128755364806867,0.000300499990280004,FALSE,FALSE,FALSE,NA,"HMP1-2 taxonomy vaginal"
"k__Bacteria|p__Firmicutes|c__Clostridia|o__Clostridiales|f__Lachnospiraceae|g__Fusicatenibacter|s__Fusicatenibacter_saccharivorans|t__SGB4874",3,0.0128755364806867,0.00150066667747667,FALSE,TRUE,FALSE,NA,"HMP1-2 taxonomy vaginal"
"k__Bacteria|p__Firmicutes|c__Clostridia|o__Clostridiales|f__Lachnospiraceae|g__Blautia|s__Blautia_faecis|t__SGB4820",2,0.00858369098712446,0.000293599990015001,FALSE,FALSE,FALSE,NA,"HMP1-2 taxonomy vaginal"
"k__Bacteria|p__Firmicutes|c__Clostridia|o__Clostridia_unclassified|f__Clostridia_unclassified|g__Candidatus_Pseudoscilispira|s__Candidatus_Pseudoscilispira_faecavium|t__SGB63239",0,0,NA,FALSE,FALSE,FALSE,NA,"HMP1-2 taxonomy vaginal"
"k__Bacteria|p__Firmicutes|c__Clostridia|o__Clostridiales|f__Eubacteriaceae|g__Eubacterium|s__Eubacterium_sp_AM28_29|t__SGB6796_group",2,0.00858369098712446,0.00022809999772,FALSE,FALSE,FALSE,NA,"HMP1-2 taxonomy vaginal"
"k__Bacteria|p__Firmicutes|c__Clostridia|o__Clostridiales|f__Ruminococcaceae|g__Candidatus_Cibiobacter|s__Candidatus_Cibiobacter_qucibialis|t__SGB15286",3,0.0128755364806867,0.000982533422650038,FALSE,FALSE,FALSE,NA,"HMP1-2 taxonomy vaginal"
"k__Bacteria|p__Firmicutes|c__Clostridia|o__Clostridiales|f__Ruminococcaceae|g__GGB9633|s__GGB9633_SGB15091|t__SGB15091",2,0.00858369098712446,0.000544499983730002,FALSE,FALSE,FALSE,NA,"HMP1-2 taxonomy vaginal"
"k__Bacteria|p__Firmicutes|c__Clostridia|o__Clostridiales|f__Lachnospiraceae|g__Dorea|s__Dorea_formicigenerans|t__SGB4575",2,0.00858369098712446,0.00013355003382501,FALSE,FALSE,FALSE,NA,"HMP1-2 taxonomy vaginal"
"k__Bacteria|p__Firmicutes|c__Clostridia|o__Clostridia_unclassified|f__Clostridia_unclassified|g__Clostridia_unclassified|s__Clostridia_unclassified_SGB6276|t__SGB6276",1,0.00429184549356223,0.00121670024334005,FALSE,TRUE,FALSE,NA,"HMP1-2 taxonomy vaginal"
"k__Bacteria|p__Firmicutes|c__Bacilli|o__Lactobacillales|f__Streptococcaceae|g__Streptococcus|s__Streptococcus_parasanguinis|t__SGB8071",22,0.0944206008583691,0.00247509964399108,FALSE,TRUE,FALSE,NA,"HMP1-2 taxonomy vaginal"
"k__Bacteria|p__Firmicutes|c__Clostridia|o__Clostridia_unclassified|f__Clostridia_unclassified|g__Clostridia_unclassified|s__Clostridia_bacterium|t__SGB15382",0,0,NA,FALSE,FALSE,FALSE,NA,"HMP1-2 taxonomy vaginal"
"k__Bacteria|p__Firmicutes|c__Clostridia|o__Clostridiales|f__Ruminococcaceae|g__Pseudoruminococcus|s__Pseudoruminococcus_massiliensis|t__SGB4280",0,0,NA,FALSE,FALSE,FALSE,NA,"HMP1-2 taxonomy vaginal"
"k__Bacteria|p__Firmicutes|c__Clostridia|o__Clostridiales|f__Ruminococcaceae|g__Ruminococcaceae_unclassified|s__Ruminococcaceae_unclassified_SGB15236|t__SGB15236",0,0,NA,FALSE,FALSE,FALSE,NA,"HMP1-2 taxonomy vaginal"
"k__Bacteria|p__Firmicutes|c__Clostridia|o__Clostridiales|f__Ruminococcaceae|g__Faecalibacterium|s__Faecalibacterium_prausnitzii|t__SGB15342",3,0.0128755364806867,0.00300830052478352,FALSE,TRUE,FALSE,NA,"HMP1-2 taxonomy vaginal"
"k__Bacteria|p__Firmicutes|c__Clostridia|o__Clostridia_unclassified|f__Clostridia_unclassified|g__Clostridia_unclassified|s__Clostridia_bacterium|t__SGB6320",0,0,NA,FALSE,FALSE,FALSE,NA,"HMP1-2 taxonomy vaginal"
"k__Bacteria|p__Firmicutes|c__Clostridia|o__Clostridiales|f__Lachnospiraceae|g__Lachnospiraceae_unclassified|s__Lachnospiraceae_bacterium|t__SGB4706",0,0,NA,FALSE,FALSE,FALSE,NA,"HMP1-2 taxonomy vaginal"
"k__Bacteria|p__Firmicutes|c__Clostridia|o__Clostridia_unclassified|f__Clostridia_unclassified|g__Candidatus_Woodwardibium|s__Candidatus_Woodwardibium_gallinarum|t__SGB14953",0,0,NA,FALSE,FALSE,FALSE,NA,"HMP1-2 taxonomy vaginal"
"k__Bacteria|p__Firmicutes|c__CFGB9830|o__OFGB9830|f__FGB9830|g__GGB29535|s__GGB29535_SGB42321|t__SGB42321",0,0,NA,FALSE,FALSE,FALSE,NA,"HMP1-2 taxonomy vaginal"
"k__Bacteria|p__Bacteroidetes|c__Bacteroidia|o__Bacteroidales|f__Bacteroidales_unclassified|g__GGB1530|s__GGB1530_SGB2113|t__SGB2113",0,0,NA,FALSE,FALSE,FALSE,NA,"HMP1-2 taxonomy vaginal"
"k__Bacteria|p__Firmicutes|c__Clostridia|o__Clostridiales|f__Ruminococcaceae|g__GGB9730|s__GGB9730_SGB15291|t__SGB15291",0,0,NA,FALSE,FALSE,FALSE,NA,"HMP1-2 taxonomy vaginal"
"k__Bacteria|p__Firmicutes|c__Clostridia|o__Clostridia_unclassified|f__Clostridia_unclassified|g__Clostridia_unclassified|s__Clostridia_bacterium|t__SGB14048",0,0,NA,FALSE,FALSE,FALSE,NA,"HMP1-2 taxonomy vaginal"
"k__Bacteria|p__Firmicutes|c__Negativicutes|o__Veillonellales|f__Veillonellaceae|g__Veillonella|s__Veillonella_atypica|t__SGB6936",11,0.0472103004291846,0.00122300907203912,FALSE,TRUE,FALSE,NA,"HMP1-2 taxonomy vaginal"
"k__Bacteria|p__Firmicutes|c__Clostridia|o__Clostridiales|f__Lachnospiraceae|g__Lachnospiraceae_unclassified|s__Lachnospiraceae_bacterium_WCA3_601_WT_6H|t__SGB4910",2,0.00858369098712446,0.000232250068925021,FALSE,FALSE,FALSE,NA,"HMP1-2 taxonomy vaginal"
"k__Bacteria|p__Firmicutes|c__Clostridia|o__Clostridiales|f__Ruminococcaceae|g__GGB9634|s__GGB9634_SGB15095|t__SGB15095_group",0,0,NA,FALSE,FALSE,FALSE,NA,"HMP1-2 taxonomy vaginal"
"k__Bacteria|p__Firmicutes|c__Erysipelotrichia|o__Erysipelotrichales|f__Erysipelotrichaceae|g__Catenibacterium|s__Catenibacterium_sp_AM22_15|t__SGB6783_group",2,0.00858369098712446,0.000308199991795001,FALSE,FALSE,FALSE,NA,"HMP1-2 taxonomy vaginal"
"k__Bacteria|p__Firmicutes|c__Clostridia|o__Clostridiales|f__Ruminococcaceae|g__Agathobaculum|s__Agathobaculum_butyriciproducens|t__SGB14993_group",0,0,NA,FALSE,FALSE,FALSE,NA,"HMP1-2 taxonomy vaginal"
"k__Bacteria|p__Firmicutes|c__Negativicutes|o__Veillonellales|f__Veillonellaceae|g__Veillonella|s__Veillonella_dispar|t__SGB6952",31,0.133047210300429,0.00500840887354771,TRUE,TRUE,TRUE,0.0563296200488736,"HMP1-2 taxonomy vaginal"
"k__Bacteria|p__Firmicutes|c__Clostridia|o__Clostridiales|f__Lachnospiraceae|g__Blautia|s__Blautia_obeum|t__SGB4811_group",1,0.00429184549356223,9.97e-05,FALSE,FALSE,FALSE,NA,"HMP1-2 taxonomy vaginal"
"k__Bacteria|p__Firmicutes|c__Clostridia|o__Clostridiales|f__Clostridiales_unclassified|g__Intestinimonas|s__Intestinimonas_gabonensis|t__SGB79840",0,0,NA,FALSE,FALSE,FALSE,NA,"HMP1-2 taxonomy vaginal"
"k__Bacteria|p__Firmicutes|c__Clostridia|o__Clostridia_unclassified|f__Clostridia_unclassified|g__Candidatus_Geddesella|s__Candidatus_Geddesella_stercoravicola|t__SGB14262",0,0,NA,FALSE,FALSE,FALSE,NA,"HMP1-2 taxonomy vaginal"
"k__Bacteria|p__Firmicutes|c__Clostridia|o__Clostridiales|f__Lachnospiraceae|g__Lachnospiraceae_unclassified|s__Lachnospiraceae_bacterium|t__SGB4780",2,0.00858369098712446,0.000429449976350002,FALSE,FALSE,FALSE,NA,"HMP1-2 taxonomy vaginal"
"k__Bacteria|p__Firmicutes|c__Clostridia|o__Clostridia_unclassified|f__Clostridia_unclassified|g__Clostridia_unclassified|s__Clostridia_bacterium|t__SGB54299",0,0,NA,FALSE,FALSE,FALSE,NA,"HMP1-2 taxonomy vaginal"
"k__Bacteria|p__Firmicutes|c__Clostridia|o__Clostridia_unclassified|f__Clostridia_unclassified|g__GGB9532|s__GGB9532_SGB14933|t__SGB14933",0,0,NA,FALSE,FALSE,FALSE,NA,"HMP1-2 taxonomy vaginal"
"k__Bacteria|p__Firmicutes|c__Clostridia|o__Clostridiales|f__Lachnospiraceae|g__Blautia|s__Blautia_wexlerae|t__SGB4837_group",3,0.0128755364806867,0.000800633313680008,FALSE,FALSE,FALSE,NA,"HMP1-2 taxonomy vaginal"
"k__Bacteria|p__Firmicutes|c__Negativicutes|o__Veillonellales|f__Veillonellaceae|g__Veillonella|s__Veillonella_parvula|t__SGB6939",17,0.0729613733905579,0.00776785194056137,FALSE,TRUE,FALSE,NA,"HMP1-2 taxonomy vaginal"
"k__Bacteria|p__Firmicutes|c__Clostridia|o__Clostridia_unclassified|f__Clostridia_unclassified|g__Clostridia_unclassified|s__Clostridia_bacterium|t__SGB4314",0,0,NA,FALSE,FALSE,FALSE,NA,"HMP1-2 taxonomy vaginal"
"k__Bacteria|p__Bacteroidetes|c__Bacteroidia|o__Bacteroidales|f__Bacteroidaceae|g__Bacteroides|s__Bacteroides_intestinalis|t__SGB1846",0,0,NA,FALSE,FALSE,FALSE,NA,"HMP1-2 taxonomy vaginal"
"k__Bacteria|p__Candidatus_Melainabacteria|c__Candidatus_Melainabacteria_unclassified|o__Candidatus_Gastranaerophilales|f__Candidatus_Gastranaerophilales_unclassified|g__GGB6016|s__GGB6016_SGB8648|t__SGB8648",0,0,NA,FALSE,FALSE,FALSE,NA,"HMP1-2 taxonomy vaginal"
"k__Bacteria|p__Firmicutes|c__Clostridia|o__Clostridiales|f__Clostridiales_unclassified|g__Intestinimonas|s__Intestinimonas_butyriciproducens|t__SGB15126",0,0,NA,FALSE,FALSE,FALSE,NA,"HMP1-2 taxonomy vaginal"
"k__Bacteria|p__Firmicutes|c__Clostridia|o__Clostridiales|f__Clostridiaceae|g__Clostridiaceae_unclassified|s__Clostridiaceae_bacterium_NSJ_31|t__SGB14839",0,0,NA,FALSE,FALSE,FALSE,NA,"HMP1-2 taxonomy vaginal"
"k__Bacteria|p__Firmicutes|c__CFGB1302|o__OFGB1302|f__FGB1302|g__GGB3123|s__GGB3123_SGB4135|t__SGB4135",0,0,NA,FALSE,FALSE,FALSE,NA,"HMP1-2 taxonomy vaginal"
"k__Bacteria|p__Firmicutes|c__Firmicutes_unclassified|o__Firmicutes_unclassified|f__Firmicutes_unclassified|g__Firmicutes_unclassified|s__Firmicutes_bacterium|t__SGB49188",0,0,NA,FALSE,FALSE,FALSE,NA,"HMP1-2 taxonomy vaginal"
"k__Bacteria|p__Firmicutes|c__Clostridia|o__Clostridia_unclassified|f__Clostridia_unclassified|g__Clostridia_unclassified|s__Clostridia_bacterium|t__SGB6334",1,0.00429184549356223,9.97e-05,FALSE,FALSE,FALSE,NA,"HMP1-2 taxonomy vaginal"
"k__Bacteria|p__Firmicutes|c__Clostridia|o__Clostridiales|f__Lachnospiraceae|g__Lachnospiraceae_unclassified|s__Lachnospiraceae_bacterium|t__SGB4782",0,0,NA,FALSE,FALSE,FALSE,NA,"HMP1-2 taxonomy vaginal"
"k__Bacteria|p__Firmicutes|c__Clostridia|o__Clostridiales|f__Clostridiaceae|g__Clostridium|s__Clostridium_sp_AM49_4BH|t__SGB4652",1,0.00429184549356223,0.000178599982140002,FALSE,FALSE,FALSE,NA,"HMP1-2 taxonomy vaginal"
"k__Bacteria|p__Bacteria_unclassified|c__Bacteria_unclassified|o__Bacteria_unclassified|f__Bacteria_unclassified|g__Bacteria_unclassified|s__bacterium_0_1xD8_71|t__SGB29428",0,0,NA,FALSE,FALSE,FALSE,NA,"HMP1-2 taxonomy vaginal"
"k__Bacteria|p__Firmicutes|c__Erysipelotrichia|o__Erysipelotrichales|f__Erysipelotrichaceae|g__Dielma|s__Dielma_fastidiosa|t__SGB4031",0,0,NA,FALSE,FALSE,FALSE,NA,"HMP1-2 taxonomy vaginal"
"k__Bacteria|p__Bacteroidetes|c__Bacteroidia|o__Bacteroidales|f__Rikenellaceae|g__Alistipes|s__Alistipes_inops|t__SGB2286",1,0.00429184549356223,0.00282259887096045,FALSE,TRUE,FALSE,NA,"HMP1-2 taxonomy vaginal"
"k__Bacteria|p__Firmicutes|c__Clostridia|o__Clostridiales|f__Clostridiales_unclassified|g__Clostridiales_unclassified|s__Clostridiales_bacterium|t__SGB59899",0,0,NA,FALSE,FALSE,FALSE,NA,"HMP1-2 taxonomy vaginal"
"k__Bacteria|p__Firmicutes|c__Clostridia|o__Clostridiales|f__Ruminococcaceae|g__Faecalibacterium|s__Faecalibacterium_prausnitzii|t__SGB15318_group",3,0.0128755364806867,0.000645666655196668,FALSE,FALSE,FALSE,NA,"HMP1-2 taxonomy vaginal"
"k__Bacteria|p__Firmicutes|c__Clostridia|o__Clostridiales|f__Christensenellaceae|g__Christensenellaceae_unclassified|s__Christensenellaceae_bacterium|t__SGB3813",0,0,NA,FALSE,FALSE,FALSE,NA,"HMP1-2 taxonomy vaginal"
"k__Bacteria|p__Firmicutes|c__Clostridia|o__Clostridiales|f__Lachnospiraceae|g__Lachnospiraceae_unclassified|s__Lachnospiraceae_bacterium|t__SGB5060",0,0,NA,FALSE,FALSE,FALSE,NA,"HMP1-2 taxonomy vaginal"
"k__Bacteria|p__Firmicutes|c__Bacilli|o__Lactobacillales|f__Streptococcaceae|g__Streptococcus|s__Streptococcus_salivarius|t__SGB8007_group",26,0.111587982832618,0.00428414142606384,TRUE,TRUE,TRUE,0.05073478018965,"HMP1-2 taxonomy vaginal"
"k__Bacteria|p__Actinobacteria|c__Actinobacteria|o__Micrococcales|f__Micrococcaceae|g__Rothia|s__Rothia_mucilaginosa|t__SGB16971",17,0.0729613733905579,0.0046642692493488,FALSE,TRUE,FALSE,NA,"HMP1-2 taxonomy vaginal"
"k__Bacteria|p__Bacteroidetes|c__Bacteroidia|o__Bacteroidales|f__Prevotellaceae|g__Prevotella|s__Prevotella_melaninogenica|t__SGB1552",29,0.124463519313305,0.00324517555493083,TRUE,TRUE,TRUE,0.0431411905124095,"HMP1-2 taxonomy vaginal"
"k__Bacteria|p__Actinobacteria|c__Actinobacteria|o__Actinomycetales|f__Actinomycetaceae|g__Actinomyces|s__Actinomyces_sp_ICM47|t__SGB17167",17,0.0729613733905579,0.00482767499283118,FALSE,TRUE,FALSE,NA,"HMP1-2 taxonomy vaginal"
"k__Bacteria|p__Firmicutes|c__Bacilli|o__Lactobacillales|f__Streptococcaceae|g__Streptococcus|s__Streptococcus_sp_263_SSPC|t__SGB8255_group",6,0.0257510729613734,0.00154598306696011,FALSE,TRUE,FALSE,NA,"HMP1-2 taxonomy vaginal"
"k__Bacteria|p__Actinobacteria|c__Actinobacteria|o__Actinomycetales|f__Actinomycetaceae|g__Trueperella|s__Trueperella_pyogenes|t__SGB17137",2,0.00858369098712446,0.000621500011040002,FALSE,FALSE,FALSE,NA,"HMP1-2 taxonomy vaginal"
"k__Bacteria|p__Actinobacteria|c__Actinobacteria|o__Actinomycetales|f__Actinomycetaceae|g__Actinomyces|s__Actinomyces_graevenitzii|t__SGB17130",14,0.0600858369098712,0.00186624950781948,FALSE,TRUE,FALSE,NA,"HMP1-2 taxonomy vaginal"
"k__Bacteria|p__Firmicutes|c__Bacilli|o__Lactobacillales|f__Streptococcaceae|g__Streptococcus|s__Streptococcus_infantis|t__SGB8095",13,0.055793991416309,0.00274743046525173,FALSE,TRUE,FALSE,NA,"HMP1-2 taxonomy vaginal"
"k__Bacteria|p__Firmicutes|c__Bacilli|o__Bacillales|f__Bacillales_unclassified|g__Gemella|s__Gemella_sanguinis|t__SGB7298",2,0.00858369098712446,0.00232169998898,FALSE,TRUE,FALSE,NA,"HMP1-2 taxonomy vaginal"
"k__Bacteria|p__Firmicutes|c__Negativicutes|o__Veillonellales|f__Veillonellaceae|g__Veillonella|s__Veillonella_rogosae|t__SGB6956",8,0.0343347639484979,0.0147686490144204,FALSE,TRUE,FALSE,NA,"HMP1-2 taxonomy vaginal"
"k__Bacteria|p__Bacteroidetes|c__Bacteroidia|o__Bacteroidales|f__Prevotellaceae|g__Prevotella|s__Prevotella_salivae|t__SGB1522",2,0.00858369098712446,0.0003964,FALSE,FALSE,FALSE,NA,"HMP1-2 taxonomy vaginal"
"k__Bacteria|p__Bacteroidetes|c__Bacteroidia|o__Bacteroidales|f__Prevotellaceae|g__Prevotella|s__Prevotella_histicola|t__SGB1543",13,0.055793991416309,0.00351426894363484,FALSE,TRUE,FALSE,NA,"HMP1-2 taxonomy vaginal"
"k__Bacteria|p__Firmicutes|c__Clostridia|o__Clostridiales|f__Lachnospiraceae|g__Oribacterium|s__Oribacterium_sinus|t__SGB5273",3,0.0128755364806867,0.00241629998052,FALSE,TRUE,FALSE,NA,"HMP1-2 taxonomy vaginal"
"k__Bacteria|p__Proteobacteria|c__Epsilonproteobacteria|o__Campylobacterales|f__Campylobacteraceae|g__Campylobacter|s__Campylobacter_concisus|t__SGB19351",9,0.0386266094420601,0.00305637754660009,FALSE,TRUE,FALSE,NA,"HMP1-2 taxonomy vaginal"
"k__Bacteria|p__Bacteroidetes|c__Bacteroidia|o__Bacteroidales|f__Prevotellaceae|g__Prevotella|s__Prevotella_nanceiensis|t__SGB1536",11,0.0472103004291846,0.00336770853363657,FALSE,TRUE,FALSE,NA,"HMP1-2 taxonomy vaginal"
"k__Bacteria|p__Actinobacteria|c__Coriobacteriia|o__Coriobacteriales|f__Atopobiaceae|g__Lancefieldella|s__Lancefieldella_parvula|t__SGB969",6,0.0257510729613734,0.000594800007236668,FALSE,FALSE,FALSE,NA,"HMP1-2 taxonomy vaginal"
"k__Bacteria|p__Candidatus_Saccharibacteria|c__Candidatus_Saccharibacteria_unclassified|o__Candidatus_Saccharibacteria_unclassified|f__Candidatus_Saccharibacteria_unclassified|g__Candidatus_Saccharibacteria_unclassified|s__Candidatus_Saccharibacteria_unclassified_SGB19850|t__SGB19850_group",22,0.0944206008583691,0.00353862192124486,FALSE,TRUE,FALSE,NA,"HMP1-2 taxonomy vaginal"
"k__Bacteria|p__Firmicutes|c__Negativicutes|o__Veillonellales|f__Veillonellaceae|g__Megasphaera|s__Megasphaera_micronuciformis|t__SGB5868",1,0.00429184549356223,8.72000174400035e-05,FALSE,FALSE,FALSE,NA,"HMP1-2 taxonomy vaginal"
"k__Bacteria|p__Fusobacteria|c__Fusobacteriia|o__Fusobacteriales|f__Leptotrichiaceae|g__Leptotrichia|s__Leptotrichia_wadei|t__SGB6055",3,0.0128755364806867,0.00292723324187335,FALSE,TRUE,FALSE,NA,"HMP1-2 taxonomy vaginal"
"k__Bacteria|p__Fusobacteria|c__Fusobacteriia|o__Fusobacteriales|f__Fusobacteriaceae|g__Fusobacterium|s__Fusobacterium_pseudoperiodonticum|t__SGB5989",14,0.0600858369098712,0.00500144969010514,FALSE,TRUE,FALSE,NA,"HMP1-2 taxonomy vaginal"
"k__Bacteria|p__Actinobacteria|c__Actinobacteria|o__Actinomycetales|f__Actinomycetaceae|g__Actinomyces|s__Actinomyces_SGB17168|t__SGB17168",6,0.0257510729613734,0.0216415331664101,FALSE,TRUE,FALSE,NA,"HMP1-2 taxonomy vaginal"
"k__Bacteria|p__Firmicutes|c__Clostridia|o__Clostridiales|f__Lachnospiraceae|g__GGB3887|s__GGB3887_SGB5270|t__SGB5270",0,0,NA,FALSE,FALSE,FALSE,NA,"HMP1-2 taxonomy vaginal"
"k__Bacteria|p__Firmicutes|c__Erysipelotrichia|o__Erysipelotrichales|f__Erysipelotrichaceae|g__Solobacterium|s__Solobacterium_SGB6833|t__SGB6833_group",3,0.0128755364806867,0.00179073333316,FALSE,TRUE,FALSE,NA,"HMP1-2 taxonomy vaginal"
"k__Bacteria|p__Firmicutes|c__Clostridia|o__Clostridiales|f__Lachnospiraceae|g__Stomatobaculum|s__Stomatobaculum_SGB5266|t__SGB5266",2,0.00858369098712446,0.00213754999621,FALSE,TRUE,FALSE,NA,"HMP1-2 taxonomy vaginal"
"k__Bacteria|p__Actinobacteria|c__Actinobacteria|o__Micrococcales|f__Promicromonosporaceae|g__Isoptericola|s__Isoptericola_variabilis|t__SGB17153_group",4,0.0171673819742489,0.00155762444912022,FALSE,TRUE,FALSE,NA,"HMP1-2 taxonomy vaginal"
"k__Bacteria|p__Bacteroidetes|c__Bacteroidia|o__Bacteroidales|f__Prevotellaceae|g__Prevotella|s__Prevotella_pallens|t__SGB1564",2,0.00858369098712446,0.00085655,FALSE,FALSE,FALSE,NA,"HMP1-2 taxonomy vaginal"
"k__Bacteria|p__Firmicutes|c__Bacilli|o__Lactobacillales|f__Streptococcaceae|g__Streptococcus|s__Streptococcus_mitis|t__SGB8163",29,0.124463519313305,0.00331331363610945,TRUE,TRUE,TRUE,0.0428071699984265,"HMP1-2 taxonomy vaginal"
"k__Bacteria|p__Firmicutes|c__Bacilli|o__Lactobacillales|f__Streptococcaceae|g__Streptococcus|s__Streptococcus_sp_A12|t__SGB8059_group",4,0.0171673819742489,0.00247892540082008,FALSE,TRUE,FALSE,NA,"HMP1-2 taxonomy vaginal"
"k__Bacteria|p__Firmicutes|c__Clostridia|o__Clostridiales|f__Lachnospiraceae|g__Lachnoanaerobaculum|s__Lachnoanaerobaculum_orale|t__SGB4482",3,0.0128755364806867,0.000567800040673343,FALSE,FALSE,FALSE,NA,"HMP1-2 taxonomy vaginal"
"k__Bacteria|p__Firmicutes|c__Clostridia|o__Clostridiales|f__Lachnospiraceae|g__Stomatobaculum|s__Stomatobaculum_longum|t__SGB5265",1,0.00429184549356223,3.07999938400012e-05,FALSE,FALSE,FALSE,NA,"HMP1-2 taxonomy vaginal"
"k__Bacteria|p__Proteobacteria|c__Betaproteobacteria|o__Neisseriales|f__Neisseriaceae|g__Neisseria|s__Neisseria_subflava|t__SGB9450_group",42,0.180257510729614,0.00895143671797243,TRUE,TRUE,TRUE,0.0790586586159968,"HMP1-2 taxonomy vaginal"
"k__Bacteria|p__Firmicutes|c__Bacilli|o__Lactobacillales|f__Streptococcaceae|g__Streptococcus|s__Streptococcus_thermophilus|t__SGB8002",1,0.00429184549356223,0.000675599932440007,FALSE,FALSE,FALSE,NA,"HMP1-2 taxonomy vaginal"
"k__Bacteria|p__Fusobacteria|c__Fusobacteriia|o__Fusobacteriales|f__Leptotrichiaceae|g__GGB4395|s__GGB4395_SGB6050|t__SGB6050",1,0.00429184549356223,8.8e-06,FALSE,FALSE,FALSE,NA,"HMP1-2 taxonomy vaginal"
"k__Bacteria|p__Bacteroidetes|c__Bacteroidia|o__Bacteroidales|f__Porphyromonadaceae|g__Porphyromonas|s__Porphyromonas_pasteri|t__SGB2043",20,0.0858369098712446,0.0123977287540069,FALSE,TRUE,FALSE,NA,"HMP1-2 taxonomy vaginal"
"k__Bacteria|p__Firmicutes|c__Clostridia|o__Clostridiales|f__Lachnospiraceae|g__Lachnoanaerobaculum|s__Lachnoanaerobaculum_sp_ICM7|t__SGB4494_group",2,0.00858369098712446,0.00141579999936,FALSE,TRUE,FALSE,NA,"HMP1-2 taxonomy vaginal"
"k__Bacteria|p__Fusobacteria|c__Fusobacteriia|o__Fusobacteriales|f__Leptotrichiaceae|g__Leptotrichia|s__Leptotrichia_sp_oral_taxon_215|t__SGB6067",4,0.0171673819742489,0.001272649984245,FALSE,TRUE,FALSE,NA,"HMP1-2 taxonomy vaginal"
"k__Bacteria|p__Actinobacteria|c__Actinobacteria|o__Actinomycetales|f__Actinomycetaceae|g__Actinomyces|s__Actinomyces_sp_S6_Spd3|t__SGB17132_group",1,0.00429184549356223,0.0111575,FALSE,TRUE,FALSE,NA,"HMP1-2 taxonomy vaginal"
"k__Bacteria|p__Firmicutes|c__Bacilli|o__Lactobacillales|f__Streptococcaceae|g__Streptococcus|s__Streptococcus_oralis|t__SGB8130",20,0.0858369098712446,0.00285193978452208,FALSE,TRUE,FALSE,NA,"HMP1-2 taxonomy vaginal"
"k__Bacteria|p__Candidatus_Saccharibacteria|c__Candidatus_Saccharibacteria_unclassified|o__Candidatus_Saccharibacteria_unclassified|f__Candidatus_Saccharibacteria_unclassified|g__Candidatus_Saccharibacteria_unclassified|s__TM7_phylum_sp_oral_taxon_351|t__SGB76214",1,0.00429184549356223,0.0007108,FALSE,FALSE,FALSE,NA,"HMP1-2 taxonomy vaginal"
"k__Bacteria|p__Firmicutes|c__Bacilli|o__Lactobacillales|f__Streptococcaceae|g__Streptococcus|s__Streptococcus_sanguinis|t__SGB8047",9,0.0386266094420601,0.00460965494682678,FALSE,TRUE,FALSE,NA,"HMP1-2 taxonomy vaginal"
"k__Bacteria|p__Bacteroidetes|c__Bacteroidia|o__Bacteroidales|f__Bacteroidaceae|g__Bacteroidaceae_unclassified|s__Bacteroidaceae_unclassified_SGB1468|t__SGB1468",3,0.0128755364806867,0.00539486659197335,FALSE,TRUE,FALSE,NA,"HMP1-2 taxonomy vaginal"
"k__Bacteria|p__Fusobacteria|c__Fusobacteriia|o__Fusobacteriales|f__Fusobacteriaceae|g__Fusobacterium|s__Fusobacterium_nucleatum|t__SGB6001",13,0.055793991416309,0.00233534576518163,FALSE,TRUE,FALSE,NA,"HMP1-2 taxonomy vaginal"
"k__Bacteria|p__Firmicutes|c__Clostridia|o__Clostridiales|f__Lachnospiraceae|g__Oribacterium|s__Oribacterium_asaccharolyticum|t__SGB5285",1,0.00429184549356223,0.0001398,FALSE,FALSE,FALSE,NA,"HMP1-2 taxonomy vaginal"
"k__Bacteria|p__Proteobacteria|c__Gammaproteobacteria|o__Pasteurellales|f__Pasteurellaceae|g__Haemophilus|s__Haemophilus_haemolyticus|t__SGB9649",4,0.0171673819742489,0.000963699870732524,FALSE,FALSE,FALSE,NA,"HMP1-2 taxonomy vaginal"
"k__Bacteria|p__Bacteroidetes|c__Flavobacteriia|o__Flavobacteriales|f__Weeksellaceae|g__GGB1843|s__GGB1843_SGB2524|t__SGB2524_group",5,0.0214592274678112,0.00427981932125213,FALSE,TRUE,FALSE,NA,"HMP1-2 taxonomy vaginal"
"k__Bacteria|p__Firmicutes|c__Bacilli|o__Lactobacillales|f__Streptococcaceae|g__Streptococcus|s__Streptococcus_gordonii|t__SGB8053",2,0.00858369098712446,0.00467064931513011,FALSE,TRUE,FALSE,NA,"HMP1-2 taxonomy vaginal"
"k__Bacteria|p__Proteobacteria|c__Betaproteobacteria|o__Neisseriales|f__Neisseriaceae|g__Kingella|s__Kingella_oralis|t__SGB9422",4,0.0171673819742489,0.0058358739616352,FALSE,TRUE,FALSE,NA,"HMP1-2 taxonomy vaginal"
"k__Bacteria|p__Actinobacteria|c__Actinobacteria|o__Micrococcales|f__Micrococcaceae|g__Rothia|s__Rothia_dentocariosa|t__SGB16988_group",24,0.103004291845494,0.00613970712428698,TRUE,TRUE,TRUE,0.0665632586452493,"HMP1-2 taxonomy vaginal"
"k__Bacteria|p__Proteobacteria|c__Gammaproteobacteria|o__Pasteurellales|f__Pasteurellaceae|g__Haemophilus|s__Haemophilus_sputorum|t__SGB9631",0,0,NA,FALSE,FALSE,FALSE,NA,"HMP1-2 taxonomy vaginal"
"k__Bacteria|p__Firmicutes|c__Bacilli|o__Lactobacillales|f__Lactobacillaceae|g__Lactobacillus|s__Lactobacillus_helveticus|t__SGB7048",0,0,NA,FALSE,FALSE,FALSE,NA,"HMP1-2 taxonomy vaginal"
"k__Bacteria|p__Firmicutes|c__Bacilli|o__Bacillales|f__Staphylococcaceae|g__Staphylococcus|s__Staphylococcus_aureus|t__SGB7852",0,0,NA,FALSE,FALSE,FALSE,NA,"HMP1-2 taxonomy vaginal"
"k__Bacteria|p__Actinobacteria|c__Actinobacteria|o__Actinomycetales|f__Actinomycetaceae|g__Actinomyces|s__Actinomyces_SGB17154|t__SGB17154",1,0.00429184549356223,0.0158599,FALSE,TRUE,FALSE,NA,"HMP1-2 taxonomy vaginal"
"k__Bacteria|p__Bacteroidetes|c__Flavobacteriia|o__Flavobacteriales|f__Flavobacteriaceae|g__Capnocytophaga|s__Capnocytophaga_SGB2480|t__SGB2480",1,0.00429184549356223,0.0379023924195215,FALSE,TRUE,FALSE,NA,"HMP1-2 taxonomy vaginal"
"k__Bacteria|p__Bacteroidetes|c__Bacteroidia|o__Bacteroidales|f__Prevotellaceae|g__Prevotella|s__Prevotella_nigrescens|t__SGB1561",1,0.00429184549356223,0.00615599938440006,FALSE,TRUE,FALSE,NA,"HMP1-2 taxonomy vaginal"
"k__Bacteria|p__Firmicutes|c__Bacilli|o__Bacillales|f__Bacillales_unclassified|g__Gemella|s__Gemella_haemolysans|t__SGB7285",3,0.0128755364806867,0.000441266664593334,FALSE,FALSE,FALSE,NA,"HMP1-2 taxonomy vaginal"
"k__Bacteria|p__Bacteroidetes|c__Flavobacteriia|o__Flavobacteriales|f__Flavobacteriaceae|g__Capnocytophaga|s__Capnocytophaga_leadbetteri|t__SGB2492",11,0.0472103004291846,0.001930281448691,FALSE,TRUE,FALSE,NA,"HMP1-2 taxonomy vaginal"
"k__Bacteria|p__Fusobacteria|c__Fusobacteriia|o__Fusobacteriales|f__Fusobacteriaceae|g__Fusobacterium|s__Fusobacterium_nucleatum|t__SGB6007",9,0.0386266094420601,0.000794388855316679,FALSE,FALSE,FALSE,NA,"HMP1-2 taxonomy vaginal"
"k__Bacteria|p__Candidatus_Saccharibacteria|c__Candidatus_Nanosyncoccalia|o__Candidatus_Nanogingivales|f__Candidatus_Nanogingivalaceae|g__GGB12785|s__GGB12785_SGB19823|t__SGB19823",2,0.00858369098712446,0.004585949997975,FALSE,TRUE,FALSE,NA,"HMP1-2 taxonomy vaginal"
"k__Bacteria|p__Fusobacteria|c__Fusobacteriia|o__Fusobacteriales|f__Leptotrichiaceae|g__Leptotrichia|s__Leptotrichia_sp_oral_taxon_212|t__SGB6070_group",2,0.00858369098712446,0.00150264970535006,FALSE,TRUE,FALSE,NA,"HMP1-2 taxonomy vaginal"
"k__Bacteria|p__Firmicutes|c__Bacilli|o__Lactobacillales|f__Carnobacteriaceae|g__Granulicatella|s__Granulicatella_adiacens|t__SGB8249",2,0.00858369098712446,0.00160629971328505,FALSE,TRUE,FALSE,NA,"HMP1-2 taxonomy vaginal"
"k__Bacteria|p__Bacteroidetes|c__Bacteroidia|o__Bacteroidales|f__Prevotellaceae|g__Alloprevotella|s__Alloprevotella_SGB1466|t__SGB1466",1,0.00429184549356223,0.0012526,FALSE,TRUE,FALSE,NA,"HMP1-2 taxonomy vaginal"
"k__Bacteria|p__Firmicutes|c__Bacilli|o__Lactobacillales|f__Streptococcaceae|g__Streptococcus|s__Streptococcus_peroris|t__SGB8084",0,0,NA,FALSE,FALSE,FALSE,NA,"HMP1-2 taxonomy vaginal"
"k__Bacteria|p__Actinobacteria|c__Actinobacteria|o__Actinomycetales|f__Actinomycetaceae|g__Actinomyces|s__Actinomyces_oris|t__SGB15878",24,0.103004291845494,0.00892368624673525,TRUE,TRUE,TRUE,0.079953309704171,"HMP1-2 taxonomy vaginal"
"k__Bacteria|p__Bacteroidetes|c__Flavobacteriia|o__Flavobacteriales|f__Flavobacteriaceae|g__Capnocytophaga|s__Capnocytophaga_gingivalis|t__SGB2479",8,0.0343347639484979,0.00494039916342018,FALSE,TRUE,FALSE,NA,"HMP1-2 taxonomy vaginal"
"k__Bacteria|p__Fusobacteria|c__Fusobacteriia|o__Fusobacteriales|f__Fusobacteriaceae|g__Fusobacterium|s__Fusobacterium_nucleatum|t__SGB6011",4,0.0171673819742489,0.000208224962025008,FALSE,FALSE,FALSE,NA,"HMP1-2 taxonomy vaginal"
"k__Bacteria|p__Bacteroidetes|c__Flavobacteriia|o__Flavobacteriales|f__Flavobacteriaceae|g__Capnocytophaga|s__Capnocytophaga_sputigena|t__SGB2502_group",7,0.0300429184549356,0.00384395678494293,FALSE,TRUE,FALSE,NA,"HMP1-2 taxonomy vaginal"
"k__Bacteria|p__Proteobacteria|c__Betaproteobacteria|o__Neisseriales|f__Neisseriaceae|g__Neisseria|s__Neisseria_sicca|t__SGB9467_group",10,0.0429184549356223,0.00343167982132206,FALSE,TRUE,FALSE,NA,"HMP1-2 taxonomy vaginal"
"k__Bacteria|p__Firmicutes|c__Negativicutes|o__Selenomonadales|f__Selenomonadaceae|g__Selenomonas|s__Selenomonas_SGB5880|t__SGB5880_group",2,0.00858369098712446,0.0007803,FALSE,FALSE,FALSE,NA,"HMP1-2 taxonomy vaginal"
"k__Bacteria|p__Proteobacteria|c__Gammaproteobacteria|o__Pasteurellales|f__Pasteurellaceae|g__Aggregatibacter|s__Aggregatibacter_sp_oral_taxon_458|t__SGB9733",4,0.0171673819742489,0.0077786484986878,FALSE,TRUE,FALSE,NA,"HMP1-2 taxonomy vaginal"
"k__Bacteria|p__Firmicutes|c__Bacilli|o__Lactobacillales|f__Streptococcaceae|g__Streptococcus|s__Streptococcus_cristatus|t__SGB8031",2,0.00858369098712446,0.00253174957784008,FALSE,TRUE,FALSE,NA,"HMP1-2 taxonomy vaginal"
"k__Bacteria|p__Actinobacteria|c__Actinobacteria|o__Micrococcales|f__Micrococcaceae|g__Rothia|s__Rothia_aeria|t__SGB16987",9,0.0386266094420601,0.00221205520878343,FALSE,TRUE,FALSE,NA,"HMP1-2 taxonomy vaginal"
"k__Bacteria|p__Firmicutes|c__Bacilli|o__Lactobacillales|f__Streptococcaceae|g__Streptococcus|s__Streptococcus_mutans|t__SGB8000",0,0,NA,FALSE,FALSE,FALSE,NA,"HMP1-2 taxonomy vaginal"
"k__Bacteria|p__Bacteroidetes|c__Flavobacteriia|o__Flavobacteriales|f__Flavobacteriaceae|g__Capnocytophaga|s__Capnocytophaga_granulosa|t__SGB2483",6,0.0257510729613734,0.00681341538513026,FALSE,TRUE,FALSE,NA,"HMP1-2 taxonomy vaginal"
"k__Bacteria|p__Proteobacteria|c__Betaproteobacteria|o__Neisseriales|f__Neisseriaceae|g__GGB6688|s__GGB6688_SGB9473|t__SGB9473",0,0,NA,FALSE,FALSE,FALSE,NA,"HMP1-2 taxonomy vaginal"
"k__Bacteria|p__Actinobacteria|c__Actinobacteria|o__Corynebacteriales|f__Corynebacteriaceae|g__Corynebacterium|s__Corynebacterium_durum|t__SGB17008",4,0.0171673819742489,0.00706769862589279,FALSE,TRUE,FALSE,NA,"HMP1-2 taxonomy vaginal"
"k__Bacteria|p__Actinobacteria|c__Actinobacteria|o__Propionibacteriales|f__Propionibacteriaceae|g__GGB10022|s__GGB10022_SGB15896|t__SGB15896",4,0.0171673819742489,0.000283949967355004,FALSE,FALSE,FALSE,NA,"HMP1-2 taxonomy vaginal"
"k__Bacteria|p__Bacteroidetes|c__Bacteroidia|o__Bacteroidales|f__Prevotellaceae|g__Prevotella|s__Prevotella_oris|t__SGB1525",1,0.00429184549356223,3.88999922200015e-05,FALSE,FALSE,FALSE,NA,"HMP1-2 taxonomy vaginal"
"k__Bacteria|p__Firmicutes|c__Bacilli|o__Lactobacillales|f__Aerococcaceae|g__Abiotrophia|s__Abiotrophia_defectiva|t__SGB8235",0,0,NA,FALSE,FALSE,FALSE,NA,"HMP1-2 taxonomy vaginal"
"k__Bacteria|p__Proteobacteria|c__Gammaproteobacteria|o__Pasteurellales|f__Pasteurellaceae|g__Haemophilus|s__Haemophilus_influenzae|t__SGB9648_group",3,0.0128755364806867,0.00122996654339668,FALSE,TRUE,FALSE,NA,"HMP1-2 taxonomy vaginal"
"k__Bacteria|p__Firmicutes|c__Bacilli|o__Lactobacillales|f__Streptococcaceae|g__Streptococcus|s__Streptococcus_intermedius|t__SGB8025",1,0.00429184549356223,0.000142599971480006,FALSE,FALSE,FALSE,NA,"HMP1-2 taxonomy vaginal"
"k__Bacteria|p__Proteobacteria|c__Gammaproteobacteria|o__Cardiobacteriales|f__Cardiobacteriaceae|g__Cardiobacterium|s__Cardiobacterium_hominis|t__SGB9418",4,0.0171673819742489,0.00294547442287262,FALSE,TRUE,FALSE,NA,"HMP1-2 taxonomy vaginal"
"k__Bacteria|p__Bacteroidetes|c__Bacteroidia|o__Bacteroidales|f__Prevotellaceae|g__Prevotella|s__Prevotella_sp_F0091|t__SGB1547",0,0,NA,FALSE,FALSE,FALSE,NA,"HMP1-2 taxonomy vaginal"
"k__Bacteria|p__Bacteroidetes|c__Bacteroidia|o__Bacteroidales|f__Prevotellaceae|g__Alloprevotella|s__Prevotella_sp_oral_taxon_473|t__SGB1464",1,0.00429184549356223,0.000926999907300009,FALSE,FALSE,FALSE,NA,"HMP1-2 taxonomy vaginal"
"k__Bacteria|p__Bacteroidetes|c__CFGB524|o__OFGB524|f__FGB524|g__GGB1088|s__GGB1088_SGB1395|t__SGB1395",2,0.00858369098712446,0.00615019938498006,FALSE,TRUE,FALSE,NA,"HMP1-2 taxonomy vaginal"
"k__Bacteria|p__Bacteroidetes|c__Bacteroidia|o__Bacteroidales|f__Prevotellaceae|g__Prevotella|s__Prevotella_pleuritidis|t__SGB1526",0,0,NA,FALSE,FALSE,FALSE,NA,"HMP1-2 taxonomy vaginal"
"k__Bacteria|p__Fusobacteria|c__Fusobacteriia|o__Fusobacteriales|f__Fusobacteriaceae|g__Fusobacterium|s__Fusobacterium_nucleatum|t__SGB6014",5,0.0214592274678112,0.000610979951836014,FALSE,FALSE,FALSE,NA,"HMP1-2 taxonomy vaginal"
"k__Bacteria|p__Firmicutes|c__Bacilli|o__Lactobacillales|f__Streptococcaceae|g__Streptococcus|s__Streptococcus_mitis|t__SGB8091",1,0.00429184549356223,0.006623,FALSE,TRUE,FALSE,NA,"HMP1-2 taxonomy vaginal"
"k__Bacteria|p__Actinobacteria|c__Coriobacteriia|o__Coriobacteriales|f__Atopobiaceae|g__Lancefieldella|s__Lancefieldella_parvula|t__SGB964",3,0.0128755364806867,0.00349339966847337,FALSE,TRUE,FALSE,NA,"HMP1-2 taxonomy vaginal"
"k__Bacteria|p__Proteobacteria|c__Betaproteobacteria|o__Burkholderiales|f__Burkholderiaceae|g__Lautropia|s__Lautropia_mirabilis|t__SGB13165",10,0.0429184549356223,0.00259785956582816,FALSE,TRUE,FALSE,NA,"HMP1-2 taxonomy vaginal"
"k__Bacteria|p__Actinobacteria|c__Actinobacteria|o__Actinomycetales|f__Actinomycetaceae|g__Actinomyces|s__Actinomyces_sp_ICM58|t__SGB17169",1,0.00429184549356223,0.0008966,FALSE,FALSE,FALSE,NA,"HMP1-2 taxonomy vaginal"
"k__Bacteria|p__Firmicutes|c__Clostridia|o__Clostridiales|f__Lachnospiraceae|g__Oribacterium|s__Oribacterium_SGB5283|t__SGB5283",1,0.00429184549356223,0.0005086,FALSE,FALSE,FALSE,NA,"HMP1-2 taxonomy vaginal"
"k__Bacteria|p__Candidatus_Saccharibacteria|c__Candidatus_Saccharibacteria_unclassified|o__Candidatus_Saccharibacteria_unclassified|f__Candidatus_Saccharibacteria_unclassified|g__Candidatus_Saccharibacteria_unclassified|s__Candidatus_Saccharibacteria_unclassified_SGB19782|t__SGB19782",1,0.00429184549356223,0.0026009,FALSE,TRUE,FALSE,NA,"HMP1-2 taxonomy vaginal"
"k__Bacteria|p__Proteobacteria|c__Gammaproteobacteria|o__Pasteurellales|f__Pasteurellaceae|g__Haemophilus|s__Haemophilus_parahaemolyticus|t__SGB9632",0,0,NA,FALSE,FALSE,FALSE,NA,"HMP1-2 taxonomy vaginal"
"k__Bacteria|p__Fusobacteria|c__Fusobacteriia|o__Fusobacteriales|f__Fusobacteriaceae|g__Fusobacterium|s__Fusobacterium_nucleatum|t__SGB6013",1,0.00429184549356223,6.29999874000025e-06,FALSE,FALSE,FALSE,NA,"HMP1-2 taxonomy vaginal"
"k__Bacteria|p__Bacteroidetes|c__Bacteroidia|o__Bacteroidales|f__Prevotellaceae|g__Prevotella|s__Prevotella_jejuni|t__SGB1545",2,0.00858369098712446,0.00487484923340015,FALSE,TRUE,FALSE,NA,"HMP1-2 taxonomy vaginal"
"k__Bacteria|p__Firmicutes|c__Negativicutes|o__Veillonellales|f__Veillonellaceae|g__Veillonella|s__Veillonella_tobetsuensis|t__SGB6935",1,0.00429184549356223,0.0291473,FALSE,TRUE,FALSE,NA,"HMP1-2 taxonomy vaginal"
"k__Bacteria|p__Firmicutes|c__Bacilli|o__Lactobacillales|f__Carnobacteriaceae|g__Granulicatella|s__Granulicatella_elegans|t__SGB8245_group",2,0.00858369098712446,0.00130024986767501,FALSE,TRUE,FALSE,NA,"HMP1-2 taxonomy vaginal"
"k__Bacteria|p__Fusobacteria|c__Fusobacteriia|o__Fusobacteriales|f__Leptotrichiaceae|g__Leptotrichia|s__Leptotrichia_massiliensis|t__SGB6063",1,0.00429184549356223,0.000248800024880003,FALSE,FALSE,FALSE,NA,"HMP1-2 taxonomy vaginal"
"k__Bacteria|p__Firmicutes|c__Bacilli|o__Bacillales|f__Bacillales_unclassified|g__Gemella|s__Gemella_haemolysans|t__SGB7292",3,0.0128755364806867,0.00136363325040338,FALSE,TRUE,FALSE,NA,"HMP1-2 taxonomy vaginal"
"k__Bacteria|p__Proteobacteria|c__Betaproteobacteria|o__Burkholderiales|f__Comamonadaceae|g__Curvibacter|s__Curvibacter_gracilis|t__SGB32622",0,0,NA,FALSE,FALSE,FALSE,NA,"HMP1-2 taxonomy vaginal"
"k__Bacteria|p__Actinobacteria|c__Actinobacteria|o__Corynebacteriales|f__Corynebacteriaceae|g__Corynebacterium|s__Corynebacterium_matruchotii|t__SGB17007",33,0.141630901287554,0.0115534190072784,TRUE,TRUE,TRUE,0.0910497866497227,"HMP1-2 taxonomy vaginal"
"k__Bacteria|p__Candidatus_Gracilibacteria|c__Candidatus_Gracilibacteria_unclassified|o__Candidatus_Gracilibacteria_unclassified|f__Candidatus_Gracilibacteria_unclassified|g__Candidatus_Gracilibacteria_unclassified|s__Candidatus_Gracilibacteria_bacterium_GN02_872|t__SGB5978",1,0.00429184549356223,0.00806929838614032,FALSE,TRUE,FALSE,NA,"HMP1-2 taxonomy vaginal"
"k__Bacteria|p__Actinobacteria|c__Actinobacteria|o__Actinomycetales|f__Actinomycetaceae|g__Actinomyces|s__Actinomyces_naeslundii|t__SGB15888",5,0.0214592274678112,0.00146909977270005,FALSE,TRUE,FALSE,NA,"HMP1-2 taxonomy vaginal"
"k__Bacteria|p__Candidatus_Saccharibacteria|c__CFGB4355|o__OFGB4355|f__FGB4355|g__GGB12788|s__GGB12788_SGB19831|t__SGB19831",2,0.00858369098712446,0.00128094986318002,FALSE,TRUE,FALSE,NA,"HMP1-2 taxonomy vaginal"
"k__Bacteria|p__Candidatus_Absconditabacteria|c__Candidatus_Absconditabacteria_unclassified|o__Candidatus_Absconditabacteria_unclassified|f__Candidatus_Absconditabacteria_unclassified|g__Candidatus_Absconditabacteria_unclassified|s__candidate_division_SR1_bacterium_MGEHA|t__SGB6891",3,0.0128755364806867,0.000601366619633343,FALSE,FALSE,FALSE,NA,"HMP1-2 taxonomy vaginal"
"k__Bacteria|p__Actinobacteria|c__Actinobacteria|o__Actinomycetales|f__Actinomycetaceae|g__Actinobaculum|s__Actinobaculum_sp_oral_taxon_183|t__SGB15892",8,0.0343347639484979,0.00598317375627279,FALSE,TRUE,FALSE,NA,"HMP1-2 taxonomy vaginal"
"k__Bacteria|p__Actinobacteria|c__Actinobacteria|o__Actinomycetales|f__Actinomycetaceae|g__Actinomyces|s__Actinomyces_massiliensis|t__SGB15873",6,0.0257510729613734,0.00358939943810177,FALSE,TRUE,FALSE,NA,"HMP1-2 taxonomy vaginal"
"k__Bacteria|p__Bacteroidetes|c__Flavobacteriia|o__Flavobacteriales|f__Flavobacteriaceae|g__Capnocytophaga|s__Capnocytophaga_sp_oral_taxon_863|t__SGB2486",2,0.00858369098712446,3.76999962700007e-05,FALSE,FALSE,FALSE,NA,"HMP1-2 taxonomy vaginal"
"k__Bacteria|p__Proteobacteria|c__Epsilonproteobacteria|o__Campylobacterales|f__Campylobacteraceae|g__Campylobacter|s__Campylobacter_gracilis|t__SGB19300",2,0.00858369098712446,0.00196249961749508,FALSE,TRUE,FALSE,NA,"HMP1-2 taxonomy vaginal"
"k__Bacteria|p__Bacteroidetes|c__Bacteroidia|o__Bacteroidales|f__Prevotellaceae|g__Prevotella|s__Prevotella_loescheii|t__SGB1457",1,0.00429184549356223,1.04000041600017e-05,FALSE,FALSE,FALSE,NA,"HMP1-2 taxonomy vaginal"
"k__Bacteria|p__Actinobacteria|c__Actinobacteria|o__Propionibacteriales|f__Propionibacteriaceae|g__Arachnia|s__Arachnia_SGB15899|t__SGB15899",0,0,NA,FALSE,FALSE,FALSE,NA,"HMP1-2 taxonomy vaginal"
"k__Bacteria|p__Candidatus_Saccharibacteria|c__Candidatus_Saccharibacteria_unclassified|o__Candidatus_Saccharibacteria_unclassified|f__Candidatus_Saccharibacteria_unclassified|g__GGB12796|s__GGB12796_SGB19893|t__SGB19893",0,0,NA,FALSE,FALSE,FALSE,NA,"HMP1-2 taxonomy vaginal"
"k__Bacteria|p__Proteobacteria|c__Betaproteobacteria|o__Neisseriales|f__Neisseriaceae|g__Eikenella|s__Eikenella_corrodens|t__SGB9434",1,0.00429184549356223,0.00297529940494012,FALSE,TRUE,FALSE,NA,"HMP1-2 taxonomy vaginal"
"k__Bacteria|p__Actinobacteria|c__Actinobacteria|o__Propionibacteriales|f__Propionibacteriaceae|g__Arachnia|s__Pseudopropionibacterium_massiliense|t__SGB35138",0,0,NA,FALSE,FALSE,FALSE,NA,"HMP1-2 taxonomy vaginal"
"k__Bacteria|p__Bacteroidetes|c__Flavobacteriia|o__Flavobacteriales|f__Flavobacteriaceae|g__GGB1832|s__GGB1832_SGB2476|t__SGB2476",1,0.00429184549356223,0.0007206,FALSE,FALSE,FALSE,NA,"HMP1-2 taxonomy vaginal"
"k__Bacteria|p__Firmicutes|c__Bacilli|o__Lactobacillales|f__Streptococcaceae|g__Streptococcus|s__Streptococcus_gordonii|t__SGB8054",1,0.00429184549356223,0.00194189961162008,FALSE,TRUE,FALSE,NA,"HMP1-2 taxonomy vaginal"
"k__Bacteria|p__Firmicutes|c__Bacilli|o__Bacillales|f__Bacillales_unclassified|g__Gemella|s__Gemella_morbillorum|t__SGB7295",1,0.00429184549356223,0.00024439995112001,FALSE,FALSE,FALSE,NA,"HMP1-2 taxonomy vaginal"
"k__Bacteria|p__Proteobacteria|c__Epsilonproteobacteria|o__Campylobacterales|f__Campylobacteraceae|g__Campylobacter|s__Campylobacter_SGB19317|t__SGB19317",1,0.00429184549356223,0.00238109952378009,FALSE,TRUE,FALSE,NA,"HMP1-2 taxonomy vaginal"
"k__Bacteria|p__Actinobacteria|c__Actinobacteria|o__Actinomycetales|f__Actinomycetaceae|g__Actinomyces|s__Actinomyces_timonensis|t__SGB33750",0,0,NA,FALSE,FALSE,FALSE,NA,"HMP1-2 taxonomy vaginal"
"k__Bacteria|p__Actinobacteria|c__Actinobacteria|o__Propionibacteriales|f__Propionibacteriaceae|g__Arachnia|s__Pseudopropionibacterium_propionicum|t__SGB15897",1,0.00429184549356223,0.000125099974980005,FALSE,FALSE,FALSE,NA,"HMP1-2 taxonomy vaginal"
"k__Bacteria|p__Proteobacteria|c__Betaproteobacteria|o__Neisseriales|f__Neisseriaceae|g__Eikenella|s__Eikenella_halliae|t__SGB9430",1,0.00429184549356223,6.70000268000107e-06,FALSE,FALSE,FALSE,NA,"HMP1-2 taxonomy vaginal"
"k__Bacteria|p__Actinobacteria|c__Actinobacteria|o__Actinomycetales|f__Actinomycetaceae|g__Peptidiphaga|s__Peptidiphaga_gingivicola|t__SGB15894",0,0,NA,FALSE,FALSE,FALSE,NA,"HMP1-2 taxonomy vaginal"
"k__Bacteria|p__Actinobacteria|c__Actinobacteria|o__Actinomycetales|f__Actinomycetaceae|g__Actinomyces|s__Actinomyces_johnsonii|t__SGB15887",1,0.00429184549356223,9.21999815600037e-05,FALSE,FALSE,FALSE,NA,"HMP1-2 taxonomy vaginal"
"k__Bacteria|p__Firmicutes|c__Clostridia|o__Clostridiales|f__Clostridiales_Family_XIII_Incertae_Sedis|g__Clostridiales_Family_XIII_Incertae_Sedis_unclassified|s__Eubacterium_brachy|t__SGB3931",0,0,NA,FALSE,FALSE,FALSE,NA,"HMP1-2 taxonomy vaginal"
"k__Bacteria|p__Actinobacteria|c__Actinobacteria|o__Actinomycetales|f__Actinomycetaceae|g__Actinomyces|s__Actinomyces_gerencseriae|t__SGB15874",0,0,NA,FALSE,FALSE,FALSE,NA,"HMP1-2 taxonomy vaginal"
"k__Bacteria|p__Firmicutes|c__Tissierellia|o__Tissierellales|f__Peptoniphilaceae|g__Parvimonas|s__Parvimonas_micra|t__SGB6653",0,0,NA,FALSE,FALSE,FALSE,NA,"HMP1-2 taxonomy vaginal"
"k__Bacteria|p__Bacteroidetes|c__Flavobacteriia|o__Flavobacteriales|f__Flavobacteriaceae|g__Capnocytophaga|s__Capnocytophaga_ochracea|t__SGB2497",3,0.0128755364806867,0.00883343157928702,FALSE,TRUE,FALSE,NA,"HMP1-2 taxonomy vaginal"
"k__Bacteria|p__Firmicutes|c__Negativicutes|o__Selenomonadales|f__Selenomonadaceae|g__Selenomonas|s__Selenomonas_noxia|t__SGB5884",1,0.00429184549356223,0.0204610959077808,FALSE,TRUE,FALSE,NA,"HMP1-2 taxonomy vaginal"
"k__Bacteria|p__Firmicutes|c__Negativicutes|o__Veillonellales|f__Veillonellaceae|g__Veillonella|s__Veillonella_sp_3627|t__SGB6934",2,0.00858369098712446,0.00223204977679502,FALSE,TRUE,FALSE,NA,"HMP1-2 taxonomy vaginal"
"k__Bacteria|p__Firmicutes|c__Clostridia|o__Clostridiales|f__Lachnospiraceae|g__Oribacterium|s__Oribacterium_sp_oral_taxon_078|t__SGB7282",0,0,NA,FALSE,FALSE,FALSE,NA,"HMP1-2 taxonomy vaginal"
"k__Bacteria|p__Actinobacteria|c__Actinobacteria|o__Actinomycetales|f__Actinomycetaceae|g__Actinomyces|s__Actinomyces_sp_oral_taxon_448|t__SGB15872",4,0.0171673819742489,0.00141779983773002,FALSE,TRUE,FALSE,NA,"HMP1-2 taxonomy vaginal"
"k__Bacteria|p__Candidatus_Saccharibacteria|c__Candidatus_Saccharimonia|o__Candidatus_Nanosynbacterales|f__Candidatus_Nanosynbacteraceae|g__Candidatus_Nanosynbacter|s__Candidatus_Nanosynbacter_lyticus|t__SGB19849",0,0,NA,FALSE,FALSE,FALSE,NA,"HMP1-2 taxonomy vaginal"
"k__Bacteria|p__Actinobacteria|c__Actinobacteria|o__Actinomycetales|f__Actinomycetaceae|g__Schaalia|s__Schaalia_meyeri|t__SGB17150",0,0,NA,FALSE,FALSE,FALSE,NA,"HMP1-2 taxonomy vaginal"
"k__Bacteria|p__Actinobacteria|c__Actinobacteria|o__Micrococcales|f__Kytococcaceae|g__Kytococcus|s__Kytococcus_sedentarius|t__SGB17151",0,0,NA,FALSE,FALSE,FALSE,NA,"HMP1-2 taxonomy vaginal"
"k__Bacteria|p__Proteobacteria|c__Gammaproteobacteria|o__Pasteurellales|f__Pasteurellaceae|g__Aggregatibacter|s__Aggregatibacter_actinomycetemcomitans|t__SGB9729",0,0,NA,FALSE,FALSE,FALSE,NA,"HMP1-2 taxonomy vaginal"
"k__Bacteria|p__Firmicutes|c__Negativicutes|o__Selenomonadales|f__Selenomonadaceae|g__Selenomonas|s__Selenomonas_infelix|t__SGB5894",1,0.00429184549356223,1.73999965200007e-05,FALSE,FALSE,FALSE,NA,"HMP1-2 taxonomy vaginal"
"k__Bacteria|p__Firmicutes|c__Bacilli|o__Lactobacillales|f__Aerococcaceae|g__Abiotrophia|s__Abiotrophia_sp_HMSC24B09|t__SGB8236",3,0.0128755364806867,0.000423833306600003,FALSE,FALSE,FALSE,NA,"HMP1-2 taxonomy vaginal"
"k__Bacteria|p__Proteobacteria|c__Epsilonproteobacteria|o__Campylobacterales|f__Campylobacteraceae|g__Campylobacter|s__Campylobacter_showae|t__SGB19322",2,0.00858369098712446,0.00616819999983,FALSE,TRUE,FALSE,NA,"HMP1-2 taxonomy vaginal"
"k__Bacteria|p__Candidatus_Saccharibacteria|c__Candidatus_Saccharibacteria_unclassified|o__Candidatus_Saccharibacteria_unclassified|f__Candidatus_Saccharibacteria_unclassified|g__Candidatus_Saccharibacteria_unclassified|s__Candidatus_Saccharibacteria_bacterium_oral_taxon_488|t__SGB19903",1,0.00429184549356223,3.48000139200056e-05,FALSE,FALSE,FALSE,NA,"HMP1-2 taxonomy vaginal"
"k__Bacteria|p__Fusobacteria|c__Fusobacteriia|o__Fusobacteriales|f__Fusobacteriaceae|g__Fusobacterium|s__Fusobacterium_hwasookii|t__SGB5997",1,0.00429184549356223,1.27999974400005e-05,FALSE,FALSE,FALSE,NA,"HMP1-2 taxonomy vaginal"
"k__Bacteria|p__Proteobacteria|c__Gammaproteobacteria|o__Cardiobacteriales|f__Cardiobacteriaceae|g__Cardiobacterium|s__Cardiobacterium_valvarum|t__SGB9416",1,0.00429184549356223,3.48999930200014e-05,FALSE,FALSE,FALSE,NA,"HMP1-2 taxonomy vaginal"
"k__Bacteria|p__Actinobacteria|c__Actinobacteria|o__Actinomycetales|f__Actinomycetaceae|g__Actinomyces|s__Actinomyces_sp_ZJ308|t__SGB86822",1,0.00429184549356223,9.69999806000039e-06,FALSE,FALSE,FALSE,NA,"HMP1-2 taxonomy vaginal"
"k__Bacteria|p__Fusobacteria|c__Fusobacteriia|o__Fusobacteriales|f__Leptotrichiaceae|g__Leptotrichia|s__Leptotrichia_hongkongensis|t__SGB6059",2,0.00858369098712446,0.0122935475717755,FALSE,TRUE,FALSE,NA,"HMP1-2 taxonomy vaginal"
"k__Bacteria|p__Candidatus_Saccharibacteria|c__Candidatus_Saccharibacteria_unclassified|o__Candidatus_Saccharibacteria_unclassified|f__Candidatus_Saccharibacteria_unclassified|g__Candidatus_Saccharibacteria_unclassified|s__TM7_phylum_sp_oral_taxon_348|t__SGB19880",2,0.00858369098712446,0.00450959909808018,FALSE,TRUE,FALSE,NA,"HMP1-2 taxonomy vaginal"
"k__Bacteria|p__Actinobacteria|c__Actinobacteria|o__Actinomycetales|f__Actinomycetaceae|g__Actinomyces|s__Actinomyces_dentalis|t__SGB15877",2,0.00858369098712446,0.000228599984515004,FALSE,FALSE,FALSE,NA,"HMP1-2 taxonomy vaginal"
"k__Bacteria|p__Firmicutes|c__Clostridia|o__Clostridiales|f__Peptostreptococcaceae|g__Peptoanaerobacter|s__Eubacterium_yurii|t__SGB6622",0,0,NA,FALSE,FALSE,FALSE,NA,"HMP1-2 taxonomy vaginal"
"k__Bacteria|p__Proteobacteria|c__Betaproteobacteria|o__Neisseriales|f__Neisseriaceae|g__Kingella|s__Kingella_denitrificans|t__SGB9437",3,0.0128755364806867,0.0010973664757767,FALSE,TRUE,FALSE,NA,"HMP1-2 taxonomy vaginal"
"k__Bacteria|p__Firmicutes|c__CFGB1395|o__OFGB1395|f__FGB1395|g__GGB3388|s__GGB3388_SGB4476|t__SGB4476",0,0,NA,FALSE,FALSE,FALSE,NA,"HMP1-2 taxonomy vaginal"
"k__Bacteria|p__Proteobacteria|c__Epsilonproteobacteria|o__Campylobacterales|f__Campylobacteraceae|g__Campylobacter|s__Campylobacter_rectus|t__SGB19315",0,0,NA,FALSE,FALSE,FALSE,NA,"HMP1-2 taxonomy vaginal"
"k__Bacteria|p__Firmicutes|c__Bacilli|o__Lactobacillales|f__Streptococcaceae|g__Streptococcus|s__Streptococcus_oralis|t__SGB8121",1,0.00429184549356223,2.09999958000008e-06,FALSE,FALSE,FALSE,NA,"HMP1-2 taxonomy vaginal"
"k__Bacteria|p__Firmicutes|c__Bacilli|o__Bacillales|f__Staphylococcaceae|g__Staphylococcus|s__Staphylococcus_epidermidis|t__SGB7865",10,0.0429184549356223,0.00179522984863102,FALSE,TRUE,FALSE,NA,"HMP1-2 taxonomy vaginal"
"k__Bacteria|p__Bacteroidetes|c__Bacteroidia|o__Bacteroidales|f__Bacteroidales_unclassified|g__Phocaeicola|s__Phocaeicola_dorei|t__SGB1815",14,0.0600858369098712,0.000495414334053586,FALSE,FALSE,FALSE,NA,"HMP1-2 taxonomy vaginal"
"k__Bacteria|p__Actinobacteria|c__Actinobacteria|o__Corynebacteriales|f__Corynebacteriaceae|g__Corynebacterium|s__Corynebacterium_accolens|t__SGB17097",1,0.00429184549356223,4.36000087200017e-05,FALSE,FALSE,FALSE,NA,"HMP1-2 taxonomy vaginal"
"k__Bacteria|p__Actinobacteria|c__Actinobacteria|o__Propionibacteriales|f__Propionibacteriaceae|g__Cutibacterium|s__Cutibacterium_acnes|t__SGB16955",31,0.133047210300429,0.0170821726926456,TRUE,TRUE,TRUE,0.125558964651334,"HMP1-2 taxonomy vaginal"
"k__Bacteria|p__Bacteroidetes|c__Bacteroidia|o__Bacteroidales|f__Rikenellaceae|g__Alistipes|s__Alistipes_onderdonkii|t__SGB2303",7,0.0300429184549356,0.000774928544727146,FALSE,FALSE,FALSE,NA,"HMP1-2 taxonomy vaginal"
"k__Bacteria|p__Actinobacteria|c__Actinobacteria|o__Corynebacteriales|f__Lawsonellaceae|g__GGB2722|s__GGB2722_SGB3663|t__SGB3663",4,0.0171673819742489,0.00121744987201002,FALSE,TRUE,FALSE,NA,"HMP1-2 taxonomy vaginal"
"k__Bacteria|p__Firmicutes|c__Clostridia|o__Clostridia_unclassified|f__Clostridia_unclassified|g__GGB9758|s__GGB9758_SGB15368|t__SGB15368",2,0.00858369098712446,0.000293199960110014,FALSE,FALSE,FALSE,NA,"HMP1-2 taxonomy vaginal"
"k__Bacteria|p__Firmicutes|c__Clostridia|o__Clostridiales|f__Lachnospiraceae|g__Lachnospira|s__Lachnospira_sp_NSJ_43|t__SGB5087",0,0,NA,FALSE,FALSE,FALSE,NA,"HMP1-2 taxonomy vaginal"
"k__Bacteria|p__Firmicutes|c__Clostridia|o__Clostridiales|f__Lachnospiraceae|g__Lachnospiraceae_unclassified|s__Lachnospiraceae_unclassified_SGB4882|t__SGB4882",0,0,NA,FALSE,FALSE,FALSE,NA,"HMP1-2 taxonomy vaginal"
"k__Bacteria|p__Firmicutes|c__Bacilli|o__Bacillales|f__Staphylococcaceae|g__Staphylococcus|s__Staphylococcus_argenteus|t__SGB7853",0,0,NA,FALSE,FALSE,FALSE,NA,"HMP1-2 taxonomy vaginal"
"k__Bacteria|p__Firmicutes|c__Clostridia|o__Clostridiales|f__Lachnospiraceae|g__Dorea|s__Dorea_phocaeensis|t__SGB4572",0,0,NA,FALSE,FALSE,FALSE,NA,"HMP1-2 taxonomy vaginal"
"k__Bacteria|p__Firmicutes|c__Clostridia|o__Clostridiales|f__Lachnospiraceae|g__Mediterraneibacter|s__Ruminococcus_torques|t__SGB4608",1,0.00429184549356223,6.47000194100058e-05,FALSE,FALSE,FALSE,NA,"HMP1-2 taxonomy vaginal"
"k__Bacteria|p__Actinobacteria|c__Actinobacteria|o__Bifidobacteriales|f__Bifidobacteriaceae|g__Gardnerella|s__Gardnerella_vaginalis|t__SGB17307",52,0.223175965665236,0.125328241524886,TRUE,TRUE,TRUE,0.265693082320086,"HMP1-2 taxonomy vaginal"
"k__Bacteria|p__Actinobacteria|c__Actinobacteria|o__Bifidobacteriales|f__Bifidobacteriaceae|g__Gardnerella|s__Gardnerella_vaginalis|t__SGB17302",40,0.171673819742489,0.164909642115282,TRUE,TRUE,TRUE,0.342397479963498,"HMP1-2 taxonomy vaginal"
"k__Bacteria|p__Firmicutes|c__Bacilli|o__Lactobacillales|f__Lactobacillaceae|g__Lactobacillus|s__Lactobacillus_iners|t__SGB7025",110,0.472103004291845,0.426073982327776,TRUE,TRUE,TRUE,0.498095754344453,"HMP1-2 taxonomy vaginal"
"k__Bacteria|p__Actinobacteria|c__Actinobacteria|o__Actinomycetales|f__Actinomycetaceae|g__Fannyhessea|s__Fannyhessea_vaginae|t__SGB991",24,0.103004291845494,0.0908488095536591,TRUE,TRUE,TRUE,0.174169717664143,"HMP1-2 taxonomy vaginal"
"k__Bacteria|p__Fusobacteria|c__Fusobacteriia|o__Fusobacteriales|f__Leptotrichiaceae|g__Sneathia|s__Sneathia_amnii|t__SGB6044",12,0.0515021459227468,0.0499815710199108,FALSE,TRUE,FALSE,NA,"HMP1-2 taxonomy vaginal"
"k__Bacteria|p__Actinobacteria|c__Actinobacteria|o__Bifidobacteriales|f__Bifidobacteriaceae|g__Gardnerella|s__Gardnerella_vaginalis|t__SGB17305",28,0.120171673819742,0.0812029816293578,TRUE,TRUE,TRUE,0.273752581113525,"HMP1-2 taxonomy vaginal"
"k__Bacteria|p__Firmicutes|c__Negativicutes|o__Veillonellales|f__Veillonellaceae|g__Veillonellaceae_unclassified|s__Veillonellaceae_bacterium_DNF00626|t__SGB5831",19,0.0815450643776824,0.00734582151471443,FALSE,TRUE,FALSE,NA,"HMP1-2 taxonomy vaginal"
"k__Bacteria|p__Actinobacteria|c__Coriobacteriia|o__Coriobacteriales|f__Coriobacteriales_unclassified|g__Coriobacteriales_unclassified|s__Coriobacteriales_bacterium_DNF00809|t__SGB963",13,0.055793991416309,0.0185395486379371,FALSE,TRUE,FALSE,NA,"HMP1-2 taxonomy vaginal"
"k__Bacteria|p__Bacteroidetes|c__Bacteroidia|o__Bacteroidales|f__Prevotellaceae|g__Prevotella|s__Prevotella_timonensis|t__SGB1507",22,0.0944206008583691,0.02555056513745,FALSE,TRUE,FALSE,NA,"HMP1-2 taxonomy vaginal"
"k__Bacteria|p__Firmicutes|c__Tissierellia|o__Tissierellales|f__Peptoniphilaceae|g__Anaerococcus|s__Anaerococcus_tetradius|t__SGB6674",15,0.0643776824034335,0.00132684003613735,FALSE,TRUE,FALSE,NA,"HMP1-2 taxonomy vaginal"
"k__Bacteria|p__Actinobacteria|c__Actinobacteria|o__Actinomycetales|f__Actinomycetaceae|g__Fannyhessea|s__Fannyhessea_vaginae|t__SGB990",10,0.0429184549356223,0.00574615133866451,FALSE,TRUE,FALSE,NA,"HMP1-2 taxonomy vaginal"
"k__Bacteria|p__Bacteroidetes|c__Bacteroidia|o__Bacteroidales|f__Prevotellaceae|g__Prevotella|s__Prevotella_buccalis|t__SGB1517",12,0.0515021459227468,0.00670798395295021,FALSE,TRUE,FALSE,NA,"HMP1-2 taxonomy vaginal"
"k__Bacteria|p__Firmicutes|c__Negativicutes|o__Veillonellales|f__Veillonellaceae|g__Dialister|s__Dialister_micraerophilus|t__SGB5840",28,0.120171673819742,0.00492445020300084,TRUE,TRUE,TRUE,0.0303367430670532,"HMP1-2 taxonomy vaginal"
"k__Bacteria|p__Firmicutes|c__Tissierellia|o__Tissierellales|f__Peptoniphilaceae|g__Peptoniphilus|s__Peptoniphilus_lacrimalis|t__SGB6705",8,0.0343347639484979,0.00465942545636518,FALSE,TRUE,FALSE,NA,"HMP1-2 taxonomy vaginal"
"k__Bacteria|p__Bacteroidetes|c__Bacteroidia|o__Bacteroidales|f__Prevotellaceae|g__Prevotella|s__Prevotella_colorans|t__SGB1502",12,0.0515021459227468,0.0124762355537224,FALSE,TRUE,FALSE,NA,"HMP1-2 taxonomy vaginal"
"k__Bacteria|p__Firmicutes|c__Tissierellia|o__Tissierellia_unclassified|f__Tissierellia_unclassified|g__Tissierellia_unclassified|s__Tissierellia_bacterium_KA00581|t__SGB6647",10,0.0429184549356223,0.00847870048097426,FALSE,TRUE,FALSE,NA,"HMP1-2 taxonomy vaginal"
"k__Bacteria|p__Firmicutes|c__Bacilli|o__Lactobacillales|f__Lactobacillaceae|g__Lactobacillus|s__Lactobacillus_jensenii|t__SGB7034",37,0.158798283261803,0.251529017530456,TRUE,TRUE,TRUE,0.429851081582544,"HMP1-2 taxonomy vaginal"
"k__Bacteria|p__Firmicutes|c__Bacilli|o__Lactobacillales|f__Aerococcaceae|g__Aerococcus|s__Aerococcus_christensenii|t__SGB7881",28,0.120171673819742,0.00629887516278194,TRUE,TRUE,TRUE,0.0550680295131851,"HMP1-2 taxonomy vaginal"
"k__Bacteria|p__Bacteroidetes|c__Bacteroidia|o__Bacteroidales|f__Prevotellaceae|g__Prevotella|s__Prevotella_bivia|t__SGB1557",27,0.11587982832618,0.0158509542571809,TRUE,TRUE,TRUE,0.117692014687268,"HMP1-2 taxonomy vaginal"
"k__Bacteria|p__Actinobacteria|c__Actinobacteria|o__Actinomycetales|f__Actinomycetaceae|g__Mobiluncus|s__Mobiluncus_curtisii|t__SGB15487",7,0.0300429184549356,0.00197801420205576,FALSE,TRUE,FALSE,NA,"HMP1-2 taxonomy vaginal"
"k__Bacteria|p__Bacteroidetes|c__Bacteroidia|o__Bacteroidales|f__Prevotellaceae|g__Prevotella|s__Prevotella_disiens|t__SGB1559",12,0.0515021459227468,0.00470070005593919,FALSE,TRUE,FALSE,NA,"HMP1-2 taxonomy vaginal"
"k__Bacteria|p__Firmicutes|c__Bacilli|o__Lactobacillales|f__Lactobacillaceae|g__Limosilactobacillus|s__Lactobacillus_coleohominis|t__SGB7100",25,0.107296137339056,0.00207534403134282,TRUE,TRUE,TRUE,0.022696490620881,"HMP1-2 taxonomy vaginal"
"k__Bacteria|p__Firmicutes|c__Clostridia|o__Clostridiales|f__Hungateiclostridiaceae|g__Mageeibacillus|s__Mageeibacillus_indolicus|t__SGB4002",7,0.0300429184549356,0.0296924065540312,FALSE,TRUE,FALSE,NA,"HMP1-2 taxonomy vaginal"
"k__Bacteria|p__Fusobacteria|c__Fusobacteriia|o__Fusobacteriales|f__Leptotrichiaceae|g__Sneathia|s__Sneathia_sanguinegens|t__SGB6045",9,0.0386266094420601,0.00874892233878689,FALSE,TRUE,FALSE,NA,"HMP1-2 taxonomy vaginal"
"k__Bacteria|p__Bacteroidetes|c__Bacteroidia|o__Bacteroidales|f__Porphyromonadaceae|g__Porphyromonas|s__Porphyromonas_uenonis|t__SGB1973",8,0.0343347639484979,0.0144816255936444,FALSE,TRUE,FALSE,NA,"HMP1-2 taxonomy vaginal"
"k__Bacteria|p__Tenericutes|c__Mollicutes|o__Mycoplasmatales|f__Mycoplasmataceae|g__Mycoplasma|s__Mycoplasma_hominis|t__SGB5926",9,0.0386266094420601,0.00772495647136257,FALSE,TRUE,FALSE,NA,"HMP1-2 taxonomy vaginal"
"k__Bacteria|p__Firmicutes|c__Bacilli|o__Bacillales|f__Bacillales_unclassified|g__Gemella|s__Gemella_asaccharolytica|t__SGB7308",11,0.0472103004291846,0.000975600141592772,FALSE,FALSE,FALSE,NA,"HMP1-2 taxonomy vaginal"
"k__Bacteria|p__Firmicutes|c__Tissierellia|o__Tissierellia_unclassified|f__Tissierellia_unclassified|g__Ezakiella|s__Ezakiella_coagulans|t__SGB6728",3,0.0128755364806867,0.00214889999858,FALSE,TRUE,FALSE,NA,"HMP1-2 taxonomy vaginal"
"k__Bacteria|p__Firmicutes|c__Tissierellia|o__Tissierellales|f__Peptoniphilaceae|g__Peptoniphilus|s__Peptoniphilus_sp_BV3C26|t__SGB6713",6,0.0257510729613734,0.00062980006482836,FALSE,FALSE,FALSE,NA,"HMP1-2 taxonomy vaginal"
"k__Bacteria|p__Firmicutes|c__Tissierellia|o__Tissierellales|f__Peptoniphilaceae|g__Peptoniphilus|s__Peptoniphilus_duerdenii|t__SGB6715",2,0.00858369098712446,0.00010189999734,FALSE,FALSE,FALSE,NA,"HMP1-2 taxonomy vaginal"
"k__Bacteria|p__Firmicutes|c__Clostridia|o__Clostridiales|f__Peptococcaceae|g__Peptococcus|s__Peptococcus_niger|t__SGB4050",2,0.00858369098712446,0.000467099959070004,FALSE,FALSE,FALSE,NA,"HMP1-2 taxonomy vaginal"
"k__Bacteria|p__Firmicutes|c__Bacilli|o__Lactobacillales|f__Lactobacillaceae|g__Lactobacillus|s__Lactobacillus_gasseri|t__SGB7038_group",64,0.274678111587983,0.164014345321492,TRUE,TRUE,TRUE,0.427653998236697,"HMP1-2 taxonomy vaginal"
"k__Bacteria|p__Firmicutes|c__Clostridia|o__Clostridiales|f__Clostridiales_unclassified|g__Levyella|s__Levyella_massiliensis|t__SGB5300",4,0.0171673819742489,0.00308822500125,FALSE,TRUE,FALSE,NA,"HMP1-2 taxonomy vaginal"
"k__Bacteria|p__Firmicutes|c__Tissierellia|o__Tissierellales|f__Peptoniphilaceae|g__Anaerococcus|s__Anaerococcus_vaginalis|t__SGB29499",3,0.0128755364806867,0.000294033309970003,FALSE,FALSE,FALSE,NA,"HMP1-2 taxonomy vaginal"
"k__Bacteria|p__Firmicutes|c__Bacilli|o__Lactobacillales|f__Lactobacillaceae|g__Lactobacillus|s__Lactobacillus_jensenii|t__SGB7035",92,0.394849785407725,0.131983957499668,TRUE,TRUE,TRUE,0.369556571319814,"HMP1-2 taxonomy vaginal"
"k__Bacteria|p__Actinobacteria|c__Actinobacteria|o__Actinobacteria_unclassified|f__Actinobacteria_unclassified|g__GGB39918|s__GGB39918_SGB47522|t__SGB47522",23,0.0987124463519313,0.0048945956170135,FALSE,TRUE,FALSE,NA,"HMP1-2 taxonomy vaginal"
"k__Bacteria|p__Firmicutes|c__Tissierellia|o__Tissierellales|f__Peptoniphilaceae|g__Peptoniphilus|s__Peptoniphilus_harei|t__SGB6697",12,0.0515021459227468,0.00103019999930168,FALSE,TRUE,FALSE,NA,"HMP1-2 taxonomy vaginal"
"k__Bacteria|p__Firmicutes|c__Clostridia|o__Clostridiales|f__Clostridiales_unclassified|g__Fenollaria|s__Fenollaria_massiliensis|t__SGB6716",5,0.0214592274678112,0.002986900004452,FALSE,TRUE,FALSE,NA,"HMP1-2 taxonomy vaginal"
"k__Bacteria|p__Bacteroidetes|c__Bacteroidia|o__Bacteroidales|f__Porphyromonadaceae|g__Porphyromonas|s__Porphyromonas_asaccharolytica|t__SGB1981",2,0.00858369098712446,0.00820094918191008,FALSE,TRUE,FALSE,NA,"HMP1-2 taxonomy vaginal"
"k__Bacteria|p__Actinobacteria|c__Actinobacteria|o__Actinomycetales|f__Actinomycetaceae|g__Mobiluncus|s__Mobiluncus_mulieris|t__SGB15486",1,0.00429184549356223,4e-05,FALSE,FALSE,FALSE,NA,"HMP1-2 taxonomy vaginal"
"k__Bacteria|p__Firmicutes|c__Tissierellia|o__Tissierellales|f__Peptoniphilaceae|g__Anaerococcus|s__Anaerococcus_lactolyticus|t__SGB6669",5,0.0214592274678112,4.04799975940005e-05,FALSE,FALSE,FALSE,NA,"HMP1-2 taxonomy vaginal"
"k__Bacteria|p__Actinobacteria|c__Actinobacteria|o__Actinomycetales|f__Actinomycetaceae|g__Winkia|s__Winkia_neuii|t__SGB17191",4,0.0171673819742489,0.01156104951504,FALSE,TRUE,FALSE,NA,"HMP1-2 taxonomy vaginal"
"k__Bacteria|p__Tenericutes|c__Mollicutes|o__Mycoplasmatales|f__Mycoplasmataceae|g__Ureaplasma|s__Ureaplasma_parvum|t__SGB5568",55,0.236051502145923,0.00798844726241897,TRUE,TRUE,TRUE,0.0558913531053711,"HMP1-2 taxonomy vaginal"
"k__Bacteria|p__Actinobacteria|c__Actinobacteria|o__Actinomycetales|f__Actinomycetaceae|g__Varibaculum|s__Varibaculum_cambriense|t__SGB15482_group",3,0.0128755364806867,8.75333328100001e-05,FALSE,FALSE,FALSE,NA,"HMP1-2 taxonomy vaginal"
"k__Bacteria|p__Bacteroidetes|c__Bacteroidia|o__Bacteroidales|f__Prevotellaceae|g__Prevotella|s__Prevotella_bergensis|t__SGB1505",3,0.0128755364806867,4.54333318433335e-05,FALSE,FALSE,FALSE,NA,"HMP1-2 taxonomy vaginal"
"k__Bacteria|p__Firmicutes|c__Tissierellia|o__Tissierellales|f__Peptoniphilaceae|g__Peptoniphilus|s__Peptoniphilus_coxii|t__SGB6734",1,0.00429184549356223,5.9e-06,FALSE,FALSE,FALSE,NA,"HMP1-2 taxonomy vaginal"
"k__Bacteria|p__Actinobacteria|c__Coriobacteriia|o__Coriobacteriales|f__Coriobacteriaceae|g__Olegusella|s__Olegusella_massiliensis|t__SGB960",3,0.0128755364806867,0.000468699999626667,FALSE,FALSE,FALSE,NA,"HMP1-2 taxonomy vaginal"
"k__Bacteria|p__Actinobacteria|c__Coriobacteriia|o__Coriobacteriales|f__Atopobiaceae|g__Atopobium|s__Atopobium_deltae|t__SGB988",3,0.0128755364806867,4.62999979666674e-05,FALSE,FALSE,FALSE,NA,"HMP1-2 taxonomy vaginal"
"k__Bacteria|p__Candidatus_Absconditabacteria|c__Candidatus_Absconditabacteria_unclassified|o__Candidatus_Absconditabacteria_unclassified|f__Candidatus_Absconditabacteria_unclassified|g__GGB4936|s__GGB4936_SGB6889|t__SGB6889",0,0,NA,FALSE,FALSE,FALSE,NA,"HMP1-2 taxonomy vaginal"
"k__Bacteria|p__Bacteroidetes|c__Flavobacteriia|o__Flavobacteriales|f__Flavobacteriaceae|g__Capnocytophaga|s__Capnocytophaga_SGB2499|t__SGB2499",1,0.00429184549356223,0.0217655,FALSE,TRUE,FALSE,NA,"HMP1-2 taxonomy vaginal"
"k__Bacteria|p__Firmicutes|c__Tissierellia|o__Tissierellales|f__Peptoniphilaceae|g__Parvimonas|s__Parvimonas_SGB6649|t__SGB6649",1,0.00429184549356223,0.0114885,FALSE,TRUE,FALSE,NA,"HMP1-2 taxonomy vaginal"
"k__Bacteria|p__Firmicutes|c__Bacilli|o__Lactobacillales|f__Streptococcaceae|g__Streptococcus|s__Streptococcus_rubneri|t__SGB8056",1,0.00429184549356223,0.007644,FALSE,TRUE,FALSE,NA,"HMP1-2 taxonomy vaginal"
"k__Bacteria|p__Bacteroidetes|c__Bacteroidia|o__Bacteroidales|f__Prevotellaceae|g__Prevotella|s__Prevotella_shahii|t__SGB1456",1,0.00429184549356223,0.0177997,FALSE,TRUE,FALSE,NA,"HMP1-2 taxonomy vaginal"
"k__Bacteria|p__Firmicutes|c__Clostridia|o__Clostridiales|f__Lachnospiraceae|g__GGB3394|s__GGB3394_SGB4498|t__SGB4498",2,0.00858369098712446,0.00385264998784,FALSE,TRUE,FALSE,NA,"HMP1-2 taxonomy vaginal"
"k__Bacteria|p__Firmicutes|c__Clostridia|o__Clostridiales|f__Lachnospiraceae|g__Lachnospiraceae_unclassified|s__Lachnospiraceae_bacterium_oral_taxon_096|t__SGB4479",4,0.0171673819742489,0.0020309250008375,FALSE,TRUE,FALSE,NA,"HMP1-2 taxonomy vaginal"
"k__Bacteria|p__Firmicutes|c__CFGB1394|o__OFGB1394|f__FGB1394|g__GGB3385|s__GGB3385_SGB4471|t__SGB4471",1,0.00429184549356223,0.0079938,FALSE,TRUE,FALSE,NA,"HMP1-2 taxonomy vaginal"
"k__Bacteria|p__Firmicutes|c__Clostridia|o__Clostridiales|f__Clostridiales_Family_XIII_Incertae_Sedis|g__Clostridiales_Family_XIII_Incertae_Sedis_unclassified|s__Eubacterium_sulci|t__SGB3934",1,0.00429184549356223,0.0228326,FALSE,TRUE,FALSE,NA,"HMP1-2 taxonomy vaginal"
"k__Bacteria|p__Firmicutes|c__Bacilli|o__Bacilli_unclassified|f__Bacilli_unclassified|g__GGB4721|s__GGB4721_SGB6537|t__SGB6537",0,0,NA,FALSE,FALSE,FALSE,NA,"HMP1-2 taxonomy vaginal"
"k__Bacteria|p__Bacteroidetes|c__CFGB497|o__OFGB497|f__FGB497|g__GGB1026|s__GGB1026_SGB1321|t__SGB1321",1,0.00429184549356223,0.0027352,FALSE,TRUE,FALSE,NA,"HMP1-2 taxonomy vaginal"
"k__Bacteria|p__Firmicutes|c__Clostridia|o__Clostridiales|f__Lachnospiraceae|g__Oribacterium|s__Oribacterium_parvum|t__SGB5286",1,0.00429184549356223,0.005574,FALSE,TRUE,FALSE,NA,"HMP1-2 taxonomy vaginal"
"k__Bacteria|p__Firmicutes|c__Clostridia|o__Clostridiales|f__Peptostreptococcaceae|g__Peptostreptococcus|s__Peptostreptococcus_SGB749|t__SGB749",1,0.00429184549356223,0.0088991,FALSE,TRUE,FALSE,NA,"HMP1-2 taxonomy vaginal"
"k__Bacteria|p__Fusobacteria|c__CFGB1781|o__OFGB1781|f__FGB1781|g__GGB4733|s__GGB4733_SGB6555|t__SGB6555",0,0,NA,FALSE,FALSE,FALSE,NA,"HMP1-2 taxonomy vaginal"
"k__Bacteria|p__Firmicutes|c__Clostridia|o__Clostridiales|f__Clostridiales_Family_XIII_Incertae_Sedis|g__Mogibacterium|s__Mogibacterium_diversum|t__SGB3922",1,0.00429184549356223,0.0068389,FALSE,TRUE,FALSE,NA,"HMP1-2 taxonomy vaginal"
"k__Bacteria|p__Bacteroidetes|c__Bacteroidia|o__Bacteroidales|f__Tannerellaceae|g__Tannerella|s__Tannerella_sp_oral_taxon_HOT_286|t__SGB2048",2,0.00858369098712446,0.00233714984608003,FALSE,TRUE,FALSE,NA,"HMP1-2 taxonomy vaginal"
"k__Bacteria|p__Firmicutes|c__CFGB1764|o__OFGB1764|f__FGB1764|g__GGB4538|s__GGB4538_SGB6256|t__SGB6256",0,0,NA,FALSE,FALSE,FALSE,NA,"HMP1-2 taxonomy vaginal"
"k__Bacteria|p__Bacteroidetes|c__Bacteroidia|o__Bacteroidales|f__Prevotellaceae|g__Prevotellaceae_unclassified|s__Prevotellaceae_bacterium_Marseille_P2826|t__SGB1465",1,0.00429184549356223,0.0029771,FALSE,TRUE,FALSE,NA,"HMP1-2 taxonomy vaginal"
"k__Bacteria|p__Spirochaetes|c__Spirochaetia|o__Spirochaetales|f__Spirochaetaceae|g__Treponema|s__Treponema_SGB3601|t__SGB3601",0,0,NA,FALSE,FALSE,FALSE,NA,"HMP1-2 taxonomy vaginal"
"k__Bacteria|p__Firmicutes|c__Clostridia|o__Clostridiales|f__Peptostreptococcaceae|g__GGB4783|s__GGB4783_SGB6619|t__SGB6619",1,0.00429184549356223,0.0004206,FALSE,FALSE,FALSE,NA,"HMP1-2 taxonomy vaginal"
"k__Bacteria|p__Firmicutes|c__CFGB1764|o__OFGB1764|f__FGB1764|g__GGB4538|s__GGB4538_SGB6253|t__SGB6253",0,0,NA,FALSE,FALSE,FALSE,NA,"HMP1-2 taxonomy vaginal"
"k__Bacteria|p__Tenericutes|c__Mollicutes|o__Mycoplasmatales|f__Mycoplasmataceae|g__Mycoplasma|s__Mycoplasma_orale|t__SGB5933",0,0,NA,FALSE,FALSE,FALSE,NA,"HMP1-2 taxonomy vaginal"
"k__Bacteria|p__Candidatus_Absconditabacteria|c__Candidatus_Absconditabacteria_unclassified|o__Candidatus_Absconditabacteria_unclassified|f__Candidatus_Absconditabacteria_unclassified|g__Candidatus_Absconditabacteria_unclassified|s__SR1_bacterium_human_oral_taxon_HOT_345|t__SGB6893",1,0.00429184549356223,0.0005627,FALSE,FALSE,FALSE,NA,"HMP1-2 taxonomy vaginal"
"k__Bacteria|p__Bacteroidetes|c__Bacteroidia|o__Bacteroidales|f__Prevotellaceae|g__Alloprevotella|s__Alloprevotella_tannerae|t__SGB1411",1,0.00429184549356223,0.003206,FALSE,TRUE,FALSE,NA,"HMP1-2 taxonomy vaginal"
"k__Bacteria|p__Bacteroidetes|c__Bacteroidia|o__Bacteroidales|f__Bacteroidaceae|g__Bacteroidaceae_unclassified|s__Bacteroidaceae_bacterium|t__SGB1469",2,0.00858369098712446,3.96500066100013e-05,FALSE,FALSE,FALSE,NA,"HMP1-2 taxonomy vaginal"
"k__Bacteria|p__Proteobacteria|c__CFGB4196|o__OFGB4196|f__FGB4196|g__GGB12441|s__GGB12441_SGB19290|t__SGB19290",0,0,NA,FALSE,FALSE,FALSE,NA,"HMP1-2 taxonomy vaginal"
"k__Bacteria|p__Bacteroidetes|c__CFGB570|o__OFGB570|f__FGB570|g__GGB1203|s__GGB1203_SGB1568|t__SGB1568",1,0.00429184549356223,0.0030503,FALSE,TRUE,FALSE,NA,"HMP1-2 taxonomy vaginal"
"k__Bacteria|p__Spirochaetes|c__Spirochaetia|o__Spirochaetales|f__Spirochaetaceae|g__GGB2672|s__GGB2672_SGB3600|t__SGB3600",0,0,NA,FALSE,FALSE,FALSE,NA,"HMP1-2 taxonomy vaginal"
"k__Bacteria|p__Candidatus_Saccharibacteria|c__Candidatus_Saccharibacteria_unclassified|o__Candidatus_Saccharibacteria_unclassified|f__Candidatus_Saccharibacteria_unclassified|g__GGB12763|s__GGB12763_SGB19797|t__SGB19797",1,0.00429184549356223,0.0023274,FALSE,TRUE,FALSE,NA,"HMP1-2 taxonomy vaginal"
"k__Bacteria|p__Firmicutes|c__CFGB1534|o__OFGB1534|f__FGB1534|g__GGB3886|s__GGB3886_SGB5269|t__SGB5269",1,0.00429184549356223,0.0022912,FALSE,TRUE,FALSE,NA,"HMP1-2 taxonomy vaginal"
"k__Bacteria|p__Firmicutes|c__CFGB1762|o__OFGB1762|f__FGB1762|g__GGB4533|s__GGB4533_SGB6246|t__SGB6246",0,0,NA,FALSE,FALSE,FALSE,NA,"HMP1-2 taxonomy vaginal"
"k__Bacteria|p__Firmicutes|c__Clostridia|o__Clostridiales|f__Lachnospiraceae|g__Lachnoanaerobaculum|s__Lachnoanaerobaculum_umeaense|t__SGB4490",0,0,NA,FALSE,FALSE,FALSE,NA,"HMP1-2 taxonomy vaginal"
"k__Bacteria|p__Firmicutes|c__Clostridia|o__Clostridiales|f__Peptostreptococcaceae|g__GGB4786|s__GGB4786_SGB6625|t__SGB6625",1,0.00429184549356223,2.52e-05,FALSE,FALSE,FALSE,NA,"HMP1-2 taxonomy vaginal"
"k__Bacteria|p__Bacteroidetes|c__Bacteroidia|o__Bacteroidales|f__Prevotellaceae|g__Alloprevotella|s__Alloprevotella_rava|t__SGB1485",0,0,NA,FALSE,FALSE,FALSE,NA,"HMP1-2 taxonomy vaginal"
"k__Bacteria|p__Candidatus_Saccharibacteria|c__Candidatus_Nanosyncoccalia|o__Candidatus_Nanogingivales|f__Candidatus_Nanogingivalaceae|g__GGB12785|s__GGB12785_SGB19825|t__SGB19825",0,0,NA,FALSE,FALSE,FALSE,NA,"HMP1-2 taxonomy vaginal"
"k__Bacteria|p__Proteobacteria|c__Betaproteobacteria|o__Neisseriales|f__Neisseriaceae|g__Neisseria|s__Neisseria_sp_oral_taxon_014|t__SGB9463",1,0.00429184549356223,0.0150623984937602,FALSE,TRUE,FALSE,NA,"HMP1-2 taxonomy vaginal"
"k__Bacteria|p__Proteobacteria|c__Betaproteobacteria|o__Burkholderiales|f__Burkholderiaceae|g__Lautropia|s__Lautropia_dentalis|t__SGB13164",0,0,NA,FALSE,FALSE,FALSE,NA,"HMP1-2 taxonomy vaginal"
"k__Bacteria|p__Candidatus_Saccharibacteria|c__Candidatus_Saccharibacteria_unclassified|o__Candidatus_Saccharibacteria_unclassified|f__Candidatus_Saccharibacteria_unclassified|g__GGB12762|s__GGB12762_SGB19792|t__SGB19792",0,0,NA,FALSE,FALSE,FALSE,NA,"HMP1-2 taxonomy vaginal"
"k__Bacteria|p__Bacteroidetes|c__Bacteroidia|o__Bacteroidales|f__Prevotellaceae|g__Prevotella|s__Prevotella_sp_HJM029|t__SGB1521",1,0.00429184549356223,0.000238299976170002,FALSE,FALSE,FALSE,NA,"HMP1-2 taxonomy vaginal"
"k__Bacteria|p__Bacteroidetes|c__CFGB570|o__OFGB570|f__FGB570|g__GGB1202|s__GGB1202_SGB1567|t__SGB1567",0,0,NA,FALSE,FALSE,FALSE,NA,"HMP1-2 taxonomy vaginal"
"k__Bacteria|p__Actinobacteria|c__Actinobacteria|o__Bifidobacteriales|f__Bifidobacteriaceae|g__Alloscardovia|s__Alloscardovia_omnicolens|t__SGB17300",0,0,NA,FALSE,FALSE,FALSE,NA,"HMP1-2 taxonomy vaginal"
"k__Bacteria|p__Spirochaetes|c__Spirochaetia|o__Spirochaetales|f__Spirochaetaceae|g__Treponema|s__Treponema_denticola|t__SGB3613",0,0,NA,FALSE,FALSE,FALSE,NA,"HMP1-2 taxonomy vaginal"
"k__Bacteria|p__Firmicutes|c__Bacilli|o__Bacillales|f__Bacillales_unclassified|g__Gemella|s__Gemella_SGB7284|t__SGB7284",1,0.00429184549356223,3.41999931600014e-05,FALSE,FALSE,FALSE,NA,"HMP1-2 taxonomy vaginal"
"k__Bacteria|p__Bacteroidetes|c__Bacteroidia|o__Bacteroidales|f__Porphyromonadaceae|g__Porphyromonas|s__Porphyromonas_endodontalis|t__SGB2016",0,0,NA,FALSE,FALSE,FALSE,NA,"HMP1-2 taxonomy vaginal"
"k__Bacteria|p__Proteobacteria|c__Betaproteobacteria|o__Neisseriales|f__Neisseriaceae|g__Neisseria|s__Neisseria_elongata|t__SGB9447",8,0.0343347639484979,0.00513331155219523,FALSE,TRUE,FALSE,NA,"HMP1-2 taxonomy vaginal"
"k__Bacteria|p__Fusobacteria|c__CFGB1781|o__OFGB1781|f__FGB1781|g__GGB4733|s__GGB4733_SGB6557|t__SGB6557",0,0,NA,FALSE,FALSE,FALSE,NA,"HMP1-2 taxonomy vaginal"
"k__Bacteria|p__Spirochaetes|c__Spirochaetia|o__Spirochaetales|f__Spirochaetaceae|g__Treponema|s__Treponema_sp_OMZ_804|t__SGB3607",0,0,NA,FALSE,FALSE,FALSE,NA,"HMP1-2 taxonomy vaginal"
"k__Bacteria|p__Bacteroidetes|c__Bacteroidia|o__Bacteroidales|f__Prevotellaceae|g__Prevotella|s__Prevotella_veroralis|t__SGB1541",1,0.00429184549356223,0.00524869947513005,FALSE,TRUE,FALSE,NA,"HMP1-2 taxonomy vaginal"
"k__Bacteria|p__Spirochaetes|c__Spirochaetia|o__Spirochaetales|f__Spirochaetaceae|g__Treponema|s__Treponema_socranskii|t__SGB3585",0,0,NA,FALSE,FALSE,FALSE,NA,"HMP1-2 taxonomy vaginal"
"k__Bacteria|p__Firmicutes|c__Clostridia|o__Clostridiales|f__Peptostreptococcaceae|g__Peptostreptococcus|s__Peptostreptococcus_stomatis|t__SGB748",0,0,NA,FALSE,FALSE,FALSE,NA,"HMP1-2 taxonomy vaginal"
"k__Bacteria|p__Bacteroidetes|c__Bacteroidetes_unclassified|o__Bacteroidetes_unclassified|f__Bacteroidetes_unclassified|g__Bacteroidetes_unclassified|s__Bacteroidetes_oral_taxon_274|t__SGB1341",0,0,NA,FALSE,FALSE,FALSE,NA,"HMP1-2 taxonomy vaginal"
"k__Bacteria|p__Firmicutes|c__Negativicutes|o__Selenomonadales|f__Selenomonadaceae|g__Selenomonas|s__Selenomonas_sputigena|t__SGB5898",1,0.00429184549356223,0.000137599972480005,FALSE,FALSE,FALSE,NA,"HMP1-2 taxonomy vaginal"
"k__Bacteria|p__Bacteroidetes|c__Flavobacteriia|o__Flavobacteriales|f__Flavobacteriaceae|g__Capnocytophaga|s__Capnocytophaga_sp_oral_taxon_332|t__SGB2489",2,0.00858369098712446,9.86500101200011e-05,FALSE,FALSE,FALSE,NA,"HMP1-2 taxonomy vaginal"
"k__Bacteria|p__Bacteroidetes|c__Bacteroidia|o__Bacteroidales|f__Porphyromonadaceae|g__Porphyromonas|s__Porphyromonas_SGB2042|t__SGB2042",0,0,NA,FALSE,FALSE,FALSE,NA,"HMP1-2 taxonomy vaginal"
"k__Bacteria|p__Proteobacteria|c__Epsilonproteobacteria|o__Campylobacterales|f__Campylobacteraceae|g__Campylobacter|s__Campylobacter_SGB19337|t__SGB19337_group",1,0.00429184549356223,0.0049905990018802,FALSE,TRUE,FALSE,NA,"HMP1-2 taxonomy vaginal"
"k__Bacteria|p__Firmicutes|c__Bacilli|o__Lactobacillales|f__Streptococcaceae|g__Streptococcus|s__Streptococcus_anginosus|t__SGB8028_group",4,0.0171673819742489,0.00215777490692001,FALSE,TRUE,FALSE,NA,"HMP1-2 taxonomy vaginal"
"k__Bacteria|p__Bacteroidetes|c__Bacteroidia|o__Bacteroidales|f__Prevotellaceae|g__Prevotella|s__Prevotella_denticola|t__SGB1540",2,0.00858369098712446,0.246228938558361,FALSE,TRUE,FALSE,NA,"HMP1-2 taxonomy vaginal"
"k__Bacteria|p__Firmicutes|c__Clostridia|o__Clostridiales|f__Clostridiales_Family_XIII_Incertae_Sedis|g__Mogibacterium|s__Mogibacterium_pumilum|t__SGB3924",0,0,NA,FALSE,FALSE,FALSE,NA,"HMP1-2 taxonomy vaginal"
"k__Bacteria|p__Fusobacteria|c__Fusobacteriia|o__Fusobacteriales|f__Leptotrichiaceae|g__Leptotrichia|s__Leptotrichia_buccalis|t__SGB6058",0,0,NA,FALSE,FALSE,FALSE,NA,"HMP1-2 taxonomy vaginal"
"k__Bacteria|p__Candidatus_Saccharibacteria|c__Candidatus_Saccharimonia|o__Candidatus_Saccharimonales|f__Candidatus_Sacchiramonaceaea|g__Candidatus_Nanosynsacchari|s__Candidatus_Nanosynsacchari_sp_TM7_ANC_38_39_G1_1|t__SGB19882",2,0.00858369098712446,0.00119599953056019,FALSE,TRUE,FALSE,NA,"HMP1-2 taxonomy vaginal"
"k__Bacteria|p__Tenericutes|c__Mollicutes|o__Mycoplasmatales|f__Mycoplasmataceae|g__Mycoplasma|s__Mycoplasma_salivarium|t__SGB5934",0,0,NA,FALSE,FALSE,FALSE,NA,"HMP1-2 taxonomy vaginal"
"k__Bacteria|p__Bacteroidetes|c__Bacteroidia|o__Bacteroidales|f__Porphyromonadaceae|g__Porphyromonas|s__Porphyromonas_catoniae|t__SGB2036",4,0.0171673819742489,0.000173524995485004,FALSE,FALSE,FALSE,NA,"HMP1-2 taxonomy vaginal"
"k__Bacteria|p__Bacteroidetes|c__Bacteroidetes_unclassified|o__Bacteroidetes_unclassified|f__Bacteroidetes_unclassified|g__Bacteroidetes_unclassified|s__Bacteroidetes_unclassified_SGB1343|t__SGB1343",1,0.00429184549356223,1.31000052400021e-05,FALSE,FALSE,FALSE,NA,"HMP1-2 taxonomy vaginal"
"k__Bacteria|p__Proteobacteria|c__Gammaproteobacteria|o__Pasteurellales|f__Pasteurellaceae|g__Aggregatibacter|s__Aggregatibacter_segnis|t__SGB9738_group",0,0,NA,FALSE,FALSE,FALSE,NA,"HMP1-2 taxonomy vaginal"
"k__Bacteria|p__Firmicutes|c__Erysipelotrichia|o__Erysipelotrichales|f__Erysipelotrichaceae|g__Bulleidia|s__Bulleidia_extructa|t__SGB6820",0,0,NA,FALSE,FALSE,FALSE,NA,"HMP1-2 taxonomy vaginal"
"k__Bacteria|p__Bacteroidetes|c__Bacteroidia|o__Bacteroidales|f__Prevotellaceae|g__GGB1138|s__GGB1138_SGB1455|t__SGB1455",0,0,NA,FALSE,FALSE,FALSE,NA,"HMP1-2 taxonomy vaginal"
"k__Bacteria|p__Firmicutes|c__Clostridia|o__Clostridiales|f__Lachnospiraceae|g__Lachnospiraceae_unclassified|s__Lachnospiraceae_bacterium_oral_taxon_500|t__SGB4480",1,0.00429184549356223,0.000233799953240009,FALSE,FALSE,FALSE,NA,"HMP1-2 taxonomy vaginal"
"k__Bacteria|p__Bacteroidetes|c__Bacteroidia|o__Bacteroidales|f__Porphyromonadaceae|g__Porphyromonas|s__Porphyromonas_sp_oral_taxon_278|t__SGB2041",2,0.00858369098712446,2.99999953600008e-05,FALSE,FALSE,FALSE,NA,"HMP1-2 taxonomy vaginal"
"k__Bacteria|p__Firmicutes|c__CFGB1394|o__OFGB1394|f__FGB1394|g__GGB3385|s__GGB3385_SGB4472|t__SGB4472_group",1,0.00429184549356223,0.000102699979460004,FALSE,FALSE,FALSE,NA,"HMP1-2 taxonomy vaginal"
"k__Bacteria|p__Candidatus_Saccharibacteria|c__Candidatus_Nanosyncoccalia|o__Candidatus_Nanogingivales|f__Candidatus_Nanogingivalaceae|g__GGB12785|s__GGB12785_SGB19827|t__SGB19827",0,0,NA,FALSE,FALSE,FALSE,NA,"HMP1-2 taxonomy vaginal"
"k__Bacteria|p__Fusobacteria|c__Fusobacteriia|o__Fusobacteriales|f__Leptotrichiaceae|g__GGB4400|s__GGB4400_SGB6074|t__SGB6074",1,0.00429184549356223,1.06999978600004e-05,FALSE,FALSE,FALSE,NA,"HMP1-2 taxonomy vaginal"
"k__Bacteria|p__Fusobacteria|c__Fusobacteriia|o__Fusobacteriales|f__Leptotrichiaceae|g__Pseudoleptotrichia|s__Pseudoleptotrichia_goodfellowii|t__SGB6073",0,0,NA,FALSE,FALSE,FALSE,NA,"HMP1-2 taxonomy vaginal"
"k__Bacteria|p__Bacteroidetes|c__CFGB494|o__OFGB494|f__FGB494|g__GGB1022|s__GGB1022_SGB1315|t__SGB1315",0,0,NA,FALSE,FALSE,FALSE,NA,"HMP1-2 taxonomy vaginal"
"k__Bacteria|p__Actinobacteria|c__Coriobacteriia|o__Eggerthellales|f__Eggerthellaceae|g__Slackia|s__Slackia_exigua|t__SGB14784",4,0.0171673819742489,3.28000054600026e-05,FALSE,FALSE,FALSE,NA,"HMP1-2 taxonomy vaginal"
"k__Bacteria|p__Proteobacteria|c__Gammaproteobacteria|o__Pasteurellales|f__Pasteurellaceae|g__Haemophilus|s__Haemophilus_pittmaniae|t__SGB9656",0,0,NA,FALSE,FALSE,FALSE,NA,"HMP1-2 taxonomy vaginal"
"k__Bacteria|p__Firmicutes|c__Bacilli|o__Lactobacillales|f__Streptococcaceae|g__Streptococcus|s__Streptococcus_constellatus|t__SGB8026",0,0,NA,FALSE,FALSE,FALSE,NA,"HMP1-2 taxonomy vaginal"
"k__Bacteria|p__Actinobacteria|c__Actinobacteria|o__Actinomycetales|f__Actinomycetaceae|g__Actinomyces|s__Actinomyces_bouchesdurhonensis|t__SGB17152",0,0,NA,FALSE,FALSE,FALSE,NA,"HMP1-2 taxonomy vaginal"
"k__Bacteria|p__Actinobacteria|c__Coriobacteriia|o__Coriobacteriales|f__Atopobiaceae|g__Lancefieldella|s__Lancefieldella_rimae|t__SGB985",0,0,NA,FALSE,FALSE,FALSE,NA,"HMP1-2 taxonomy vaginal"
"k__Bacteria|p__Candidatus_Saccharibacteria|c__Candidatus_Saccharibacteria_unclassified|o__Candidatus_Saccharibacteria_unclassified|f__Candidatus_Saccharibacteria_unclassified|g__GGB12761|s__GGB12761_SGB19791|t__SGB19791",0,0,NA,FALSE,FALSE,FALSE,NA,"HMP1-2 taxonomy vaginal"
"k__Bacteria|p__Firmicutes|c__Negativicutes|o__Veillonellales|f__Veillonellaceae|g__Anaeroglobus|s__Anaeroglobus_geminatus|t__SGB5870",0,0,NA,FALSE,FALSE,FALSE,NA,"HMP1-2 taxonomy vaginal"
"k__Bacteria|p__Firmicutes|c__Clostridia|o__Clostridiales|f__Clostridiales_Family_XIII_Incertae_Sedis|g__Clostridiales_Family_XIII_Incertae_Sedis_unclassified|s__Eubacterium_infirmum|t__SGB3936",0,0,NA,FALSE,FALSE,FALSE,NA,"HMP1-2 taxonomy vaginal"
"k__Bacteria|p__Bacteroidetes|c__Bacteroidia|o__Bacteroidales|f__Tannerellaceae|g__Tannerella|s__Tannerella_forsythia|t__SGB2053",0,0,NA,FALSE,FALSE,FALSE,NA,"HMP1-2 taxonomy vaginal"
"k__Bacteria|p__Firmicutes|c__Clostridia|o__Clostridiales|f__Lachnospiraceae|g__Catonella|s__Catonella_morbi|t__SGB4503",0,0,NA,FALSE,FALSE,FALSE,NA,"HMP1-2 taxonomy vaginal"
"k__Bacteria|p__Proteobacteria|c__Betaproteobacteria|o__Burkholderiales|f__Comamonadaceae|g__Ottowia|s__Ottowia_sp_Marseille_P4747|t__SGB12664",2,0.00858369098712446,8.0900022460011e-05,FALSE,FALSE,FALSE,NA,"HMP1-2 taxonomy vaginal"
"k__Bacteria|p__Bacteroidetes|c__Bacteroidia|o__Bacteroidales|f__Porphyromonadaceae|g__GGB1472|s__GGB1472_SGB2037|t__SGB2037",1,0.00429184549356223,0.000920599815880037,FALSE,FALSE,FALSE,NA,"HMP1-2 taxonomy vaginal"
"k__Bacteria|p__Proteobacteria|c__Epsilonproteobacteria|o__Campylobacterales|f__Campylobacteraceae|g__GGB12443|s__GGB12443_SGB19313|t__SGB19313",2,0.00858369098712446,3.25999990900024e-05,FALSE,FALSE,FALSE,NA,"HMP1-2 taxonomy vaginal"
"k__Bacteria|p__Firmicutes|c__Negativicutes|o__Selenomonadales|f__Selenomonadaceae|g__Selenomonas|s__Selenomonas_sp_oral_taxon_892|t__SGB5885",0,0,NA,FALSE,FALSE,FALSE,NA,"HMP1-2 taxonomy vaginal"
"k__Bacteria|p__Firmicutes|c__Clostridia|o__Clostridiales|f__Peptostreptococcaceae|g__Peptoanaerobacter|s__Peptoanaerobacter_SGB6621|t__SGB6621",0,0,NA,FALSE,FALSE,FALSE,NA,"HMP1-2 taxonomy vaginal"
"k__Bacteria|p__Spirochaetes|c__Spirochaetia|o__Spirochaetales|f__Spirochaetaceae|g__Treponema|s__Treponema_maltophilum|t__SGB3589",0,0,NA,FALSE,FALSE,FALSE,NA,"HMP1-2 taxonomy vaginal"
"k__Bacteria|p__Bacteroidetes|c__Bacteroidia|o__Bacteroidales|f__Prevotellaceae|g__Prevotella|s__Prevotella_saccharolytica|t__SGB1454",0,0,NA,FALSE,FALSE,FALSE,NA,"HMP1-2 taxonomy vaginal"
"k__Bacteria|p__Proteobacteria|c__Gammaproteobacteria|o__Pasteurellales|f__Pasteurellaceae|g__Aggregatibacter|s__Aggregatibacter_aphrophilus|t__SGB9731",0,0,NA,FALSE,FALSE,FALSE,NA,"HMP1-2 taxonomy vaginal"
"k__Bacteria|p__Actinobacteria|c__Coriobacteriia|o__Coriobacteriales|f__Atopobiaceae|g__Olsenella|s__Olsenella_sp_oral_taxon_807|t__SGB14348",0,0,NA,FALSE,FALSE,FALSE,NA,"HMP1-2 taxonomy vaginal"
"k__Bacteria|p__Firmicutes|c__Negativicutes|o__Selenomonadales|f__Selenomonadaceae|g__Selenomonas|s__Selenomonas_artemidis|t__SGB5878",1,0.00429184549356223,3.01999939600012e-05,FALSE,FALSE,FALSE,NA,"HMP1-2 taxonomy vaginal"
"k__Bacteria|p__Bacteroidetes|c__Bacteroidia|o__Bacteroidales|f__Prevotellaceae|g__Alloprevotella|s__Alloprevotella_sp_Lung230|t__SGB1467",0,0,NA,FALSE,FALSE,FALSE,NA,"HMP1-2 taxonomy vaginal"
"k__Bacteria|p__Firmicutes|c__Clostridia|o__Clostridiales|f__Lachnospiraceae|g__Johnsonella|s__Johnsonella_ignava|t__SGB6631",0,0,NA,FALSE,FALSE,FALSE,NA,"HMP1-2 taxonomy vaginal"
"k__Bacteria|p__Bacteroidetes|c__Bacteroidia|o__Bacteroidales|f__Prevotellaceae|g__Prevotella|s__Prevotella_oulorum|t__SGB1520",1,0.00429184549356223,0.00167939966412007,FALSE,TRUE,FALSE,NA,"HMP1-2 taxonomy vaginal"
"k__Bacteria|p__Bacteroidetes|c__Bacteroidia|o__Bacteroidales|f__Prevotellaceae|g__Prevotella|s__Prevotella_micans|t__SGB1565",0,0,NA,FALSE,FALSE,FALSE,NA,"HMP1-2 taxonomy vaginal"
"k__Bacteria|p__Actinobacteria|c__Actinobacteria|o__Actinomycetales|f__Actinomycetaceae|g__Pauljensenia|s__Pauljensenia_hongkongensis|t__SGB17148",1,0.00429184549356223,0.00534269893146021,FALSE,TRUE,FALSE,NA,"HMP1-2 taxonomy vaginal"
"k__Bacteria|p__Bacteroidetes|c__Bacteroidia|o__Bacteroidales|f__Prevotellaceae|g__Prevotella|s__Prevotella_maculosa|t__SGB1524",0,0,NA,FALSE,FALSE,FALSE,NA,"HMP1-2 taxonomy vaginal"
"k__Bacteria|p__Proteobacteria|c__Epsilonproteobacteria|o__Campylobacterales|f__Campylobacteraceae|g__Campylobacter|s__Campylobacter_curvus|t__SGB19334",0,0,NA,FALSE,FALSE,FALSE,NA,"HMP1-2 taxonomy vaginal"
"k__Bacteria|p__Bacteroidetes|c__Bacteroidia|o__Bacteroidales|f__Prevotellaceae|g__Prevotella|s__Prevotella_enoeca|t__SGB1527",0,0,NA,FALSE,FALSE,FALSE,NA,"HMP1-2 taxonomy vaginal"
"k__Bacteria|p__Actinobacteria|c__Actinobacteria|o__Actinomycetales|f__Actinomycetaceae|g__Schaalia|s__Schaalia_georgiae|t__SGB17149",0,0,NA,FALSE,FALSE,FALSE,NA,"HMP1-2 taxonomy vaginal"
"k__Bacteria|p__Firmicutes|c__Negativicutes|o__Selenomonadales|f__Selenomonadaceae|g__Centipeda|s__Centipeda_periodontii|t__SGB5887",0,0,NA,FALSE,FALSE,FALSE,NA,"HMP1-2 taxonomy vaginal"
"k__Bacteria|p__Firmicutes|c__Negativicutes|o__Selenomonadales|f__Selenomonadaceae|g__Selenomonas|s__Selenomonas_SGB5892|t__SGB5892",0,0,NA,FALSE,FALSE,FALSE,NA,"HMP1-2 taxonomy vaginal"
"k__Bacteria|p__Proteobacteria|c__Betaproteobacteria|o__Neisseriales|f__Neisseriaceae|g__Eikenella|s__Eikenella_exigua|t__SGB9429",0,0,NA,FALSE,FALSE,FALSE,NA,"HMP1-2 taxonomy vaginal"
"k__Bacteria|p__Fusobacteria|c__Fusobacteriia|o__Fusobacteriales|f__Leptotrichiaceae|g__Leptotrichia|s__Leptotrichia_trevisanii|t__SGB6066",1,0.00429184549356223,5.1499989700002e-05,FALSE,FALSE,FALSE,NA,"HMP1-2 taxonomy vaginal"
"k__Bacteria|p__Spirochaetes|c__Spirochaetia|o__Spirochaetales|f__Spirochaetaceae|g__Treponema|s__Treponema_SGB69443|t__SGB69443",0,0,NA,FALSE,FALSE,FALSE,NA,"HMP1-2 taxonomy vaginal"
"k__Bacteria|p__Proteobacteria|c__Gammaproteobacteria|o__Pasteurellales|f__Pasteurellaceae|g__GGB6814|s__GGB6814_SGB9728|t__SGB9728",0,0,NA,FALSE,FALSE,FALSE,NA,"HMP1-2 taxonomy vaginal"
"k__Bacteria|p__Spirochaetes|c__Spirochaetia|o__Spirochaetales|f__Spirochaetaceae|g__Treponema|s__Treponema_sp_Marseille_Q4130|t__SGB80266",0,0,NA,FALSE,FALSE,FALSE,NA,"HMP1-2 taxonomy vaginal"
"k__Bacteria|p__Actinobacteria|c__Actinobacteria|o__Propionibacteriales|f__Propionibacteriaceae|g__Arachnia|s__Arachnia_SGB15898|t__SGB15898",1,0.00429184549356223,0.00190659980934002,FALSE,TRUE,FALSE,NA,"HMP1-2 taxonomy vaginal"
"k__Bacteria|p__Proteobacteria|c__Betaproteobacteria|o__Neisseriales|f__Neisseriaceae|g__Eikenella|s__Eikenella_longinqua|t__SGB9436",0,0,NA,FALSE,FALSE,FALSE,NA,"HMP1-2 taxonomy vaginal"
"k__Bacteria|p__Fusobacteria|c__Fusobacteriia|o__Fusobacteriales|f__Fusobacteriaceae|g__Fusobacterium|s__Fusobacterium_canifelinum|t__SGB29027",0,0,NA,FALSE,FALSE,FALSE,NA,"HMP1-2 taxonomy vaginal"
"k__Bacteria|p__Actinobacteria|c__Actinobacteria|o__Corynebacteriales|f__Corynebacteriaceae|g__Corynebacterium|s__Corynebacterium_aurimucosum|t__SGB17100",2,0.00858369098712446,0.00148755044453513,FALSE,TRUE,FALSE,NA,"HMP1-2 taxonomy vaginal"
"k__Bacteria|p__Firmicutes|c__Tissierellia|o__Tissierellales|f__Peptoniphilaceae|g__GGB4812|s__GGB4812_SGB6657|t__SGB6657",1,0.00429184549356223,0.000141699985830001,FALSE,FALSE,FALSE,NA,"HMP1-2 taxonomy vaginal"
"k__Bacteria|p__Firmicutes|c__Tissierellia|o__Tissierellales|f__Peptoniphilaceae|g__Peptoniphilus|s__Peptoniphilus_lacydonensis|t__SGB6692",0,0,NA,FALSE,FALSE,FALSE,NA,"HMP1-2 taxonomy vaginal"
"k__Bacteria|p__Firmicutes|c__Bacilli|o__Bacilli_unclassified|f__Bacilli_unclassified|g__Bacilli_unclassified|s__Bacilli_unclassified_SGB6487|t__SGB6487",0,0,NA,FALSE,FALSE,FALSE,NA,"HMP1-2 taxonomy vaginal"
"k__Bacteria|p__Firmicutes|c__Clostridia|o__Clostridiales|f__Lachnospiraceae|g__Butyrivibrio|s__Butyrivibrio_crossotus|t__SGB5065",1,0.00429184549356223,0.0131045973790805,FALSE,TRUE,FALSE,NA,"HMP1-2 taxonomy vaginal"
"k__Bacteria|p__Bacteroidetes|c__Bacteroidia|o__Bacteroidales|f__Prevotellaceae|g__Prevotella|s__Prevotella_copri_clade_A|t__SGB1626",23,0.0987124463519313,0.0246867018199036,FALSE,TRUE,FALSE,NA,"HMP1-2 taxonomy vaginal"
"k__Bacteria|p__Firmicutes|c__Bacilli|o__Bacilli_unclassified|f__Bacilli_unclassified|g__GGB4700|s__GGB4700_SGB6506|t__SGB6506",0,0,NA,FALSE,FALSE,FALSE,NA,"HMP1-2 taxonomy vaginal"
"k__Bacteria|p__Bacteroidetes|c__Bacteroidia|o__Bacteroidales|f__Bacteroidales_unclassified|g__Phocaeicola|s__Phocaeicola_massiliensis|t__SGB1812",14,0.0600858369098712,0.00368486395755578,FALSE,TRUE,FALSE,NA,"HMP1-2 taxonomy vaginal"
"k__Bacteria|p__Bacteroidetes|c__Bacteroidia|o__Bacteroidales|f__Bacteroidaceae|g__Bacteroides|s__Bacteroides_uniformis|t__SGB1836_group",42,0.180257510729614,0.00332251903888409,TRUE,TRUE,TRUE,0.0461964373916011,"HMP1-2 taxonomy vaginal"
"k__Bacteria|p__Firmicutes|c__Clostridia|o__Clostridia_unclassified|f__Clostridia_unclassified|g__GGB9059|s__GGB9059_SGB13976|t__SGB13976",1,0.00429184549356223,2.63999973600003e-05,FALSE,FALSE,FALSE,NA,"HMP1-2 taxonomy vaginal"
"k__Bacteria|p__Firmicutes|c__Bacilli|o__Bacilli_unclassified|f__Bacilli_unclassified|g__Bacilli_unclassified|s__Bacilli_bacterium|t__SGB6499",0,0,NA,FALSE,FALSE,FALSE,NA,"HMP1-2 taxonomy vaginal"
"k__Bacteria|p__Firmicutes|c__Bacilli|o__Bacilli_unclassified|f__Bacilli_unclassified|g__GGB4750|s__GGB4750_SGB6579|t__SGB6579",0,0,NA,FALSE,FALSE,FALSE,NA,"HMP1-2 taxonomy vaginal"
"k__Bacteria|p__Firmicutes|c__Bacilli|o__Bacilli_unclassified|f__Bacilli_unclassified|g__Bacilli_unclassified|s__Bacilli_bacterium|t__SGB6533",0,0,NA,FALSE,FALSE,FALSE,NA,"HMP1-2 taxonomy vaginal"
"k__Bacteria|p__Firmicutes|c__Clostridia|o__Clostridia_unclassified|f__Clostridia_unclassified|g__Clostridia_unclassified|s__Clostridia_bacterium|t__SGB6308",0,0,NA,FALSE,FALSE,FALSE,NA,"HMP1-2 taxonomy vaginal"
"k__Bacteria|p__Firmicutes|c__Bacilli|o__Bacilli_unclassified|f__Bacilli_unclassified|g__GGB4669|s__GGB4669_SGB6458|t__SGB6458",0,0,NA,FALSE,FALSE,FALSE,NA,"HMP1-2 taxonomy vaginal"
"k__Bacteria|p__Firmicutes|c__Bacilli|o__Bacilli_unclassified|f__Bacilli_unclassified|g__GGB4706|s__GGB4706_SGB6513|t__SGB6513",0,0,NA,FALSE,FALSE,FALSE,NA,"HMP1-2 taxonomy vaginal"
"k__Bacteria|p__Firmicutes|c__Bacilli|o__Bacilli_unclassified|f__Bacilli_unclassified|g__GGB4674|s__GGB4674_SGB6463|t__SGB6463",0,0,NA,FALSE,FALSE,FALSE,NA,"HMP1-2 taxonomy vaginal"
"k__Bacteria|p__Firmicutes|c__Negativicutes|o__Veillonellales|f__Veillonellaceae|g__GGB4266|s__GGB4266_SGB5809|t__SGB5809_group",1,0.00429184549356223,0.00520129947987005,FALSE,TRUE,FALSE,NA,"HMP1-2 taxonomy vaginal"
"k__Bacteria|p__Firmicutes|c__Clostridia|o__Clostridiales|f__Lachnospiraceae|g__Lachnospiraceae_unclassified|s__Lachnospiraceae_unclassified_SGB4894|t__SGB4894",0,0,NA,FALSE,FALSE,FALSE,NA,"HMP1-2 taxonomy vaginal"
"k__Bacteria|p__Bacteroidetes|c__Bacteroidia|o__Bacteroidales|f__Bacteroidaceae|g__Bacteroides|s__Bacteroides_finegoldii|t__SGB1862",1,0.00429184549356223,0.00208769979123002,FALSE,TRUE,FALSE,NA,"HMP1-2 taxonomy vaginal"
"k__Bacteria|p__Bacteroidetes|c__Bacteroidia|o__Bacteroidales|f__Bacteroidaceae|g__Bacteroides|s__Bacteroides_thetaiotaomicron|t__SGB1861",2,0.00858369098712446,0.00312334968841503,FALSE,TRUE,FALSE,NA,"HMP1-2 taxonomy vaginal"
"k__Bacteria|p__Firmicutes|c__Clostridia|o__Clostridiales|f__Ruminococcaceae|g__GGB9634|s__GGB9634_SGB15097|t__SGB15097",0,0,NA,FALSE,FALSE,FALSE,NA,"HMP1-2 taxonomy vaginal"
"k__Bacteria|p__Firmicutes|c__Clostridia|o__Clostridia_unclassified|f__Clostridia_unclassified|g__GGB3293|s__GGB3293_SGB4348|t__SGB4348",0,0,NA,FALSE,FALSE,FALSE,NA,"HMP1-2 taxonomy vaginal"
"k__Bacteria|p__Firmicutes|c__Clostridia|o__Clostridia_unclassified|f__Clostridia_unclassified|g__GGB9288|s__GGB9288_SGB14243|t__SGB14243",0,0,NA,FALSE,FALSE,FALSE,NA,"HMP1-2 taxonomy vaginal"
"k__Bacteria|p__Firmicutes|c__Clostridia|o__Clostridia_unclassified|f__Clostridia_unclassified|g__GGB4550|s__GGB4550_SGB6272|t__SGB6272",0,0,NA,FALSE,FALSE,FALSE,NA,"HMP1-2 taxonomy vaginal"
"k__Bacteria|p__Firmicutes|c__Bacilli|o__Bacilli_unclassified|f__Bacilli_unclassified|g__Bacilli_unclassified|s__Bacilli_unclassified_SGB6478|t__SGB6478",2,0.00858369098712446,0.00344775034477503,FALSE,TRUE,FALSE,NA,"HMP1-2 taxonomy vaginal"
"k__Bacteria|p__Bacteroidetes|c__Bacteroidia|o__Bacteroidales|f__Bacteroidaceae|g__Bacteroides|s__Bacteroides_xylanisolvens|t__SGB1867",10,0.0429184549356223,0.0162077592426992,FALSE,TRUE,FALSE,NA,"HMP1-2 taxonomy vaginal"
"k__Bacteria|p__Firmicutes|c__Clostridia|o__Clostridia_unclassified|f__Clostridia_unclassified|g__GGB4584|s__GGB4584_SGB6338|t__SGB6338",0,0,NA,FALSE,FALSE,FALSE,NA,"HMP1-2 taxonomy vaginal"
"k__Bacteria|p__Firmicutes|c__Clostridia|o__Clostridia_unclassified|f__Clostridia_unclassified|g__Clostridia_unclassified|s__Clostridia_bacterium|t__SGB14110",0,0,NA,FALSE,FALSE,FALSE,NA,"HMP1-2 taxonomy vaginal"
"k__Bacteria|p__Firmicutes|c__CFGB1798|o__OFGB1798|f__FGB1798|g__GGB4768|s__GGB4768_SGB6601|t__SGB6601",0,0,NA,FALSE,FALSE,FALSE,NA,"HMP1-2 taxonomy vaginal"
"k__Bacteria|p__Bacteroidetes|c__Bacteroidia|o__Bacteroidales|f__Bacteroidales_unclassified|g__Bacteroidales_unclassified|s__Bacteroidales_bacterium|t__SGB2138",0,0,NA,FALSE,FALSE,FALSE,NA,"HMP1-2 taxonomy vaginal"
"k__Bacteria|p__Bacteroidetes|c__Bacteroidia|o__Bacteroidales|f__Bacteroidales_unclassified|g__Bacteroidales_unclassified|s__Bacteroidales_bacterium|t__SGB2171",0,0,NA,FALSE,FALSE,FALSE,NA,"HMP1-2 taxonomy vaginal"
"k__Bacteria|p__Firmicutes|c__Clostridia|o__Clostridiales|f__Ruminococcaceae|g__Ruminococcaceae_unclassified|s__Eubacterium_siraeum|t__SGB4198_group",4,0.0171673819742489,0.000799049974927505,FALSE,FALSE,FALSE,NA,"HMP1-2 taxonomy vaginal"
"k__Bacteria|p__Firmicutes|c__Clostridia|o__Clostridiales|f__Clostridiaceae|g__Clostridium|s__Clostridium_sp_AF15_49|t__SGB5111",5,0.0214592274678112,0.00381997975127004,FALSE,TRUE,FALSE,NA,"HMP1-2 taxonomy vaginal"
"k__Bacteria|p__Firmicutes|c__Clostridia|o__Clostridiales|f__Lachnospiraceae|g__Roseburia|s__Roseburia_faecis|t__SGB4925",5,0.0214592274678112,0.00823589922870816,FALSE,TRUE,FALSE,NA,"HMP1-2 taxonomy vaginal"
"k__Bacteria|p__Proteobacteria|c__Betaproteobacteria|o__Burkholderiales|f__Sutterellaceae|g__Parasutterella|s__Parasutterella_SGB9260|t__SGB9260",0,0,NA,FALSE,FALSE,FALSE,NA,"HMP1-2 taxonomy vaginal"
"k__Bacteria|p__Bacteroidetes|c__Bacteroidia|o__Bacteroidales|f__Bacteroidaceae|g__Bacteroides|s__Bacteroides_eggerthii|t__SGB1829",2,0.00858369098712446,2.8749995050001e-05,FALSE,FALSE,FALSE,NA,"HMP1-2 taxonomy vaginal"
"k__Bacteria|p__Firmicutes|c__Clostridia|o__Clostridia_unclassified|f__Clostridia_unclassified|g__Clostridia_unclassified|s__Clostridia_bacterium|t__SGB4395",0,0,NA,FALSE,FALSE,FALSE,NA,"HMP1-2 taxonomy vaginal"
"k__Bacteria|p__Lentisphaerae|c__Lentisphaeria|o__Lentisphaeria_unclassified|f__Lentisphaeria_unclassified|g__Lentisphaeria_unclassified|s__Lentisphaeria_bacterium|t__SGB9208",0,0,NA,FALSE,FALSE,FALSE,NA,"HMP1-2 taxonomy vaginal"
"k__Bacteria|p__Firmicutes|c__CFGB3035|o__OFGB3035|f__FGB3035|g__GGB9524|s__GGB9524_SGB14923|t__SGB14923",0,0,NA,FALSE,FALSE,FALSE,NA,"HMP1-2 taxonomy vaginal"
"k__Bacteria|p__Firmicutes|c__Clostridia|o__Clostridia_unclassified|f__Clostridia_unclassified|g__Clostridia_unclassified|s__Clostridia_bacterium|t__SGB14250",0,0,NA,FALSE,FALSE,FALSE,NA,"HMP1-2 taxonomy vaginal"
"k__Bacteria|p__Firmicutes|c__Clostridia|o__Clostridiales|f__Ruminococcaceae|g__GGB9631|s__GGB9631_SGB15086|t__SGB15086",0,0,NA,FALSE,FALSE,FALSE,NA,"HMP1-2 taxonomy vaginal"
"k__Bacteria|p__Bacteroidetes|c__Bacteroidia|o__Bacteroidales|f__Rikenellaceae|g__Alistipes|s__Alistipes_senegalensis|t__SGB2296",0,0,NA,FALSE,FALSE,FALSE,NA,"HMP1-2 taxonomy vaginal"
"k__Bacteria|p__Firmicutes|c__Clostridia|o__Clostridia_unclassified|f__Clostridia_unclassified|g__Clostridia_unclassified|s__Clostridia_bacterium|t__SGB13987",0,0,NA,FALSE,FALSE,FALSE,NA,"HMP1-2 taxonomy vaginal"
"k__Bacteria|p__Candidatus_Melainabacteria|c__Candidatus_Melainabacteria_unclassified|o__Candidatus_Gastranaerophilales|f__Candidatus_Gastranaerophilales_unclassified|g__GGB6021|s__GGB6021_SGB8655|t__SGB8655",0,0,NA,FALSE,FALSE,FALSE,NA,"HMP1-2 taxonomy vaginal"
"k__Bacteria|p__Bacteroidetes|c__Bacteroidia|o__Bacteroidales|f__Bacteroidaceae|g__Bacteroides|s__Bacteroides_bouchesdurhonensis|t__SGB3321",0,0,NA,FALSE,FALSE,FALSE,NA,"HMP1-2 taxonomy vaginal"
"k__Bacteria|p__Proteobacteria|c__Betaproteobacteria|o__Burkholderiales|f__Sutterellaceae|g__Sutterella|s__Sutterella_wadsworthensis|t__SGB9283",3,0.0128755364806867,0.00628036612738677,FALSE,TRUE,FALSE,NA,"HMP1-2 taxonomy vaginal"
"k__Bacteria|p__Firmicutes|c__Clostridia|o__Clostridiales|f__Ruminococcaceae|g__GGB9697|s__GGB9697_SGB15213|t__SGB15213",0,0,NA,FALSE,FALSE,FALSE,NA,"HMP1-2 taxonomy vaginal"
"k__Bacteria|p__Firmicutes|c__Clostridia|o__Clostridia_unclassified|f__Clostridia_unclassified|g__Clostridia_unclassified|s__Clostridia_bacterium|t__SGB14215",0,0,NA,FALSE,FALSE,FALSE,NA,"HMP1-2 taxonomy vaginal"
"k__Bacteria|p__Bacteroidetes|c__Bacteroidia|o__Bacteroidales|f__Bacteroidales_unclassified|g__Bacteroidales_unclassified|s__Bacteroidales_unclassified_SGB2135|t__SGB2135",1,0.00429184549356223,0.001727,FALSE,TRUE,FALSE,NA,"HMP1-2 taxonomy vaginal"
"k__Bacteria|p__Firmicutes|c__Clostridia|o__Clostridia_unclassified|f__Clostridia_unclassified|g__Clostridia_unclassified|s__Clostridia_bacterium|t__SGB6331",0,0,NA,FALSE,FALSE,FALSE,NA,"HMP1-2 taxonomy vaginal"
"k__Bacteria|p__Firmicutes|c__Clostridia|o__Clostridia_unclassified|f__Clostridia_unclassified|g__Clostridia_unclassified|s__Clostridia_bacterium|t__SGB14861",3,0.0128755364806867,0.0022231666235267,FALSE,TRUE,FALSE,NA,"HMP1-2 taxonomy vaginal"
"k__Bacteria|p__Firmicutes|c__Bacilli|o__Bacilli_unclassified|f__Bacilli_unclassified|g__Bacilli_unclassified|s__Bacilli_bacterium|t__SGB6609",0,0,NA,FALSE,FALSE,FALSE,NA,"HMP1-2 taxonomy vaginal"
"k__Bacteria|p__Firmicutes|c__Clostridia|o__Clostridia_unclassified|f__Clostridia_unclassified|g__GGB4566|s__GGB4566_SGB6305|t__SGB6305",1,0.00429184549356223,0.00286520057304011,FALSE,TRUE,FALSE,NA,"HMP1-2 taxonomy vaginal"
"k__Bacteria|p__Firmicutes|c__Clostridia|o__Clostridia_unclassified|f__Clostridia_unclassified|g__Clostridia_unclassified|s__Clostridia_bacterium|t__SGB4365",0,0,NA,FALSE,FALSE,FALSE,NA,"HMP1-2 taxonomy vaginal"
"k__Bacteria|p__Firmicutes|c__Clostridia|o__Clostridia_unclassified|f__Clostridia_unclassified|g__Clostridia_unclassified|s__Clostridia_unclassified_SGB4121|t__SGB4121",0,0,NA,FALSE,FALSE,FALSE,NA,"HMP1-2 taxonomy vaginal"
"k__Bacteria|p__Firmicutes|c__Clostridia|o__Clostridiales|f__Lachnospiraceae|g__Mediterraneibacter|s__Ruminococcus_torques|t__SGB4563_group",2,0.00858369098712446,0.000589199964990004,FALSE,FALSE,FALSE,NA,"HMP1-2 taxonomy vaginal"
"k__Bacteria|p__Firmicutes|c__Clostridia|o__Clostridiales|f__Eubacteriaceae|g__Eubacterium|s__Eubacterium_sp_AF15_50|t__SGB5042",0,0,NA,FALSE,FALSE,FALSE,NA,"HMP1-2 taxonomy vaginal"
"k__Bacteria|p__Firmicutes|c__Clostridia|o__Clostridiales|f__Lachnospiraceae|g__Lachnospiraceae_unclassified|s__Lachnospiraceae_bacterium|t__SGB5062",0,0,NA,FALSE,FALSE,FALSE,NA,"HMP1-2 taxonomy vaginal"
"k__Bacteria|p__Firmicutes|c__Clostridia|o__Clostridia_unclassified|f__Clostridia_unclassified|g__Clostridia_unclassified|s__Clostridia_bacterium|t__SGB4342",0,0,NA,FALSE,FALSE,FALSE,NA,"HMP1-2 taxonomy vaginal"
"k__Bacteria|p__Firmicutes|c__Clostridia|o__Clostridiales|f__Lachnospiraceae|g__Dorea|s__Dorea_longicatena|t__SGB4582_group",0,0,NA,FALSE,FALSE,FALSE,NA,"HMP1-2 taxonomy vaginal"
"k__Bacteria|p__Firmicutes|c__Clostridia|o__Clostridia_unclassified|f__Clostridia_unclassified|g__Clostridia_unclassified|s__Clostridia_bacterium|t__SGB3940",0,0,NA,FALSE,FALSE,FALSE,NA,"HMP1-2 taxonomy vaginal"
"k__Bacteria|p__Firmicutes|c__Clostridia|o__Clostridia_unclassified|f__Clostridia_unclassified|g__Clostridia_unclassified|s__Clostridia_bacterium|t__SGB14223",1,0.00429184549356223,0.000243700024370002,FALSE,FALSE,FALSE,NA,"HMP1-2 taxonomy vaginal"
"k__Bacteria|p__Firmicutes|c__Clostridia|o__Clostridia_unclassified|f__Clostridia_unclassified|g__GGB4603|s__GGB4603_SGB6367|t__SGB6367",0,0,NA,FALSE,FALSE,FALSE,NA,"HMP1-2 taxonomy vaginal"
"k__Bacteria|p__Firmicutes|c__Firmicutes_unclassified|o__Firmicutes_unclassified|f__Firmicutes_unclassified|g__Firmicutes_unclassified|s__Firmicutes_bacterium|t__SGB4063",0,0,NA,FALSE,FALSE,FALSE,NA,"HMP1-2 taxonomy vaginal"
"k__Bacteria|p__Proteobacteria|c__Alphaproteobacteria|o__Alphaproteobacteria_unclassified|f__Alphaproteobacteria_unclassified|g__Alphaproteobacteria_unclassified|s__Alphaproteobacteria_bacterium|t__SGB9344",0,0,NA,FALSE,FALSE,FALSE,NA,"HMP1-2 taxonomy vaginal"
"k__Bacteria|p__Firmicutes|c__Clostridia|o__Clostridia_unclassified|f__Clostridia_unclassified|g__Clostridia_unclassified|s__Clostridia_bacterium|t__SGB14209",0,0,NA,FALSE,FALSE,FALSE,NA,"HMP1-2 taxonomy vaginal"
"k__Bacteria|p__Firmicutes|c__Bacilli|o__Bacilli_unclassified|f__Bacilli_unclassified|g__Bacilli_unclassified|s__Bacilli_bacterium|t__SGB6510",0,0,NA,FALSE,FALSE,FALSE,NA,"HMP1-2 taxonomy vaginal"
"k__Bacteria|p__Firmicutes|c__Clostridia|o__Clostridiales|f__Ruminococcaceae|g__GGB9677|s__GGB9677_SGB15180|t__SGB15180",0,0,NA,FALSE,FALSE,FALSE,NA,"HMP1-2 taxonomy vaginal"
"k__Bacteria|p__Tenericutes|c__Mollicutes|o__Acholeplasmatales|f__Acholeplasmatales_unclassified|g__Acholeplasmatales_unclassified|s__Acholeplasmatales_bacterium|t__SGB6583",0,0,NA,FALSE,FALSE,FALSE,NA,"HMP1-2 taxonomy vaginal"
"k__Bacteria|p__Bacteroidetes|c__Bacteroidia|o__Bacteroidales|f__Bacteroidaceae|g__Bacteroides|s__Bacteroides_nordii|t__SGB1858",0,0,NA,FALSE,FALSE,FALSE,NA,"HMP1-2 taxonomy vaginal"
"k__Bacteria|p__Bacteroidetes|c__Bacteroidia|o__Bacteroidales|f__Bacteroidales_unclassified|g__GGB1582|s__GGB1582_SGB2173|t__SGB2173",0,0,NA,FALSE,FALSE,FALSE,NA,"HMP1-2 taxonomy vaginal"
"k__Bacteria|p__Firmicutes|c__Bacilli|o__Bacilli_unclassified|f__Bacilli_unclassified|g__GGB4711|s__GGB4711_SGB6524|t__SGB6524",0,0,NA,FALSE,FALSE,FALSE,NA,"HMP1-2 taxonomy vaginal"
"k__Bacteria|p__Bacteroidetes|c__Bacteroidia|o__Bacteroidales|f__Bacteroidales_unclassified|g__Bacteroidales_unclassified|s__Bacteroidales_bacterium|t__SGB2155",0,0,NA,FALSE,FALSE,FALSE,NA,"HMP1-2 taxonomy vaginal"
"k__Bacteria|p__Firmicutes|c__Clostridia|o__Clostridiales|f__Clostridiaceae|g__Clostridiaceae_unclassified|s__Clostridiaceae_unclassified_SGB4769|t__SGB4769",0,0,NA,FALSE,FALSE,FALSE,NA,"HMP1-2 taxonomy vaginal"
"k__Bacteria|p__Firmicutes|c__Clostridia|o__Clostridia_unclassified|f__Clostridia_unclassified|g__GGB4588|s__GGB4588_SGB6347|t__SGB6347",0,0,NA,FALSE,FALSE,FALSE,NA,"HMP1-2 taxonomy vaginal"
"k__Bacteria|p__Firmicutes|c__Clostridia|o__Clostridiales|f__Lachnospiraceae|g__Blautia|s__Blautia_sp_AF19_10LB|t__SGB4810",0,0,NA,FALSE,FALSE,FALSE,NA,"HMP1-2 taxonomy vaginal"
"k__Bacteria|p__Bacteroidetes|c__Bacteroidia|o__Bacteroidales|f__Bacteroidales_unclassified|g__Bacteroidales_unclassified|s__Bacteroidales_bacterium|t__SGB2104",0,0,NA,FALSE,FALSE,FALSE,NA,"HMP1-2 taxonomy vaginal"
"k__Bacteria|p__Bacteroidetes|c__Bacteroidia|o__Bacteroidales|f__Barnesiellaceae|g__Coprobacter|s__Coprobacter_fastidiosus|t__SGB1963",0,0,NA,FALSE,FALSE,FALSE,NA,"HMP1-2 taxonomy vaginal"
"k__Bacteria|p__Firmicutes|c__Clostridia|o__Clostridia_unclassified|f__Clostridia_unclassified|g__Clostridia_unclassified|s__Clostridia_bacterium|t__SGB58517",0,0,NA,FALSE,FALSE,FALSE,NA,"HMP1-2 taxonomy vaginal"
"k__Bacteria|p__Proteobacteria|c__Deltaproteobacteria|o__Desulfovibrionales|f__Desulfovibrionaceae|g__Desulfovibrionaceae_unclassified|s__Desulfovibrionaceae_bacterium|t__SGB15460",0,0,NA,FALSE,FALSE,FALSE,NA,"HMP1-2 taxonomy vaginal"
"k__Bacteria|p__Firmicutes|c__Clostridia|o__Clostridia_unclassified|f__Clostridia_unclassified|g__Clostridia_unclassified|s__Clostridia_bacterium|t__SGB13979",0,0,NA,FALSE,FALSE,FALSE,NA,"HMP1-2 taxonomy vaginal"
"k__Bacteria|p__Firmicutes|c__Clostridia|o__Clostridiales|f__Ruminococcaceae|g__Faecalibacterium|s__Faecalibacterium_prausnitzii|t__SGB15317",2,0.00858369098712446,8.71999965600004e-05,FALSE,FALSE,FALSE,NA,"HMP1-2 taxonomy vaginal"
"k__Bacteria|p__Firmicutes|c__Erysipelotrichia|o__Erysipelotrichales|f__Erysipelotrichaceae|g__Faecalibacillus|s__Faecalibacillus_intestinalis|t__SGB6754",0,0,NA,FALSE,FALSE,FALSE,NA,"HMP1-2 taxonomy vaginal"
"k__Bacteria|p__Firmicutes|c__Clostridia|o__Clostridiales|f__Ruminococcaceae|g__GGB9593|s__GGB9593_SGB15015|t__SGB15015",0,0,NA,FALSE,FALSE,FALSE,NA,"HMP1-2 taxonomy vaginal"
"k__Bacteria|p__Proteobacteria|c__Alphaproteobacteria|o__Alphaproteobacteria_unclassified|f__Alphaproteobacteria_unclassified|g__Alphaproteobacteria_unclassified|s__Alphaproteobacteria_bacterium|t__SGB9343",0,0,NA,FALSE,FALSE,FALSE,NA,"HMP1-2 taxonomy vaginal"
"k__Bacteria|p__Bacteroidetes|c__Bacteroidia|o__Bacteroidales|f__Muribaculaceae|g__GGB1503|s__GGB1503_SGB2083|t__SGB2083",0,0,NA,FALSE,FALSE,FALSE,NA,"HMP1-2 taxonomy vaginal"
"k__Bacteria|p__Firmicutes|c__Clostridia|o__Clostridiales|f__Lachnospiraceae|g__Lachnospiraceae_unclassified|s__Lachnospiraceae_bacterium|t__SGB4771",1,0.00429184549356223,5.97e-05,FALSE,FALSE,FALSE,NA,"HMP1-2 taxonomy vaginal"
"k__Bacteria|p__Bacteroidetes|c__Bacteroidia|o__Bacteroidales|f__Bacteroidaceae|g__Bacteroides|s__Bacteroides_salyersiae|t__SGB1857",1,0.00429184549356223,8.59999914000009e-06,FALSE,FALSE,FALSE,NA,"HMP1-2 taxonomy vaginal"
"k__Bacteria|p__Firmicutes|c__Clostridia|o__Clostridiales|f__Lachnospiraceae|g__Lacrimispora|s__Lacrimispora_celerecrescens|t__SGB4868",1,0.00429184549356223,0.0001467,FALSE,FALSE,FALSE,NA,"HMP1-2 taxonomy vaginal"
"k__Bacteria|p__Firmicutes|c__Clostridia|o__Clostridiales|f__Ruminococcaceae|g__GGB9705|s__GGB9705_SGB15225|t__SGB15225",0,0,NA,FALSE,FALSE,FALSE,NA,"HMP1-2 taxonomy vaginal"
"k__Bacteria|p__Firmicutes|c__Clostridia|o__Clostridia_unclassified|f__Clostridia_unclassified|g__Clostridia_unclassified|s__Clostridia_bacterium|t__SGB3989",0,0,NA,FALSE,FALSE,FALSE,NA,"HMP1-2 taxonomy vaginal"
"k__Bacteria|p__Firmicutes|c__Clostridia|o__Clostridia_unclassified|f__Clostridia_unclassified|g__Clostridia_unclassified|s__Clostridia_bacterium|t__SGB14198",0,0,NA,FALSE,FALSE,FALSE,NA,"HMP1-2 taxonomy vaginal"
"k__Bacteria|p__Firmicutes|c__Clostridia|o__Clostridia_unclassified|f__Clostridia_unclassified|g__Clostridia_unclassified|s__Clostridia_bacterium|t__SGB15370",3,0.0128755364806867,0.000892199941033339,FALSE,FALSE,FALSE,NA,"HMP1-2 taxonomy vaginal"
"k__Bacteria|p__Bacteroidetes|c__Bacteroidia|o__Bacteroidales|f__Odoribacteraceae|g__Butyricimonas|s__Butyricimonas_faecihominis|t__SGB1786",1,0.00429184549356223,0.000196399980360002,FALSE,FALSE,FALSE,NA,"HMP1-2 taxonomy vaginal"
"k__Bacteria|p__Firmicutes|c__Clostridia|o__Clostridiales|f__Lachnospiraceae|g__Mediterraneibacter|s__Ruminococcus_lactaris|t__SGB4557",5,0.0214592274678112,0.00161747994564401,FALSE,TRUE,FALSE,NA,"HMP1-2 taxonomy vaginal"
"k__Bacteria|p__Firmicutes|c__Clostridia|o__Clostridiales|f__Ruminococcaceae|g__Ruminococcus|s__Ruminococcus_bromii|t__SGB4285_group",1,0.00429184549356223,0.000234500023450002,FALSE,FALSE,FALSE,NA,"HMP1-2 taxonomy vaginal"
"k__Bacteria|p__Firmicutes|c__Clostridia|o__Clostridiales|f__Lachnospiraceae|g__Lachnospiraceae_unclassified|s__Lachnospiraceae_bacterium|t__SGB4964",0,0,NA,FALSE,FALSE,FALSE,NA,"HMP1-2 taxonomy vaginal"
"k__Bacteria|p__Firmicutes|c__Clostridia|o__Clostridiales|f__Lachnospiraceae|g__Faecalicatena|s__Faecalicatena_fissicatena|t__SGB4871_group",2,0.00858369098712446,0.000966249952865005,FALSE,FALSE,FALSE,NA,"HMP1-2 taxonomy vaginal"
"k__Bacteria|p__Firmicutes|c__Clostridia|o__Clostridia_unclassified|f__Clostridia_unclassified|g__Clostridia_unclassified|s__Clostridia_bacterium|t__SGB5180",0,0,NA,FALSE,FALSE,FALSE,NA,"HMP1-2 taxonomy vaginal"
"k__Archaea|p__Euryarchaeota|c__Methanobacteria|o__Methanobacteriales|f__Methanobacteriaceae|g__Methanobrevibacter|s__Methanobrevibacter_smithii|t__SGB714_group",0,0,NA,FALSE,FALSE,FALSE,NA,"HMP1-2 taxonomy vaginal"
"k__Bacteria|p__Firmicutes|c__Clostridia|o__Clostridiales|f__Ruminococcaceae|g__Phocea|s__Phocea_massiliensis|t__SGB14837",1,0.00429184549356223,0.000182200054660016,FALSE,FALSE,FALSE,NA,"HMP1-2 taxonomy vaginal"
"k__Bacteria|p__Firmicutes|c__Clostridia|o__Clostridiales|f__Lachnospiraceae|g__Blautia|s__Blautia_faecicola|t__SGB4867",0,0,NA,FALSE,FALSE,FALSE,NA,"HMP1-2 taxonomy vaginal"
"k__Bacteria|p__Firmicutes|c__Clostridia|o__Clostridiales|f__Lachnospiraceae|g__Lachnospiraceae_unclassified|s__Lachnospiraceae_bacterium_OM04_12BH|t__SGB4893",0,0,NA,FALSE,FALSE,FALSE,NA,"HMP1-2 taxonomy vaginal"
"k__Bacteria|p__Firmicutes|c__Clostridia|o__Clostridia_unclassified|f__Clostridia_unclassified|g__Clostridia_unclassified|s__Clostridia_unclassified_SGB6302|t__SGB6302",0,0,NA,FALSE,FALSE,FALSE,NA,"HMP1-2 taxonomy vaginal"
"k__Bacteria|p__Firmicutes|c__Clostridia|o__Clostridiales|f__Ruminococcaceae|g__GGB9615|s__GGB9615_SGB15051|t__SGB15051",2,0.00858369098712446,0.00332639980448502,FALSE,TRUE,FALSE,NA,"HMP1-2 taxonomy vaginal"
"k__Bacteria|p__Bacteroidetes|c__Bacteroidia|o__Bacteroidales|f__Odoribacteraceae|g__Butyricimonas|s__Butyricimonas_synergistica|t__SGB27742",0,0,NA,FALSE,FALSE,FALSE,NA,"HMP1-2 taxonomy vaginal"
"k__Bacteria|p__Firmicutes|c__Clostridia|o__Clostridiales|f__Ruminococcaceae|g__GGB9614|s__GGB9614_SGB15049|t__SGB15049",2,0.00858369098712446,4.21499982650002e-05,FALSE,FALSE,FALSE,NA,"HMP1-2 taxonomy vaginal"
"k__Bacteria|p__Firmicutes|c__Clostridia|o__Clostridia_unclassified|f__Clostridia_unclassified|g__Clostridia_unclassified|s__Clostridia_bacterium|t__SGB14007",0,0,NA,FALSE,FALSE,FALSE,NA,"HMP1-2 taxonomy vaginal"
"k__Bacteria|p__Firmicutes|c__Clostridia|o__Clostridiales|f__Ruminococcaceae|g__GGB9705|s__GGB9705_SGB15224|t__SGB15224",0,0,NA,FALSE,FALSE,FALSE,NA,"HMP1-2 taxonomy vaginal"
"k__Bacteria|p__Firmicutes|c__Clostridia|o__Clostridia_unclassified|f__Clostridia_unclassified|g__Clostridia_unclassified|s__Clostridia_bacterium|t__SGB4394",0,0,NA,FALSE,FALSE,FALSE,NA,"HMP1-2 taxonomy vaginal"
"k__Bacteria|p__Firmicutes|c__Clostridia|o__Clostridia_unclassified|f__Clostridia_unclassified|g__Clostridia_unclassified|s__Clostridia_bacterium|t__SGB53517",0,0,NA,FALSE,FALSE,FALSE,NA,"HMP1-2 taxonomy vaginal"
"k__Bacteria|p__Firmicutes|c__Clostridia|o__Clostridiales|f__Lachnospiraceae|g__Roseburia|s__Roseburia_inulinivorans|t__SGB4940",3,0.0128755364806867,0.00149406657631334,FALSE,TRUE,FALSE,NA,"HMP1-2 taxonomy vaginal"
"k__Bacteria|p__Firmicutes|c__Clostridia|o__Clostridiales|f__Ruminococcaceae|g__GGB58485|s__GGB58485_SGB80143|t__SGB80143",2,0.00858369098712446,0.000391099978470002,FALSE,FALSE,FALSE,NA,"HMP1-2 taxonomy vaginal"
"k__Bacteria|p__Bacteroidetes|c__Bacteroidia|o__Bacteroidales|f__Tannerellaceae|g__Parabacteroides|s__Parabacteroides_goldsteinii|t__SGB1941",0,0,NA,FALSE,FALSE,FALSE,NA,"HMP1-2 taxonomy vaginal"
"k__Bacteria|p__Firmicutes|c__Clostridia|o__Clostridiales|f__Ruminococcaceae|g__Ruminococcaceae_unclassified|s__Ruminococcaceae_bacterium|t__SGB4393",0,0,NA,FALSE,FALSE,FALSE,NA,"HMP1-2 taxonomy vaginal"
"k__Bacteria|p__Firmicutes|c__Clostridia|o__Clostridia_unclassified|f__Clostridia_unclassified|g__Clostridia_unclassified|s__Clostridia_bacterium|t__SGB15374",0,0,NA,FALSE,FALSE,FALSE,NA,"HMP1-2 taxonomy vaginal"
"k__Bacteria|p__Firmicutes|c__Clostridia|o__Clostridia_unclassified|f__Clostridia_unclassified|g__Candidatus_Neoclostridium|s__Candidatus_Neoclostridium_roslinense|t__SGB14018",0,0,NA,FALSE,FALSE,FALSE,NA,"HMP1-2 taxonomy vaginal"
"k__Bacteria|p__Bacteroidetes|c__Bacteroidia|o__Bacteroidales|f__Bacteroidales_unclassified|g__Bacteroidales_unclassified|s__Bacteroidales_bacterium|t__SGB2168",0,0,NA,FALSE,FALSE,FALSE,NA,"HMP1-2 taxonomy vaginal"
"k__Bacteria|p__Firmicutes|c__Clostridia|o__Clostridia_unclassified|f__Clostridia_unclassified|g__Clostridia_unclassified|s__Clostridia_bacterium|t__SGB4402",0,0,NA,FALSE,FALSE,FALSE,NA,"HMP1-2 taxonomy vaginal"
"k__Bacteria|p__Firmicutes|c__Clostridia|o__Clostridiales|f__Lachnospiraceae|g__Lachnospiraceae_unclassified|s__Lachnospiraceae_bacterium|t__SGB4905",0,0,NA,FALSE,FALSE,FALSE,NA,"HMP1-2 taxonomy vaginal"
"k__Bacteria|p__Firmicutes|c__Clostridia|o__Clostridia_unclassified|f__Clostridia_unclassified|g__Candidatus_Pararuminococcus|s__Candidatus_Pararuminococcus_gallinarum|t__SGB63327",0,0,NA,FALSE,FALSE,FALSE,NA,"HMP1-2 taxonomy vaginal"
"k__Bacteria|p__Firmicutes|c__Clostridia|o__Clostridia_unclassified|f__Clostridia_unclassified|g__Clostridia_unclassified|s__Clostridia_bacterium|t__SGB14185",0,0,NA,FALSE,FALSE,FALSE,NA,"HMP1-2 taxonomy vaginal"
"k__Bacteria|p__Firmicutes|c__Clostridia|o__Clostridiales|f__Clostridiaceae|g__GGB3478|s__GGB3478_SGB4643|t__SGB4643",0,0,NA,FALSE,FALSE,FALSE,NA,"HMP1-2 taxonomy vaginal"
"k__Bacteria|p__Firmicutes|c__Clostridia|o__Clostridia_unclassified|f__Clostridia_unclassified|g__GGB9347|s__GGB9347_SGB14313|t__SGB14313",0,0,NA,FALSE,FALSE,FALSE,NA,"HMP1-2 taxonomy vaginal"
"k__Bacteria|p__Firmicutes|c__Clostridia|o__Clostridiales|f__Lachnospiraceae|g__Lachnospiraceae_unclassified|s__Lachnospiraceae_bacterium|t__SGB4906",0,0,NA,FALSE,FALSE,FALSE,NA,"HMP1-2 taxonomy vaginal"
"k__Bacteria|p__Bacteroidetes|c__Bacteroidia|o__Bacteroidales|f__Bacteroidales_unclassified|g__GGB1543|s__GGB1543_SGB2126|t__SGB2126",0,0,NA,FALSE,FALSE,FALSE,NA,"HMP1-2 taxonomy vaginal"
"k__Bacteria|p__Firmicutes|c__Clostridia|o__Clostridia_unclassified|f__Clostridia_unclassified|g__Clostridia_unclassified|s__Clostridia_bacterium|t__SGB14205",0,0,NA,FALSE,FALSE,FALSE,NA,"HMP1-2 taxonomy vaginal"
"k__Bacteria|p__Candidatus_Melainabacteria|c__Candidatus_Melainabacteria_unclassified|o__Candidatus_Gastranaerophilales|f__Candidatus_Gastranaerophilales_unclassified|g__Candidatus_Gastranaerophilales_unclassified|s__Candidatus_Gastranaerophilales_bacterium|t__SGB8601",0,0,NA,FALSE,FALSE,FALSE,NA,"HMP1-2 taxonomy vaginal"
"k__Bacteria|p__Firmicutes|c__Clostridia|o__Clostridiales|f__Clostridiales_unclassified|g__Lawsonibacter|s__Lawsonibacter_sp_NSJ_51|t__SGB15131",0,0,NA,FALSE,FALSE,FALSE,NA,"HMP1-2 taxonomy vaginal"
"k__Bacteria|p__Firmicutes|c__Clostridia|o__Clostridiales|f__Lachnospiraceae|g__Blautia|s__Blautia_massiliensis|t__SGB4826_group",1,0.00429184549356223,6.60000198000059e-06,FALSE,FALSE,FALSE,NA,"HMP1-2 taxonomy vaginal"
"k__Bacteria|p__Firmicutes|c__Clostridia|o__Clostridiales|f__Ruminococcaceae|g__GGB9694|s__GGB9694_SGB15207|t__SGB15207",0,0,NA,FALSE,FALSE,FALSE,NA,"HMP1-2 taxonomy vaginal"
"k__Bacteria|p__Firmicutes|c__Bacilli|o__Bacilli_unclassified|f__Bacilli_unclassified|g__GGB4773|s__GGB4773_SGB6607|t__SGB6607",0,0,NA,FALSE,FALSE,FALSE,NA,"HMP1-2 taxonomy vaginal"
"k__Bacteria|p__Firmicutes|c__Clostridia|o__Clostridiales|f__Lachnospiraceae|g__Lachnospiraceae_unclassified|s__Lachnospiraceae_bacterium_NSJ_46|t__SGB47656",0,0,NA,FALSE,FALSE,FALSE,NA,"HMP1-2 taxonomy vaginal"
"k__Bacteria|p__Firmicutes|c__Clostridia|o__Clostridia_unclassified|f__Clostridia_unclassified|g__Clostridia_unclassified|s__Clostridia_bacterium|t__SGB3957",1,0.00429184549356223,2.99999970000003e-07,FALSE,FALSE,FALSE,NA,"HMP1-2 taxonomy vaginal"
"k__Bacteria|p__Firmicutes|c__Clostridia|o__Clostridia_unclassified|f__Clostridia_unclassified|g__Clostridia_unclassified|s__Clostridia_bacterium|t__SGB14136",0,0,NA,FALSE,FALSE,FALSE,NA,"HMP1-2 taxonomy vaginal"
"k__Bacteria|p__Firmicutes|c__Clostridia|o__Clostridiales|f__Lachnospiraceae|g__Dorea|s__Dorea_longicatena|t__SGB4581",3,0.0128755364806867,0.00124659995639334,FALSE,TRUE,FALSE,NA,"HMP1-2 taxonomy vaginal"
"k__Bacteria|p__Firmicutes|c__Clostridia|o__Clostridia_unclassified|f__Clostridia_unclassified|g__GGB9551|s__GGB9551_SGB14958|t__SGB14958",0,0,NA,FALSE,FALSE,FALSE,NA,"HMP1-2 taxonomy vaginal"
"k__Bacteria|p__Firmicutes|c__Clostridia|o__Clostridia_unclassified|f__Clostridia_unclassified|g__Candidatus_Allochristensenella|s__Candidatus_Allochristensenella_caecavium|t__SGB63369",0,0,NA,FALSE,FALSE,FALSE,NA,"HMP1-2 taxonomy vaginal"
"k__Bacteria|p__Firmicutes|c__Clostridia|o__Clostridiales|f__Ruminococcaceae|g__GGB3344|s__GGB3344_SGB4424|t__SGB4424",0,0,NA,FALSE,FALSE,FALSE,NA,"HMP1-2 taxonomy vaginal"
"k__Bacteria|p__Firmicutes|c__Clostridia|o__Clostridiales|f__Lachnospiraceae|g__Lachnospiraceae_unclassified|s__Lachnospiraceae_bacterium|t__SGB4957",0,0,NA,FALSE,FALSE,FALSE,NA,"HMP1-2 taxonomy vaginal"
"k__Bacteria|p__Firmicutes|c__Clostridia|o__Clostridiales|f__Clostridiaceae|g__Clostridium|s__Clostridium_fessum|t__SGB4705",3,0.0128755364806867,0.000251066664026667,FALSE,FALSE,FALSE,NA,"HMP1-2 taxonomy vaginal"
"k__Bacteria|p__Firmicutes|c__Clostridia|o__Clostridiales|f__Lachnospiraceae|g__Coprococcus|s__Coprococcus_comes|t__SGB4577_group",2,0.00858369098712446,0.000494199971730003,FALSE,FALSE,FALSE,NA,"HMP1-2 taxonomy vaginal"
"k__Bacteria|p__Firmicutes|c__Clostridia|o__Clostridiales|f__Clostridiaceae|g__Clostridiaceae_unclassified|s__Clostridiaceae_bacterium_OM08_6BH|t__SGB4768",0,0,NA,FALSE,FALSE,FALSE,NA,"HMP1-2 taxonomy vaginal"
"k__Bacteria|p__Firmicutes|c__Bacilli|o__Bacilli_unclassified|f__Bacilli_unclassified|g__GGB4651|s__GGB4651_SGB6438|t__SGB6438",0,0,NA,FALSE,FALSE,FALSE,NA,"HMP1-2 taxonomy vaginal"
"k__Bacteria|p__Actinobacteria|c__Coriobacteriia|o__Coriobacteriales|f__Coriobacteriaceae|g__Collinsella|s__Collinsella_aerofaciens|t__SGB14546_group",2,0.00858369098712446,0.000139149994140001,FALSE,FALSE,FALSE,NA,"HMP1-2 taxonomy vaginal"
"k__Bacteria|p__Firmicutes|c__Clostridia|o__Clostridiales|f__Lachnospiraceae|g__Lachnospiraceae_unclassified|s__Lachnospiraceae_bacterium|t__SGB4669",1,0.00429184549356223,0.0001642,FALSE,FALSE,FALSE,NA,"HMP1-2 taxonomy vaginal"
"k__Bacteria|p__Firmicutes|c__Clostridia|o__Clostridia_unclassified|f__Clostridia_unclassified|g__Clostridia_unclassified|s__Clostridia_bacterium|t__SGB15377",0,0,NA,FALSE,FALSE,FALSE,NA,"HMP1-2 taxonomy vaginal"
"k__Bacteria|p__Bacteroidetes|c__Bacteroidia|o__Bacteroidales|f__Bacteroidaceae|g__Bacteroides|s__Bacteroides_stercoris|t__SGB1830_group",13,0.055793991416309,0.00450973771684949,FALSE,TRUE,FALSE,NA,"HMP1-2 taxonomy vaginal"
"k__Bacteria|p__Lentisphaerae|c__Lentisphaeria|o__Lentisphaeria_unclassified|f__Lentisphaeria_unclassified|g__Lentisphaeria_unclassified|s__Lentisphaeria_bacterium|t__SGB9203",0,0,NA,FALSE,FALSE,FALSE,NA,"HMP1-2 taxonomy vaginal"
"k__Bacteria|p__Firmicutes|c__Clostridia|o__Clostridiales|f__Ruminococcaceae|g__Gemmiger|s__Gemmiger_SGB15299|t__SGB15299",0,0,NA,FALSE,FALSE,FALSE,NA,"HMP1-2 taxonomy vaginal"
"k__Bacteria|p__Firmicutes|c__Clostridia|o__Clostridia_unclassified|f__Clostridia_unclassified|g__Clostridia_unclassified|s__Clostridia_bacterium|t__SGB3988",0,0,NA,FALSE,FALSE,FALSE,NA,"HMP1-2 taxonomy vaginal"
"k__Bacteria|p__Firmicutes|c__Clostridia|o__Clostridia_unclassified|f__Clostridia_unclassified|g__Clostridia_unclassified|s__Clostridia_bacterium|t__SGB14932",0,0,NA,FALSE,FALSE,FALSE,NA,"HMP1-2 taxonomy vaginal"
"k__Bacteria|p__Firmicutes|c__Clostridia|o__Clostridiales|f__Ruminococcaceae|g__Ruminococcaceae_unclassified|s__Ruminococcaceae_unclassified_SGB15257|t__SGB15257",0,0,NA,FALSE,FALSE,FALSE,NA,"HMP1-2 taxonomy vaginal"
"k__Bacteria|p__Firmicutes|c__Clostridia|o__Clostridiales|f__Lachnospiraceae|g__Anaerobutyricum|s__Anaerobutyricum_hallii|t__SGB4532",1,0.00429184549356223,1.76e-05,FALSE,FALSE,FALSE,NA,"HMP1-2 taxonomy vaginal"
"k__Bacteria|p__Firmicutes|c__Clostridia|o__Clostridia_unclassified|f__Clostridia_unclassified|g__GGB9239|s__GGB9239_SGB14181|t__SGB14181",0,0,NA,FALSE,FALSE,FALSE,NA,"HMP1-2 taxonomy vaginal"
"k__Bacteria|p__Firmicutes|c__Clostridia|o__Clostridia_unclassified|f__Clostridia_unclassified|g__Candidatus_Avimicrobium|s__Candidatus_Avimicrobium_caecorum|t__SGB15350",0,0,NA,FALSE,FALSE,FALSE,NA,"HMP1-2 taxonomy vaginal"
"k__Bacteria|p__Actinobacteria|c__Actinobacteria|o__Bifidobacteriales|f__Bifidobacteriaceae|g__Bifidobacterium|s__Bifidobacterium_adolescentis|t__SGB17244",0,0,NA,FALSE,FALSE,FALSE,NA,"HMP1-2 taxonomy vaginal"
"k__Bacteria|p__Firmicutes|c__Clostridia|o__Clostridiales|f__Ruminococcaceae|g__GGB9602|s__GGB9602_SGB15031|t__SGB15031",0,0,NA,FALSE,FALSE,FALSE,NA,"HMP1-2 taxonomy vaginal"
"k__Bacteria|p__Firmicutes|c__Clostridia|o__Clostridia_unclassified|f__Clostridia_unclassified|g__Clostridia_unclassified|s__Clostridia_bacterium|t__SGB15373",1,0.00429184549356223,0.000942700282810085,FALSE,FALSE,FALSE,NA,"HMP1-2 taxonomy vaginal"
"k__Bacteria|p__Firmicutes|c__Clostridia|o__Clostridia_unclassified|f__Clostridia_unclassified|g__Clostridia_unclassified|s__Clostridia_bacterium|t__SGB3986",0,0,NA,FALSE,FALSE,FALSE,NA,"HMP1-2 taxonomy vaginal"
"k__Bacteria|p__Firmicutes|c__Clostridia|o__Clostridia_unclassified|f__Clostridia_unclassified|g__GGB9537|s__GGB9537_SGB14940|t__SGB14940",0,0,NA,FALSE,FALSE,FALSE,NA,"HMP1-2 taxonomy vaginal"
"k__Bacteria|p__Firmicutes|c__CFGB11737|o__OFGB11737|f__FGB11737|g__GGB34228|s__GGB34228_SGB72916|t__SGB72916",0,0,NA,FALSE,FALSE,FALSE,NA,"HMP1-2 taxonomy vaginal"
"k__Bacteria|p__Firmicutes|c__Clostridia|o__Clostridia_unclassified|f__Clostridia_unclassified|g__Candidatus_Neoruminococcus|s__Candidatus_Neoruminococcus_faecicola|t__SGB63342",0,0,NA,FALSE,FALSE,FALSE,NA,"HMP1-2 taxonomy vaginal"
"k__Bacteria|p__Firmicutes|c__Clostridia|o__Clostridia_unclassified|f__Clostridia_unclassified|g__Clostridia_unclassified|s__Clostridia_bacterium|t__SGB4435",0,0,NA,FALSE,FALSE,FALSE,NA,"HMP1-2 taxonomy vaginal"
"k__Bacteria|p__Proteobacteria|c__Gammaproteobacteria|o__Enterobacterales|f__Enterobacteriaceae|g__Escherichia|s__Escherichia_coli|t__SGB10068",39,0.167381974248927,0.0126936562392557,TRUE,TRUE,TRUE,0.0951727517460769,"HMP1-2 taxonomy vaginal"
"k__Bacteria|p__Firmicutes|c__Clostridia|o__Clostridia_unclassified|f__Clostridia_unclassified|g__Clostridia_unclassified|s__Clostridia_bacterium|t__SGB4155",0,0,NA,FALSE,FALSE,FALSE,NA,"HMP1-2 taxonomy vaginal"
"k__Bacteria|p__Firmicutes|c__Clostridia|o__Clostridia_unclassified|f__Clostridia_unclassified|g__Clostridia_unclassified|s__Clostridia_unclassified_SGB6371|t__SGB6371",1,0.00429184549356223,0.00463740092748019,FALSE,TRUE,FALSE,NA,"HMP1-2 taxonomy vaginal"
"k__Bacteria|p__Firmicutes|c__Erysipelotrichia|o__Erysipelotrichales|f__Erysipelotrichaceae|g__Erysipelatoclostridium|s__Clostridium_spiroforme|t__SGB6747",0,0,NA,FALSE,FALSE,FALSE,NA,"HMP1-2 taxonomy vaginal"
"k__Bacteria|p__Firmicutes|c__Bacilli|o__Bacilli_unclassified|f__Bacilli_unclassified|g__Bacilli_unclassified|s__Bacilli_bacterium|t__SGB6503",0,0,NA,FALSE,FALSE,FALSE,NA,"HMP1-2 taxonomy vaginal"
"k__Bacteria|p__Firmicutes|c__Clostridia|o__Clostridia_unclassified|f__Clostridia_unclassified|g__Candidatus_Alloruminococcus|s__Candidatus_Alloruminococcus_vanvlietii|t__SGB63325",0,0,NA,FALSE,FALSE,FALSE,NA,"HMP1-2 taxonomy vaginal"
"k__Bacteria|p__Firmicutes|c__Clostridia|o__Clostridiales|f__Ruminococcaceae|g__GGB9694|s__GGB9694_SGB15201|t__SGB15201",0,0,NA,FALSE,FALSE,FALSE,NA,"HMP1-2 taxonomy vaginal"
"k__Bacteria|p__Firmicutes|c__Clostridia|o__Clostridia_unclassified|f__Clostridia_unclassified|g__Clostridia_unclassified|s__Clostridia_bacterium|t__SGB14307",0,0,NA,FALSE,FALSE,FALSE,NA,"HMP1-2 taxonomy vaginal"
"k__Bacteria|p__Firmicutes|c__Clostridia|o__Clostridiales|f__Lachnospiraceae|g__Blautia|s__Blautia_sp_OF03_15BH|t__SGB4779",2,0.00858369098712446,0.000171099995945,FALSE,FALSE,FALSE,NA,"HMP1-2 taxonomy vaginal"
"k__Bacteria|p__Firmicutes|c__Clostridia|o__Clostridiales|f__Lachnospiraceae|g__Blautia|s__Blautia_obeum|t__SGB4809",0,0,NA,FALSE,FALSE,FALSE,NA,"HMP1-2 taxonomy vaginal"
"k__Bacteria|p__Firmicutes|c__Clostridia|o__Clostridiales|f__Lachnospiraceae|g__Lachnospiraceae_unclassified|s__Lachnospiraceae_bacterium|t__SGB4953",0,0,NA,FALSE,FALSE,FALSE,NA,"HMP1-2 taxonomy vaginal"
"k__Bacteria|p__Firmicutes|c__Clostridia|o__Clostridiales|f__Ruminococcaceae|g__Ruminococcaceae_unclassified|s__Ruminococcaceae_unclassified_SGB15234|t__SGB15234",0,0,NA,FALSE,FALSE,FALSE,NA,"HMP1-2 taxonomy vaginal"
"k__Bacteria|p__Firmicutes|c__Negativicutes|o__Acidaminococcales|f__Acidaminococcaceae|g__Phascolarctobacterium|s__Phascolarctobacterium_faecium|t__SGB5792",3,0.0128755364806867,0.000921600079270009,FALSE,FALSE,FALSE,NA,"HMP1-2 taxonomy vaginal"
"k__Bacteria|p__Firmicutes|c__Clostridia|o__Clostridiales|f__Clostridiales_unclassified|g__Clostridiales_unclassified|s__Clostridiales_unclassified_SGB15145|t__SGB15145",0,0,NA,FALSE,FALSE,FALSE,NA,"HMP1-2 taxonomy vaginal"
"k__Bacteria|p__Firmicutes|c__Clostridia|o__Clostridiales|f__Lachnospiraceae|g__Roseburia|s__Roseburia_sp_AF02_12|t__SGB4938",2,0.00858369098712446,0.00026509999755,FALSE,FALSE,FALSE,NA,"HMP1-2 taxonomy vaginal"
"k__Bacteria|p__Firmicutes|c__Clostridia|o__Clostridiales|f__Ruminococcaceae|g__GGB9512|s__GGB9512_SGB14909|t__SGB14909",1,0.00429184549356223,6.4e-06,FALSE,FALSE,FALSE,NA,"HMP1-2 taxonomy vaginal"
"k__Bacteria|p__Firmicutes|c__Clostridia|o__Clostridia_unclassified|f__Clostridia_unclassified|g__Clostridia_unclassified|s__Clostridia_unclassified_SGB14951|t__SGB14951",0,0,NA,FALSE,FALSE,FALSE,NA,"HMP1-2 taxonomy vaginal"
"k__Bacteria|p__Firmicutes|c__Clostridia|o__Clostridiales|f__Ruminococcaceae|g__GGB9634|s__GGB9634_SGB15093|t__SGB15093",0,0,NA,FALSE,FALSE,FALSE,NA,"HMP1-2 taxonomy vaginal"
"k__Bacteria|p__Firmicutes|c__Clostridia|o__Clostridiales|f__Ruminococcaceae|g__Faecalibacterium|s__Faecalibacterium_SGB15346|t__SGB15346",4,0.0171673819742489,0.00331709981455005,FALSE,TRUE,FALSE,NA,"HMP1-2 taxonomy vaginal"
"k__Bacteria|p__Firmicutes|c__Clostridia|o__Clostridiales|f__Christensenellaceae|g__Christensenellaceae_unclassified|s__Christensenellaceae_bacterium|t__SGB14127",0,0,NA,FALSE,FALSE,FALSE,NA,"HMP1-2 taxonomy vaginal"
"k__Bacteria|p__Firmicutes|c__Clostridia|o__Clostridiales|f__Ruminococcaceae|g__Faecalibacterium|s__Faecalibacterium_SGB15345|t__SGB15345",0,0,NA,FALSE,FALSE,FALSE,NA,"HMP1-2 taxonomy vaginal"
"k__Bacteria|p__Firmicutes|c__Clostridia|o__Clostridiales|f__Eubacteriaceae|g__Eubacteriaceae_unclassified|s__Eubacteriaceae_bacterium|t__SGB3958",0,0,NA,FALSE,FALSE,FALSE,NA,"HMP1-2 taxonomy vaginal"
"k__Bacteria|p__Firmicutes|c__Clostridia|o__Clostridiales|f__Ruminococcaceae|g__Anaerotruncus|s__Anaerotruncus_massiliensis|t__SGB14965",0,0,NA,FALSE,FALSE,FALSE,NA,"HMP1-2 taxonomy vaginal"
"k__Bacteria|p__Firmicutes|c__Clostridia|o__Clostridiales|f__Ruminococcaceae|g__Ruminococcaceae_unclassified|s__Ruminococcaceae_unclassified_SGB15260|t__SGB15260",0,0,NA,FALSE,FALSE,FALSE,NA,"HMP1-2 taxonomy vaginal"
"k__Bacteria|p__Firmicutes|c__Clostridia|o__Clostridiales|f__Ruminococcaceae|g__Ruminococcaceae_unclassified|s__Ruminococcaceae_bacterium_AM07_15|t__SGB14974",0,0,NA,FALSE,FALSE,FALSE,NA,"HMP1-2 taxonomy vaginal"
"k__Bacteria|p__Bacteroidetes|c__Bacteroidia|o__Bacteroidales|f__Barnesiellaceae|g__Coprobacter|s__Coprobacter_secundus|t__SGB1962",0,0,NA,FALSE,FALSE,FALSE,NA,"HMP1-2 taxonomy vaginal"
"k__Bacteria|p__Proteobacteria|c__Deltaproteobacteria|o__Desulfovibrionales|f__Desulfovibrionaceae|g__Desulfovibrio|s__Desulfovibrio_desulfuricans|t__SGB15463",0,0,NA,FALSE,FALSE,FALSE,NA,"HMP1-2 taxonomy vaginal"
"k__Bacteria|p__Firmicutes|c__Clostridia|o__Clostridiales|f__Lachnospiraceae|g__Anaerosacchariphilus|s__Anaerosacchariphilus_sp_NSJ_68|t__SGB4772",0,0,NA,FALSE,FALSE,FALSE,NA,"HMP1-2 taxonomy vaginal"
"k__Bacteria|p__Firmicutes|c__Clostridia|o__Clostridia_unclassified|f__Clostridia_unclassified|g__Clostridia_unclassified|s__Clostridia_bacterium|t__SGB6328",0,0,NA,FALSE,FALSE,FALSE,NA,"HMP1-2 taxonomy vaginal"
"k__Bacteria|p__Firmicutes|c__Clostridia|o__Clostridia_unclassified|f__Clostridia_unclassified|g__Candidatus_Schneewindia|s__Candidatus_Schneewindia_gallinarum|t__SGB63326",0,0,NA,FALSE,FALSE,FALSE,NA,"HMP1-2 taxonomy vaginal"
"k__Bacteria|p__Firmicutes|c__Clostridia|o__Clostridiales|f__Ruminococcaceae|g__GGB9699|s__GGB9699_SGB15216|t__SGB15216",3,0.0128755364806867,0.000622199961476671,FALSE,FALSE,FALSE,NA,"HMP1-2 taxonomy vaginal"
"k__Bacteria|p__Firmicutes|c__Clostridia|o__Clostridia_unclassified|f__Clostridia_unclassified|g__Clostridia_unclassified|s__Clostridia_bacterium|t__SGB3573",0,0,NA,FALSE,FALSE,FALSE,NA,"HMP1-2 taxonomy vaginal"
"k__Bacteria|p__Firmicutes|c__Clostridia|o__Clostridiales|f__Ruminococcaceae|g__Ruminococcaceae_unclassified|s__Ruminococcaceae_bacterium_D5|t__SGB14960",0,0,NA,FALSE,FALSE,FALSE,NA,"HMP1-2 taxonomy vaginal"
"k__Bacteria|p__Firmicutes|c__Clostridia|o__Clostridia_unclassified|f__Clostridia_unclassified|g__Clostridia_unclassified|s__Clostridia_bacterium|t__SGB5197",0,0,NA,FALSE,FALSE,FALSE,NA,"HMP1-2 taxonomy vaginal"
"k__Bacteria|p__Firmicutes|c__CFGB1287|o__OFGB1287|f__FGB1287|g__GGB3103|s__GGB3103_SGB4112|t__SGB4112",0,0,NA,FALSE,FALSE,FALSE,NA,"HMP1-2 taxonomy vaginal"
"k__Bacteria|p__Firmicutes|c__Clostridia|o__Clostridiales|f__Ruminococcaceae|g__GGB9619|s__GGB9619_SGB15067|t__SGB15067",0,0,NA,FALSE,FALSE,FALSE,NA,"HMP1-2 taxonomy vaginal"
"k__Bacteria|p__Bacteroidetes|c__Bacteroidia|o__Bacteroidales|f__Rikenellaceae|g__Rikenellaceae_unclassified|s__Rikenellaceae_bacterium|t__SGB48104",0,0,NA,FALSE,FALSE,FALSE,NA,"HMP1-2 taxonomy vaginal"
"k__Bacteria|p__Firmicutes|c__Clostridia|o__Clostridia_unclassified|f__Clostridia_unclassified|g__Clostridia_unclassified|s__Clostridia_bacterium|t__SGB15395",0,0,NA,FALSE,FALSE,FALSE,NA,"HMP1-2 taxonomy vaginal"
"k__Bacteria|p__Firmicutes|c__Clostridia|o__Clostridiales|f__Ruminococcaceae|g__GGB9591|s__GGB9591_SGB15013|t__SGB15013",0,0,NA,FALSE,FALSE,FALSE,NA,"HMP1-2 taxonomy vaginal"
"k__Bacteria|p__Firmicutes|c__Clostridia|o__Clostridia_unclassified|f__Clostridia_unclassified|g__GGB9342|s__GGB9342_SGB14306|t__SGB14306",0,0,NA,FALSE,FALSE,FALSE,NA,"HMP1-2 taxonomy vaginal"
"k__Bacteria|p__Firmicutes|c__Clostridia|o__Clostridiales|f__Ruminococcaceae|g__Ruminococcaceae_unclassified|s__Clostridium_leptum|t__SGB14853",1,0.00429184549356223,2.15000064500019e-05,FALSE,FALSE,FALSE,NA,"HMP1-2 taxonomy vaginal"
"k__Bacteria|p__Firmicutes|c__Clostridia|o__Clostridiales|f__Lachnospiraceae|g__Blautia|s__Blautia_glucerasea|t__SGB4816",1,0.00429184549356223,0.0005422,FALSE,FALSE,FALSE,NA,"HMP1-2 taxonomy vaginal"
"k__Bacteria|p__Firmicutes|c__Erysipelotrichia|o__Erysipelotrichales|f__Erysipelotrichaceae|g__Holdemania|s__Holdemania_filiformis|t__SGB4046",0,0,NA,FALSE,FALSE,FALSE,NA,"HMP1-2 taxonomy vaginal"
"k__Bacteria|p__Firmicutes|c__Clostridia|o__Clostridiales|f__Ruminococcaceae|g__Ruminococcaceae_unclassified|s__Ruminococcaceae_bacterium|t__SGB15272",0,0,NA,FALSE,FALSE,FALSE,NA,"HMP1-2 taxonomy vaginal"
"k__Bacteria|p__Firmicutes|c__Clostridia|o__Clostridiales|f__Ruminococcaceae|g__GGB9590|s__GGB9590_SGB15012|t__SGB15012",0,0,NA,FALSE,FALSE,FALSE,NA,"HMP1-2 taxonomy vaginal"
"k__Bacteria|p__Firmicutes|c__Clostridia|o__Clostridia_unclassified|f__Clostridia_unclassified|g__Clostridia_unclassified|s__Clostridia_bacterium|t__SGB15413",0,0,NA,FALSE,FALSE,FALSE,NA,"HMP1-2 taxonomy vaginal"
"k__Bacteria|p__Firmicutes|c__Clostridia|o__Clostridiales|f__Lachnospiraceae|g__Blautia|s__Blautia_sp_MSK_21_1|t__SGB4829",0,0,NA,FALSE,FALSE,FALSE,NA,"HMP1-2 taxonomy vaginal"
"k__Bacteria|p__Firmicutes|c__Clostridia|o__Clostridia_unclassified|f__Clostridia_unclassified|g__Clostridia_unclassified|s__Clostridia_bacterium|t__SGB14929",0,0,NA,FALSE,FALSE,FALSE,NA,"HMP1-2 taxonomy vaginal"
"k__Bacteria|p__Firmicutes|c__Clostridia|o__Clostridia_unclassified|f__Clostridia_unclassified|g__Clostridia_unclassified|s__Clostridia_bacterium|t__SGB3580",0,0,NA,FALSE,FALSE,FALSE,NA,"HMP1-2 taxonomy vaginal"
"k__Bacteria|p__Firmicutes|c__Clostridia|o__Clostridia_unclassified|f__Clostridia_unclassified|g__Clostridia_unclassified|s__Clostridia_bacterium|t__SGB14255",0,0,NA,FALSE,FALSE,FALSE,NA,"HMP1-2 taxonomy vaginal"
"k__Bacteria|p__Actinobacteria|c__Coriobacteriia|o__Coriobacteriia_unclassified|f__Coriobacteriia_unclassified|g__Coriobacteriia_unclassified|s__Coriobacteriia_bacterium|t__SGB14770",0,0,NA,FALSE,FALSE,FALSE,NA,"HMP1-2 taxonomy vaginal"
"k__Bacteria|p__Firmicutes|c__Clostridia|o__Clostridiales|f__Ruminococcaceae|g__Ruminococcaceae_unclassified|s__Ruminococcaceae_unclassified_SGB15233|t__SGB15233",0,0,NA,FALSE,FALSE,FALSE,NA,"HMP1-2 taxonomy vaginal"
"k__Bacteria|p__Firmicutes|c__Clostridia|o__Clostridia_unclassified|f__Clostridia_unclassified|g__Clostridia_unclassified|s__Clostridia_bacterium|t__SGB4136",0,0,NA,FALSE,FALSE,FALSE,NA,"HMP1-2 taxonomy vaginal"
"k__Bacteria|p__Firmicutes|c__Clostridia|o__Clostridia_unclassified|f__Clostridia_unclassified|g__Clostridia_unclassified|s__Clostridia_bacterium|t__SGB15390",0,0,NA,FALSE,FALSE,FALSE,NA,"HMP1-2 taxonomy vaginal"
"k__Bacteria|p__Firmicutes|c__CFGB42691|o__OFGB42691|f__FGB42691|g__GGB51441|s__GGB51441_SGB71759|t__SGB71759",0,0,NA,FALSE,FALSE,FALSE,NA,"HMP1-2 taxonomy vaginal"
"k__Bacteria|p__Firmicutes|c__Clostridia|o__Clostridiales|f__Lachnospiraceae|g__Mediterraneibacter|s__Mediterraneibacter_sp_gm002|t__SGB4553",0,0,NA,FALSE,FALSE,FALSE,NA,"HMP1-2 taxonomy vaginal"
"k__Bacteria|p__Firmicutes|c__Clostridia|o__Clostridiales|f__Clostridiaceae|g__Clostridium|s__Clostridium_sp_AM33_3|t__SGB4711",0,0,NA,FALSE,FALSE,FALSE,NA,"HMP1-2 taxonomy vaginal"
"k__Bacteria|p__Firmicutes|c__Clostridia|o__Clostridiales|f__Lachnospiraceae|g__Catenibacillus|s__Catenibacillus_scindens|t__SGB59869",0,0,NA,FALSE,FALSE,FALSE,NA,"HMP1-2 taxonomy vaginal"
"k__Bacteria|p__Firmicutes|c__Erysipelotrichia|o__Erysipelotrichales|f__Erysipelotrichaceae|g__Turicibacter|s__Turicibacter_sanguinis|t__SGB6847",1,0.00429184549356223,0.0001154,FALSE,FALSE,FALSE,NA,"HMP1-2 taxonomy vaginal"
"k__Bacteria|p__Bacteroidetes|c__Bacteroidia|o__Bacteroidales|f__Rikenellaceae|g__Alistipes|s__Alistipes_provencensis|t__SGB2298",0,0,NA,FALSE,FALSE,FALSE,NA,"HMP1-2 taxonomy vaginal"
"k__Bacteria|p__Firmicutes|c__Clostridia|o__Clostridia_unclassified|f__Clostridia_unclassified|g__Clostridia_unclassified|s__Clostridia_bacterium|t__SGB14253",0,0,NA,FALSE,FALSE,FALSE,NA,"HMP1-2 taxonomy vaginal"
"k__Bacteria|p__Firmicutes|c__Clostridia|o__Clostridiales|f__Lachnospiraceae|g__GGB3614|s__GGB3614_SGB4886|t__SGB4886",0,0,NA,FALSE,FALSE,FALSE,NA,"HMP1-2 taxonomy vaginal"
"k__Bacteria|p__Firmicutes|c__CFGB2916|o__OFGB2916|f__FGB2916|g__GGB9237|s__GGB9237_SGB14179|t__SGB14179",0,0,NA,FALSE,FALSE,FALSE,NA,"HMP1-2 taxonomy vaginal"
"k__Bacteria|p__Lentisphaerae|c__Lentisphaeria|o__Lentisphaeria_unclassified|f__Lentisphaeria_unclassified|g__Lentisphaeria_unclassified|s__Lentisphaeria_bacterium|t__SGB9205",0,0,NA,FALSE,FALSE,FALSE,NA,"HMP1-2 taxonomy vaginal"
"k__Bacteria|p__Firmicutes|c__Clostridia|o__Clostridiales|f__Lachnospiraceae|g__Lachnospiraceae_unclassified|s__Lachnospiraceae_bacterium|t__SGB4781",0,0,NA,FALSE,FALSE,FALSE,NA,"HMP1-2 taxonomy vaginal"
"k__Bacteria|p__Proteobacteria|c__Betaproteobacteria|o__Neisseriales|f__Neisseriaceae|g__Neisseria|s__Neisseria_sicca|t__SGB9465_group",3,0.0128755364806867,0.00621853338510667,FALSE,TRUE,FALSE,NA,"HMP1-2 taxonomy vaginal"
"k__Bacteria|p__Bacteroidetes|c__Bacteroidia|o__Bacteroidales|f__Prevotellaceae|g__Prevotella|s__Prevotella_sp_A2879|t__SGB1542",2,0.00858369098712446,0.00262509999849,FALSE,TRUE,FALSE,NA,"HMP1-2 taxonomy vaginal"
"k__Bacteria|p__Bacteroidetes|c__Flavobacteriia|o__Flavobacteriales|f__Weeksellaceae|g__GGB1844|s__GGB1844_SGB2532|t__SGB2532",0,0,NA,FALSE,FALSE,FALSE,NA,"HMP1-2 taxonomy vaginal"
"k__Bacteria|p__Bacteroidetes|c__Bacteroidia|o__Bacteroidales|f__Prevotellaceae|g__Alloprevotella|s__Alloprevotella_SGB1463|t__SGB1463",1,0.00429184549356223,0.0169018983098102,FALSE,TRUE,FALSE,NA,"HMP1-2 taxonomy vaginal"
"k__Bacteria|p__Bacteroidetes|c__Bacteroidia|o__Bacteroidales|f__Prevotellaceae|g__Prevotella|s__Prevotella_scopos|t__SGB1544",0,0,NA,FALSE,FALSE,FALSE,NA,"HMP1-2 taxonomy vaginal"
"k__Bacteria|p__Proteobacteria|c__Epsilonproteobacteria|o__Campylobacterales|f__Campylobacteraceae|g__Campylobacter|s__Campylobacter_SGB19314|t__SGB19314",0,0,NA,FALSE,FALSE,FALSE,NA,"HMP1-2 taxonomy vaginal"
"k__Bacteria|p__Proteobacteria|c__Gammaproteobacteria|o__Pasteurellales|f__Pasteurellaceae|g__Haemophilus|s__Haemophilus_paraphrohaemolyticus|t__SGB9634",0,0,NA,FALSE,FALSE,FALSE,NA,"HMP1-2 taxonomy vaginal"
"k__Bacteria|p__Firmicutes|c__Negativicutes|o__Selenomonadales|f__Selenomonadaceae|g__GGB4308|s__GGB4308_SGB5895|t__SGB5895",0,0,NA,FALSE,FALSE,FALSE,NA,"HMP1-2 taxonomy vaginal"
"k__Bacteria|p__Bacteroidetes|c__Flavobacteriia|o__Flavobacteriales|f__Flavobacteriaceae|g__Capnocytophaga|s__Capnocytophaga_sp_oral_taxon_338|t__SGB2478",0,0,NA,FALSE,FALSE,FALSE,NA,"HMP1-2 taxonomy vaginal"
"k__Bacteria|p__Fusobacteria|c__Fusobacteriia|o__Fusobacteriales|f__Leptotrichiaceae|g__Leptotrichia|s__Leptotrichia_sp_oral_taxon_498|t__SGB6053",0,0,NA,FALSE,FALSE,FALSE,NA,"HMP1-2 taxonomy vaginal"
"k__Bacteria|p__Proteobacteria|c__Betaproteobacteria|o__Neisseriales|f__Neisseriaceae|g__Neisseria|s__Neisseria_cinerea|t__SGB9460",0,0,NA,FALSE,FALSE,FALSE,NA,"HMP1-2 taxonomy vaginal"
"k__Bacteria|p__Fusobacteria|c__Fusobacteriia|o__Fusobacteriales|f__Leptotrichiaceae|g__Leptotrichia|s__Leptotrichia_hofstadii|t__SGB6062",1,0.00429184549356223,0.0461207907758418,FALSE,TRUE,FALSE,NA,"HMP1-2 taxonomy vaginal"
"k__Bacteria|p__Firmicutes|c__Bacilli|o__Lactobacillales|f__Streptococcaceae|g__Streptococcus|s__Streptococcus_pneumoniae|t__SGB8138",0,0,NA,FALSE,FALSE,FALSE,NA,"HMP1-2 taxonomy vaginal"
"k__Bacteria|p__Bacteroidetes|c__Bacteroidia|o__Bacteroidales|f__Prevotellaceae|g__GGB1186|s__GGB1186_SGB1534|t__SGB1534",0,0,NA,FALSE,FALSE,FALSE,NA,"HMP1-2 taxonomy vaginal"
"k__Bacteria|p__Bacteroidetes|c__Bacteroidia|o__Bacteroidales|f__Prevotellaceae|g__Prevotella|s__Prevotella_conceptionensis|t__SGB1458_group",0,0,NA,FALSE,FALSE,FALSE,NA,"HMP1-2 taxonomy vaginal"
"k__Bacteria|p__Bacteroidetes|c__Flavobacteriia|o__Flavobacteriales|f__Flavobacteriaceae|g__GGB1833|s__GGB1833_SGB2477|t__SGB2477",3,0.0128755364806867,0.0032675326909368,FALSE,TRUE,FALSE,NA,"HMP1-2 taxonomy vaginal"
"k__Bacteria|p__Candidatus_Saccharibacteria|c__Candidatus_Nanosyncoccalia|o__Candidatus_Nanogingivales|f__Candidatus_Nanogingivalaceae|g__GGB12783|s__GGB12783_SGB19821|t__SGB19821",1,0.00429184549356223,0.0003277,FALSE,FALSE,FALSE,NA,"HMP1-2 taxonomy vaginal"
"k__Bacteria|p__Candidatus_Absconditabacteria|c__Candidatus_Absconditabacteria_unclassified|o__Candidatus_Absconditabacteria_unclassified|f__Candidatus_Absconditabacteria_unclassified|g__Candidatus_Absconditabacteria_unclassified|s__Candidatus_Absconditabacteria_unclassified_SGB6894|t__SGB6894",0,0,NA,FALSE,FALSE,FALSE,NA,"HMP1-2 taxonomy vaginal"
"k__Bacteria|p__Bacteroidetes|c__Bacteroidia|o__Bacteroidales|f__Tannerellaceae|g__Tannerella|s__Tannerella_sp_oral_taxon_808|t__SGB2047",0,0,NA,FALSE,FALSE,FALSE,NA,"HMP1-2 taxonomy vaginal"
"k__Bacteria|p__Candidatus_Saccharibacteria|c__Candidatus_Nanosyncoccalia|o__Candidatus_Nanogingivales|f__Candidatus_Nanogingivalaceae|g__Candidatus_Nanogingivalis|s__Candidatus_Nanogingivalis_gingivitcus|t__SGB19822",1,0.00429184549356223,0.0029759,FALSE,TRUE,FALSE,NA,"HMP1-2 taxonomy vaginal"
"k__Bacteria|p__Candidatus_Saccharibacteria|c__Candidatus_Saccharibacteria_unclassified|o__Candidatus_Saccharibacteria_unclassified|f__Candidatus_Saccharibacteria_unclassified|g__Candidatus_Saccharibacteria_unclassified|s__Candidatus_Saccharibacteria_bacterium_oral_taxon_955|t__SGB19921",0,0,NA,FALSE,FALSE,FALSE,NA,"HMP1-2 taxonomy vaginal"
"k__Bacteria|p__Candidatus_Gracilibacteria|c__Candidatus_Gracilibacteria_unclassified|o__Candidatus_Gracilibacteria_unclassified|f__Candidatus_Gracilibacteria_unclassified|g__Candidatus_Gracilibacteria_unclassified|s__Candidatus_Gracilibacteria_bacterium_GN02_873|t__SGB3516",1,0.00429184549356223,9.70000388000155e-06,FALSE,FALSE,FALSE,NA,"HMP1-2 taxonomy vaginal"
"k__Bacteria|p__Firmicutes|c__Negativicutes|o__Selenomonadales|f__Selenomonadaceae|g__Selenomonas|s__Selenomonas_SGB5891|t__SGB5891",0,0,NA,FALSE,FALSE,FALSE,NA,"HMP1-2 taxonomy vaginal"
"k__Bacteria|p__Bacteroidetes|c__CFGB570|o__OFGB570|f__FGB570|g__GGB1201|s__GGB1201_SGB1566|t__SGB1566",0,0,NA,FALSE,FALSE,FALSE,NA,"HMP1-2 taxonomy vaginal"
"k__Bacteria|p__Firmicutes|c__Bacilli|o__Lactobacillales|f__Enterococcaceae|g__Enterococcus|s__Enterococcus_faecalis|t__SGB7962",4,0.0171673819742489,0.0010885999998875,FALSE,TRUE,FALSE,NA,"HMP1-2 taxonomy vaginal"
"k__Bacteria|p__Firmicutes|c__Clostridia|o__Clostridiales|f__Lachnospiraceae|g__Lachnoanaerobaculum|s__Lachnoanaerobaculum_saburreum|t__SGB4481",1,0.00429184549356223,0.0164818967036207,FALSE,TRUE,FALSE,NA,"HMP1-2 taxonomy vaginal"
"k__Eukaryota|p__Ascomycota|c__Saccharomycetes|o__Saccharomycetales|f__Debaryomycetaceae|g__Candida|s__Candida_albicans|t__EUK5476",6,0.0257510729613734,0.00318578320837335,FALSE,TRUE,FALSE,NA,"HMP1-2 taxonomy vaginal"
"k__Bacteria|p__Firmicutes|c__Clostridia|o__Clostridia_unclassified|f__Clostridia_unclassified|g__Clostridia_unclassified|s__Clostridia_unclassified_SGB13972|t__SGB13972",0,0,NA,FALSE,FALSE,FALSE,NA,"HMP1-2 taxonomy vaginal"
"k__Bacteria|p__Bacteroidetes|c__Bacteroidia|o__Bacteroidales|f__Prevotellaceae|g__Prevotella|s__Prevotella_sp_oral_taxon_299|t__SGB1535",0,0,NA,FALSE,FALSE,FALSE,NA,"HMP1-2 taxonomy vaginal"
"k__Bacteria|p__Firmicutes|c__Bacilli|o__Bacilli_unclassified|f__Bacilli_unclassified|g__Bacilli_unclassified|s__Bacilli_unclassified_SGB6571|t__SGB6571",2,0.00858369098712446,0.00454640042543004,FALSE,TRUE,FALSE,NA,"HMP1-2 taxonomy vaginal"
"k__Bacteria|p__Bacteroidetes|c__Bacteroidia|o__Bacteroidales|f__Odoribacteraceae|g__Odoribacter|s__Odoribacter_laneus|t__SGB1792",2,0.00858369098712446,0.00131325002804,FALSE,TRUE,FALSE,NA,"HMP1-2 taxonomy vaginal"
"k__Bacteria|p__Proteobacteria|c__CFGB1021|o__OFGB1021|f__FGB1021|g__GGB2670|s__GGB2670_SGB3597|t__SGB3597",0,0,NA,FALSE,FALSE,FALSE,NA,"HMP1-2 taxonomy vaginal"
"k__Bacteria|p__Firmicutes|c__Negativicutes|o__Selenomonadales|f__Selenomonadaceae|g__Selenomonas|s__Selenomonas_massiliensis|t__SGB5886",0,0,NA,FALSE,FALSE,FALSE,NA,"HMP1-2 taxonomy vaginal"
"k__Bacteria|p__Proteobacteria|c__Betaproteobacteria|o__Neisseriales|f__Neisseriaceae|g__Neisseria|s__Neisseria_bacilliformis|t__SGB9426",1,0.00429184549356223,0.000585699882860023,FALSE,FALSE,FALSE,NA,"HMP1-2 taxonomy vaginal"
"k__Bacteria|p__Firmicutes|c__Negativicutes|o__Selenomonadales|f__Selenomonadaceae|g__Selenomonas|s__Selenomonas_sp_oral_taxon_126|t__SGB5888",0,0,NA,FALSE,FALSE,FALSE,NA,"HMP1-2 taxonomy vaginal"
"k__Bacteria|p__Spirochaetes|c__Spirochaetia|o__Spirochaetales|f__Spirochaetaceae|g__Treponema|s__Treponema_vincentii|t__SGB3602",0,0,NA,FALSE,FALSE,FALSE,NA,"HMP1-2 taxonomy vaginal"
"k__Bacteria|p__Firmicutes|c__Negativicutes|o__Selenomonadales|f__Selenomonadaceae|g__Selenomonas|s__Selenomonas_sp_FOBRC6|t__SGB5889",0,0,NA,FALSE,FALSE,FALSE,NA,"HMP1-2 taxonomy vaginal"
"k__Bacteria|p__Bacteroidetes|c__Bacteroidia|o__Bacteroidales|f__Porphyromonadaceae|g__GGB1474|s__GGB1474_SGB2040|t__SGB2040",0,0,NA,FALSE,FALSE,FALSE,NA,"HMP1-2 taxonomy vaginal"
"k__Bacteria|p__Firmicutes|c__Negativicutes|o__Selenomonadales|f__Selenomonadaceae|g__Selenomonas|s__Selenomonas_sp_oral_taxon_920|t__SGB25061",0,0,NA,FALSE,FALSE,FALSE,NA,"HMP1-2 taxonomy vaginal"
"k__Bacteria|p__Fusobacteria|c__Fusobacteriia|o__Fusobacteriales|f__Leptotrichiaceae|g__Leptotrichia|s__Leptotrichia_sp_oral_taxon_223|t__SGB77498",0,0,NA,FALSE,FALSE,FALSE,NA,"HMP1-2 taxonomy vaginal"
"k__Bacteria|p__Bacteroidetes|c__Bacteroidia|o__Bacteroidales|f__Bacteroidales_unclassified|g__Phocaeicola|s__Phocaeicola_coprocola|t__SGB1891_group",6,0.0257510729613734,0.000456233315983337,FALSE,FALSE,FALSE,NA,"HMP1-2 taxonomy vaginal"
"k__Bacteria|p__Firmicutes|c__Clostridia|o__Clostridia_unclassified|f__Clostridia_unclassified|g__GGB4569|s__GGB4569_SGB6312|t__SGB6312",0,0,NA,FALSE,FALSE,FALSE,NA,"HMP1-2 taxonomy vaginal"
"k__Bacteria|p__Verrucomicrobia|c__Verrucomicrobiae|o__Verrucomicrobiales|f__Akkermansiaceae|g__Akkermansia|s__Akkermansia_sp_KLE1605|t__SGB9224",2,0.00858369098712446,0.0036516489792953,FALSE,TRUE,FALSE,NA,"HMP1-2 taxonomy vaginal"
"k__Bacteria|p__Bacteroidetes|c__Bacteroidia|o__Bacteroidales|f__Rikenellaceae|g__Rikenellaceae_unclassified|s__Rikenellaceae_bacterium|t__SGB2317",3,0.0128755364806867,0.000267800034370005,FALSE,FALSE,FALSE,NA,"HMP1-2 taxonomy vaginal"
"k__Bacteria|p__Firmicutes|c__Clostridia|o__Clostridia_unclassified|f__Clostridia_unclassified|g__GGB3278|s__GGB3278_SGB4328|t__SGB4328",3,0.0128755364806867,0.00192079982645336,FALSE,TRUE,FALSE,NA,"HMP1-2 taxonomy vaginal"
"k__Bacteria|p__Firmicutes|c__Clostridia|o__Clostridia_unclassified|f__Clostridia_unclassified|g__GGB4599|s__GGB4599_SGB6362|t__SGB6362",3,0.0128755364806867,0.0001170999965,FALSE,FALSE,FALSE,NA,"HMP1-2 taxonomy vaginal"
"k__Bacteria|p__Firmicutes|c__Clostridia|o__Clostridia_unclassified|f__Clostridia_unclassified|g__Clostridia_unclassified|s__Clostridia_bacterium|t__SGB14151",0,0,NA,FALSE,FALSE,FALSE,NA,"HMP1-2 taxonomy vaginal"
"k__Bacteria|p__Bacteroidetes|c__Bacteroidia|o__Bacteroidales|f__Odoribacteraceae|g__Butyricimonas|s__Butyricimonas_virosa|t__SGB1784",0,0,NA,FALSE,FALSE,FALSE,NA,"HMP1-2 taxonomy vaginal"
"k__Bacteria|p__Firmicutes|c__Negativicutes|o__Acidaminococcales|f__Acidaminococcaceae|g__Acidaminococcus|s__Acidaminococcus_intestini|t__SGB5736",0,0,NA,FALSE,FALSE,FALSE,NA,"HMP1-2 taxonomy vaginal"
"k__Bacteria|p__Firmicutes|c__Clostridia|o__Clostridia_unclassified|f__Clostridia_unclassified|g__Clostridia_unclassified|s__Clostridia_bacterium|t__SGB14022",0,0,NA,FALSE,FALSE,FALSE,NA,"HMP1-2 taxonomy vaginal"
"k__Bacteria|p__Firmicutes|c__Clostridia|o__Clostridia_unclassified|f__Clostridia_unclassified|g__Clostridia_unclassified|s__Clostridia_bacterium|t__SGB6378",0,0,NA,FALSE,FALSE,FALSE,NA,"HMP1-2 taxonomy vaginal"
"k__Bacteria|p__Bacteroidetes|c__Bacteroidia|o__Bacteroidales|f__Rikenellaceae|g__Alistipes|s__Alistipes_sp_AF17_16|t__SGB2326",0,0,NA,FALSE,FALSE,FALSE,NA,"HMP1-2 taxonomy vaginal"
"k__Bacteria|p__Firmicutes|c__Clostridia|o__Clostridia_unclassified|f__Clostridia_unclassified|g__Clostridia_unclassified|s__Clostridia_bacterium|t__SGB14892",0,0,NA,FALSE,FALSE,FALSE,NA,"HMP1-2 taxonomy vaginal"
"k__Bacteria|p__Firmicutes|c__Clostridia|o__Clostridia_unclassified|f__Clostridia_unclassified|g__Clostridia_unclassified|s__Clostridia_bacterium|t__SGB14954",0,0,NA,FALSE,FALSE,FALSE,NA,"HMP1-2 taxonomy vaginal"
"k__Bacteria|p__Firmicutes|c__Clostridia|o__Clostridiales|f__Lachnospiraceae|g__Coprococcus|s__Coprococcus_eutactus|t__SGB5121",0,0,NA,FALSE,FALSE,FALSE,NA,"HMP1-2 taxonomy vaginal"
"k__Bacteria|p__Firmicutes|c__Clostridia|o__Clostridiales|f__Ruminococcaceae|g__GGB9631|s__GGB9631_SGB15087|t__SGB15087",0,0,NA,FALSE,FALSE,FALSE,NA,"HMP1-2 taxonomy vaginal"
"k__Bacteria|p__Firmicutes|c__Clostridia|o__Clostridia_unclassified|f__Clostridia_unclassified|g__Clostridia_unclassified|s__Clostridia_bacterium|t__SGB14137",0,0,NA,FALSE,FALSE,FALSE,NA,"HMP1-2 taxonomy vaginal"
"k__Bacteria|p__Firmicutes|c__Clostridia|o__Clostridia_unclassified|f__Clostridia_unclassified|g__Clostridia_unclassified|s__Clostridia_bacterium|t__SGB14263",0,0,NA,FALSE,FALSE,FALSE,NA,"HMP1-2 taxonomy vaginal"
"k__Bacteria|p__Firmicutes|c__Clostridia|o__Clostridiales|f__Ruminococcaceae|g__GGB3341|s__GGB3341_SGB4420|t__SGB4420",0,0,NA,FALSE,FALSE,FALSE,NA,"HMP1-2 taxonomy vaginal"
"k__Bacteria|p__Firmicutes|c__Clostridia|o__Clostridia_unclassified|f__Clostridia_unclassified|g__Clostridia_unclassified|s__Clostridia_bacterium|t__SGB13982",0,0,NA,FALSE,FALSE,FALSE,NA,"HMP1-2 taxonomy vaginal"
"k__Bacteria|p__Proteobacteria|c__Deltaproteobacteria|o__Desulfovibrionales|f__Desulfovibrionaceae|g__Bilophila|s__Bilophila_wadsworthia|t__SGB15452",1,0.00429184549356223,0.000157299984270002,FALSE,FALSE,FALSE,NA,"HMP1-2 taxonomy vaginal"
"k__Bacteria|p__Firmicutes|c__Clostridia|o__Clostridiales|f__Ruminococcaceae|g__GGB9632|s__GGB9632_SGB15089|t__SGB15089",3,0.0128755364806867,0.00208533315722002,FALSE,TRUE,FALSE,NA,"HMP1-2 taxonomy vaginal"
"k__Bacteria|p__Firmicutes|c__Clostridia|o__Clostridiales|f__Clostridiales_unclassified|g__Monoglobus|s__Monoglobus_pectinilyticus|t__SGB4166",0,0,NA,FALSE,FALSE,FALSE,NA,"HMP1-2 taxonomy vaginal"
"k__Bacteria|p__Firmicutes|c__Clostridia|o__Clostridiales|f__Ruminococcaceae|g__Ruminococcaceae_unclassified|s__Ruminococcaceae_bacterium|t__SGB14177",0,0,NA,FALSE,FALSE,FALSE,NA,"HMP1-2 taxonomy vaginal"
"k__Bacteria|p__Firmicutes|c__Clostridia|o__Clostridia_unclassified|f__Clostridia_unclassified|g__Clostridia_unclassified|s__Clostridia_bacterium|t__SGB13983",3,0.0128755364806867,0.00348993308747671,FALSE,TRUE,FALSE,NA,"HMP1-2 taxonomy vaginal"
"k__Bacteria|p__Actinobacteria|c__Coriobacteriia|o__Eggerthellales|f__Eggerthellaceae|g__Eggerthellaceae_unclassified|s__Eggerthellaceae_unclassified_SGB14341|t__SGB14341",0,0,NA,FALSE,FALSE,FALSE,NA,"HMP1-2 taxonomy vaginal"
"k__Bacteria|p__Actinobacteria|c__Actinobacteria|o__Bifidobacteriales|f__Bifidobacteriaceae|g__Bifidobacterium|s__Bifidobacterium_longum|t__SGB17248",3,0.0128755364806867,0.00938736666664,FALSE,TRUE,FALSE,NA,"HMP1-2 taxonomy vaginal"
"k__Bacteria|p__Firmicutes|c__Clostridia|o__Clostridiales|f__Ruminococcaceae|g__GGB9623|s__GGB9623_SGB15076|t__SGB15076",0,0,NA,FALSE,FALSE,FALSE,NA,"HMP1-2 taxonomy vaginal"
"k__Bacteria|p__Firmicutes|c__Clostridia|o__Clostridiales|f__Ruminococcaceae|g__Gemmiger|s__Gemmiger_SGB15295|t__SGB15295_group",1,0.00429184549356223,0.004192,FALSE,TRUE,FALSE,NA,"HMP1-2 taxonomy vaginal"
"k__Bacteria|p__Firmicutes|c__Clostridia|o__Clostridiales|f__Lachnospiraceae|g__Coprococcus|s__Coprococcus_catus|t__SGB4670",2,0.00858369098712446,0.000124349996295,FALSE,FALSE,FALSE,NA,"HMP1-2 taxonomy vaginal"
"k__Bacteria|p__Proteobacteria|c__Deltaproteobacteria|o__Desulfovibrionales|f__Desulfovibrionaceae|g__GGB9818|s__GGB9818_SGB15459|t__SGB15459",0,0,NA,FALSE,FALSE,FALSE,NA,"HMP1-2 taxonomy vaginal"
"k__Bacteria|p__Firmicutes|c__CFGB3035|o__OFGB3035|f__FGB3035|g__GGB9524|s__GGB9524_SGB14924|t__SGB14924",0,0,NA,FALSE,FALSE,FALSE,NA,"HMP1-2 taxonomy vaginal"
"k__Bacteria|p__Firmicutes|c__Clostridia|o__Clostridiales|f__Ruminococcaceae|g__GGB9694|s__GGB9694_SGB15203|t__SGB15203",0,0,NA,FALSE,FALSE,FALSE,NA,"HMP1-2 taxonomy vaginal"
"k__Bacteria|p__Firmicutes|c__Clostridia|o__Clostridiales|f__Clostridiaceae|g__Clostridium|s__Clostridium_phoceensis|t__SGB15154",0,0,NA,FALSE,FALSE,FALSE,NA,"HMP1-2 taxonomy vaginal"
"k__Bacteria|p__Firmicutes|c__Clostridia|o__Clostridiales|f__Eubacteriaceae|g__Eubacteriaceae_unclassified|s__Eubacteriaceae_bacterium|t__SGB5043",0,0,NA,FALSE,FALSE,FALSE,NA,"HMP1-2 taxonomy vaginal"
"k__Bacteria|p__Firmicutes|c__Clostridia|o__Clostridia_unclassified|f__Clostridia_unclassified|g__Clostridia_unclassified|s__Clostridia_bacterium|t__SGB14957",0,0,NA,FALSE,FALSE,FALSE,NA,"HMP1-2 taxonomy vaginal"
"k__Bacteria|p__Firmicutes|c__CFGB40382|o__OFGB40382|f__FGB40382|g__GGB45491|s__GGB45491_SGB63163|t__SGB63163",0,0,NA,FALSE,FALSE,FALSE,NA,"HMP1-2 taxonomy vaginal"
"k__Bacteria|p__Firmicutes|c__Clostridia|o__Clostridiales|f__Lachnospiraceae|g__Blautia|s__Blautia_SGB4831|t__SGB4831_group",0,0,NA,FALSE,FALSE,FALSE,NA,"HMP1-2 taxonomy vaginal"
"k__Bacteria|p__Firmicutes|c__Clostridia|o__Clostridiales|f__Clostridiaceae|g__Clostridium|s__Clostridium_sp_NSJ_42|t__SGB6174_group",0,0,NA,FALSE,FALSE,FALSE,NA,"HMP1-2 taxonomy vaginal"
"k__Bacteria|p__Firmicutes|c__Clostridia|o__Clostridiales|f__Lachnospiraceae|g__Blautia|s__Blautia_SGB4805|t__SGB4805",0,0,NA,FALSE,FALSE,FALSE,NA,"HMP1-2 taxonomy vaginal"
"k__Bacteria|p__Firmicutes|c__Clostridia|o__Clostridiales|f__Ruminococcaceae|g__Ruminococcaceae_unclassified|s__Ruminococcaceae_bacterium|t__SGB14899",0,0,NA,FALSE,FALSE,FALSE,NA,"HMP1-2 taxonomy vaginal"
"k__Bacteria|p__Firmicutes|c__Erysipelotrichia|o__Erysipelotrichales|f__Erysipelotrichaceae|g__GGB3034|s__GGB3034_SGB4030|t__SGB4030",0,0,NA,FALSE,FALSE,FALSE,NA,"HMP1-2 taxonomy vaginal"
"k__Bacteria|p__Firmicutes|c__Clostridia|o__Clostridiales|f__Ruminococcaceae|g__Anaeromassilibacillus|s__Anaeromassilibacillus_sp_An250|t__SGB14894",0,0,NA,FALSE,FALSE,FALSE,NA,"HMP1-2 taxonomy vaginal"
"k__Bacteria|p__Firmicutes|c__Clostridia|o__Clostridiales|f__Eubacteriaceae|g__Eubacterium|s__Eubacterium_sp_AF34_35BH|t__SGB5051",1,0.00429184549356223,0.000196600058980018,FALSE,FALSE,FALSE,NA,"HMP1-2 taxonomy vaginal"
"k__Bacteria|p__Firmicutes|c__Clostridia|o__Clostridiales|f__Ruminococcaceae|g__GGB9627|s__GGB9627_SGB15081|t__SGB15081",0,0,NA,FALSE,FALSE,FALSE,NA,"HMP1-2 taxonomy vaginal"
"k__Bacteria|p__Firmicutes|c__Erysipelotrichia|o__Erysipelotrichales|f__Erysipelotrichaceae|g__Erysipelotrichaceae_unclassified|s__Erysipelotrichaceae_bacterium|t__SGB4029",0,0,NA,FALSE,FALSE,FALSE,NA,"HMP1-2 taxonomy vaginal"
"k__Bacteria|p__Firmicutes|c__Erysipelotrichia|o__Erysipelotrichales|f__Erysipelotrichaceae|g__Longicatena|s__Longicatena_caecimuris|t__SGB4041",1,0.00429184549356223,1.92000057600017e-05,FALSE,FALSE,FALSE,NA,"HMP1-2 taxonomy vaginal"
"k__Bacteria|p__Firmicutes|c__Clostridia|o__Clostridiales|f__Lachnospiraceae|g__Anaerobutyricum|s__Anaerobutyricum_hallii|t__SGB4537",0,0,NA,FALSE,FALSE,FALSE,NA,"HMP1-2 taxonomy vaginal"
"k__Bacteria|p__Actinobacteria|c__Coriobacteriia|o__Coriobacteriales|f__Coriobacteriaceae|g__Senegalimassilia|s__Senegalimassilia_anaerobia|t__SGB14824_group",0,0,NA,FALSE,FALSE,FALSE,NA,"HMP1-2 taxonomy vaginal"
"k__Bacteria|p__Firmicutes|c__CFGB3053|o__OFGB3053|f__FGB3053|g__GGB9581|s__GGB9581_SGB14999|t__SGB14999",1,0.00429184549356223,5.22e-05,FALSE,FALSE,FALSE,NA,"HMP1-2 taxonomy vaginal"
"k__Bacteria|p__Firmicutes|c__Clostridia|o__Clostridiales|f__Ruminococcaceae|g__GGB9667|s__GGB9667_SGB15164|t__SGB15164",1,0.00429184549356223,0.000142399985760001,FALSE,FALSE,FALSE,NA,"HMP1-2 taxonomy vaginal"
"k__Bacteria|p__Firmicutes|c__Clostridia|o__Clostridiales|f__Lachnospiraceae|g__Dorea|s__Dorea_sp_AF36_15AT|t__SGB4552_group",0,0,NA,FALSE,FALSE,FALSE,NA,"HMP1-2 taxonomy vaginal"
"k__Bacteria|p__Firmicutes|c__Clostridia|o__Clostridiales|f__Ruminococcaceae|g__Ruminococcaceae_unclassified|s__Ruminococcaceae_bacterium|t__SGB14906",0,0,NA,FALSE,FALSE,FALSE,NA,"HMP1-2 taxonomy vaginal"
"k__Bacteria|p__Firmicutes|c__Clostridia|o__Clostridiales|f__Clostridiaceae|g__Butyricicoccus|s__Butyricicoccus_sp_AM29_23AC|t__SGB14991",0,0,NA,FALSE,FALSE,FALSE,NA,"HMP1-2 taxonomy vaginal"
"k__Bacteria|p__Actinobacteria|c__Coriobacteriia|o__Eggerthellales|f__Eggerthellaceae|g__Adlercreutzia|s__Adlercreutzia_equolifaciens|t__SGB14797_group",0,0,NA,FALSE,FALSE,FALSE,NA,"HMP1-2 taxonomy vaginal"
"k__Bacteria|p__Firmicutes|c__Clostridia|o__Clostridiales|f__Clostridiaceae|g__Clostridiaceae_unclassified|s__Clostridiaceae_bacterium|t__SGB4721",0,0,NA,FALSE,FALSE,FALSE,NA,"HMP1-2 taxonomy vaginal"
"k__Bacteria|p__Firmicutes|c__Clostridia|o__Clostridiales|f__Lachnospiraceae|g__Blautia|s__Blautia_stercoris|t__SGB4788_group",0,0,NA,FALSE,FALSE,FALSE,NA,"HMP1-2 taxonomy vaginal"
"k__Bacteria|p__Firmicutes|c__Clostridia|o__Clostridiales|f__Clostridiaceae|g__Clostridium|s__Clostridium_sp_Marseille_P3244|t__SGB29302",0,0,NA,FALSE,FALSE,FALSE,NA,"HMP1-2 taxonomy vaginal"
"k__Bacteria|p__Firmicutes|c__Clostridia|o__Clostridia_unclassified|f__Clostridia_unclassified|g__Clostridia_unclassified|s__Clostridia_bacterium|t__SGB14050",0,0,NA,FALSE,FALSE,FALSE,NA,"HMP1-2 taxonomy vaginal"
"k__Bacteria|p__Firmicutes|c__Clostridia|o__Clostridiales|f__Christensenellaceae|g__Christensenellaceae_unclassified|s__Christensenellaceae_bacterium|t__SGB14128",0,0,NA,FALSE,FALSE,FALSE,NA,"HMP1-2 taxonomy vaginal"
"k__Bacteria|p__Actinobacteria|c__Actinobacteria|o__Micrococcales|f__Microbacteriaceae|g__Microbacterium|s__Microbacterium_SGB53518|t__SGB53518",0,0,NA,FALSE,FALSE,FALSE,NA,"HMP1-2 taxonomy vaginal"
"k__Bacteria|p__Firmicutes|c__Clostridia|o__Clostridiales|f__Lachnospiraceae|g__Lachnoclostridium|s__Lachnoclostridium_sp_An138|t__SGB4774",0,0,NA,FALSE,FALSE,FALSE,NA,"HMP1-2 taxonomy vaginal"
"k__Bacteria|p__Firmicutes|c__Erysipelotrichia|o__Erysipelotrichales|f__Erysipelotrichaceae|g__Massilimicrobiota|s__Massilimicrobiota_timonensis|t__SGB6767",0,0,NA,FALSE,FALSE,FALSE,NA,"HMP1-2 taxonomy vaginal"
"k__Bacteria|p__Verrucomicrobia|c__CFGB6128|o__OFGB6128|f__FGB6128|g__GGB52930|s__GGB52930_SGB73859|t__SGB73859",0,0,NA,FALSE,FALSE,FALSE,NA,"HMP1-2 taxonomy vaginal"
"k__Bacteria|p__Firmicutes|c__Clostridia|o__Clostridia_unclassified|f__Clostridia_unclassified|g__GGB9494|s__GGB9494_SGB14891|t__SGB14891",0,0,NA,FALSE,FALSE,FALSE,NA,"HMP1-2 taxonomy vaginal"
"k__Bacteria|p__Firmicutes|c__Clostridia|o__Candidatus_Borkfalkiales|f__Candidatus_Borkfalkiaceae|g__Candidatus_Borkfalkia|s__Candidatus_Borkfalkia_ceftriaxoniphila|t__SGB14027",0,0,NA,FALSE,FALSE,FALSE,NA,"HMP1-2 taxonomy vaginal"
"k__Bacteria|p__Firmicutes|c__Clostridia|o__Clostridiales|f__Lachnospiraceae|g__Mediterraneibacter|s__Mediterraneibacter_glycyrrhizinilyticus|t__SGB4606",0,0,NA,FALSE,FALSE,FALSE,NA,"HMP1-2 taxonomy vaginal"
"k__Bacteria|p__Firmicutes|c__Clostridia|o__Clostridiales|f__Lachnospiraceae|g__Lachnospiraceae_unclassified|s__Lachnospiraceae_unclassified_SGB4924|t__SGB4924_group",0,0,NA,FALSE,FALSE,FALSE,NA,"HMP1-2 taxonomy vaginal"
"k__Bacteria|p__Firmicutes|c__Clostridia|o__Clostridiales|f__Ruminococcaceae|g__Ruminococcaceae_unclassified|s__Ruminococcaceae_bacterium|t__SGB15278",0,0,NA,FALSE,FALSE,FALSE,NA,"HMP1-2 taxonomy vaginal"
"k__Bacteria|p__Firmicutes|c__Clostridia|o__Clostridia_unclassified|f__Clostridia_unclassified|g__Clostridia_unclassified|s__Clostridia_bacterium|t__SGB3991",0,0,NA,FALSE,FALSE,FALSE,NA,"HMP1-2 taxonomy vaginal"
"k__Bacteria|p__Firmicutes|c__Clostridia|o__Clostridiales|f__Lachnospiraceae|g__Lachnospira|s__Lachnospira_SGB5077|t__SGB5077",1,0.00429184549356223,0.000255400076620023,FALSE,FALSE,FALSE,NA,"HMP1-2 taxonomy vaginal"
"k__Bacteria|p__Firmicutes|c__Clostridia|o__Clostridiales|f__Ruminococcaceae|g__Ruminococcaceae_unclassified|s__Ruminococcaceae_bacterium|t__SGB15273",0,0,NA,FALSE,FALSE,FALSE,NA,"HMP1-2 taxonomy vaginal"
"k__Bacteria|p__Firmicutes|c__Clostridia|o__Clostridiales|f__Ruminococcaceae|g__GGB9610|s__GGB9610_SGB15045|t__SGB15045",0,0,NA,FALSE,FALSE,FALSE,NA,"HMP1-2 taxonomy vaginal"
"k__Bacteria|p__Firmicutes|c__Clostridia|o__Clostridiales|f__Lachnospiraceae|g__Lachnospiraceae_unclassified|s__Lachnospiraceae_bacterium|t__SGB4718",0,0,NA,FALSE,FALSE,FALSE,NA,"HMP1-2 taxonomy vaginal"
"k__Bacteria|p__Firmicutes|c__Clostridia|o__Clostridiales|f__Lachnospiraceae|g__Blautia|s__Blautia_SGB4815|t__SGB4815_group",0,0,NA,FALSE,FALSE,FALSE,NA,"HMP1-2 taxonomy vaginal"
"k__Bacteria|p__Firmicutes|c__Clostridia|o__Clostridiales|f__Clostridiaceae|g__Massilioclostridium|s__Massilioclostridium_coli|t__SGB29305",0,0,NA,FALSE,FALSE,FALSE,NA,"HMP1-2 taxonomy vaginal"
"k__Bacteria|p__Firmicutes|c__Clostridia|o__Clostridia_unclassified|f__Clostridia_unclassified|g__Clostridia_unclassified|s__Clostridia_unclassified_SGB71281|t__SGB71281",0,0,NA,FALSE,FALSE,FALSE,NA,"HMP1-2 taxonomy vaginal"
"k__Bacteria|p__Firmicutes|c__Clostridia|o__Clostridiales|f__Lachnospiraceae|g__GGB3571|s__GGB3571_SGB4778|t__SGB4778",0,0,NA,FALSE,FALSE,FALSE,NA,"HMP1-2 taxonomy vaginal"
"k__Bacteria|p__Firmicutes|c__Clostridia|o__Clostridiales|f__Ruminococcaceae|g__Anaerotruncus|s__Anaerotruncus_rubiinfantis|t__SGB25416",0,0,NA,FALSE,FALSE,FALSE,NA,"HMP1-2 taxonomy vaginal"
"k__Bacteria|p__Firmicutes|c__Clostridia|o__Clostridia_unclassified|f__Clostridia_unclassified|g__Candidatus_Parachristensenella|s__Candidatus_Parachristensenella_avicola|t__SGB58519",0,0,NA,FALSE,FALSE,FALSE,NA,"HMP1-2 taxonomy vaginal"
"k__Bacteria|p__Firmicutes|c__Clostridia|o__Clostridiales|f__Ruminococcaceae|g__Anaerotruncus|s__Anaerotruncus_colihominis|t__SGB14963",0,0,NA,FALSE,FALSE,FALSE,NA,"HMP1-2 taxonomy vaginal"
"k__Bacteria|p__Firmicutes|c__Clostridia|o__Clostridiales|f__Ruminococcaceae|g__Flavonifractor|s__Flavonifractor_plautii|t__SGB15132",2,0.00858369098712446,0.0014371002742301,FALSE,TRUE,FALSE,NA,"HMP1-2 taxonomy vaginal"
"k__Bacteria|p__Firmicutes|c__Clostridia|o__Clostridiales|f__Ruminococcaceae|g__Harryflintia|s__Harryflintia_acetispora|t__SGB14838",0,0,NA,FALSE,FALSE,FALSE,NA,"HMP1-2 taxonomy vaginal"
"k__Bacteria|p__Firmicutes|c__Clostridia|o__Clostridia_unclassified|f__Clostridia_unclassified|g__Clostridia_unclassified|s__Clostridia_bacterium_12CBH8|t__SGB7259",0,0,NA,FALSE,FALSE,FALSE,NA,"HMP1-2 taxonomy vaginal"
"k__Bacteria|p__Actinobacteria|c__Coriobacteriia|o__Eggerthellales|f__Eggerthellaceae|g__Eggerthellaceae_unclassified|s__Eggerthellaceae_bacterium|t__SGB14344",0,0,NA,FALSE,FALSE,FALSE,NA,"HMP1-2 taxonomy vaginal"
"k__Bacteria|p__Firmicutes|c__Clostridia|o__Clostridiales|f__Ruminococcaceae|g__GGB9622|s__GGB9622_SGB15074|t__SGB15074",0,0,NA,FALSE,FALSE,FALSE,NA,"HMP1-2 taxonomy vaginal"
"k__Bacteria|p__Firmicutes|c__Clostridia|o__Clostridiales|f__Lachnospiraceae|g__Mediterraneibacter|s__Mediterraneibacter_butyricigenes|t__SGB25493",0,0,NA,FALSE,FALSE,FALSE,NA,"HMP1-2 taxonomy vaginal"
"k__Bacteria|p__Firmicutes|c__Clostridia|o__Clostridiales|f__Lachnospiraceae|g__Lachnospiraceae_unclassified|s__Lachnospiraceae_bacterium|t__SGB4597",0,0,NA,FALSE,FALSE,FALSE,NA,"HMP1-2 taxonomy vaginal"
"k__Bacteria|p__Firmicutes|c__Clostridia|o__Clostridia_unclassified|f__Clostridia_unclassified|g__Candidatus_Pseudoruminococcus|s__Candidatus_Pseudoruminococcus_merdavium|t__SGB59562",0,0,NA,FALSE,FALSE,FALSE,NA,"HMP1-2 taxonomy vaginal"
"k__Bacteria|p__Firmicutes|c__Clostridia|o__Clostridia_unclassified|f__Clostridia_unclassified|g__Clostridia_unclassified|s__Clostridia_unclassified_SGB15402|t__SGB15402",0,0,NA,FALSE,FALSE,FALSE,NA,"HMP1-2 taxonomy vaginal"
"k__Bacteria|p__Firmicutes|c__Clostridia|o__Clostridia_unclassified|f__Clostridia_unclassified|g__GGB9522|s__GGB9522_SGB14921|t__SGB14921",0,0,NA,FALSE,FALSE,FALSE,NA,"HMP1-2 taxonomy vaginal"
"k__Bacteria|p__Firmicutes|c__Clostridia|o__Clostridia_unclassified|f__Clostridia_unclassified|g__Candidatus_Pseudobutyricicoccus|s__Candidatus_Pseudobutyricicoccus_lothianensis|t__SGB14975",0,0,NA,FALSE,FALSE,FALSE,NA,"HMP1-2 taxonomy vaginal"
"k__Bacteria|p__Firmicutes|c__CFGB3048|o__OFGB3048|f__FGB3048|g__GGB9559|s__GGB9559_SGB14969|t__SGB14969",0,0,NA,FALSE,FALSE,FALSE,NA,"HMP1-2 taxonomy vaginal"
"k__Bacteria|p__Firmicutes|c__Clostridia|o__Clostridiales|f__Ruminococcaceae|g__Neglecta|s__Neglecta_timonensis|t__SGB14851",0,0,NA,FALSE,FALSE,FALSE,NA,"HMP1-2 taxonomy vaginal"
"k__Bacteria|p__Firmicutes|c__Clostridia|o__Clostridiales|f__Clostridiaceae|g__Hungatella|s__Hungatella_hathewayi|t__SGB4741",0,0,NA,FALSE,FALSE,FALSE,NA,"HMP1-2 taxonomy vaginal"
"k__Bacteria|p__Firmicutes|c__Clostridia|o__Clostridiales|f__Oscillospiraceae|g__Oscillibacter|s__Oscillibacter_sp_PC13|t__SGB7258",0,0,NA,FALSE,FALSE,FALSE,NA,"HMP1-2 taxonomy vaginal"
"k__Bacteria|p__Firmicutes|c__Clostridia|o__Clostridiales|f__Ruminococcaceae|g__Pseudoflavonifractor|s__Pseudoflavonifractor_SGB15156|t__SGB15156_group",0,0,NA,FALSE,FALSE,FALSE,NA,"HMP1-2 taxonomy vaginal"
"k__Bacteria|p__Firmicutes|c__Clostridia|o__Clostridiales|f__Ruminococcaceae|g__Ruminococcaceae_unclassified|s__Ruminococcaceae_bacterium|t__SGB15275",0,0,NA,FALSE,FALSE,FALSE,NA,"HMP1-2 taxonomy vaginal"
"k__Bacteria|p__Bacteroidetes|c__Bacteroidia|o__Marinilabiliales|f__Marinilabiliaceae|g__GGB58233|s__GGB58233_SGB79883|t__SGB79883",0,0,NA,FALSE,FALSE,FALSE,NA,"HMP1-2 taxonomy vaginal"
"k__Bacteria|p__Firmicutes|c__Clostridia|o__Clostridiales|f__Eubacteriaceae|g__Eubacteriaceae_unclassified|s__Eubacteriaceae_bacterium|t__SGB4546",0,0,NA,FALSE,FALSE,FALSE,NA,"HMP1-2 taxonomy vaginal"
"k__Bacteria|p__Firmicutes|c__Clostridia|o__Clostridia_unclassified|f__Clostridia_unclassified|g__Clostridia_unclassified|s__Clostridia_bacterium_UC5_1_1D1|t__SGB14995",0,0,NA,FALSE,FALSE,FALSE,NA,"HMP1-2 taxonomy vaginal"
"k__Bacteria|p__Firmicutes|c__Clostridia|o__Clostridia_unclassified|f__Clostridia_unclassified|g__Clostridia_unclassified|s__Clostridia_unclassified_SGB14844|t__SGB14844",0,0,NA,FALSE,FALSE,FALSE,NA,"HMP1-2 taxonomy vaginal"
"k__Bacteria|p__Firmicutes|c__Clostridia|o__Clostridiales|f__Oscillospiraceae|g__Oscillospiraceae_unclassified|s__Oscillospiraceae_bacterium_NSJ_64|t__SGB82503",0,0,NA,FALSE,FALSE,FALSE,NA,"HMP1-2 taxonomy vaginal"
"k__Bacteria|p__Firmicutes|c__Clostridia|o__Clostridia_unclassified|f__Clostridia_unclassified|g__Candidatus_Paralachnospira|s__Candidatus_Paralachnospira_caecorum|t__SGB59817",0,0,NA,FALSE,FALSE,FALSE,NA,"HMP1-2 taxonomy vaginal"
"k__Bacteria|p__Firmicutes|c__Clostridia|o__Clostridiales|f__Ruminococcaceae|g__GGB9642|s__GGB9642_SGB15119|t__SGB15119",0,0,NA,FALSE,FALSE,FALSE,NA,"HMP1-2 taxonomy vaginal"
"k__Bacteria|p__Firmicutes|c__Clostridia|o__Clostridiales|f__Ruminococcaceae|g__GGB9646|s__GGB9646_SGB15123|t__SGB15123",0,0,NA,FALSE,FALSE,FALSE,NA,"HMP1-2 taxonomy vaginal"
"k__Bacteria|p__Actinobacteria|c__Coriobacteriia|o__Eggerthellales|f__Eggerthellaceae|g__GGB45432|s__GGB45432_SGB63101|t__SGB63101",0,0,NA,FALSE,FALSE,FALSE,NA,"HMP1-2 taxonomy vaginal"
"k__Bacteria|p__Firmicutes|c__Clostridia|o__Clostridiales|f__Clostridiales_unclassified|g__Clostridiales_unclassified|s__Clostridiales_bacterium_UBA1390|t__SGB4436",0,0,NA,FALSE,FALSE,FALSE,NA,"HMP1-2 taxonomy vaginal"
"k__Bacteria|p__Bacteroidetes|c__CFGB496|o__OFGB496|f__FGB496|g__GGB1025|s__GGB1025_SGB1319|t__SGB1319_group",0,0,NA,FALSE,FALSE,FALSE,NA,"HMP1-2 taxonomy vaginal"
"k__Bacteria|p__Proteobacteria|c__Betaproteobacteria|o__Neisseriales|f__Neisseriaceae|g__GGB6675|s__GGB6675_SGB9425|t__SGB9425",1,0.00429184549356223,0.00023999995200001,FALSE,FALSE,FALSE,NA,"HMP1-2 taxonomy vaginal"
"k__Bacteria|p__Actinobacteria|c__Actinobacteria|o__Actinomycetales|f__Actinomycetaceae|g__Actinomyces|s__Actinomyces_israelii|t__SGB15875",0,0,NA,FALSE,FALSE,FALSE,NA,"HMP1-2 taxonomy vaginal"
"k__Bacteria|p__Candidatus_Saccharibacteria|c__CFGB4356|o__OFGB4356|f__FGB4356|g__GGB12790|s__GGB12790_SGB19845|t__SGB19845",0,0,NA,FALSE,FALSE,FALSE,NA,"HMP1-2 taxonomy vaginal"
"k__Bacteria|p__Bacteroidetes|c__Bacteroidia|o__Bacteroidales|f__Prevotellaceae|g__Prevotella|s__Prevotella_oralis|t__SGB1528",0,0,NA,FALSE,FALSE,FALSE,NA,"HMP1-2 taxonomy vaginal"
"k__Bacteria|p__Synergistetes|c__Synergistia|o__Synergistales|f__Synergistaceae|g__GGB10852|s__GGB10852_SGB17523|t__SGB17523",0,0,NA,FALSE,FALSE,FALSE,NA,"HMP1-2 taxonomy vaginal"
"k__Bacteria|p__Firmicutes|c__Clostridia|o__Clostridiales|f__Peptostreptococcaceae|g__Filifactor|s__Filifactor_alocis|t__SGB6629",0,0,NA,FALSE,FALSE,FALSE,NA,"HMP1-2 taxonomy vaginal"
"k__Bacteria|p__Firmicutes|c__Negativicutes|o__Veillonellales|f__Veillonellaceae|g__Colibacter|s__Colibacter_massiliensis|t__SGB5869",2,0.00858369098712446,0.00091295,FALSE,FALSE,FALSE,NA,"HMP1-2 taxonomy vaginal"
"k__Bacteria|p__Actinobacteria|c__Actinobacteria|o__Actinomycetales|f__Actinomycetaceae|g__Actinomyces|s__Actinomyces_sp_oral_taxon_897|t__SGB15876",0,0,NA,FALSE,FALSE,FALSE,NA,"HMP1-2 taxonomy vaginal"
"k__Bacteria|p__Bacteroidetes|c__Bacteroidia|o__Bacteroidales|f__Prevotellaceae|g__Prevotella|s__Prevotella_buccae|t__SGB1531",0,0,NA,FALSE,FALSE,FALSE,NA,"HMP1-2 taxonomy vaginal"
"k__Bacteria|p__Bacteroidetes|c__Bacteroidia|o__Bacteroidales|f__Porphyromonadaceae|g__GGB1472|s__GGB1472_SGB2038|t__SGB2038",0,0,NA,FALSE,FALSE,FALSE,NA,"HMP1-2 taxonomy vaginal"
"k__Bacteria|p__Firmicutes|c__Clostridia|o__Clostridiales|f__Lachnospiraceae|g__Shuttleworthia|s__Shuttleworthia_satelles|t__SGB7281",0,0,NA,FALSE,FALSE,FALSE,NA,"HMP1-2 taxonomy vaginal"
"k__Bacteria|p__Actinobacteria|c__Coriobacteriia|o__Eggerthellales|f__Eggerthellaceae|g__Cryptobacterium|s__Cryptobacterium_curtum|t__SGB962",0,0,NA,FALSE,FALSE,FALSE,NA,"HMP1-2 taxonomy vaginal"
"k__Bacteria|p__Firmicutes|c__Negativicutes|o__Selenomonadales|f__Selenomonadaceae|g__Selenomonas|s__Selenomonas_sp_F0473|t__SGB5877",0,0,NA,FALSE,FALSE,FALSE,NA,"HMP1-2 taxonomy vaginal"
"k__Bacteria|p__Bacteroidetes|c__CFGB651|o__OFGB651|f__FGB651|g__GGB1611|s__GGB1611_SGB2208|t__SGB2208",0,0,NA,FALSE,FALSE,FALSE,NA,"HMP1-2 taxonomy vaginal"
"k__Bacteria|p__Actinobacteria|c__Actinobacteria|o__Corynebacteriales|f__Corynebacteriaceae|g__Corynebacterium|s__Corynebacterium_pseudodiphtheriticum|t__SGB17013",0,0,NA,FALSE,FALSE,FALSE,NA,"HMP1-2 taxonomy vaginal"
"k__Bacteria|p__Firmicutes|c__Tissierellia|o__Tissierellales|f__Peptoniphilaceae|g__Anaerococcus|s__Anaerococcus_octavius|t__SGB6655",0,0,NA,FALSE,FALSE,FALSE,NA,"HMP1-2 taxonomy vaginal"
"k__Bacteria|p__Firmicutes|c__Bacilli|o__Lactobacillales|f__Lactobacillaceae|g__Limosilactobacillus|s__Lactobacillus_vaginalis|t__SGB7098",9,0.0386266094420601,0.00547194464923003,FALSE,TRUE,FALSE,NA,"HMP1-2 taxonomy vaginal"
"k__Bacteria|p__Firmicutes|c__Tissierellia|o__Tissierellales|f__Peptoniphilaceae|g__Finegoldia|s__Finegoldia_magna|t__SGB6683",6,0.0257510729613734,0.000929116583346676,FALSE,FALSE,FALSE,NA,"HMP1-2 taxonomy vaginal"
"k__Bacteria|p__Proteobacteria|c__Epsilonproteobacteria|o__Campylobacterales|f__Campylobacteraceae|g__Campylobacter|s__Campylobacter_ureolyticus|t__SGB19431",3,0.0128755364806867,0.000118633331523337,FALSE,FALSE,FALSE,NA,"HMP1-2 taxonomy vaginal"
"k__Bacteria|p__Firmicutes|c__Negativicutes|o__Veillonellales|f__Veillonellaceae|g__GGB4277|s__GGB4277_SGB5832|t__SGB5832",8,0.0343347639484979,0.00300192503935251,FALSE,TRUE,FALSE,NA,"HMP1-2 taxonomy vaginal"
"k__Bacteria|p__Bacteroidetes|c__Bacteroidia|o__Bacteroidales|f__Prevotellaceae|g__Prevotella|s__Prevotella_copri_clade_C|t__SGB1644",0,0,NA,FALSE,FALSE,FALSE,NA,"HMP1-2 taxonomy vaginal"
"k__Bacteria|p__Verrucomicrobia|c__Opitutae|o__Opitutales|f__Opitutales_unclassified|g__Opitutales_unclassified|s__Opitutales_bacterium|t__SGB8772",0,0,NA,FALSE,FALSE,FALSE,NA,"HMP1-2 taxonomy vaginal"
"k__Bacteria|p__Proteobacteria|c__Alphaproteobacteria|o__Alphaproteobacteria_unclassified|f__Alphaproteobacteria_unclassified|g__GGB6612|s__GGB6612_SGB9346|t__SGB9346",0,0,NA,FALSE,FALSE,FALSE,NA,"HMP1-2 taxonomy vaginal"
"k__Bacteria|p__Firmicutes|c__Clostridia|o__Clostridia_unclassified|f__Clostridia_unclassified|g__Clostridia_unclassified|s__Clostridia_unclassified_SGB6376|t__SGB6376",0,0,NA,FALSE,FALSE,FALSE,NA,"HMP1-2 taxonomy vaginal"
"k__Bacteria|p__Firmicutes|c__Clostridia|o__Clostridiales|f__Clostridiaceae|g__GGB4491|s__GGB4491_SGB6188|t__SGB6188",0,0,NA,FALSE,FALSE,FALSE,NA,"HMP1-2 taxonomy vaginal"
"k__Bacteria|p__Planctomycetes|c__Planctomycetia|o__Pirellulales|f__Pirellulaceae|g__GGB6601|s__GGB6601_SGB9333|t__SGB9333",0,0,NA,FALSE,FALSE,FALSE,NA,"HMP1-2 taxonomy vaginal"
"k__Bacteria|p__Firmicutes|c__Clostridia|o__Clostridia_unclassified|f__Clostridia_unclassified|g__GGB4546|s__GGB4546_SGB6267|t__SGB6267",0,0,NA,FALSE,FALSE,FALSE,NA,"HMP1-2 taxonomy vaginal"
"k__Bacteria|p__Bacteroidetes|c__Bacteroidia|o__Bacteroidales|f__Tannerellaceae|g__Parabacteroides|s__Parabacteroides_faecis|t__SGB1940",0,0,NA,FALSE,FALSE,FALSE,NA,"HMP1-2 taxonomy vaginal"
"k__Bacteria|p__Bacteroidetes|c__Bacteroidia|o__Bacteroidales|f__Bacteroidaceae|g__Bacteroides|s__Bacteroides_clarus|t__SGB1832",1,0.00429184549356223,0.000291900058380012,FALSE,FALSE,FALSE,NA,"HMP1-2 taxonomy vaginal"
"k__Bacteria|p__Firmicutes|c__Clostridia|o__Clostridiales|f__Ruminococcaceae|g__Ruminococcaceae_unclassified|s__Ruminococcaceae_bacterium|t__SGB4419",0,0,NA,FALSE,FALSE,FALSE,NA,"HMP1-2 taxonomy vaginal"
"k__Bacteria|p__Proteobacteria|c__Betaproteobacteria|o__Burkholderiales|f__Sutterellaceae|g__Mesosutterella|s__Mesosutterella_multiformis|t__SGB9272_group",1,0.00429184549356223,8.36999916300008e-05,FALSE,FALSE,FALSE,NA,"HMP1-2 taxonomy vaginal"
"k__Bacteria|p__Firmicutes|c__Clostridia|o__Clostridia_unclassified|f__Clostridia_unclassified|g__Clostridia_unclassified|s__Clostridia_bacterium|t__SGB4133",0,0,NA,FALSE,FALSE,FALSE,NA,"HMP1-2 taxonomy vaginal"
"k__Bacteria|p__Lentisphaerae|c__Lentisphaeria|o__Lentisphaeria_unclassified|f__Lentisphaeria_unclassified|g__Lentisphaeria_unclassified|s__Lentisphaeria_unclassified_SGB9206|t__SGB9206",0,0,NA,FALSE,FALSE,FALSE,NA,"HMP1-2 taxonomy vaginal"
"k__Bacteria|p__Firmicutes|c__Clostridia|o__Clostridiales|f__Ruminococcaceae|g__GGB9633|s__GGB9633_SGB15090|t__SGB15090",0,0,NA,FALSE,FALSE,FALSE,NA,"HMP1-2 taxonomy vaginal"
"k__Bacteria|p__Firmicutes|c__Erysipelotrichia|o__Erysipelotrichales|f__Erysipelotrichaceae|g__Faecalitalea|s__Faecalitalea_cylindroides|t__SGB6790",0,0,NA,FALSE,FALSE,FALSE,NA,"HMP1-2 taxonomy vaginal"
"k__Bacteria|p__Firmicutes|c__Clostridia|o__Clostridiales|f__Clostridiaceae|g__Clostridium|s__Clostridium_sp_AF20_17LB|t__SGB4714",2,0.00858369098712446,4.1150009975003e-05,FALSE,FALSE,FALSE,NA,"HMP1-2 taxonomy vaginal"
"k__Bacteria|p__Firmicutes|c__Clostridia|o__Clostridia_unclassified|f__Clostridia_unclassified|g__Clostridia_unclassified|s__Clostridia_bacterium|t__SGB3574",0,0,NA,FALSE,FALSE,FALSE,NA,"HMP1-2 taxonomy vaginal"
"k__Bacteria|p__Firmicutes|c__Clostridia|o__Clostridiales|f__Clostridiales_unclassified|g__Evtepia|s__Evtepia_gabavorous|t__SGB15120",0,0,NA,FALSE,FALSE,FALSE,NA,"HMP1-2 taxonomy vaginal"
"k__Bacteria|p__Verrucomicrobia|c__Verrucomicrobiae|o__Verrucomicrobiales|f__Akkermansiaceae|g__Akkermansia|s__Akkermansia_muciniphila|t__SGB9228",0,0,NA,FALSE,FALSE,FALSE,NA,"HMP1-2 taxonomy vaginal"
"k__Bacteria|p__Firmicutes|c__Clostridia|o__Clostridiales|f__Clostridiaceae|g__Clostridium|s__Clostridium_sp_AT4|t__SGB4753",0,0,NA,FALSE,FALSE,FALSE,NA,"HMP1-2 taxonomy vaginal"
"k__Bacteria|p__Firmicutes|c__Clostridia|o__Clostridiales|f__Clostridiales_unclassified|g__Clostridiales_unclassified|s__Clostridiales_bacterium|t__SGB15158",0,0,NA,FALSE,FALSE,FALSE,NA,"HMP1-2 taxonomy vaginal"
"k__Bacteria|p__Firmicutes|c__Erysipelotrichia|o__Erysipelotrichales|f__Erysipelotrichaceae|g__Amedibacillus|s__Amedibacillus_dolichus|t__SGB4035",0,0,NA,FALSE,FALSE,FALSE,NA,"HMP1-2 taxonomy vaginal"
"k__Bacteria|p__Firmicutes|c__Clostridia|o__Clostridiales|f__Lachnospiraceae|g__Lachnospiraceae_unclassified|s__Lachnospiraceae_bacterium|t__SGB4750",0,0,NA,FALSE,FALSE,FALSE,NA,"HMP1-2 taxonomy vaginal"
"k__Bacteria|p__Proteobacteria|c__Betaproteobacteria|o__Burkholderiales|f__Sutterellaceae|g__Turicimonas|s__Turicimonas_muris|t__SGB9258_group",0,0,NA,FALSE,FALSE,FALSE,NA,"HMP1-2 taxonomy vaginal"
"k__Bacteria|p__Firmicutes|c__CFGB1217|o__OFGB1217|f__FGB1217|g__GGB2982|s__GGB2982_SGB3964|t__SGB3964",0,0,NA,FALSE,FALSE,FALSE,NA,"HMP1-2 taxonomy vaginal"
"k__Bacteria|p__Firmicutes|c__Clostridia|o__Clostridiales|f__Ruminococcaceae|g__Ruminococcaceae_unclassified|s__Ruminococcaceae_bacterium|t__SGB53821",0,0,NA,FALSE,FALSE,FALSE,NA,"HMP1-2 taxonomy vaginal"
"k__Bacteria|p__Firmicutes|c__Clostridia|o__Clostridiales|f__Ruminococcaceae|g__GGB9608|s__GGB9608_SGB15041|t__SGB15041",0,0,NA,FALSE,FALSE,FALSE,NA,"HMP1-2 taxonomy vaginal"
"k__Bacteria|p__Proteobacteria|c__Deltaproteobacteria|o__Desulfovibrionales|f__Desulfovibrionaceae|g__Desulfovibrio|s__Desulfovibrio_fairfieldensis|t__SGB15470",0,0,NA,FALSE,FALSE,FALSE,NA,"HMP1-2 taxonomy vaginal"
"k__Bacteria|p__Firmicutes|c__Clostridia|o__Clostridiales|f__Lachnospiraceae|g__Enterocloster|s__Enterocloster_bolteae|t__SGB4758_group",0,0,NA,FALSE,FALSE,FALSE,NA,"HMP1-2 taxonomy vaginal"
"k__Bacteria|p__Firmicutes|c__Clostridia|o__Clostridiales|f__Lachnospiraceae|g__Blautia|s__Blautia_caecimuris|t__SGB4862",0,0,NA,FALSE,FALSE,FALSE,NA,"HMP1-2 taxonomy vaginal"
"k__Bacteria|p__Firmicutes|c__Clostridia|o__Clostridiales|f__Lachnospiraceae|g__Enterocloster|s__Enterocloster_citroniae|t__SGB4761",0,0,NA,FALSE,FALSE,FALSE,NA,"HMP1-2 taxonomy vaginal"
"k__Bacteria|p__Firmicutes|c__Clostridia|o__Clostridia_unclassified|f__Clostridia_unclassified|g__Candidatus_Neochristensenella|s__Candidatus_Neochristensenella_gallicola|t__SGB14138",0,0,NA,FALSE,FALSE,FALSE,NA,"HMP1-2 taxonomy vaginal"
"k__Bacteria|p__Firmicutes|c__Clostridia|o__Clostridiales|f__Lachnospiraceae|g__Lachnospiraceae_unclassified|s__Lachnospiraceae_bacterium|t__SGB4746",0,0,NA,FALSE,FALSE,FALSE,NA,"HMP1-2 taxonomy vaginal"
"k__Bacteria|p__Firmicutes|c__CFGB1425|o__OFGB1425|f__FGB1425|g__GGB3491|s__GGB3491_SGB4665|t__SGB4665",0,0,NA,FALSE,FALSE,FALSE,NA,"HMP1-2 taxonomy vaginal"
"k__Bacteria|p__Verrucomicrobia|c__CFGB2165|o__OFGB2165|f__FGB2165|g__GGB6133|s__GGB6133_SGB8780|t__SGB8780",0,0,NA,FALSE,FALSE,FALSE,NA,"HMP1-2 taxonomy vaginal"
"k__Bacteria|p__Firmicutes|c__Clostridia|o__Clostridiales|f__Lachnospiraceae|g__Coprococcus|s__Coprococcus_sp_AF21_14LB|t__SGB25437",0,0,NA,FALSE,FALSE,FALSE,NA,"HMP1-2 taxonomy vaginal"
"k__Bacteria|p__Firmicutes|c__Clostridia|o__Clostridiales|f__Clostridiaceae|g__Clostridiaceae_unclassified|s__Clostridiaceae_bacterium_NSJ_33|t__SGB25547",0,0,NA,FALSE,FALSE,FALSE,NA,"HMP1-2 taxonomy vaginal"
"k__Bacteria|p__Firmicutes|c__Clostridia|o__Clostridiales|f__Christensenellaceae|g__Christensenella|s__Christensenella_massiliensis|t__SGB29339",0,0,NA,FALSE,FALSE,FALSE,NA,"HMP1-2 taxonomy vaginal"
"k__Bacteria|p__Bacteroidetes|c__Bacteroidia|o__Bacteroidales|f__Bacteroidaceae|g__Bacteroides|s__Bacteroides_faecis|t__SGB1860",6,0.0257510729613734,0.00899191636309006,FALSE,TRUE,FALSE,NA,"HMP1-2 taxonomy vaginal"
"k__Bacteria|p__Bacteroidetes|c__Bacteroidia|o__Bacteroidales|f__Tannerellaceae|g__Parabacteroides|s__Parabacteroides_distasonis|t__SGB27780",0,0,NA,FALSE,FALSE,FALSE,NA,"HMP1-2 taxonomy vaginal"
"k__Bacteria|p__Firmicutes|c__Clostridia|o__Clostridiales|f__Clostridiaceae|g__Clostridium|s__Clostridium_neonatale|t__SGB6169",0,0,NA,FALSE,FALSE,FALSE,NA,"HMP1-2 taxonomy vaginal"
"k__Bacteria|p__Bacteroidetes|c__Bacteroidia|o__Bacteroidales|f__Odoribacteraceae|g__Odoribacter|s__Odoribacter_sp_AF15_53|t__SGB1781",0,0,NA,FALSE,FALSE,FALSE,NA,"HMP1-2 taxonomy vaginal"
"k__Bacteria|p__Firmicutes|c__Clostridia|o__Clostridiales|f__Lachnospiraceae|g__Enterocloster|s__Enterocloster_aldensis|t__SGB4762",0,0,NA,FALSE,FALSE,FALSE,NA,"HMP1-2 taxonomy vaginal"
"k__Bacteria|p__Firmicutes|c__Clostridia|o__Clostridiales|f__Lachnospiraceae|g__GGB3537|s__GGB3537_SGB4727|t__SGB4727",0,0,NA,FALSE,FALSE,FALSE,NA,"HMP1-2 taxonomy vaginal"
"k__Bacteria|p__Firmicutes|c__Clostridia|o__Clostridia_unclassified|f__Clostridia_unclassified|g__Clostridia_unclassified|s__Clostridia_bacterium|t__SGB14252",0,0,NA,FALSE,FALSE,FALSE,NA,"HMP1-2 taxonomy vaginal"
"k__Bacteria|p__Firmicutes|c__Clostridia|o__Clostridiales|f__Clostridiales_unclassified|g__Clostridiales_unclassified|s__Clostridiales_bacterium_Choco116|t__SGB15149",1,0.00429184549356223,4.31999956800004e-05,FALSE,FALSE,FALSE,NA,"HMP1-2 taxonomy vaginal"
"k__Bacteria|p__Firmicutes|c__Clostridia|o__Clostridiales|f__Ruminococcaceae|g__GGB9615|s__GGB9615_SGB15052|t__SGB15052",0,0,NA,FALSE,FALSE,FALSE,NA,"HMP1-2 taxonomy vaginal"
"k__Bacteria|p__Firmicutes|c__Clostridia|o__Clostridiales|f__Clostridiales_Family_XIII_Incertae_Sedis|g__Emergencia|s__Emergencia_sp_1XD21_50|t__SGB82512",0,0,NA,FALSE,FALSE,FALSE,NA,"HMP1-2 taxonomy vaginal"
"k__Bacteria|p__Firmicutes|c__Clostridia|o__Clostridiales|f__Ruminococcaceae|g__Ruminococcaceae_unclassified|s__Ruminococcaceae_bacterium_Marseille_P2935|t__SGB29346",0,0,NA,FALSE,FALSE,FALSE,NA,"HMP1-2 taxonomy vaginal"
"k__Bacteria|p__Bacteroidetes|c__Bacteroidia|o__Bacteroidales|f__Odoribacteraceae|g__Butyricimonas|s__Butyricimonas_sp_Marseille_P3923|t__SGB1778",0,0,NA,FALSE,FALSE,FALSE,NA,"HMP1-2 taxonomy vaginal"
"k__Bacteria|p__Bacteroidetes|c__Bacteroidia|o__Bacteroidales|f__Prevotellaceae|g__Prevotella|s__Prevotella_copri_clade_D|t__SGB1636_group",0,0,NA,FALSE,FALSE,FALSE,NA,"HMP1-2 taxonomy vaginal"
"k__Bacteria|p__Firmicutes|c__Clostridia|o__Clostridiales|f__Clostridiaceae|g__Clostridium|s__Clostridium_sp_SN20|t__SGB29328",0,0,NA,FALSE,FALSE,FALSE,NA,"HMP1-2 taxonomy vaginal"
"k__Bacteria|p__Firmicutes|c__Clostridia|o__Clostridiales|f__Lachnospiraceae|g__Lacrimispora|s__Lacrimispora_saccharolytica|t__SGB4701",0,0,NA,FALSE,FALSE,FALSE,NA,"HMP1-2 taxonomy vaginal"
"k__Bacteria|p__Firmicutes|c__Clostridia|o__Clostridiales|f__Eubacteriaceae|g__Anaerofustis|s__Anaerofustis_stercorihominis|t__SGB49059",0,0,NA,FALSE,FALSE,FALSE,NA,"HMP1-2 taxonomy vaginal"
"k__Bacteria|p__Firmicutes|c__Clostridia|o__Clostridiales|f__Ruminococcaceae|g__Ruminococcaceae_unclassified|s__Ruminococcaceae_bacterium|t__SGB4173",0,0,NA,FALSE,FALSE,FALSE,NA,"HMP1-2 taxonomy vaginal"
"k__Bacteria|p__Firmicutes|c__Clostridia|o__Clostridiales|f__Ruminococcaceae|g__Ruminococcaceae_unclassified|s__Ruminococcaceae_bacterium|t__SGB43319",0,0,NA,FALSE,FALSE,FALSE,NA,"HMP1-2 taxonomy vaginal"
"k__Bacteria|p__Firmicutes|c__Clostridia|o__Clostridiales|f__Lachnospiraceae|g__Faecalicatena|s__Faecalicatena_contorta|t__SGB4613",0,0,NA,FALSE,FALSE,FALSE,NA,"HMP1-2 taxonomy vaginal"
"k__Bacteria|p__Firmicutes|c__Clostridia|o__Clostridiales|f__Lachnospiraceae|g__Enterocloster|s__Enterocloster_clostridioformis|t__SGB4760",0,0,NA,FALSE,FALSE,FALSE,NA,"HMP1-2 taxonomy vaginal"
"k__Bacteria|p__Firmicutes|c__Clostridia|o__Clostridiales|f__Lachnospiraceae|g__Lachnospiraceae_unclassified|s__Lachnospiraceae_bacterium_NSJ_29|t__SGB25431",0,0,NA,FALSE,FALSE,FALSE,NA,"HMP1-2 taxonomy vaginal"
"k__Bacteria|p__Firmicutes|c__Clostridia|o__Clostridia_unclassified|f__Clostridia_unclassified|g__Clostridia_unclassified|s__Clostridia_bacterium|t__SGB14942",0,0,NA,FALSE,FALSE,FALSE,NA,"HMP1-2 taxonomy vaginal"
"k__Bacteria|p__Firmicutes|c__Negativicutes|o__Acidaminococcales|f__Acidaminococcaceae|g__Acidaminococcaceae_unclassified|s__Acidaminococcaceae_bacterium|t__SGB5790",0,0,NA,FALSE,FALSE,FALSE,NA,"HMP1-2 taxonomy vaginal"
"k__Bacteria|p__Bacteroidetes|c__Bacteroidia|o__Bacteroidales|f__Bacteroidales_unclassified|g__Phocaeicola|s__Phocaeicola_plebeius|t__SGB1903_group",11,0.0472103004291846,0.0355503796179725,FALSE,TRUE,FALSE,NA,"HMP1-2 taxonomy vaginal"
"k__Bacteria|p__Firmicutes|c__Clostridia|o__Clostridiales|f__Ruminococcaceae|g__GGB9635|s__GGB9635_SGB15106|t__SGB15106",0,0,NA,FALSE,FALSE,FALSE,NA,"HMP1-2 taxonomy vaginal"
"k__Bacteria|p__Bacteroidetes|c__Bacteroidia|o__Bacteroidales|f__Barnesiellaceae|g__Barnesiella|s__Barnesiella_intestinihominis|t__SGB1965",9,0.0386266094420601,0.00785428831578794,FALSE,TRUE,FALSE,NA,"HMP1-2 taxonomy vaginal"
"k__Bacteria|p__Firmicutes|c__Clostridia|o__Clostridiales|f__Lachnospiraceae|g__Lachnospiraceae_unclassified|s__Lachnospiraceae_bacterium|t__SGB5054",0,0,NA,FALSE,FALSE,FALSE,NA,"HMP1-2 taxonomy vaginal"
"k__Bacteria|p__Firmicutes|c__Clostridia|o__Clostridiales|f__Ruminococcaceae|g__GGB9597|s__GGB9597_SGB15022|t__SGB15022",0,0,NA,FALSE,FALSE,FALSE,NA,"HMP1-2 taxonomy vaginal"
"k__Bacteria|p__Firmicutes|c__Clostridia|o__Clostridia_unclassified|f__Clostridia_unclassified|g__Clostridia_unclassified|s__Clostridia_bacterium|t__SGB5291",0,0,NA,FALSE,FALSE,FALSE,NA,"HMP1-2 taxonomy vaginal"
"k__Bacteria|p__Firmicutes|c__Negativicutes|o__Veillonellales|f__Veillonellaceae|g__Megasphaera|s__Megasphaera_hominis|t__SGB5851",0,0,NA,FALSE,FALSE,FALSE,NA,"HMP1-2 taxonomy vaginal"
"k__Bacteria|p__Firmicutes|c__Clostridia|o__Clostridia_unclassified|f__Clostridia_unclassified|g__Candidatus_Avispirillum|s__Candidatus_Avispirillum_faecium|t__SGB14194",0,0,NA,FALSE,FALSE,FALSE,NA,"HMP1-2 taxonomy vaginal"
"k__Bacteria|p__Firmicutes|c__Clostridia|o__Clostridiales|f__Ruminococcaceae|g__GGB9631|s__GGB9631_SGB15085|t__SGB15085",0,0,NA,FALSE,FALSE,FALSE,NA,"HMP1-2 taxonomy vaginal"
"k__Bacteria|p__Proteobacteria|c__Betaproteobacteria|o__Burkholderiales|f__Oxalobacteraceae|g__Oxalobacter|s__Oxalobacter_formigenes|t__SGB9387",0,0,NA,FALSE,FALSE,FALSE,NA,"HMP1-2 taxonomy vaginal"
"k__Bacteria|p__Firmicutes|c__Clostridia|o__Clostridiales|f__Clostridiaceae|g__GGB4482|s__GGB4482_SGB6177|t__SGB6177",0,0,NA,FALSE,FALSE,FALSE,NA,"HMP1-2 taxonomy vaginal"
"k__Bacteria|p__Firmicutes|c__Clostridia|o__Clostridia_unclassified|f__Clostridia_unclassified|g__Clostridia_unclassified|s__Clostridia_bacterium|t__SGB17347",0,0,NA,FALSE,FALSE,FALSE,NA,"HMP1-2 taxonomy vaginal"
"k__Bacteria|p__Firmicutes|c__Clostridia|o__Clostridia_unclassified|f__Clostridia_unclassified|g__Clostridia_unclassified|s__Clostridia_bacterium|t__SGB955",0,0,NA,FALSE,FALSE,FALSE,NA,"HMP1-2 taxonomy vaginal"
"k__Bacteria|p__Actinobacteria|c__Coriobacteriia|o__Coriobacteriales|f__Coriobacteriaceae|g__Collinsella|s__Collinsella_intestinalis|t__SGB14741",0,0,NA,FALSE,FALSE,FALSE,NA,"HMP1-2 taxonomy vaginal"
"k__Bacteria|p__Firmicutes|c__Clostridia|o__Clostridia_unclassified|f__Clostridia_unclassified|g__Candidatus_Avimonas|s__Candidatus_Avimonas_narfia|t__SGB14941",0,0,NA,FALSE,FALSE,FALSE,NA,"HMP1-2 taxonomy vaginal"
"k__Bacteria|p__Firmicutes|c__Erysipelotrichia|o__Erysipelotrichales|f__Erysipelotrichaceae|g__Faecalibacillus|s__Faecalibacillus_faecis|t__SGB6750",0,0,NA,FALSE,FALSE,FALSE,NA,"HMP1-2 taxonomy vaginal"
"k__Bacteria|p__Firmicutes|c__Erysipelotrichia|o__Erysipelotrichales|f__Erysipelotrichaceae|g__Traorella|s__Traorella_massiliensis|t__SGB28999",0,0,NA,FALSE,FALSE,FALSE,NA,"HMP1-2 taxonomy vaginal"
"k__Bacteria|p__Firmicutes|c__Clostridia|o__Clostridiales|f__Ruminococcaceae|g__Ruminococcaceae_unclassified|s__Ruminococcaceae_unclassified_SGB4425|t__SGB4425_group",0,0,NA,FALSE,FALSE,FALSE,NA,"HMP1-2 taxonomy vaginal"
"k__Bacteria|p__Firmicutes|c__Clostridia|o__Clostridiales|f__Lachnospiraceae|g__Lachnospiraceae_unclassified|s__Lachnospiraceae_bacterium|t__SGB4648",0,0,NA,FALSE,FALSE,FALSE,NA,"HMP1-2 taxonomy vaginal"
"k__Bacteria|p__Firmicutes|c__Clostridia|o__Clostridiales|f__Clostridiaceae|g__Clostridium|s__Clostridium_sp_AM22_11AC|t__SGB4749",0,0,NA,FALSE,FALSE,FALSE,NA,"HMP1-2 taxonomy vaginal"
"k__Bacteria|p__Firmicutes|c__Clostridia|o__Clostridiales|f__Lachnospiraceae|g__Blautia|s__Blautia_sp_MSK_20_85|t__SGB4828_group",1,0.00429184549356223,0.0001198,FALSE,FALSE,FALSE,NA,"HMP1-2 taxonomy vaginal"
"k__Bacteria|p__Firmicutes|c__Clostridia|o__Clostridiales|f__Ruminococcaceae|g__Ruminococcaceae_unclassified|s__Ruminococcaceae_bacterium|t__SGB14869",0,0,NA,FALSE,FALSE,FALSE,NA,"HMP1-2 taxonomy vaginal"
"k__Bacteria|p__Firmicutes|c__Clostridia|o__Clostridia_unclassified|f__Clostridia_unclassified|g__Clostridia_unclassified|s__Clostridia_bacterium|t__SGB3990",0,0,NA,FALSE,FALSE,FALSE,NA,"HMP1-2 taxonomy vaginal"
"k__Bacteria|p__Proteobacteria|c__Deltaproteobacteria|o__Desulfovibrionales|f__Desulfovibrionaceae|g__Desulfovibrio|s__Desulfovibrio_sp_PG_178_WT_4|t__SGB15471",0,0,NA,FALSE,FALSE,FALSE,NA,"HMP1-2 taxonomy vaginal"
"k__Bacteria|p__Firmicutes|c__Clostridia|o__Clostridiales|f__Peptostreptococcaceae|g__Romboutsia|s__Romboutsia_timonensis|t__SGB6148",0,0,NA,FALSE,FALSE,FALSE,NA,"HMP1-2 taxonomy vaginal"
"k__Bacteria|p__Firmicutes|c__Clostridia|o__Clostridia_unclassified|f__Clostridia_unclassified|g__GGB9350|s__GGB9350_SGB14317|t__SGB14317",0,0,NA,FALSE,FALSE,FALSE,NA,"HMP1-2 taxonomy vaginal"
"k__Bacteria|p__Firmicutes|c__Clostridia|o__Clostridiales|f__Lachnospiraceae|g__Lachnospiraceae_unclassified|s__Lachnospiraceae_bacterium|t__SGB48424",0,0,NA,FALSE,FALSE,FALSE,NA,"HMP1-2 taxonomy vaginal"
"k__Bacteria|p__Firmicutes|c__Clostridia|o__Clostridiales|f__Lachnospiraceae|g__Lachnospiraceae_unclassified|s__Lachnospiraceae_bacterium|t__SGB4803",0,0,NA,FALSE,FALSE,FALSE,NA,"HMP1-2 taxonomy vaginal"
"k__Bacteria|p__Firmicutes|c__Clostridia|o__Clostridia_unclassified|f__Clostridia_unclassified|g__Candidatus_Allobutyricicoccus|s__Candidatus_Allobutyricicoccus_pentlandensis|t__SGB14180",0,0,NA,FALSE,FALSE,FALSE,NA,"HMP1-2 taxonomy vaginal"
"k__Bacteria|p__Firmicutes|c__Erysipelotrichia|o__Erysipelotrichales|f__Erysipelotrichaceae|g__Massilimicrobiota|s__Massilimicrobiota_sp_An134|t__SGB6768",0,0,NA,FALSE,FALSE,FALSE,NA,"HMP1-2 taxonomy vaginal"
"k__Bacteria|p__Proteobacteria|c__CFGB2397|o__OFGB2397|f__FGB2397|g__GGB6561|s__GGB6561_SGB9269|t__SGB9269",1,0.00429184549356223,0.00262239973776003,FALSE,TRUE,FALSE,NA,"HMP1-2 taxonomy vaginal"
"k__Bacteria|p__Proteobacteria|c__Alphaproteobacteria|o__Alphaproteobacteria_unclassified|f__Alphaproteobacteria_unclassified|g__GGB6606|s__GGB6606_SGB9340|t__SGB9340",2,0.00858369098712446,0.000166699998420007,FALSE,FALSE,FALSE,NA,"HMP1-2 taxonomy vaginal"
"k__Bacteria|p__Firmicutes|c__Clostridia|o__Clostridiales|f__Lachnospiraceae|g__Mediterraneibacter|s__Ruminococcus_gnavus|t__SGB4584",0,0,NA,FALSE,FALSE,FALSE,NA,"HMP1-2 taxonomy vaginal"
"k__Bacteria|p__Firmicutes|c__Bacilli|o__Lactobacillales|f__Streptococcaceae|g__Lactococcus|s__Lactococcus_lactis|t__SGB7985",0,0,NA,FALSE,FALSE,FALSE,NA,"HMP1-2 taxonomy vaginal"
"k__Bacteria|p__Firmicutes|c__Clostridia|o__Clostridiales|f__Ruminococcaceae|g__GGB3343|s__GGB3343_SGB4423|t__SGB4423",0,0,NA,FALSE,FALSE,FALSE,NA,"HMP1-2 taxonomy vaginal"
"k__Bacteria|p__Firmicutes|c__Clostridia|o__Clostridiales|f__Clostridiales_unclassified|g__Clostridiales_unclassified|s__Clostridiales_bacterium_BX7|t__SGB72833",0,0,NA,FALSE,FALSE,FALSE,NA,"HMP1-2 taxonomy vaginal"
"k__Bacteria|p__Firmicutes|c__Clostridia|o__Clostridia_unclassified|f__Clostridia_unclassified|g__GGB2980|s__GGB2980_SGB3962|t__SGB3962",0,0,NA,FALSE,FALSE,FALSE,NA,"HMP1-2 taxonomy vaginal"
"k__Bacteria|p__Firmicutes|c__CFGB1434|o__OFGB1434|f__FGB1434|g__GGB3510|s__GGB3510_SGB4687|t__SGB4687",0,0,NA,FALSE,FALSE,FALSE,NA,"HMP1-2 taxonomy vaginal"
"k__Bacteria|p__Firmicutes|c__Clostridia|o__Clostridiales|f__Oscillospiraceae|g__Oscillibacter|s__Oscillibacter_sp_NSJ_62|t__SGB79833",0,0,NA,FALSE,FALSE,FALSE,NA,"HMP1-2 taxonomy vaginal"
"k__Bacteria|p__Firmicutes|c__Clostridia|o__Clostridia_unclassified|f__Clostridia_unclassified|g__Clostridia_unclassified|s__Clostridia_bacterium|t__SGB3993",0,0,NA,FALSE,FALSE,FALSE,NA,"HMP1-2 taxonomy vaginal"
"k__Bacteria|p__Firmicutes|c__Clostridia|o__Clostridia_unclassified|f__Clostridia_unclassified|g__Clostridia_unclassified|s__Clostridia_bacterium|t__SGB15403",0,0,NA,FALSE,FALSE,FALSE,NA,"HMP1-2 taxonomy vaginal"
"k__Bacteria|p__Firmicutes|c__Erysipelotrichia|o__Erysipelotrichales|f__Erysipelotrichaceae|g__Holdemania|s__Holdemania_sp_Marseille_P2844|t__SGB4045",1,0.00429184549356223,0.000136200040860012,FALSE,FALSE,FALSE,NA,"HMP1-2 taxonomy vaginal"
"k__Bacteria|p__Firmicutes|c__Clostridia|o__Clostridia_unclassified|f__Clostridia_unclassified|g__Clostridia_unclassified|s__Clostridia_bacterium|t__SGB14863",0,0,NA,FALSE,FALSE,FALSE,NA,"HMP1-2 taxonomy vaginal"
"k__Bacteria|p__Firmicutes|c__Clostridia|o__Clostridiales|f__Lachnospiraceae|g__Blautia|s__Blautia_hydrogenotrophica|t__SGB4677",0,0,NA,FALSE,FALSE,FALSE,NA,"HMP1-2 taxonomy vaginal"
"k__Bacteria|p__Actinobacteria|c__Coriobacteriia|o__Eggerthellales|f__Eggerthellaceae|g__Gordonibacter|s__Gordonibacter_pamelaeae|t__SGB14807",0,0,NA,FALSE,FALSE,FALSE,NA,"HMP1-2 taxonomy vaginal"
"k__Bacteria|p__Firmicutes|c__Clostridia|o__Clostridiales|f__Lachnospiraceae|g__Dorea|s__Dorea_sp_AF24_7LB|t__SGB4571",0,0,NA,FALSE,FALSE,FALSE,NA,"HMP1-2 taxonomy vaginal"
"k__Bacteria|p__Firmicutes|c__Clostridia|o__Clostridia_unclassified|f__Clostridia_unclassified|g__Clostridia_unclassified|s__Clostridia_bacterium|t__SGB3578",0,0,NA,FALSE,FALSE,FALSE,NA,"HMP1-2 taxonomy vaginal"
"k__Bacteria|p__Firmicutes|c__Bacilli|o__Lactobacillales|f__Enterococcaceae|g__GGB33516|s__GGB33516_SGB54347|t__SGB54347",0,0,NA,FALSE,FALSE,FALSE,NA,"HMP1-2 taxonomy vaginal"
"k__Bacteria|p__Firmicutes|c__Clostridia|o__Clostridiales|f__Lachnospiraceae|g__Merdimonas|s__Merdimonas_faecis|t__SGB4626",0,0,NA,FALSE,FALSE,FALSE,NA,"HMP1-2 taxonomy vaginal"
"k__Bacteria|p__Firmicutes|c__Clostridia|o__Clostridiales|f__Ruminococcaceae|g__GGB9644|s__GGB9644_SGB15121|t__SGB15121",0,0,NA,FALSE,FALSE,FALSE,NA,"HMP1-2 taxonomy vaginal"
"k__Bacteria|p__Bacteroidetes|c__Bacteroidia|o__Bacteroidales|f__Prevotellaceae|g__GGB1215|s__GGB1215_SGB1581|t__SGB1581",0,0,NA,FALSE,FALSE,FALSE,NA,"HMP1-2 taxonomy vaginal"
"k__Bacteria|p__Firmicutes|c__Clostridia|o__Clostridia_unclassified|f__Clostridia_unclassified|g__Candidatus_Metaruminococcus|s__Candidatus_Metaruminococcus_caecorum|t__SGB63353",0,0,NA,FALSE,FALSE,FALSE,NA,"HMP1-2 taxonomy vaginal"
"k__Bacteria|p__Firmicutes|c__Clostridia|o__Clostridiales|f__Lachnospiraceae|g__Lachnospiraceae_unclassified|s__Lachnospiraceae_bacterium|t__SGB4722",0,0,NA,FALSE,FALSE,FALSE,NA,"HMP1-2 taxonomy vaginal"
"k__Bacteria|p__Fusobacteria|c__Fusobacteriia|o__Fusobacteriales|f__Fusobacteriaceae|g__Fusobacterium|s__Fusobacterium_mortiferum|t__SGB6031",0,0,NA,FALSE,FALSE,FALSE,NA,"HMP1-2 taxonomy vaginal"
"k__Bacteria|p__Firmicutes|c__CFGB40183|o__OFGB40183|f__FGB40183|g__GGB42389|s__GGB42389_SGB59559|t__SGB59559",0,0,NA,FALSE,FALSE,FALSE,NA,"HMP1-2 taxonomy vaginal"
"k__Bacteria|p__Firmicutes|c__Erysipelotrichia|o__Erysipelotrichales|f__Erysipelotrichaceae|g__Massilicoli|s__Massilicoli_timonensis|t__SGB4026",0,0,NA,FALSE,FALSE,FALSE,NA,"HMP1-2 taxonomy vaginal"
"k__Bacteria|p__Firmicutes|c__Clostridia|o__Clostridiales|f__Ruminococcaceae|g__Ruminococcaceae_unclassified|s__Ruminococcaceae_bacterium|t__SGB4263",0,0,NA,FALSE,FALSE,FALSE,NA,"HMP1-2 taxonomy vaginal"
"k__Bacteria|p__Firmicutes|c__Clostridia|o__Clostridiales|f__Ruminococcaceae|g__Ruminococcaceae_unclassified|s__Ruminococcaceae_bacterium|t__SGB53515",0,0,NA,FALSE,FALSE,FALSE,NA,"HMP1-2 taxonomy vaginal"
"k__Bacteria|p__Firmicutes|c__CFGB1230|o__OFGB1230|f__FGB1230|g__GGB3008|s__GGB3008_SGB3999|t__SGB3999",0,0,NA,FALSE,FALSE,FALSE,NA,"HMP1-2 taxonomy vaginal"
"k__Bacteria|p__Firmicutes|c__Clostridia|o__Clostridiales|f__Lachnospiraceae|g__GGB3394|s__GGB3394_SGB4501|t__SGB4501",0,0,NA,FALSE,FALSE,FALSE,NA,"HMP1-2 taxonomy vaginal"
"k__Bacteria|p__Bacteroidetes|c__Bacteroidia|o__Bacteroidales|f__Prevotellaceae|g__Prevotella|s__Prevotella_fusca|t__SGB1556",0,0,NA,FALSE,FALSE,FALSE,NA,"HMP1-2 taxonomy vaginal"
"k__Bacteria|p__Firmicutes|c__Clostridia|o__Clostridiales|f__Peptostreptococcaceae|g__Peptoanaerobacter|s__Peptoanaerobacter_stomatis|t__SGB6624",0,0,NA,FALSE,FALSE,FALSE,NA,"HMP1-2 taxonomy vaginal"
"k__Bacteria|p__Spirochaetes|c__Spirochaetia|o__Spirochaetales|f__Spirochaetaceae|g__Treponema|s__Treponema_lecithinolyticum|t__SGB3587",0,0,NA,FALSE,FALSE,FALSE,NA,"HMP1-2 taxonomy vaginal"
"k__Bacteria|p__Bacteroidetes|c__CFGB35479|o__OFGB35479|f__FGB35479|g__GGB49219|s__GGB49219_SGB69048|t__SGB69048",0,0,NA,FALSE,FALSE,FALSE,NA,"HMP1-2 taxonomy vaginal"
"k__Bacteria|p__Spirochaetes|c__Spirochaetia|o__Spirochaetales|f__Spirochaetaceae|g__GGB2674|s__GGB2674_SGB3609|t__SGB3609",0,0,NA,FALSE,FALSE,FALSE,NA,"HMP1-2 taxonomy vaginal"
"k__Bacteria|p__Spirochaetes|c__Spirochaetia|o__Spirochaetales|f__Spirochaetaceae|g__Treponema|s__Treponema_SGB69452|t__SGB69452",0,0,NA,FALSE,FALSE,FALSE,NA,"HMP1-2 taxonomy vaginal"
"k__Bacteria|p__Bacteroidetes|c__Bacteroidia|o__Bacteroidales|f__Prevotellaceae|g__Prevotella|s__Prevotella_marshii|t__SGB3323",0,0,NA,FALSE,FALSE,FALSE,NA,"HMP1-2 taxonomy vaginal"
"k__Bacteria|p__Spirochaetes|c__Spirochaetia|o__Spirochaetales|f__Spirochaetaceae|g__Treponema|s__Treponema_pectinovorum|t__SGB80245",0,0,NA,FALSE,FALSE,FALSE,NA,"HMP1-2 taxonomy vaginal"
"k__Bacteria|p__Proteobacteria|c__Deltaproteobacteria|o__Desulfovibrionales|f__Desulfovibrionaceae|g__Desulfovibrio|s__Desulfovibrio_sp_OH1186_COT_070|t__SGB29646",0,0,NA,FALSE,FALSE,FALSE,NA,"HMP1-2 taxonomy vaginal"
"k__Bacteria|p__Firmicutes|c__Bacilli|o__Lactobacillales|f__Lactobacillaceae|g__Lactobacillus|s__Lactobacillus_crispatus|t__SGB7045",140,0.600858369098712,0.793493958041214,TRUE,TRUE,TRUE,0.428918208099915,"HMP1-2 taxonomy vaginal"
"k__Bacteria|p__Firmicutes|c__Clostridia|o__Clostridiales|f__Clostridiaceae|g__Clostridium|s__Clostridium_massiliamazoniense|t__SGB29082",15,0.0643776824034335,0.000722300004022669,FALSE,FALSE,FALSE,NA,"HMP1-2 taxonomy vaginal"
"k__Bacteria|p__Actinobacteria|c__Actinobacteria|o__Bifidobacteriales|f__Bifidobacteriaceae|g__Gardnerella|s__Gardnerella_vaginalis|t__SGB7097",78,0.334763948497854,0.00479792826800761,TRUE,TRUE,TRUE,0.0350593114891856,"HMP1-2 taxonomy vaginal"
"k__Bacteria|p__Proteobacteria|c__Gammaproteobacteria|o__Pseudomonadales|f__Moraxellaceae|g__Moraxella|s__Moraxella_nonliquefaciens|t__SGB10426",0,0,NA,FALSE,FALSE,FALSE,NA,"HMP1-2 taxonomy vaginal"
"k__Bacteria|p__Firmicutes|c__Bacilli|o__Lactobacillales|f__Carnobacteriaceae|g__Dolosigranulum|s__Dolosigranulum_pigrum|t__SGB7017",0,0,NA,FALSE,FALSE,FALSE,NA,"HMP1-2 taxonomy vaginal"
"k__Bacteria|p__Actinobacteria|c__Actinobacteria|o__Propionibacteriales|f__Propionibacteriaceae|g__Cutibacterium|s__Cutibacterium_granulosum|t__SGB16958",5,0.0214592274678112,0.00349613966534404,FALSE,TRUE,FALSE,NA,"HMP1-2 taxonomy vaginal"
"k__Bacteria|p__Bacteroidetes|c__Flavobacteriia|o__Flavobacteriales|f__Weeksellaceae|g__Cloacibacterium|s__Cloacibacterium_normanense|t__SGB2534",4,0.0171673819742489,0.00172857483597752,FALSE,TRUE,FALSE,NA,"HMP1-2 taxonomy vaginal"
"k__Bacteria|p__Actinobacteria|c__Actinobacteria|o__Propionibacteriales|f__Propionibacteriaceae|g__Cutibacterium|s__Cutibacterium_avidum|t__SGB16953",0,0,NA,FALSE,FALSE,FALSE,NA,"HMP1-2 taxonomy vaginal"
"k__Bacteria|p__Bacteroidetes|c__Bacteroidia|o__Bacteroidales|f__Bacteroidales_unclassified|g__Bacteroidales_unclassified|s__Bacteroidales_bacterium|t__SGB1969",0,0,NA,FALSE,FALSE,FALSE,NA,"HMP1-2 taxonomy vaginal"
"k__Bacteria|p__Firmicutes|c__Clostridia|o__Clostridiales|f__Ruminococcaceae|g__GGB9603|s__GGB9603_SGB15035|t__SGB15035",0,0,NA,FALSE,FALSE,FALSE,NA,"HMP1-2 taxonomy vaginal"
"k__Bacteria|p__Firmicutes|c__Clostridia|o__Clostridia_unclassified|f__Clostridia_unclassified|g__Clostridia_unclassified|s__Clostridia_bacterium|t__SGB4159",0,0,NA,FALSE,FALSE,FALSE,NA,"HMP1-2 taxonomy vaginal"
"k__Bacteria|p__Firmicutes|c__Clostridia|o__Clostridia_unclassified|f__Clostridia_unclassified|g__GGB3817|s__GGB3817_SGB5182|t__SGB5182",0,0,NA,FALSE,FALSE,FALSE,NA,"HMP1-2 taxonomy vaginal"
"k__Bacteria|p__Firmicutes|c__Clostridia|o__Clostridia_unclassified|f__Clostridia_unclassified|g__Candidatus_Protoclostridium|s__Candidatus_Protoclostridium_gallicola|t__SGB14049",0,0,NA,FALSE,FALSE,FALSE,NA,"HMP1-2 taxonomy vaginal"
"k__Bacteria|p__Firmicutes|c__Clostridia|o__Clostridiales|f__Lachnospiraceae|g__Lachnoclostridium|s__Lachnoclostridium_sp_An14|t__SGB4729",0,0,NA,FALSE,FALSE,FALSE,NA,"HMP1-2 taxonomy vaginal"
"k__Bacteria|p__Firmicutes|c__Clostridia|o__Clostridiales|f__Lachnospiraceae|g__Frisingicoccus|s__Frisingicoccus_SGB4674|t__SGB4674",0,0,NA,FALSE,FALSE,FALSE,NA,"HMP1-2 taxonomy vaginal"
"k__Bacteria|p__Firmicutes|c__Clostridia|o__Clostridiales|f__Peptostreptococcaceae|g__Intestinibacter|s__Intestinibacter_bartlettii|t__SGB6140",0,0,NA,FALSE,FALSE,FALSE,NA,"HMP1-2 taxonomy vaginal"
"k__Bacteria|p__Firmicutes|c__Erysipelotrichia|o__Erysipelotrichales|f__Erysipelotrichaceae|g__Erysipelatoclostridium|s__Erysipelatoclostridium_ramosum|t__SGB6744",0,0,NA,FALSE,FALSE,FALSE,NA,"HMP1-2 taxonomy vaginal"
"k__Bacteria|p__Firmicutes|c__Clostridia|o__Clostridiales|f__Lachnospiraceae|g__Anaerotignum|s__Anaerotignum_lactatifermentans|t__SGB5193",0,0,NA,FALSE,FALSE,FALSE,NA,"HMP1-2 taxonomy vaginal"
"k__Bacteria|p__Firmicutes|c__Clostridia|o__Clostridia_unclassified|f__Clostridia_unclassified|g__Candidatus_Gallimonas|s__Candidatus_Gallimonas_merdae|t__SGB54319",0,0,NA,FALSE,FALSE,FALSE,NA,"HMP1-2 taxonomy vaginal"
"k__Bacteria|p__Firmicutes|c__Clostridia|o__Clostridia_unclassified|f__Clostridia_unclassified|g__Clostridia_unclassified|s__Clostridia_unclassified_SGB4447|t__SGB4447",0,0,NA,FALSE,FALSE,FALSE,NA,"HMP1-2 taxonomy vaginal"
"k__Bacteria|p__Firmicutes|c__Clostridia|o__Clostridia_unclassified|f__Clostridia_unclassified|g__GGB9104|s__GGB9104_SGB14037|t__SGB14037",0,0,NA,FALSE,FALSE,FALSE,NA,"HMP1-2 taxonomy vaginal"
"k__Bacteria|p__Firmicutes|c__Clostridia|o__Clostridiales|f__Lachnospiraceae|g__Eisenbergiella|s__Eisenbergiella_tayi|t__SGB4988",1,0.00429184549356223,7.89999921000008e-06,FALSE,FALSE,FALSE,NA,"HMP1-2 taxonomy vaginal"
"k__Bacteria|p__Firmicutes|c__Clostridia|o__Clostridiales|f__Ruminococcaceae|g__GGB9501|s__GGB9501_SGB14898|t__SGB14898",0,0,NA,FALSE,FALSE,FALSE,NA,"HMP1-2 taxonomy vaginal"
"k__Bacteria|p__Firmicutes|c__Clostridia|o__Clostridia_unclassified|f__Clostridia_unclassified|g__Clostridia_unclassified|s__Clostridia_bacterium|t__SGB14874",0,0,NA,FALSE,FALSE,FALSE,NA,"HMP1-2 taxonomy vaginal"
"k__Bacteria|p__Firmicutes|c__CFGB10719|o__OFGB10719|f__FGB10719|g__GGB32463|s__GGB32463_SGB47515|t__SGB47515",0,0,NA,FALSE,FALSE,FALSE,NA,"HMP1-2 taxonomy vaginal"
"k__Bacteria|p__Firmicutes|c__Clostridia|o__Clostridiales|f__Lachnospiraceae|g__Anaerostipes|s__Anaerostipes_caccae|t__SGB4529",0,0,NA,FALSE,FALSE,FALSE,NA,"HMP1-2 taxonomy vaginal"
"k__Bacteria|p__Firmicutes|c__Clostridia|o__Clostridia_unclassified|f__Clostridia_unclassified|g__Candidatus_Gallimonas|s__Candidatus_Gallimonas_faecium|t__SGB54320",0,0,NA,FALSE,FALSE,FALSE,NA,"HMP1-2 taxonomy vaginal"
"k__Bacteria|p__Firmicutes|c__Clostridia|o__Clostridiales|f__Lachnospiraceae|g__Blautia|s__Blautia_sp_An249|t__SGB7262",0,0,NA,FALSE,FALSE,FALSE,NA,"HMP1-2 taxonomy vaginal"
"k__Bacteria|p__Firmicutes|c__Clostridia|o__Clostridiales|f__Lachnospiraceae|g__GGB3677|s__GGB3677_SGB4990|t__SGB4990",0,0,NA,FALSE,FALSE,FALSE,NA,"HMP1-2 taxonomy vaginal"
"k__Bacteria|p__Firmicutes|c__CFGB2882|o__OFGB2882|f__FGB2882|g__GGB9186|s__GGB9186_SGB14125|t__SGB14125",0,0,NA,FALSE,FALSE,FALSE,NA,"HMP1-2 taxonomy vaginal"
"k__Bacteria|p__Firmicutes|c__Clostridia|o__Clostridiales|f__Lachnospiraceae|g__GGB3570|s__GGB3570_SGB4777|t__SGB4777",0,0,NA,FALSE,FALSE,FALSE,NA,"HMP1-2 taxonomy vaginal"
"k__Bacteria|p__Firmicutes|c__Clostridia|o__Clostridia_unclassified|f__Clostridia_unclassified|g__Candidatus_Timburyella|s__Candidatus_Timburyella_stercoris|t__SGB14167",0,0,NA,FALSE,FALSE,FALSE,NA,"HMP1-2 taxonomy vaginal"
"k__Bacteria|p__Firmicutes|c__Clostridia|o__Clostridiales|f__Clostridiales_unclassified|g__Clostridiales_unclassified|s__Clostridiales_bacterium_1_7_47FAA|t__SGB4763",0,0,NA,FALSE,FALSE,FALSE,NA,"HMP1-2 taxonomy vaginal"
"k__Bacteria|p__Firmicutes|c__Clostridia|o__Clostridiales|f__Lachnospiraceae|g__Lachnospiraceae_unclassified|s__Lachnospiraceae_bacterium|t__SGB4765",0,0,NA,FALSE,FALSE,FALSE,NA,"HMP1-2 taxonomy vaginal"
"k__Bacteria|p__Firmicutes|c__Clostridia|o__Clostridia_unclassified|f__Clostridia_unclassified|g__Clostridia_unclassified|s__Clostridia_bacterium|t__SGB47381",0,0,NA,FALSE,FALSE,FALSE,NA,"HMP1-2 taxonomy vaginal"
"k__Bacteria|p__Firmicutes|c__Clostridia|o__Clostridiales|f__Ruminococcaceae|g__GGB9623|s__GGB9623_SGB15075|t__SGB15075",0,0,NA,FALSE,FALSE,FALSE,NA,"HMP1-2 taxonomy vaginal"
"k__Bacteria|p__Firmicutes|c__Clostridia|o__Clostridia_unclassified|f__Clostridia_unclassified|g__GGB3004|s__GGB3004_SGB3995|t__SGB3995",0,0,NA,FALSE,FALSE,FALSE,NA,"HMP1-2 taxonomy vaginal"
"k__Bacteria|p__Firmicutes|c__Clostridia|o__Clostridia_unclassified|f__Clostridia_unclassified|g__GGB9086|s__GGB9086_SGB14014|t__SGB14014",0,0,NA,FALSE,FALSE,FALSE,NA,"HMP1-2 taxonomy vaginal"
"k__Bacteria|p__Firmicutes|c__Clostridia|o__Clostridia_unclassified|f__Clostridia_unclassified|g__Candidatus_Alloscillospira|s__Candidatus_Alloscillospira_gallinarum|t__SGB59576",0,0,NA,FALSE,FALSE,FALSE,NA,"HMP1-2 taxonomy vaginal"
"k__Bacteria|p__Firmicutes|c__Clostridia|o__Clostridiales|f__Lachnospiraceae|g__Lachnoclostridium|s__Lachnoclostridium_edouardi|t__SGB29433",0,0,NA,FALSE,FALSE,FALSE,NA,"HMP1-2 taxonomy vaginal"
"k__Bacteria|p__Proteobacteria|c__Betaproteobacteria|o__Burkholderiales|f__Sutterellaceae|g__Sutterella|s__Sutterella_wadsworthensis|t__SGB9286",3,0.0128755364806867,0.0034099663714267,FALSE,TRUE,FALSE,NA,"HMP1-2 taxonomy vaginal"
"k__Bacteria|p__Firmicutes|c__CFGB3053|o__OFGB3053|f__FGB3053|g__GGB9581|s__GGB9581_SGB79823|t__SGB79823",1,0.00429184549356223,0.000488200146460044,FALSE,FALSE,FALSE,NA,"HMP1-2 taxonomy vaginal"
"k__Bacteria|p__Firmicutes|c__CFGB3047|o__OFGB3047|f__FGB3047|g__GGB9557|s__GGB9557_SGB14966|t__SGB14966",0,0,NA,FALSE,FALSE,FALSE,NA,"HMP1-2 taxonomy vaginal"
"k__Bacteria|p__Firmicutes|c__Clostridia|o__Clostridiales|f__Lachnospiraceae|g__Lachnospiraceae_unclassified|s__Lachnospiraceae_bacterium|t__SGB4744",1,0.00429184549356223,0.00033320009996003,FALSE,FALSE,FALSE,NA,"HMP1-2 taxonomy vaginal"
"k__Bacteria|p__Firmicutes|c__Clostridia|o__Clostridiales|f__Lachnospiraceae|g__GGB3433|s__GGB3433_SGB4573|t__SGB4573_group",0,0,NA,FALSE,FALSE,FALSE,NA,"HMP1-2 taxonomy vaginal"
"k__Bacteria|p__Firmicutes|c__Clostridia|o__Clostridiales|f__Clostridiaceae|g__GGB9574|s__GGB9574_SGB14987|t__SGB14987",0,0,NA,FALSE,FALSE,FALSE,NA,"HMP1-2 taxonomy vaginal"
"k__Bacteria|p__Firmicutes|c__Clostridia|o__Clostridiales|f__Lachnospiraceae|g__Faecalimonas|s__Faecalimonas_umbilicata|t__SGB4583",0,0,NA,FALSE,FALSE,FALSE,NA,"HMP1-2 taxonomy vaginal"
"k__Bacteria|p__Firmicutes|c__Clostridia|o__Clostridiales|f__Lachnospiraceae|g__Lachnoclostridium|s__Clostridium_scindens|t__SGB4630_group",0,0,NA,FALSE,FALSE,FALSE,NA,"HMP1-2 taxonomy vaginal"
"k__Bacteria|p__Bacteroidetes|c__Bacteroidia|o__Bacteroidales|f__Prevotellaceae|g__Prevotella|s__Prevotella_stercorea|t__SGB1679",0,0,NA,FALSE,FALSE,FALSE,NA,"HMP1-2 taxonomy vaginal"
"k__Bacteria|p__Bacteroidetes|c__Bacteroidia|o__Bacteroidales|f__Bacteroidales_unclassified|g__GGB1495|s__GGB1495_SGB2071|t__SGB2071",0,0,NA,FALSE,FALSE,FALSE,NA,"HMP1-2 taxonomy vaginal"
"k__Bacteria|p__Bacteroidetes|c__Bacteroidia|o__Bacteroidales|f__Bacteroidaceae|g__Bacteroidaceae_unclassified|s__Bacteroidaceae_bacterium|t__SGB1478",0,0,NA,FALSE,FALSE,FALSE,NA,"HMP1-2 taxonomy vaginal"
"k__Bacteria|p__Bacteroidetes|c__Bacteroidia|o__Bacteroidales|f__Bacteroidales_unclassified|g__Bacteroidales_unclassified|s__Bacteroidales_bacterium_Oil_RF_744_WCA_WT_10|t__SGB2025",0,0,NA,FALSE,FALSE,FALSE,NA,"HMP1-2 taxonomy vaginal"
"k__Bacteria|p__Bacteroidetes|c__Bacteroidia|o__Bacteroidales|f__Prevotellaceae|g__Paraprevotella|s__Paraprevotella_clara|t__SGB1798",3,0.0128755364806867,0.00209399990546001,FALSE,TRUE,FALSE,NA,"HMP1-2 taxonomy vaginal"
"k__Bacteria|p__Firmicutes|c__Clostridia|o__Clostridia_unclassified|f__Clostridia_unclassified|g__Clostridia_unclassified|s__Clostridia_bacterium|t__SGB6289",0,0,NA,FALSE,FALSE,FALSE,NA,"HMP1-2 taxonomy vaginal"
"k__Bacteria|p__Bacteroidetes|c__Bacteroidia|o__Bacteroidales|f__Bacteroidales_unclassified|g__Phocaeicola|s__Phocaeicola_coprophilus|t__SGB1888",1,0.00429184549356223,0.000113899977220005,FALSE,FALSE,FALSE,NA,"HMP1-2 taxonomy vaginal"
"k__Bacteria|p__Firmicutes|c__Clostridia|o__Clostridia_unclassified|f__Clostridia_unclassified|g__Clostridia_unclassified|s__Clostridia_bacterium|t__SGB4153",0,0,NA,FALSE,FALSE,FALSE,NA,"HMP1-2 taxonomy vaginal"
"k__Bacteria|p__Proteobacteria|c__Betaproteobacteria|o__Burkholderiales|f__Sutterellaceae|g__Duodenibacillus|s__Duodenibacillus_massiliensis|t__SGB9273",0,0,NA,FALSE,FALSE,FALSE,NA,"HMP1-2 taxonomy vaginal"
"k__Bacteria|p__Firmicutes|c__Clostridia|o__Clostridia_unclassified|f__Clostridia_unclassified|g__GGB4579|s__GGB4579_SGB6329|t__SGB6329",0,0,NA,FALSE,FALSE,FALSE,NA,"HMP1-2 taxonomy vaginal"
"k__Bacteria|p__Firmicutes|c__Clostridia|o__Clostridiales|f__Clostridiales_unclassified|g__Clostridiales_unclassified|s__Bacteroides_pectinophilus|t__SGB5068",0,0,NA,FALSE,FALSE,FALSE,NA,"HMP1-2 taxonomy vaginal"
"k__Bacteria|p__Firmicutes|c__Clostridia|o__Clostridia_unclassified|f__Clostridia_unclassified|g__GGB3277|s__GGB3277_SGB4327|t__SGB4327_group",2,0.00858369098712446,0.00123374993976501,FALSE,TRUE,FALSE,NA,"HMP1-2 taxonomy vaginal"
"k__Bacteria|p__Proteobacteria|c__Betaproteobacteria|o__Burkholderiales|f__Oxalobacteraceae|g__GGB6649|s__GGB6649_SGB9391|t__SGB9391",0,0,NA,FALSE,FALSE,FALSE,NA,"HMP1-2 taxonomy vaginal"
"k__Bacteria|p__Firmicutes|c__Clostridia|o__Clostridiales|f__Lachnospiraceae|g__Roseburia|s__Roseburia_sp_AM59_24XD|t__SGB4654",1,0.00429184549356223,0.0005977,FALSE,FALSE,FALSE,NA,"HMP1-2 taxonomy vaginal"
"k__Bacteria|p__Firmicutes|c__Clostridia|o__Clostridiales|f__Clostridiaceae|g__GGB3486|s__GGB3486_SGB4658|t__SGB4658",0,0,NA,FALSE,FALSE,FALSE,NA,"HMP1-2 taxonomy vaginal"
"k__Bacteria|p__Firmicutes|c__Bacilli|o__Bacilli_unclassified|f__Bacilli_unclassified|g__GGB4710|s__GGB4710_SGB6522|t__SGB6522",0,0,NA,FALSE,FALSE,FALSE,NA,"HMP1-2 taxonomy vaginal"
"k__Bacteria|p__Firmicutes|c__Erysipelotrichia|o__Erysipelotrichales|f__Erysipelotrichaceae|g__Erysipelotrichaceae_unclassified|s__Erysipelotrichaceae_bacterium|t__SGB6836_group",1,0.00429184549356223,1.89e-05,FALSE,FALSE,FALSE,NA,"HMP1-2 taxonomy vaginal"
"k__Bacteria|p__Bacteroidetes|c__CFGB602|o__OFGB602|f__FGB602|g__GGB1420|s__GGB1420_SGB1957|t__SGB1957",0,0,NA,FALSE,FALSE,FALSE,NA,"HMP1-2 taxonomy vaginal"
"k__Bacteria|p__Firmicutes|c__Clostridia|o__Clostridia_unclassified|f__Clostridia_unclassified|g__GGB9774|s__GGB9774_SGB15394|t__SGB15394",0,0,NA,FALSE,FALSE,FALSE,NA,"HMP1-2 taxonomy vaginal"
"k__Bacteria|p__Firmicutes|c__Clostridia|o__Clostridiales|f__Ruminococcaceae|g__Ruminococcaceae_unclassified|s__Ruminococcaceae_bacterium|t__SGB4183",0,0,NA,FALSE,FALSE,FALSE,NA,"HMP1-2 taxonomy vaginal"
"k__Bacteria|p__Firmicutes|c__Bacilli|o__Bacilli_unclassified|f__Bacilli_unclassified|g__Bacilli_unclassified|s__Bacilli_bacterium|t__SGB6430",0,0,NA,FALSE,FALSE,FALSE,NA,"HMP1-2 taxonomy vaginal"
"k__Bacteria|p__Proteobacteria|c__Betaproteobacteria|o__Burkholderiales|f__Sutterellaceae|g__Sutterella|s__Sutterella_seckii|t__SGB9297_group",0,0,NA,FALSE,FALSE,FALSE,NA,"HMP1-2 taxonomy vaginal"
"k__Bacteria|p__Firmicutes|c__Clostridia|o__Clostridia_unclassified|f__Clostridia_unclassified|g__Clostridia_unclassified|s__Clostridia_unclassified_SGB4372|t__SGB4372",0,0,NA,FALSE,FALSE,FALSE,NA,"HMP1-2 taxonomy vaginal"
"k__Bacteria|p__Firmicutes|c__CFGB1340|o__OFGB1340|f__FGB1340|g__GGB3256|s__GGB3256_SGB4303|t__SGB4303",0,0,NA,FALSE,FALSE,FALSE,NA,"HMP1-2 taxonomy vaginal"
"k__Bacteria|p__Firmicutes|c__Clostridia|o__Clostridia_unclassified|f__Clostridia_unclassified|g__Clostridia_unclassified|s__Clostridia_bacterium|t__SGB14210",0,0,NA,FALSE,FALSE,FALSE,NA,"HMP1-2 taxonomy vaginal"
"k__Bacteria|p__Firmicutes|c__Clostridia|o__Clostridiales|f__Ruminococcaceae|g__Ruminococcus|s__Ruminococcus_callidus|t__SGB4422",2,0.00858369098712446,0.000209099993735001,FALSE,FALSE,FALSE,NA,"HMP1-2 taxonomy vaginal"
"k__Bacteria|p__Firmicutes|c__Bacilli|o__Lactobacillales|f__Lactobacillaceae|g__Ligilactobacillus|s__Ligilactobacillus_ruminis|t__SGB7061",0,0,NA,FALSE,FALSE,FALSE,NA,"HMP1-2 taxonomy vaginal"
"k__Bacteria|p__Lentisphaerae|c__Lentisphaeria|o__Lentisphaeria_unclassified|f__Lentisphaeria_unclassified|g__Lentisphaeria_unclassified|s__Lentisphaeria_unclassified_SGB9198|t__SGB9198",0,0,NA,FALSE,FALSE,FALSE,NA,"HMP1-2 taxonomy vaginal"
"k__Bacteria|p__Firmicutes|c__Clostridia|o__Clostridiales|f__Clostridiaceae|g__Clostridium|s__Clostridium_disporicum|t__SGB6178",0,0,NA,FALSE,FALSE,FALSE,NA,"HMP1-2 taxonomy vaginal"
"k__Bacteria|p__Firmicutes|c__Clostridia|o__Clostridiales|f__Clostridiaceae|g__Clostridium|s__Clostridium_perfringens|t__SGB6191",0,0,NA,FALSE,FALSE,FALSE,NA,"HMP1-2 taxonomy vaginal"
"k__Bacteria|p__Firmicutes|c__Clostridia|o__Clostridiales|f__Ruminococcaceae|g__GGB9636|s__GGB9636_SGB15107|t__SGB15107",0,0,NA,FALSE,FALSE,FALSE,NA,"HMP1-2 taxonomy vaginal"
"k__Bacteria|p__Firmicutes|c__Clostridia|o__Clostridia_unclassified|f__Clostridia_unclassified|g__Clostridia_unclassified|s__Clostridia_bacterium|t__SGB14026",0,0,NA,FALSE,FALSE,FALSE,NA,"HMP1-2 taxonomy vaginal"
"k__Bacteria|p__Firmicutes|c__Clostridia|o__Clostridiales|f__Peptostreptococcaceae|g__Intestinibacter|s__Intestinibacter_SGB6139|t__SGB6139",0,0,NA,FALSE,FALSE,FALSE,NA,"HMP1-2 taxonomy vaginal"
"k__Bacteria|p__Firmicutes|c__Clostridia|o__Clostridia_unclassified|f__Clostridia_unclassified|g__Clostridia_unclassified|s__Clostridia_unclassified_SGB3983|t__SGB3983",0,0,NA,FALSE,FALSE,FALSE,NA,"HMP1-2 taxonomy vaginal"
"k__Bacteria|p__Firmicutes|c__Clostridia|o__Clostridiales|f__Peptococcaceae|g__Peptococcaceae_unclassified|s__Peptococcaceae_bacterium|t__SGB49168",0,0,NA,FALSE,FALSE,FALSE,NA,"HMP1-2 taxonomy vaginal"
"k__Bacteria|p__Firmicutes|c__Clostridia|o__Clostridia_unclassified|f__Clostridia_unclassified|g__GGB3303|s__GGB3303_SGB4364|t__SGB4364",0,0,NA,FALSE,FALSE,FALSE,NA,"HMP1-2 taxonomy vaginal"
"k__Bacteria|p__Proteobacteria|c__Deltaproteobacteria|o__Desulfovibrionales|f__Desulfovibrionaceae|g__Desulfovibrionaceae_unclassified|s__Desulfovibrionaceae_bacterium|t__SGB15447",0,0,NA,FALSE,FALSE,FALSE,NA,"HMP1-2 taxonomy vaginal"
"k__Bacteria|p__Firmicutes|c__Clostridia|o__Clostridiales|f__Peptostreptococcaceae|g__GGB4456|s__GGB4456_SGB6141|t__SGB6141",0,0,NA,FALSE,FALSE,FALSE,NA,"HMP1-2 taxonomy vaginal"
"k__Bacteria|p__Firmicutes|c__Clostridia|o__Clostridiales|f__Clostridiales_Family_XIII_Incertae_Sedis|g__Clostridiales_Family_XIII_Incertae_Sedis_unclassified|s__Clostridiales_Family_XIII_bacterium_RF_744_FAT_WT_3|t__SGB3928",0,0,NA,FALSE,FALSE,FALSE,NA,"HMP1-2 taxonomy vaginal"
"k__Bacteria|p__Firmicutes|c__Clostridia|o__Clostridiales|f__Ruminococcaceae|g__GGB9712|s__GGB9712_SGB15244|t__SGB15244",0,0,NA,FALSE,FALSE,FALSE,NA,"HMP1-2 taxonomy vaginal"
"k__Bacteria|p__Firmicutes|c__Bacilli|o__Bacilli_unclassified|f__Bacilli_unclassified|g__GGB4662|s__GGB4662_SGB6450|t__SGB6450",0,0,NA,FALSE,FALSE,FALSE,NA,"HMP1-2 taxonomy vaginal"
"k__Bacteria|p__Firmicutes|c__Bacilli|o__Bacilli_unclassified|f__Bacilli_unclassified|g__Bacilli_unclassified|s__Bacilli_bacterium|t__SGB6421",0,0,NA,FALSE,FALSE,FALSE,NA,"HMP1-2 taxonomy vaginal"
"k__Bacteria|p__Actinobacteria|c__Coriobacteriia|o__Eggerthellales|f__Eggerthellaceae|g__GGB9361|s__GGB9361_SGB14336|t__SGB14336",0,0,NA,FALSE,FALSE,FALSE,NA,"HMP1-2 taxonomy vaginal"
"k__Bacteria|p__Firmicutes|c__Clostridia|o__Clostridiales|f__Clostridiaceae|g__Clostridium|s__Clostridium_paraputrificum|t__SGB6187",0,0,NA,FALSE,FALSE,FALSE,NA,"HMP1-2 taxonomy vaginal"
"k__Bacteria|p__Firmicutes|c__CFGB1298|o__OFGB1298|f__FGB1298|g__GGB3118|s__GGB3118_SGB4130|t__SGB4130",1,0.00429184549356223,0.0001692,FALSE,FALSE,FALSE,NA,"HMP1-2 taxonomy vaginal"
"k__Bacteria|p__Firmicutes|c__Clostridia|o__Clostridiales|f__Ruminococcaceae|g__Ruminococcus|s__Ruminococcus_champanellensis|t__SGB4418",0,0,NA,FALSE,FALSE,FALSE,NA,"HMP1-2 taxonomy vaginal"
"k__Bacteria|p__Firmicutes|c__Clostridia|o__Clostridiales|f__Ruminococcaceae|g__Massilimaliae|s__Massilimaliae_massiliensis|t__SGB29347",0,0,NA,FALSE,FALSE,FALSE,NA,"HMP1-2 taxonomy vaginal"
"k__Bacteria|p__Firmicutes|c__Clostridia|o__Clostridiales|f__Lachnospiraceae|g__Lachnospiraceae_unclassified|s__Lachnospiraceae_bacterium|t__SGB4909",1,0.00429184549356223,1.84000018400002e-05,FALSE,FALSE,FALSE,NA,"HMP1-2 taxonomy vaginal"
"k__Bacteria|p__Actinobacteria|c__Coriobacteriia|o__Coriobacteriales|f__Coriobacteriaceae|g__Collinsella|s__Collinsella_bouchesdurhonensis|t__SGB14397",0,0,NA,FALSE,FALSE,FALSE,NA,"HMP1-2 taxonomy vaginal"
"k__Bacteria|p__Firmicutes|c__Clostridia|o__Clostridiales|f__Ruminococcaceae|g__GGB9709|s__GGB9709_SGB15238|t__SGB15238",0,0,NA,FALSE,FALSE,FALSE,NA,"HMP1-2 taxonomy vaginal"
"k__Bacteria|p__Firmicutes|c__Clostridia|o__Clostridiales|f__Lachnospiraceae|g__Blautia|s__Blautia_schinkii|t__SGB4825",0,0,NA,FALSE,FALSE,FALSE,NA,"HMP1-2 taxonomy vaginal"
"k__Bacteria|p__Firmicutes|c__Clostridia|o__Clostridiales|f__Eubacteriaceae|g__Eubacterium|s__Eubacterium_ramulus|t__SGB4960",0,0,NA,FALSE,FALSE,FALSE,NA,"HMP1-2 taxonomy vaginal"
"k__Bacteria|p__Firmicutes|c__Clostridia|o__Clostridia_unclassified|f__Clostridia_unclassified|g__Clostridia_unclassified|s__Clostridia_bacterium|t__SGB14247",0,0,NA,FALSE,FALSE,FALSE,NA,"HMP1-2 taxonomy vaginal"
"k__Bacteria|p__Firmicutes|c__Clostridia|o__Clostridiales|f__Clostridiales_unclassified|g__Clostridiales_unclassified|s__Clostridiales_bacterium_NSJ_40|t__SGB72336",0,0,NA,FALSE,FALSE,FALSE,NA,"HMP1-2 taxonomy vaginal"
"k__Bacteria|p__Firmicutes|c__Clostridia|o__Clostridia_unclassified|f__Clostridia_unclassified|g__Clostridia_unclassified|s__Clostridia_bacterium|t__SGB4139",0,0,NA,FALSE,FALSE,FALSE,NA,"HMP1-2 taxonomy vaginal"
"k__Bacteria|p__Firmicutes|c__Clostridia|o__Clostridiales|f__Christensenellaceae|g__Christensenella|s__Christensenella_minuta|t__SGB14142",0,0,NA,FALSE,FALSE,FALSE,NA,"HMP1-2 taxonomy vaginal"
"k__Bacteria|p__Firmicutes|c__Clostridia|o__Clostridiales|f__Ruminococcaceae|g__GGB9618|s__GGB9618_SGB15064|t__SGB15064",0,0,NA,FALSE,FALSE,FALSE,NA,"HMP1-2 taxonomy vaginal"
"k__Bacteria|p__Firmicutes|c__CFGB16911|o__OFGB16911|f__FGB16911|g__GGB49418|s__GGB49418_SGB69331|t__SGB69331",0,0,NA,FALSE,FALSE,FALSE,NA,"HMP1-2 taxonomy vaginal"
"k__Bacteria|p__Firmicutes|c__Clostridia|o__Clostridiales|f__Ruminococcaceae|g__Ruminococcaceae_unclassified|s__Ruminococcaceae_bacterium|t__SGB14834",0,0,NA,FALSE,FALSE,FALSE,NA,"HMP1-2 taxonomy vaginal"
"k__Bacteria|p__Actinobacteria|c__Coriobacteriia|o__Eggerthellales|f__Eggerthellaceae|g__Eggerthellaceae_unclassified|s__Eggerthellaceae_unclassified_SGB14322|t__SGB14322_group",0,0,NA,FALSE,FALSE,FALSE,NA,"HMP1-2 taxonomy vaginal"
"k__Bacteria|p__Firmicutes|c__Clostridia|o__Clostridiales|f__Lachnospiraceae|g__Lachnospiraceae_unclassified|s__Lachnospiraceae_bacterium|t__SGB4817",0,0,NA,FALSE,FALSE,FALSE,NA,"HMP1-2 taxonomy vaginal"
"k__Bacteria|p__Firmicutes|c__Clostridia|o__Clostridiales|f__Ruminococcaceae|g__GGB3236|s__GGB3236_SGB4274|t__SGB4274",0,0,NA,FALSE,FALSE,FALSE,NA,"HMP1-2 taxonomy vaginal"
"k__Bacteria|p__Firmicutes|c__Clostridia|o__Clostridiales|f__Christensenellaceae|g__Christensenella|s__Christensenella_sp_NSJ_35|t__SGB82546",0,0,NA,FALSE,FALSE,FALSE,NA,"HMP1-2 taxonomy vaginal"
"k__Bacteria|p__Firmicutes|c__Bacilli|o__Bacilli_unclassified|f__Bacilli_unclassified|g__Bacilli_unclassified|s__Bacilli_bacterium|t__SGB6452",0,0,NA,FALSE,FALSE,FALSE,NA,"HMP1-2 taxonomy vaginal"
"k__Bacteria|p__Firmicutes|c__Clostridia|o__Clostridia_unclassified|f__Clostridia_unclassified|g__Clostridia_unclassified|s__Clostridia_bacterium|t__SGB47427",0,0,NA,FALSE,FALSE,FALSE,NA,"HMP1-2 taxonomy vaginal"
"k__Bacteria|p__Firmicutes|c__Clostridia|o__Clostridia_unclassified|f__Clostridia_unclassified|g__Clostridia_unclassified|s__Clostridia_bacterium|t__SGB6359",0,0,NA,FALSE,FALSE,FALSE,NA,"HMP1-2 taxonomy vaginal"
"k__Bacteria|p__Firmicutes|c__Bacilli|o__Bacilli_unclassified|f__Bacilli_unclassified|g__Bacilli_unclassified|s__Bacilli_bacterium|t__SGB6432",0,0,NA,FALSE,FALSE,FALSE,NA,"HMP1-2 taxonomy vaginal"
"k__Bacteria|p__Firmicutes|c__Bacilli|o__Bacilli_unclassified|f__Bacilli_unclassified|g__GGB4727|s__GGB4727_SGB6548|t__SGB6548",0,0,NA,FALSE,FALSE,FALSE,NA,"HMP1-2 taxonomy vaginal"
"k__Bacteria|p__Bacteroidetes|c__Bacteroidia|o__Bacteroidales|f__Bacteroidaceae|g__Bacteroides|s__Bacteroides_fragilis|t__SGB1853",0,0,NA,FALSE,FALSE,FALSE,NA,"HMP1-2 taxonomy vaginal"
"k__Bacteria|p__Bacteroidetes|c__Bacteroidia|o__Bacteroidales|f__Tannerellaceae|g__Parabacteroides|s__Parabacteroides_johnsonii|t__SGB1948",1,0.00429184549356223,0.000202899979710002,FALSE,FALSE,FALSE,NA,"HMP1-2 taxonomy vaginal"
"k__Bacteria|p__Firmicutes|c__Clostridia|o__Clostridia_unclassified|f__Clostridia_unclassified|g__Clostridia_unclassified|s__Clostridia_unclassified_SGB6385|t__SGB6385",0,0,NA,FALSE,FALSE,FALSE,NA,"HMP1-2 taxonomy vaginal"
"k__Bacteria|p__Firmicutes|c__Erysipelotrichia|o__Erysipelotrichales|f__Erysipelotrichaceae|g__Coprobacillus|s__Coprobacillus_cateniformis|t__SGB6771",0,0,NA,FALSE,FALSE,FALSE,NA,"HMP1-2 taxonomy vaginal"
"k__Bacteria|p__Firmicutes|c__Clostridia|o__Clostridia_unclassified|f__Clostridia_unclassified|g__Clostridia_unclassified|s__Clostridia_bacterium|t__SGB54300",0,0,NA,FALSE,FALSE,FALSE,NA,"HMP1-2 taxonomy vaginal"
"k__Bacteria|p__Firmicutes|c__Clostridia|o__Clostridiales|f__Peptococcaceae|g__Peptococcaceae_unclassified|s__Peptococcaceae_bacterium|t__SGB4052",0,0,NA,FALSE,FALSE,FALSE,NA,"HMP1-2 taxonomy vaginal"
"k__Bacteria|p__Firmicutes|c__Clostridia|o__Clostridiales|f__Clostridiaceae|g__Clostridiaceae_unclassified|s__Clostridiaceae_bacterium|t__SGB4629",0,0,NA,FALSE,FALSE,FALSE,NA,"HMP1-2 taxonomy vaginal"
"k__Bacteria|p__Firmicutes|c__Clostridia|o__Clostridia_unclassified|f__Clostridia_unclassified|g__Clostridia_unclassified|s__Clostridia_bacterium|t__SGB15389",0,0,NA,FALSE,FALSE,FALSE,NA,"HMP1-2 taxonomy vaginal"
"k__Bacteria|p__Firmicutes|c__Bacilli|o__Lactobacillales|f__Streptococcaceae|g__Lactococcus|s__Lactococcus_lactis|t__SGB7984",1,0.00429184549356223,0.0007416,FALSE,FALSE,FALSE,NA,"HMP1-2 taxonomy vaginal"
"k__Bacteria|p__Firmicutes|c__Clostridia|o__Clostridiales|f__Lachnospiraceae|g__Lachnospiraceae_unclassified|s__Lachnospiraceae_bacterium|t__SGB4832",0,0,NA,FALSE,FALSE,FALSE,NA,"HMP1-2 taxonomy vaginal"
"k__Bacteria|p__Firmicutes|c__Clostridia|o__Clostridiales|f__Clostridiales_Family_XIII_Incertae_Sedis|g__Emergencia|s__Emergencia_timonensis|t__SGB3970",0,0,NA,FALSE,FALSE,FALSE,NA,"HMP1-2 taxonomy vaginal"
"k__Bacteria|p__Firmicutes|c__Clostridia|o__Clostridiales|f__Lachnospiraceae|g__Eisenbergiella|s__Eisenbergiella_massiliensis|t__SGB4987",0,0,NA,FALSE,FALSE,FALSE,NA,"HMP1-2 taxonomy vaginal"
"k__Bacteria|p__Firmicutes|c__Erysipelotrichia|o__Erysipelotrichales|f__Erysipelotrichaceae|g__Holdemania|s__Holdemania_massiliensis|t__SGB4044",0,0,NA,FALSE,FALSE,FALSE,NA,"HMP1-2 taxonomy vaginal"
"k__Bacteria|p__Firmicutes|c__Clostridia|o__Clostridiales|f__Ruminococcaceae|g__GGB9694|s__GGB9694_SGB15204|t__SGB15204",0,0,NA,FALSE,FALSE,FALSE,NA,"HMP1-2 taxonomy vaginal"
"k__Bacteria|p__Firmicutes|c__Clostridia|o__Clostridiales|f__Clostridiaceae|g__GGB3532|s__GGB3532_SGB4720|t__SGB4720",0,0,NA,FALSE,FALSE,FALSE,NA,"HMP1-2 taxonomy vaginal"
"k__Bacteria|p__Firmicutes|c__Clostridia|o__Clostridia_unclassified|f__Clostridia_unclassified|g__GGB9787|s__GGB9787_SGB15410|t__SGB15410",0,0,NA,FALSE,FALSE,FALSE,NA,"HMP1-2 taxonomy vaginal"
"k__Bacteria|p__Actinobacteria|c__Actinobacteria|o__Bifidobacteriales|f__Bifidobacteriaceae|g__Bifidobacterium|s__Bifidobacterium_pseudocatenulatum|t__SGB17237",0,0,NA,FALSE,FALSE,FALSE,NA,"HMP1-2 taxonomy vaginal"
"k__Bacteria|p__Firmicutes|c__Clostridia|o__Clostridiales|f__Ruminococcaceae|g__Ruminococcaceae_unclassified|s__Ruminococcaceae_bacterium|t__SGB15349",0,0,NA,FALSE,FALSE,FALSE,NA,"HMP1-2 taxonomy vaginal"
"k__Bacteria|p__Firmicutes|c__Clostridia|o__Clostridia_unclassified|f__Clostridia_unclassified|g__Clostridia_unclassified|s__Clostridia_unclassified_SGB6317|t__SGB6317",0,0,NA,FALSE,FALSE,FALSE,NA,"HMP1-2 taxonomy vaginal"
"k__Bacteria|p__Firmicutes|c__Clostridia|o__Clostridiales|f__Ruminococcaceae|g__Hydrogeniiclostidium|s__Hydrogeniiclostidium_mannosilyticum|t__SGB14890",0,0,NA,FALSE,FALSE,FALSE,NA,"HMP1-2 taxonomy vaginal"
"k__Bacteria|p__Firmicutes|c__Clostridia|o__Clostridiales|f__Ruminococcaceae|g__Pseudoflavonifractor|s__Pseudoflavonifractor_capillosus|t__SGB15140",0,0,NA,FALSE,FALSE,FALSE,NA,"HMP1-2 taxonomy vaginal"
"k__Bacteria|p__Bacteroidetes|c__Bacteroidia|o__Bacteroidales|f__Porphyromonadaceae|g__Porphyromonas|s__Porphyromonas_SGB1977|t__SGB1977",2,0.00858369098712446,0.000457899954545005,FALSE,FALSE,FALSE,NA,"HMP1-2 taxonomy vaginal"
"k__Bacteria|p__Firmicutes|c__Erysipelotrichia|o__Erysipelotrichales|f__Erysipelotrichaceae|g__Erysipelatoclostridium|s__Clostridium_innocuum|t__SGB4037_group",0,0,NA,FALSE,FALSE,FALSE,NA,"HMP1-2 taxonomy vaginal"
"k__Bacteria|p__Firmicutes|c__Clostridia|o__Clostridiales|f__Lachnospiraceae|g__Lachnospiraceae_unclassified|s__Lachnospiraceae_bacterium|t__SGB5200",0,0,NA,FALSE,FALSE,FALSE,NA,"HMP1-2 taxonomy vaginal"
"k__Bacteria|p__Firmicutes|c__CFGB1456|o__OFGB1456|f__FGB1456|g__GGB3654|s__GGB3654_SGB4965|t__SGB4965",0,0,NA,FALSE,FALSE,FALSE,NA,"HMP1-2 taxonomy vaginal"
"k__Bacteria|p__Firmicutes|c__CFGB3048|o__OFGB3048|f__FGB3048|g__GGB9559|s__GGB9559_SGB14968|t__SGB14968",0,0,NA,FALSE,FALSE,FALSE,NA,"HMP1-2 taxonomy vaginal"
"k__Bacteria|p__Firmicutes|c__Clostridia|o__Clostridiales|f__Eubacteriaceae|g__Eubacterium|s__Eubacterium_callanderi|t__SGB4080",0,0,NA,FALSE,FALSE,FALSE,NA,"HMP1-2 taxonomy vaginal"
"k__Bacteria|p__Firmicutes|c__Clostridia|o__Clostridiales|f__Lachnospiraceae|g__Lachnoclostridium|s__Clostridium_symbiosum|t__SGB4699",0,0,NA,FALSE,FALSE,FALSE,NA,"HMP1-2 taxonomy vaginal"
"k__Bacteria|p__Firmicutes|c__Clostridia|o__Clostridiales|f__Ruminococcaceae|g__Anaerofilum|s__Anaerofilum_sp_BX8|t__SGB79822",0,0,NA,FALSE,FALSE,FALSE,NA,"HMP1-2 taxonomy vaginal"
"k__Bacteria|p__Actinobacteria|c__Coriobacteriia|o__Eggerthellales|f__Eggerthellaceae|g__Eggerthella|s__Eggerthella_lenta|t__SGB14809",0,0,NA,FALSE,FALSE,FALSE,NA,"HMP1-2 taxonomy vaginal"
"k__Bacteria|p__Firmicutes|c__Clostridia|o__Clostridiales|f__Clostridiaceae|g__Hungatella|s__Hungatella_hathewayi|t__SGB4742",0,0,NA,FALSE,FALSE,FALSE,NA,"HMP1-2 taxonomy vaginal"
"k__Bacteria|p__Firmicutes|c__CFGB3608|o__OFGB3608|f__FGB3608|g__GGB58158|s__GGB58158_SGB79798|t__SGB79798",0,0,NA,FALSE,FALSE,FALSE,NA,"HMP1-2 taxonomy vaginal"
"k__Bacteria|p__Firmicutes|c__Clostridia|o__Clostridiales|f__Clostridiaceae|g__GGB4487|s__GGB4487_SGB6184|t__SGB6184",0,0,NA,FALSE,FALSE,FALSE,NA,"HMP1-2 taxonomy vaginal"
"k__Bacteria|p__Firmicutes|c__Bacilli|o__Bacilli_unclassified|f__Bacilli_unclassified|g__Bacilli_unclassified|s__Bacilli_bacterium|t__SGB6531",0,0,NA,FALSE,FALSE,FALSE,NA,"HMP1-2 taxonomy vaginal"
"k__Bacteria|p__Bacteroidetes|c__Bacteroidia|o__Bacteroidales|f__Bacteroidales_unclassified|g__GGB1538|s__GGB1538_SGB2121|t__SGB2121",0,0,NA,FALSE,FALSE,FALSE,NA,"HMP1-2 taxonomy vaginal"
"k__Bacteria|p__Firmicutes|c__Clostridia|o__Clostridia_unclassified|f__Clostridia_unclassified|g__Clostridia_unclassified|s__Clostridia_bacterium|t__SGB14845",0,0,NA,FALSE,FALSE,FALSE,NA,"HMP1-2 taxonomy vaginal"
"k__Bacteria|p__Proteobacteria|c__Alphaproteobacteria|o__Alphaproteobacteria_unclassified|f__Alphaproteobacteria_unclassified|g__GGB6613|s__GGB6613_SGB9347|t__SGB9347",0,0,NA,FALSE,FALSE,FALSE,NA,"HMP1-2 taxonomy vaginal"
"k__Bacteria|p__Firmicutes|c__Clostridia|o__Clostridia_unclassified|f__Clostridia_unclassified|g__Clostridia_unclassified|s__Clostridia_bacterium|t__SGB14952",0,0,NA,FALSE,FALSE,FALSE,NA,"HMP1-2 taxonomy vaginal"
"k__Bacteria|p__Firmicutes|c__Bacilli|o__Bacilli_unclassified|f__Bacilli_unclassified|g__Bacilli_unclassified|s__Bacilli_bacterium|t__SGB6541",0,0,NA,FALSE,FALSE,FALSE,NA,"HMP1-2 taxonomy vaginal"
"k__Bacteria|p__Firmicutes|c__Clostridia|o__Clostridiales|f__Lachnospiraceae|g__Lachnospiraceae_unclassified|s__Lachnospiraceae_bacterium|t__SGB4671",0,0,NA,FALSE,FALSE,FALSE,NA,"HMP1-2 taxonomy vaginal"
"k__Bacteria|p__Firmicutes|c__Erysipelotrichia|o__Erysipelotrichales|f__Erysipelotrichaceae|g__Erysipelotrichaceae_unclassified|s__Erysipelotrichaceae_bacterium|t__SGB4027",0,0,NA,FALSE,FALSE,FALSE,NA,"HMP1-2 taxonomy vaginal"
"k__Bacteria|p__Proteobacteria|c__Deltaproteobacteria|o__Desulfovibrionales|f__Desulfovibrionaceae|g__Desulfovibrio|s__Desulfovibrio_piger|t__SGB15467_group",0,0,NA,FALSE,FALSE,FALSE,NA,"HMP1-2 taxonomy vaginal"
"k__Bacteria|p__Firmicutes|c__Clostridia|o__Clostridiales|f__Lachnospiraceae|g__Enterocloster|s__Enterocloster_lavalensis|t__SGB4725",0,0,NA,FALSE,FALSE,FALSE,NA,"HMP1-2 taxonomy vaginal"
"k__Bacteria|p__Firmicutes|c__Clostridia|o__Clostridiales|f__Clostridiales_unclassified|g__Clostridiales_unclassified|s__Clostridiales_unclassified_SGB15150|t__SGB15150",0,0,NA,FALSE,FALSE,FALSE,NA,"HMP1-2 taxonomy vaginal"
"k__Bacteria|p__Proteobacteria|c__Alphaproteobacteria|o__Alphaproteobacteria_unclassified|f__Alphaproteobacteria_unclassified|g__GGB6608|s__GGB6608_SGB9342|t__SGB9342_group",0,0,NA,FALSE,FALSE,FALSE,NA,"HMP1-2 taxonomy vaginal"
"k__Bacteria|p__Proteobacteria|c__Epsilonproteobacteria|o__Campylobacterales|f__Campylobacteraceae|g__Campylobacter|s__Campylobacter_hominis|t__SGB19429",0,0,NA,FALSE,FALSE,FALSE,NA,"HMP1-2 taxonomy vaginal"
"k__Bacteria|p__Firmicutes|c__Clostridia|o__Clostridiales|f__Clostridiales_unclassified|g__Fenollaria|s__Fenollaria_timonensis|t__SGB6719",0,0,NA,FALSE,FALSE,FALSE,NA,"HMP1-2 taxonomy vaginal"
"k__Bacteria|p__Bacteroidetes|c__Bacteroidia|o__Bacteroidales|f__Prevotellaceae|g__Prevotella|s__Prevotella_corporis|t__SGB1504",3,0.0128755364806867,0.000189399964960007,FALSE,FALSE,FALSE,NA,"HMP1-2 taxonomy vaginal"
"k__Bacteria|p__Firmicutes|c__Clostridia|o__Clostridiales|f__Ruminococcaceae|g__Subdoligranulum|s__Subdoligranulum_SGB15305|t__SGB15305",0,0,NA,FALSE,FALSE,FALSE,NA,"HMP1-2 taxonomy vaginal"
"k__Bacteria|p__Actinobacteria|c__Coriobacteriia|o__Eggerthellales|f__Eggerthellaceae|g__Gordonibacter|s__Gordonibacter_urolithinfaciens|t__SGB14808",0,0,NA,FALSE,FALSE,FALSE,NA,"HMP1-2 taxonomy vaginal"
"k__Bacteria|p__Firmicutes|c__Clostridia|o__Clostridiales|f__Lachnospiraceae|g__Lachnospiraceae_unclassified|s__Lachnospiraceae_bacterium|t__SGB4594",0,0,NA,FALSE,FALSE,FALSE,NA,"HMP1-2 taxonomy vaginal"
"k__Bacteria|p__Bacteroidetes|c__Bacteroidia|o__Bacteroidales|f__Rikenellaceae|g__Alistipes|s__Alistipes_timonensis|t__SGB2299",0,0,NA,FALSE,FALSE,FALSE,NA,"HMP1-2 taxonomy vaginal"
"k__Bacteria|p__Firmicutes|c__Clostridia|o__Clostridiales|f__Clostridiales_Family_XIII_Incertae_Sedis|g__Clostridiales_Family_XIII_Incertae_Sedis_unclassified|s__Clostridiales_Family_XIII_Incertae_Sedis_unclassified_SGB3978|t__SGB3978",1,0.00429184549356223,9.7999990200001e-06,FALSE,FALSE,FALSE,NA,"HMP1-2 taxonomy vaginal"
"k__Bacteria|p__Firmicutes|c__Clostridia|o__Clostridia_unclassified|f__Clostridia_unclassified|g__GGB3139|s__GGB3139_SGB4152|t__SGB4152",0,0,NA,FALSE,FALSE,FALSE,NA,"HMP1-2 taxonomy vaginal"
"k__Bacteria|p__Firmicutes|c__Bacilli|o__Bacilli_unclassified|f__Bacilli_unclassified|g__Bacilli_unclassified|s__Bacilli_bacterium|t__SGB6440",0,0,NA,FALSE,FALSE,FALSE,NA,"HMP1-2 taxonomy vaginal"
"k__Bacteria|p__Proteobacteria|c__Gammaproteobacteria|o__Enterobacterales|f__Enterobacteriaceae|g__Enterobacter|s__Enterobacter_hormaechei|t__SGB10130_group",0,0,NA,FALSE,FALSE,FALSE,NA,"HMP1-2 taxonomy vaginal"
"k__Bacteria|p__Firmicutes|c__Clostridia|o__Clostridiales|f__Oscillospiraceae|g__Oscillibacter|s__Oscillibacter_SGB15077|t__SGB15077",0,0,NA,FALSE,FALSE,FALSE,NA,"HMP1-2 taxonomy vaginal"
"k__Bacteria|p__Firmicutes|c__Clostridia|o__Clostridiales|f__Lachnospiraceae|g__Lachnoclostridium|s__Lachnoclostridium_sp_An131|t__SGB4775",0,0,NA,FALSE,FALSE,FALSE,NA,"HMP1-2 taxonomy vaginal"
"k__Bacteria|p__Bacteroidetes|c__Bacteroidia|o__Bacteroidales|f__Porphyromonadaceae|g__Porphyromonas|s__Porphyromonas_bennonis|t__SGB1985",0,0,NA,FALSE,FALSE,FALSE,NA,"HMP1-2 taxonomy vaginal"
"k__Bacteria|p__Firmicutes|c__Clostridia|o__Clostridiales|f__Ruminococcaceae|g__Angelakisella|s__Angelakisella_massiliensis|t__SGB29321",0,0,NA,FALSE,FALSE,FALSE,NA,"HMP1-2 taxonomy vaginal"
"k__Bacteria|p__Firmicutes|c__CFGB9612|o__OFGB9612|f__FGB9612|g__GGB45495|s__GGB45495_SGB63167|t__SGB63167",0,0,NA,FALSE,FALSE,FALSE,NA,"HMP1-2 taxonomy vaginal"
"k__Bacteria|p__Firmicutes|c__Clostridia|o__Clostridiales|f__Lachnospiraceae|g__Lachnospiraceae_unclassified|s__Lachnospiraceae_bacterium|t__SGB4773",0,0,NA,FALSE,FALSE,FALSE,NA,"HMP1-2 taxonomy vaginal"
"k__Bacteria|p__Firmicutes|c__Clostridia|o__Clostridiales|f__Clostridiaceae|g__Clostridiaceae_unclassified|s__Clostridiaceae_bacterium|t__SGB7256",0,0,NA,FALSE,FALSE,FALSE,NA,"HMP1-2 taxonomy vaginal"
"k__Bacteria|p__Firmicutes|c__Clostridia|o__Clostridiales|f__Lachnospiraceae|g__Lachnoclostridium|s__Lachnoclostridium_phocaeense|t__SGB4622",0,0,NA,FALSE,FALSE,FALSE,NA,"HMP1-2 taxonomy vaginal"
"k__Bacteria|p__Firmicutes|c__Clostridia|o__Clostridiales|f__Clostridiales_unclassified|g__Massilistercora|s__Massilistercora_timonensis|t__SGB4628",0,0,NA,FALSE,FALSE,FALSE,NA,"HMP1-2 taxonomy vaginal"
"k__Bacteria|p__Firmicutes|c__Clostridia|o__Clostridiales|f__Lachnospiraceae|g__Sellimonas|s__Sellimonas_intestinalis|t__SGB4617",0,0,NA,FALSE,FALSE,FALSE,NA,"HMP1-2 taxonomy vaginal"
"k__Bacteria|p__Firmicutes|c__Clostridia|o__Clostridiales|f__Lachnospiraceae|g__GGB3463|s__GGB3463_SGB4621|t__SGB4621",0,0,NA,FALSE,FALSE,FALSE,NA,"HMP1-2 taxonomy vaginal"
"k__Bacteria|p__Firmicutes|c__Clostridia|o__Clostridiales|f__Ruminococcaceae|g__GGB9695|s__GGB9695_SGB15209|t__SGB15209",0,0,NA,FALSE,FALSE,FALSE,NA,"HMP1-2 taxonomy vaginal"
"k__Bacteria|p__Firmicutes|c__Clostridia|o__Clostridia_unclassified|f__Clostridia_unclassified|g__Candidatus_Roslinia|s__Candidatus_Roslinia_caecavium|t__SGB4165",0,0,NA,FALSE,FALSE,FALSE,NA,"HMP1-2 taxonomy vaginal"
"k__Bacteria|p__Firmicutes|c__Clostridia|o__Clostridia_unclassified|f__Clostridia_unclassified|g__Clostridia_unclassified|s__Clostridia_bacterium|t__SGB14854",0,0,NA,FALSE,FALSE,FALSE,NA,"HMP1-2 taxonomy vaginal"
"k__Bacteria|p__Firmicutes|c__CFGB1192|o__OFGB1192|f__FGB1192|g__GGB2945|s__GGB2945_SGB3918|t__SGB3918",0,0,NA,FALSE,FALSE,FALSE,NA,"HMP1-2 taxonomy vaginal"
"k__Bacteria|p__Firmicutes|c__Clostridia|o__Clostridia_unclassified|f__Clostridia_unclassified|g__Clostridia_unclassified|s__Clostridia_unclassified_SGB66170|t__SGB66170",0,0,NA,FALSE,FALSE,FALSE,NA,"HMP1-2 taxonomy vaginal"
"k__Bacteria|p__Firmicutes|c__Tissierellia|o__Tissierellales|f__Tissierellaceae|g__Urmitella|s__Urmitella_timonensis|t__SGB15478",0,0,NA,FALSE,FALSE,FALSE,NA,"HMP1-2 taxonomy vaginal"
"k__Bacteria|p__Bacteroidetes|c__Bacteroidia|o__Bacteroidales|f__Porphyromonadaceae|g__Porphyromonas|s__Porphyromonas_somerae|t__SGB1991",0,0,NA,FALSE,FALSE,FALSE,NA,"HMP1-2 taxonomy vaginal"
"k__Bacteria|p__Firmicutes|c__Clostridia|o__Clostridiales|f__Eubacteriaceae|g__Anaerofustis|s__Anaerofustis_stercorihominis|t__SGB4116",0,0,NA,FALSE,FALSE,FALSE,NA,"HMP1-2 taxonomy vaginal"
"k__Bacteria|p__Bacteroidetes|c__Bacteroidia|o__Bacteroidales|f__Bacteroidales_unclassified|g__GGB1460|s__GGB1460_SGB2023|t__SGB2023",4,0.0171673819742489,0.00121567490228002,FALSE,TRUE,FALSE,NA,"HMP1-2 taxonomy vaginal"
"k__Bacteria|p__Firmicutes|c__Clostridia|o__Clostridia_unclassified|f__Clostridia_unclassified|g__Clostridia_unclassified|s__Clostridia_bacterium|t__SGB53497",0,0,NA,FALSE,FALSE,FALSE,NA,"HMP1-2 taxonomy vaginal"
"k__Bacteria|p__Bacteroidetes|c__CFGB618|o__OFGB618|f__FGB618|g__GGB1456|s__GGB1456_SGB2019|t__SGB2019",1,0.00429184549356223,0.00133099986690001,FALSE,TRUE,FALSE,NA,"HMP1-2 taxonomy vaginal"
"k__Bacteria|p__Firmicutes|c__Clostridia|o__Clostridiales|f__Ruminococcaceae|g__GGB9620|s__GGB9620_SGB15068|t__SGB15068",0,0,NA,FALSE,FALSE,FALSE,NA,"HMP1-2 taxonomy vaginal"
"k__Bacteria|p__Firmicutes|c__Clostridia|o__Clostridiales|f__Ruminococcaceae|g__GGB9621|s__GGB9621_SGB15073|t__SGB15073",0,0,NA,FALSE,FALSE,FALSE,NA,"HMP1-2 taxonomy vaginal"
"k__Bacteria|p__Firmicutes|c__Clostridia|o__Clostridia_unclassified|f__Clostridia_unclassified|g__Clostridia_unclassified|s__Clostridia_bacterium|t__SGB6353",0,0,NA,FALSE,FALSE,FALSE,NA,"HMP1-2 taxonomy vaginal"
"k__Bacteria|p__Firmicutes|c__Tissierellia|o__Tissierellales|f__Peptoniphilaceae|g__Anaerococcus|s__Anaerococcus_obesiensis|t__SGB6661",1,0.00429184549356223,0.0039114,FALSE,TRUE,FALSE,NA,"HMP1-2 taxonomy vaginal"
"k__Bacteria|p__Firmicutes|c__Clostridia|o__Clostridiales|f__Clostridiales_Family_XIII_Incertae_Sedis|g__Alterileibacterium|s__Alterileibacterium_massiliense|t__SGB3980",1,0.00429184549356223,1.74999982500002e-05,FALSE,FALSE,FALSE,NA,"HMP1-2 taxonomy vaginal"
"k__Bacteria|p__Firmicutes|c__Clostridia|o__Clostridiales|f__Ruminococcaceae|g__Massilimaliae|s__Massilimaliae_timonensis|t__SGB7253",0,0,NA,FALSE,FALSE,FALSE,NA,"HMP1-2 taxonomy vaginal"
"k__Bacteria|p__Firmicutes|c__Clostridia|o__Clostridiales|f__Lachnospiraceae|g__Lachnospiraceae_unclassified|s__Lachnospiraceae_bacterium|t__SGB4784",0,0,NA,FALSE,FALSE,FALSE,NA,"HMP1-2 taxonomy vaginal"
"k__Bacteria|p__Firmicutes|c__Clostridia|o__Clostridiales|f__Clostridiales_unclassified|g__Lawsonibacter|s__Lawsonibacter_sp_NSJ_52|t__SGB15125",0,0,NA,FALSE,FALSE,FALSE,NA,"HMP1-2 taxonomy vaginal"
"k__Bacteria|p__Firmicutes|c__Clostridia|o__Clostridiales|f__Ruminococcaceae|g__Ruminococcaceae_unclassified|s__Clostridium_methylpentosum|t__SGB14962",0,0,NA,FALSE,FALSE,FALSE,NA,"HMP1-2 taxonomy vaginal"
"k__Bacteria|p__Firmicutes|c__Clostridia|o__Clostridiales|f__Clostridiales_unclassified|g__Clostridiales_unclassified|s__Clostridiales_bacterium_Marseille_P2846|t__SGB29342",0,0,NA,FALSE,FALSE,FALSE,NA,"HMP1-2 taxonomy vaginal"
"k__Bacteria|p__Firmicutes|c__Clostridia|o__Clostridiales|f__Christensenellaceae|g__Christensenellaceae_unclassified|s__Christensenellaceae_bacterium_NSJ_44|t__SGB7265",0,0,NA,FALSE,FALSE,FALSE,NA,"HMP1-2 taxonomy vaginal"
"k__Bacteria|p__Firmicutes|c__Clostridia|o__Clostridia_unclassified|f__Clostridia_unclassified|g__Clostridia_unclassified|s__Clostridia_bacterium|t__SGB3961",0,0,NA,FALSE,FALSE,FALSE,NA,"HMP1-2 taxonomy vaginal"
"k__Bacteria|p__Proteobacteria|c__Gammaproteobacteria|o__Enterobacterales|f__Enterobacteriaceae|g__Klebsiella|s__Klebsiella_pneumoniae|t__SGB10115",0,0,NA,FALSE,FALSE,FALSE,NA,"HMP1-2 taxonomy vaginal"
"k__Bacteria|p__Firmicutes|c__Clostridia|o__Clostridia_unclassified|f__Clostridia_unclassified|g__Clostridia_unclassified|s__Clostridia_bacterium|t__SGB4531",0,0,NA,FALSE,FALSE,FALSE,NA,"HMP1-2 taxonomy vaginal"
"k__Bacteria|p__Firmicutes|c__Clostridia|o__Clostridia_unclassified|f__Clostridia_unclassified|g__Clostridia_unclassified|s__Clostridia_bacterium|t__SGB3969",0,0,NA,FALSE,FALSE,FALSE,NA,"HMP1-2 taxonomy vaginal"
"k__Bacteria|p__Firmicutes|c__Clostridia|o__Clostridiales|f__Lachnospiraceae|g__GGB3583|s__GGB3583_SGB4799|t__SGB4799",0,0,NA,FALSE,FALSE,FALSE,NA,"HMP1-2 taxonomy vaginal"
"k__Bacteria|p__Firmicutes|c__Clostridia|o__Clostridiales|f__Clostridiaceae|g__Clostridium|s__Clostridium_transplantifaecale|t__SGB29435",0,0,NA,FALSE,FALSE,FALSE,NA,"HMP1-2 taxonomy vaginal"
"k__Bacteria|p__Firmicutes|c__Clostridia|o__Clostridiales|f__Christensenellaceae|g__Christensenella|s__Christensenella_sp_Marseille_P3954|t__SGB29301",0,0,NA,FALSE,FALSE,FALSE,NA,"HMP1-2 taxonomy vaginal"
"k__Bacteria|p__Firmicutes|c__Clostridia|o__Clostridiales|f__Clostridiaceae|g__Clostridiaceae_unclassified|s__Clostridiaceae_bacterium|t__SGB82499",0,0,NA,FALSE,FALSE,FALSE,NA,"HMP1-2 taxonomy vaginal"
"k__Bacteria|p__Firmicutes|c__Bacilli|o__Bacilli_unclassified|f__Bacilli_unclassified|g__Bacilli_unclassified|s__Bacilli_bacterium|t__SGB6542",0,0,NA,FALSE,FALSE,FALSE,NA,"HMP1-2 taxonomy vaginal"
"k__Bacteria|p__Firmicutes|c__Clostridia|o__Clostridiales|f__Clostridiaceae|g__Clostridium|s__Clostridium_sp_AF34_13|t__SGB4659",2,0.00858369098712446,0.000432199985990001,FALSE,FALSE,FALSE,NA,"HMP1-2 taxonomy vaginal"
"k__Bacteria|p__Firmicutes|c__Tissierellia|o__Tissierellia_unclassified|f__Tissierellia_unclassified|g__Ezakiella|s__Ezakiella_SGB6726|t__SGB6726",0,0,NA,FALSE,FALSE,FALSE,NA,"HMP1-2 taxonomy vaginal"
"k__Bacteria|p__Firmicutes|c__Clostridia|o__Clostridiales|f__Lachnospiraceae|g__Lachnoclostridium|s__Lachnoclostridium_SGB4598|t__SGB4598",0,0,NA,FALSE,FALSE,FALSE,NA,"HMP1-2 taxonomy vaginal"
"k__Bacteria|p__Firmicutes|c__Clostridia|o__Clostridiales|f__Lachnospiraceae|g__Eisenbergiella|s__Eisenbergiella_sp_OF01_20|t__SGB4989",0,0,NA,FALSE,FALSE,FALSE,NA,"HMP1-2 taxonomy vaginal"
"k__Bacteria|p__Fusobacteria|c__Fusobacteriia|o__Fusobacteriales|f__Leptotrichiaceae|g__Leptotrichia|s__Leptotrichia_shahii|t__SGB29045",0,0,NA,FALSE,FALSE,FALSE,NA,"HMP1-2 taxonomy vaginal"
"k__Bacteria|p__Candidatus_Saccharibacteria|c__CFGB4356|o__OFGB4356|f__FGB4356|g__GGB12790|s__GGB12790_SGB19844|t__SGB19844",0,0,NA,FALSE,FALSE,FALSE,NA,"HMP1-2 taxonomy vaginal"
"k__Bacteria|p__Proteobacteria|c__CFGB4196|o__OFGB4196|f__FGB4196|g__GGB12440|s__GGB12440_SGB19288|t__SGB19288",0,0,NA,FALSE,FALSE,FALSE,NA,"HMP1-2 taxonomy vaginal"
"k__Bacteria|p__Firmicutes|c__Negativicutes|o__Selenomonadales|f__Selenomonadaceae|g__Selenomonas|s__Selenomonas_flueggei|t__SGB5882",1,0.00429184549356223,2.26999954600009e-05,FALSE,FALSE,FALSE,NA,"HMP1-2 taxonomy vaginal"
"k__Bacteria|p__Firmicutes|c__Bacilli|o__Lactobacillales|f__Streptococcaceae|g__Streptococcus|s__Streptococcus_massiliensis|t__SGB25278",0,0,NA,FALSE,FALSE,FALSE,NA,"HMP1-2 taxonomy vaginal"
"k__Bacteria|p__Firmicutes|c__Negativicutes|o__Veillonellales|f__Veillonellaceae|g__Dialister|s__Dialister_pneumosintes|t__SGB5842",0,0,NA,FALSE,FALSE,FALSE,NA,"HMP1-2 taxonomy vaginal"
"k__Bacteria|p__Actinobacteria|c__Actinobacteria|o__Propionibacteriales|f__Propionibacteriaceae|g__Cutibacterium|s__Cutibacterium_namnetense|t__SGB16956",2,0.00858369098712446,7.97999909850011e-05,FALSE,FALSE,FALSE,NA,"HMP1-2 taxonomy vaginal"
"k__Eukaryota|p__Basidiomycota|c__Malasseziomycetes|o__Malasseziales|f__Malasseziaceae|g__Malassezia|s__Malassezia_restricta|t__EUK76775",6,0.0257510729613734,0.00137969986524168,FALSE,TRUE,FALSE,NA,"HMP1-2 taxonomy vaginal"
"k__Bacteria|p__Firmicutes|c__Bacilli|o__Bacillales|f__Staphylococcaceae|g__Staphylococcus|s__Staphylococcus_capitis|t__SGB7863",1,0.00429184549356223,0.000373199925360015,FALSE,FALSE,FALSE,NA,"HMP1-2 taxonomy vaginal"
"k__Bacteria|p__Actinobacteria|c__Actinobacteria|o__Corynebacteriales|f__Corynebacteriaceae|g__Corynebacterium|s__Corynebacterium_aurimucosum|t__SGB17102_group",2,0.00858369098712446,0.000245000072655022,FALSE,FALSE,FALSE,NA,"HMP1-2 taxonomy vaginal"
"k__Bacteria|p__Bacteroidetes|c__Bacteroidia|o__Bacteroidales|f__Rikenellaceae|g__GGB1632|s__GGB1632_SGB2240|t__SGB2240",0,0,NA,FALSE,FALSE,FALSE,NA,"HMP1-2 taxonomy vaginal"
"k__Bacteria|p__Bacteroidetes|c__Bacteroidia|o__Bacteroidales|f__Prevotellaceae|g__Prevotella|s__Prevotella_hominis|t__SGB1617_group",0,0,NA,FALSE,FALSE,FALSE,NA,"HMP1-2 taxonomy vaginal"
"k__Bacteria|p__Bacteroidetes|c__Bacteroidia|o__Bacteroidales|f__Prevotellaceae|g__Prevotellamassilia|s__Prevotellamassilia_timonensis|t__SGB1477_group",0,0,NA,FALSE,FALSE,FALSE,NA,"HMP1-2 taxonomy vaginal"
"k__Bacteria|p__Bacteroidetes|c__Bacteroidia|o__Bacteroidales|f__Rikenellaceae|g__Rikenellaceae_unclassified|s__Rikenellaceae_bacterium|t__SGB2279",0,0,NA,FALSE,FALSE,FALSE,NA,"HMP1-2 taxonomy vaginal"
"k__Bacteria|p__Firmicutes|c__Clostridia|o__Clostridiales|f__Ruminococcaceae|g__GGB9710|s__GGB9710_SGB15239|t__SGB15239",0,0,NA,FALSE,FALSE,FALSE,NA,"HMP1-2 taxonomy vaginal"
"k__Bacteria|p__Bacteroidetes|c__Bacteroidia|o__Bacteroidales|f__Tannerellaceae|g__GGB1407|s__GGB1407_SGB1931|t__SGB1931",0,0,NA,FALSE,FALSE,FALSE,NA,"HMP1-2 taxonomy vaginal"
"k__Bacteria|p__Bacteroidetes|c__Bacteroidia|o__Bacteroidales|f__Tannerellaceae|g__Parabacteroides|s__Parabacteroides_massiliensis|t__SGB1945",0,0,NA,FALSE,FALSE,FALSE,NA,"HMP1-2 taxonomy vaginal"
"k__Bacteria|p__Bacteroidetes|c__Bacteroidia|o__Bacteroidales|f__Odoribacteraceae|g__Butyricimonas|s__Butyricimonas_faecalis|t__SGB1782",0,0,NA,FALSE,FALSE,FALSE,NA,"HMP1-2 taxonomy vaginal"
"k__Bacteria|p__Bacteroidetes|c__Bacteroidia|o__Bacteroidales|f__Bacteroidaceae|g__GGB1387|s__GGB1387_SGB1895|t__SGB1895",0,0,NA,FALSE,FALSE,FALSE,NA,"HMP1-2 taxonomy vaginal"
"k__Bacteria|p__Firmicutes|c__Clostridia|o__Clostridiales|f__Ruminococcaceae|g__GGB9618|s__GGB9618_SGB15065|t__SGB15065",0,0,NA,FALSE,FALSE,FALSE,NA,"HMP1-2 taxonomy vaginal"
"k__Archaea|p__Euryarchaeota|c__CFGB343|o__OFGB343|f__FGB343|g__GGB781|s__GGB781_SGB1024|t__SGB1024",0,0,NA,FALSE,FALSE,FALSE,NA,"HMP1-2 taxonomy vaginal"
"k__Bacteria|p__Verrucomicrobia|c__Opitutae|o__Opitutales|f__Opitutales_unclassified|g__GGB6127|s__GGB6127_SGB8773|t__SGB8773",0,0,NA,FALSE,FALSE,FALSE,NA,"HMP1-2 taxonomy vaginal"
"k__Bacteria|p__Bacteroidetes|c__Flavobacteriia|o__Flavobacteriales|f__Flavobacteriales_unclassified|g__GGB1662|s__GGB1662_SGB2276|t__SGB2276",0,0,NA,FALSE,FALSE,FALSE,NA,"HMP1-2 taxonomy vaginal"
"k__Bacteria|p__Proteobacteria|c__Deltaproteobacteria|o__Desulfovibrionales|f__Desulfovibrionaceae|g__Desulfovibrio|s__Desulfovibrio_legallii|t__SGB15469",0,0,NA,FALSE,FALSE,FALSE,NA,"HMP1-2 taxonomy vaginal"
"k__Bacteria|p__Firmicutes|c__Clostridia|o__Clostridiales|f__Lachnospiraceae|g__Lachnoclostridium|s__Lachnoclostridium_sp_An118|t__SGB4623",0,0,NA,FALSE,FALSE,FALSE,NA,"HMP1-2 taxonomy vaginal"
"k__Bacteria|p__Proteobacteria|c__Oligoflexia|o__Bdellovibrionales|f__Bdellovibrionales_unclassified|g__Bdellovibrionales_unclassified|s__Bdellovibrionales_bacterium|t__SGB55025",2,0.00858369098712446,0.00365235008125502,FALSE,TRUE,FALSE,NA,"HMP1-2 taxonomy vaginal"
"k__Bacteria|p__Firmicutes|c__Clostridia|o__Clostridia_unclassified|f__Clostridia_unclassified|g__Clostridia_unclassified|s__Clostridia_bacterium|t__SGB13994",0,0,NA,FALSE,FALSE,FALSE,NA,"HMP1-2 taxonomy vaginal"
"k__Bacteria|p__Bacteria_unclassified|c__Bacteria_unclassified|o__Bacteria_unclassified|f__Bacteria_unclassified|g__Bacteria_unclassified|s__bacterium_OL_1|t__SGB14389_group",0,0,NA,FALSE,FALSE,FALSE,NA,"HMP1-2 taxonomy vaginal"
"k__Bacteria|p__Actinobacteria|c__Coriobacteriia|o__Eggerthellales|f__Eggerthellaceae|g__Raoultibacter|s__Raoultibacter_timonensis|t__SGB33550",0,0,NA,FALSE,FALSE,FALSE,NA,"HMP1-2 taxonomy vaginal"
"k__Bacteria|p__Firmicutes|c__Clostridia|o__Clostridiales|f__Catabacteriaceae|g__Catabacter|s__Catabacter_hongkongensis|t__SGB14143",0,0,NA,FALSE,FALSE,FALSE,NA,"HMP1-2 taxonomy vaginal"
"k__Bacteria|p__Firmicutes|c__Clostridia|o__Clostridiales|f__Lachnospiraceae|g__Lachnospiraceae_unclassified|s__Lachnospiraceae_bacterium|t__SGB4747",0,0,NA,FALSE,FALSE,FALSE,NA,"HMP1-2 taxonomy vaginal"
"k__Bacteria|p__Firmicutes|c__Clostridia|o__Clostridiales|f__Ruminococcaceae|g__Neobittarella|s__Neobittarella_massiliensis|t__SGB7264",0,0,NA,FALSE,FALSE,FALSE,NA,"HMP1-2 taxonomy vaginal"
"k__Bacteria|p__Actinobacteria|c__Coriobacteriia|o__Coriobacteriales|f__Atopobiaceae|g__Olsenella|s__Olsenella_provencensis|t__SGB14367",0,0,NA,FALSE,FALSE,FALSE,NA,"HMP1-2 taxonomy vaginal"
"k__Bacteria|p__Proteobacteria|c__Betaproteobacteria|o__Burkholderiales|f__Oxalobacteraceae|g__GGB6648|s__GGB6648_SGB9389|t__SGB9389",0,0,NA,FALSE,FALSE,FALSE,NA,"HMP1-2 taxonomy vaginal"
"k__Bacteria|p__Firmicutes|c__Clostridia|o__Clostridiales|f__Clostridiales_unclassified|g__Clostridiales_unclassified|s__Clostridiales_unclassified_SGB15148|t__SGB15148",0,0,NA,FALSE,FALSE,FALSE,NA,"HMP1-2 taxonomy vaginal"
"k__Bacteria|p__Firmicutes|c__Negativicutes|o__Selenomonadales|f__Selenomonadaceae|g__Megamonas|s__Megamonas_funiformis|t__SGB6962_group",0,0,NA,FALSE,FALSE,FALSE,NA,"HMP1-2 taxonomy vaginal"
"k__Bacteria|p__Firmicutes|c__Clostridia|o__Clostridiales|f__Lachnospiraceae|g__Tyzzerella|s__Tyzzerella_nexilis|t__SGB4588_group",0,0,NA,FALSE,FALSE,FALSE,NA,"HMP1-2 taxonomy vaginal"
"k__Bacteria|p__Firmicutes|c__Clostridia|o__Clostridiales|f__Lachnospiraceae|g__GGB3523|s__GGB3523_SGB4703|t__SGB4703",0,0,NA,FALSE,FALSE,FALSE,NA,"HMP1-2 taxonomy vaginal"
"k__Bacteria|p__Firmicutes|c__Clostridia|o__Clostridiales|f__Clostridiaceae|g__Clostridium|s__Clostridium_sp_C5_48|t__SGB4752",0,0,NA,FALSE,FALSE,FALSE,NA,"HMP1-2 taxonomy vaginal"
"k__Bacteria|p__Firmicutes|c__CFGB42358|o__OFGB42358|f__FGB42358|g__GGB51510|s__GGB51510_SGB71883|t__SGB71883",0,0,NA,FALSE,FALSE,FALSE,NA,"HMP1-2 taxonomy vaginal"
"k__Bacteria|p__Firmicutes|c__Clostridia|o__Clostridiales|f__Lachnospiraceae|g__Blautia|s__Blautia_hansenii|t__SGB4794_group",0,0,NA,FALSE,FALSE,FALSE,NA,"HMP1-2 taxonomy vaginal"
"k__Bacteria|p__Firmicutes|c__Clostridia|o__Clostridiales|f__Lachnospiraceae|g__Blautia|s__Blautia_hansenii|t__SGB4798",0,0,NA,FALSE,FALSE,FALSE,NA,"HMP1-2 taxonomy vaginal"
"k__Bacteria|p__Firmicutes|c__Erysipelotrichia|o__Erysipelotrichales|f__Erysipelotrichaceae|g__Turicibacter|s__Turicibacter_sanguinis|t__SGB6846",0,0,NA,FALSE,FALSE,FALSE,NA,"HMP1-2 taxonomy vaginal"
"k__Bacteria|p__Firmicutes|c__Clostridia|o__Clostridiales|f__Lachnospiraceae|g__Lachnospiraceae_unclassified|s__Lachnospiraceae_bacterium|t__SGB4861",0,0,NA,FALSE,FALSE,FALSE,NA,"HMP1-2 taxonomy vaginal"
"k__Bacteria|p__Firmicutes|c__Erysipelotrichia|o__Erysipelotrichales|f__Erysipelotrichaceae|g__Amedibacterium|s__Amedibacterium_intestinale|t__SGB4042",0,0,NA,FALSE,FALSE,FALSE,NA,"HMP1-2 taxonomy vaginal"
"k__Bacteria|p__Actinobacteria|c__Actinobacteria|o__Micrococcales|f__Micrococcaceae|g__Rothia|s__Rothia_mucilaginosa|t__SGB16986",4,0.0171673819742489,0.00330679964834012,FALSE,TRUE,FALSE,NA,"HMP1-2 taxonomy vaginal"
"k__Bacteria|p__Actinobacteria|c__Actinobacteria|o__Bifidobacteriales|f__Bifidobacteriaceae|g__Gardnerella|s__Gardnerella_vaginalis|t__SGB21500",10,0.0429184549356223,0.0668673939676391,FALSE,TRUE,FALSE,NA,"HMP1-2 taxonomy vaginal"
"k__Bacteria|p__Firmicutes|c__Bacilli|o__Bacillales|f__Staphylococcaceae|g__Staphylococcus|s__Staphylococcus_saccharolyticus|t__SGB7864",0,0,NA,FALSE,FALSE,FALSE,NA,"HMP1-2 taxonomy vaginal"
"k__Bacteria|p__Firmicutes|c__Bacilli|o__Bacillales|f__Staphylococcaceae|g__Staphylococcus|s__Staphylococcus_hominis|t__SGB7858",2,0.00858369098712446,0.00021495003423001,FALSE,FALSE,FALSE,NA,"HMP1-2 taxonomy vaginal"
"k__Bacteria|p__Actinobacteria|c__Actinobacteria|o__Bifidobacteriales|f__Bifidobacteriaceae|g__Bifidobacterium|s__Bifidobacterium_scardovii|t__SGB17257",5,0.0214592274678112,0.277035042126253,FALSE,TRUE,FALSE,NA,"HMP1-2 taxonomy vaginal"
"k__Bacteria|p__Actinobacteria|c__Actinobacteria|o__Bifidobacteriales|f__Bifidobacteriaceae|g__Bifidobacterium|s__Bifidobacterium_dentium|t__SGB17234",3,0.0128755364806867,0.138205061762684,FALSE,TRUE,FALSE,NA,"HMP1-2 taxonomy vaginal"
"k__Bacteria|p__Firmicutes|c__Bacilli|o__Lactobacillales|f__Streptococcaceae|g__Streptococcus|s__Streptococcus_agalactiae|t__SGB8216",6,0.0257510729613734,0.0119668335620817,FALSE,TRUE,FALSE,NA,"HMP1-2 taxonomy vaginal"
"k__Bacteria|p__Firmicutes|c__Bacilli|o__Lactobacillales|f__Lactobacillaceae|g__Limosilactobacillus|s__Lactobacillus_panis|t__SGB7094",1,0.00429184549356223,0.0049767,FALSE,TRUE,FALSE,NA,"HMP1-2 taxonomy vaginal"
"k__Bacteria|p__Firmicutes|c__Bacilli|o__Lactobacillales|f__Lactobacillaceae|g__Limosilactobacillus|s__Limosilactobacillus_fermentum|t__SGB7106",2,0.00858369098712446,0.002226,FALSE,TRUE,FALSE,NA,"HMP1-2 taxonomy vaginal"
"k__Bacteria|p__Firmicutes|c__Bacilli|o__Lactobacillales|f__Lactobacillaceae|g__Lacticaseibacillus|s__Lacticaseibacillus_rhamnosus|t__SGB7144",1,0.00429184549356223,0.0003972,FALSE,FALSE,FALSE,NA,"HMP1-2 taxonomy vaginal"
"k__Bacteria|p__Firmicutes|c__Clostridia|o__Clostridia_unclassified|f__Clostridia_unclassified|g__Clostridia_unclassified|s__Clostridia_bacterium|t__SGB15411",0,0,NA,FALSE,FALSE,FALSE,NA,"HMP1-2 taxonomy vaginal"
"k__Bacteria|p__Firmicutes|c__Clostridia|o__Clostridiales|f__Ruminococcaceae|g__Bittarella|s__Bittarella_massiliensis|t__SGB7263",0,0,NA,FALSE,FALSE,FALSE,NA,"HMP1-2 taxonomy vaginal"
"k__Bacteria|p__Firmicutes|c__Clostridia|o__Clostridiales|f__Clostridiales_unclassified|g__Intestinimonas|s__Intestinimonas_timonensis|t__SGB29334",0,0,NA,FALSE,FALSE,FALSE,NA,"HMP1-2 taxonomy vaginal"
"k__Bacteria|p__Chloroflexi|c__Anaerolineae|o__Anaerolineales|f__Anaerolineaceae|g__Anaerolineaceae_unclassified|s__Anaerolineaceae_bacterium_oral_taxon_439|t__SGB17621",0,0,NA,FALSE,FALSE,FALSE,NA,"HMP1-2 taxonomy vaginal"
"k__Bacteria|p__Actinobacteria|c__Actinobacteria|o__Micrococcales|f__Microbacteriaceae|g__Microbacterium|s__Microbacterium_aurum|t__SGB16914",0,0,NA,FALSE,FALSE,FALSE,NA,"HMP1-2 taxonomy vaginal"
"k__Bacteria|p__Proteobacteria|c__CFGB2428|o__OFGB2428|f__FGB2428|g__GGB6646|s__GGB6646_SGB9384|t__SGB9384",2,0.00858369098712446,0.0015985003418501,FALSE,TRUE,FALSE,NA,"HMP1-2 taxonomy vaginal"
"k__Bacteria|p__Actinobacteria|c__Actinobacteria|o__Corynebacteriales|f__Corynebacteriaceae|g__Corynebacterium|s__Corynebacterium_macginleyi|t__SGB33689",0,0,NA,FALSE,FALSE,FALSE,NA,"HMP1-2 taxonomy vaginal"
"k__Bacteria|p__Firmicutes|c__Tissierellia|o__Tissierellales|f__Peptoniphilaceae|g__Finegoldia|s__Finegoldia_magna|t__SGB6686_group",4,0.0171673819742489,0.00128060003090501,FALSE,TRUE,FALSE,NA,"HMP1-2 taxonomy vaginal"
"k__Bacteria|p__Bacteroidetes|c__Bacteroidia|o__Bacteroidales|f__Bacteroidales_unclassified|g__Bacteroidales_unclassified|s__Bacteroidales_bacterium|t__SGB2092",0,0,NA,FALSE,FALSE,FALSE,NA,"HMP1-2 taxonomy vaginal"
"k__Bacteria|p__Firmicutes|c__Clostridia|o__Clostridia_unclassified|f__Clostridia_unclassified|g__Clostridia_unclassified|s__Clostridia_bacterium|t__SGB4141",0,0,NA,FALSE,FALSE,FALSE,NA,"HMP1-2 taxonomy vaginal"
"k__Bacteria|p__Firmicutes|c__Clostridia|o__Clostridia_unclassified|f__Clostridia_unclassified|g__Clostridia_unclassified|s__Clostridia_bacterium|t__SGB14199",0,0,NA,FALSE,FALSE,FALSE,NA,"HMP1-2 taxonomy vaginal"
"k__Bacteria|p__Firmicutes|c__Clostridia|o__Clostridiales|f__Clostridiaceae|g__Clostridium|s__Clostridium_sp_OM07_10AC|t__SGB4655",0,0,NA,FALSE,FALSE,FALSE,NA,"HMP1-2 taxonomy vaginal"
"k__Bacteria|p__Firmicutes|c__Clostridia|o__Clostridia_unclassified|f__Clostridia_unclassified|g__Clostridia_unclassified|s__Clostridia_bacterium|t__SGB4335",0,0,NA,FALSE,FALSE,FALSE,NA,"HMP1-2 taxonomy vaginal"
"k__Bacteria|p__Firmicutes|c__Bacilli|o__Lactobacillales|f__Streptococcaceae|g__Streptococcus|s__Streptococcus_gallolyticus|t__SGB8018",0,0,NA,FALSE,FALSE,FALSE,NA,"HMP1-2 taxonomy vaginal"
"k__Bacteria|p__Bacteroidetes|c__Bacteroidia|o__Bacteroidales|f__Bacteroidales_unclassified|g__Bacteroidales_unclassified|s__Bacteroidales_bacterium|t__SGB2090",0,0,NA,FALSE,FALSE,FALSE,NA,"HMP1-2 taxonomy vaginal"
"k__Bacteria|p__Firmicutes|c__Clostridia|o__Clostridiales|f__Lachnospiraceae|g__Lachnospiraceae_unclassified|s__Lachnospiraceae_bacterium|t__SGB53493",0,0,NA,FALSE,FALSE,FALSE,NA,"HMP1-2 taxonomy vaginal"
"k__Bacteria|p__Firmicutes|c__Clostridia|o__Clostridia_unclassified|f__Clostridia_unclassified|g__Clostridia_unclassified|s__Clostridia_bacterium|t__SGB14043",0,0,NA,FALSE,FALSE,FALSE,NA,"HMP1-2 taxonomy vaginal"
"k__Bacteria|p__Actinobacteria|c__Coriobacteriia|o__Eggerthellales|f__Eggerthellaceae|g__Eggerthellaceae_unclassified|s__Eggerthellaceae_bacterium|t__SGB14339",0,0,NA,FALSE,FALSE,FALSE,NA,"HMP1-2 taxonomy vaginal"
"k__Bacteria|p__Actinobacteria|c__Coriobacteriia|o__Coriobacteriia_unclassified|f__Coriobacteriia_unclassified|g__Coriobacteriia_unclassified|s__Coriobacteriia_bacterium|t__SGB14768",0,0,NA,FALSE,FALSE,FALSE,NA,"HMP1-2 taxonomy vaginal"
"k__Bacteria|p__Firmicutes|c__Clostridia|o__Clostridia_unclassified|f__Clostridia_unclassified|g__Candidatus_Heteroruminococcus|s__Candidatus_Heteroruminococcus_faecigallinarum|t__SGB63341",0,0,NA,FALSE,FALSE,FALSE,NA,"HMP1-2 taxonomy vaginal"
"k__Bacteria|p__Firmicutes|c__Clostridia|o__Clostridia_unclassified|f__Clostridia_unclassified|g__Candidatus_Pseudolachnospira|s__Candidatus_Pseudolachnospira_avium|t__SGB59819",0,0,NA,FALSE,FALSE,FALSE,NA,"HMP1-2 taxonomy vaginal"
"k__Bacteria|p__Firmicutes|c__Clostridia|o__Clostridiales|f__Ruminococcaceae|g__Flavonifractor|s__Flavonifractor_sp_An10|t__SGB15134",0,0,NA,FALSE,FALSE,FALSE,NA,"HMP1-2 taxonomy vaginal"
"k__Bacteria|p__Firmicutes|c__Clostridia|o__Clostridiales|f__Lachnospiraceae|g__Coprococcus|s__Coprococcus_eutactus|t__SGB5118",0,0,NA,FALSE,FALSE,FALSE,NA,"HMP1-2 taxonomy vaginal"
"k__Bacteria|p__Firmicutes|c__Clostridia|o__Clostridia_unclassified|f__Clostridia_unclassified|g__Clostridia_unclassified|s__Clostridia_unclassified_SGB13993|t__SGB13993",0,0,NA,FALSE,FALSE,FALSE,NA,"HMP1-2 taxonomy vaginal"
"k__Bacteria|p__Firmicutes|c__Bacilli|o__Bacilli_unclassified|f__Bacilli_unclassified|g__Bacilli_unclassified|s__Bacilli_bacterium|t__SGB6606",0,0,NA,FALSE,FALSE,FALSE,NA,"HMP1-2 taxonomy vaginal"
"k__Bacteria|p__Firmicutes|c__Clostridia|o__Clostridiales|f__Ruminococcaceae|g__Ruminococcaceae_unclassified|s__Ruminococcaceae_unclassified_SGB15309|t__SGB15309",0,0,NA,FALSE,FALSE,FALSE,NA,"HMP1-2 taxonomy vaginal"
"k__Bacteria|p__Firmicutes|c__Clostridia|o__Clostridia_unclassified|f__Clostridia_unclassified|g__Clostridia_unclassified|s__Clostridia_bacterium|t__SGB14939",0,0,NA,FALSE,FALSE,FALSE,NA,"HMP1-2 taxonomy vaginal"
"k__Bacteria|p__Bacteroidetes|c__Bacteroidia|o__Bacteroidales|f__Tannerellaceae|g__Parabacteroides|s__Parabacteroides_sp_TM07_1AC|t__SGB1939",0,0,NA,FALSE,FALSE,FALSE,NA,"HMP1-2 taxonomy vaginal"
"k__Bacteria|p__Firmicutes|c__Clostridia|o__Clostridiales|f__Clostridiaceae|g__Hungatella|s__Hungatella_hathewayi|t__SGB4739",0,0,NA,FALSE,FALSE,FALSE,NA,"HMP1-2 taxonomy vaginal"
"k__Bacteria|p__Firmicutes|c__Clostridia|o__Clostridiales|f__Ruminococcaceae|g__Pseudoflavonifractor|s__Pseudoflavonifractor_sp_AF19_9AC|t__SGB23477",0,0,NA,FALSE,FALSE,FALSE,NA,"HMP1-2 taxonomy vaginal"
"k__Bacteria|p__Firmicutes|c__CFGB9612|o__OFGB9612|f__FGB9612|g__GGB45540|s__GGB45540_SGB63220|t__SGB63220",0,0,NA,FALSE,FALSE,FALSE,NA,"HMP1-2 taxonomy vaginal"
"k__Bacteria|p__Firmicutes|c__Clostridia|o__Clostridia_unclassified|f__Clostridia_unclassified|g__Clostridia_unclassified|s__Clostridia_bacterium|t__SGB4343",0,0,NA,FALSE,FALSE,FALSE,NA,"HMP1-2 taxonomy vaginal"
"k__Bacteria|p__Firmicutes|c__CFGB1538|o__OFGB1538|f__FGB1538|g__GGB3892|s__GGB3892_SGB5290|t__SGB5290",0,0,NA,FALSE,FALSE,FALSE,NA,"HMP1-2 taxonomy vaginal"
"k__Bacteria|p__Bacteroidetes|c__Bacteroidia|o__Bacteroidales|f__Rikenellaceae|g__GGB27774|s__GGB27774_SGB40188|t__SGB40188",0,0,NA,FALSE,FALSE,FALSE,NA,"HMP1-2 taxonomy vaginal"
"k__Bacteria|p__Firmicutes|c__Clostridia|o__Clostridiales|f__Ruminococcaceae|g__Flavonifractor|s__Flavonifractor_sp_An100|t__SGB15160",0,0,NA,FALSE,FALSE,FALSE,NA,"HMP1-2 taxonomy vaginal"
"k__Bacteria|p__Firmicutes|c__Clostridia|o__Clostridia_unclassified|f__Clostridia_unclassified|g__Clostridia_unclassified|s__Clostridia_bacterium|t__SGB4437",0,0,NA,FALSE,FALSE,FALSE,NA,"HMP1-2 taxonomy vaginal"
"k__Bacteria|p__Synergistetes|c__Synergistia|o__Synergistales|f__Synergistaceae|g__Cloacibacillus|s__Cloacibacillus_evryensis|t__SGB15506",0,0,NA,FALSE,FALSE,FALSE,NA,"HMP1-2 taxonomy vaginal"
"k__Bacteria|p__Firmicutes|c__Clostridia|o__Clostridiales|f__Lachnospiraceae|g__Cuneatibacter|s__Cuneatibacter_caecimuris|t__SGB29380",0,0,NA,FALSE,FALSE,FALSE,NA,"HMP1-2 taxonomy vaginal"
"k__Bacteria|p__Firmicutes|c__Erysipelotrichia|o__Erysipelotrichales|f__Erysipelotrichaceae|g__Merdibacter|s__Merdibacter_massiliensis|t__SGB29307",0,0,NA,FALSE,FALSE,FALSE,NA,"HMP1-2 taxonomy vaginal"
"k__Bacteria|p__Firmicutes|c__Clostridia|o__Clostridia_unclassified|f__Clostridia_unclassified|g__Clostridia_unclassified|s__Clostridia_bacterium|t__SGB14857",1,0.00429184549356223,4.31e-05,FALSE,FALSE,FALSE,NA,"HMP1-2 taxonomy vaginal"
"k__Bacteria|p__Firmicutes|c__Clostridia|o__Clostridiales|f__Ruminococcaceae|g__GGB9739|s__GGB9739_SGB15313|t__SGB15313",0,0,NA,FALSE,FALSE,FALSE,NA,"HMP1-2 taxonomy vaginal"
"k__Bacteria|p__Firmicutes|c__Clostridia|o__Clostridiales|f__Clostridiaceae|g__GGB9568|s__GGB9568_SGB14980|t__SGB14980_group",0,0,NA,FALSE,FALSE,FALSE,NA,"HMP1-2 taxonomy vaginal"
"k__Bacteria|p__Firmicutes|c__Bacilli|o__Bacillales|f__Staphylococcaceae|g__Staphylococcus|s__Staphylococcus_lugdunensis|t__SGB7850",0,0,NA,FALSE,FALSE,FALSE,NA,"HMP1-2 taxonomy vaginal"
"k__Bacteria|p__Firmicutes|c__Tissierellia|o__Tissierellales|f__Peptoniphilaceae|g__Anaerococcus|s__Anaerococcus_provencensis|t__SGB29509",0,0,NA,FALSE,FALSE,FALSE,NA,"HMP1-2 taxonomy vaginal"
"k__Bacteria|p__Firmicutes|c__Erysipelotrichia|o__Erysipelotrichales|f__Erysipelotrichaceae|g__Longibaculum|s__Longibaculum_muris|t__SGB6769",0,0,NA,FALSE,FALSE,FALSE,NA,"HMP1-2 taxonomy vaginal"
"k__Bacteria|p__Firmicutes|c__Clostridia|o__Clostridiales|f__Clostridiaceae|g__Clostridium|s__Clostridium_sp_WCA_389_WT_23D1|t__SGB4756",0,0,NA,FALSE,FALSE,FALSE,NA,"HMP1-2 taxonomy vaginal"
"k__Bacteria|p__Actinobacteria|c__Actinobacteria|o__Bifidobacteriales|f__Bifidobacteriaceae|g__Bifidobacterium|s__Bifidobacterium_bifidum|t__SGB17256",1,0.00429184549356223,0.0008009,FALSE,FALSE,FALSE,NA,"HMP1-2 taxonomy vaginal"
"k__Bacteria|p__Actinobacteria|c__Actinobacteria|o__Bifidobacteriales|f__Bifidobacteriaceae|g__Bifidobacterium|s__Bifidobacterium_breve|t__SGB17247",10,0.0429184549356223,0.187277643326718,FALSE,TRUE,FALSE,NA,"HMP1-2 taxonomy vaginal"
"k__Bacteria|p__Firmicutes|c__CFGB4549|o__OFGB4549|f__FGB4549|g__GGB55957|s__GGB55957_SGB77276|t__SGB77276",1,0.00429184549356223,1.61000048300014e-05,FALSE,FALSE,FALSE,NA,"HMP1-2 taxonomy vaginal"
"k__Bacteria|p__Firmicutes|c__Clostridia|o__Clostridiales|f__Lachnospiraceae|g__Roseburia|s__Roseburia_sp_AM23_20|t__SGB4950",0,0,NA,FALSE,FALSE,FALSE,NA,"HMP1-2 taxonomy vaginal"
"k__Bacteria|p__Bacteroidetes|c__Bacteroidia|o__Bacteroidales|f__Prevotellaceae|g__Prevotella|s__Prevotella_aurantiaca|t__SGB1563",1,0.00429184549356223,0.0231826,FALSE,TRUE,FALSE,NA,"HMP1-2 taxonomy vaginal"
"k__Bacteria|p__Actinobacteria|c__Actinobacteria|o__Bifidobacteriales|f__Bifidobacteriaceae|g__Scardovia|s__Scardovia_wiggsiae|t__SGB15494",0,0,NA,FALSE,FALSE,FALSE,NA,"HMP1-2 taxonomy vaginal"
"k__Bacteria|p__Candidatus_Saccharibacteria|c__Candidatus_Nanoperiomorbia|o__Candidatus_Nanoperiomorbales|f__Candidatus_Nanoperiomorbaceae|g__Candidatus_Nanoperiomorbus|s__Candidatus_Nanoperiomorbus_periodonticus|t__SGB19800",0,0,NA,FALSE,FALSE,FALSE,NA,"HMP1-2 taxonomy vaginal"
"k__Bacteria|p__Bacteroidetes|c__CFGB494|o__OFGB494|f__FGB494|g__GGB1022|s__GGB1022_SGB1316|t__SGB1316",0,0,NA,FALSE,FALSE,FALSE,NA,"HMP1-2 taxonomy vaginal"
"k__Bacteria|p__Actinobacteria|c__Actinobacteria|o__Actinomycetales|f__Actinomycetaceae|g__Schaalia|s__Schaalia_odontolytica|t__SGB23982",0,0,NA,FALSE,FALSE,FALSE,NA,"HMP1-2 taxonomy vaginal"
"k__Bacteria|p__Synergistetes|c__Synergistia|o__Synergistales|f__Synergistaceae|g__Fretibacterium|s__Fretibacterium_fastidiosum|t__SGB17525",0,0,NA,FALSE,FALSE,FALSE,NA,"HMP1-2 taxonomy vaginal"
"k__Bacteria|p__Cyanobacteria|c__Cyanobacteria_unclassified|o__Synechococcales|f__Leptolyngbyaceae|g__GGB49499|s__GGB49499_SGB69440|t__SGB69440",0,0,NA,FALSE,FALSE,FALSE,NA,"HMP1-2 taxonomy vaginal"
"k__Bacteria|p__Spirochaetes|c__Spirochaetia|o__Spirochaetales|f__Spirochaetaceae|g__Treponema|s__Treponema_medium|t__SGB3606",0,0,NA,FALSE,FALSE,FALSE,NA,"HMP1-2 taxonomy vaginal"
"k__Bacteria|p__Bacteroidetes|c__Flavobacteriia|o__Flavobacteriales|f__Flavobacteriaceae|g__Capnocytophaga|s__Capnocytophaga_sp_oral_taxon_878|t__SGB21909",0,0,NA,FALSE,FALSE,FALSE,NA,"HMP1-2 taxonomy vaginal"
"k__Bacteria|p__Spirochaetes|c__Spirochaetia|o__Spirochaetales|f__Spirochaetaceae|g__Treponema|s__Treponema_SGB3604|t__SGB3604",0,0,NA,FALSE,FALSE,FALSE,NA,"HMP1-2 taxonomy vaginal"
"k__Bacteria|p__Firmicutes|c__Clostridia|o__Clostridiales|f__Lachnospiraceae|g__GGB3424|s__GGB3424_SGB4551|t__SGB4551",0,0,NA,FALSE,FALSE,FALSE,NA,"HMP1-2 taxonomy vaginal"
"k__Bacteria|p__Firmicutes|c__Negativicutes|o__Selenomonadales|f__Selenomonadales_unclassified|g__Selenomonadales_unclassified|s__Selenomonadales_bacterium|t__SGB6961",0,0,NA,FALSE,FALSE,FALSE,NA,"HMP1-2 taxonomy vaginal"
"k__Bacteria|p__Firmicutes|c__Clostridia|o__Clostridiales|f__Lachnospiraceae|g__Blautia|s__Blautia_argi|t__SGB4797",0,0,NA,FALSE,FALSE,FALSE,NA,"HMP1-2 taxonomy vaginal"
"k__Bacteria|p__Proteobacteria|c__Betaproteobacteria|o__Neisseriales|f__Neisseriaceae|g__Neisseria|s__Neisseria_sp_KEM232|t__SGB9427",0,0,NA,FALSE,FALSE,FALSE,NA,"HMP1-2 taxonomy vaginal"
"k__Eukaryota|p__Basidiomycota|c__Malasseziomycetes|o__Malasseziales|f__Malasseziaceae|g__Malassezia|s__Malassezia_globosa|t__EUK76773",0,0,NA,FALSE,FALSE,FALSE,NA,"HMP1-2 taxonomy vaginal"
"k__Bacteria|p__Actinobacteria|c__Actinobacteria|o__Propionibacteriales|f__Propionibacteriaceae|g__Cutibacterium|s__Propionibacterium_humerusii|t__SGB16954",0,0,NA,FALSE,FALSE,FALSE,NA,"HMP1-2 taxonomy vaginal"
"k__Bacteria|p__Actinobacteria|c__Actinobacteria|o__Propionibacteriales|f__Propionibacteriaceae|g__Cutibacterium|s__Cutibacterium_sp_WCA_380_WT_3A|t__SGB87725",0,0,NA,FALSE,FALSE,FALSE,NA,"HMP1-2 taxonomy vaginal"
"k__Bacteria|p__Actinobacteria|c__Actinobacteria|o__Micrococcales|f__Micrococcaceae|g__Micrococcus|s__Micrococcus_luteus|t__SGB16676",1,0.00429184549356223,6.30000126000025e-06,FALSE,FALSE,FALSE,NA,"HMP1-2 taxonomy vaginal"
"k__Bacteria|p__Proteobacteria|c__Gammaproteobacteria|o__Pseudomonadales|f__Moraxellaceae|g__Moraxella|s__Moraxella_osloensis|t__SGB10439",3,0.0128755364806867,0.000114933323866668,FALSE,FALSE,FALSE,NA,"HMP1-2 taxonomy vaginal"
"k__Bacteria|p__Actinobacteria|c__Actinobacteria|o__Micrococcales|f__Dermabacteraceae|g__Brachybacterium|s__Brachybacterium_paraconglomeratum|t__SGB16648",0,0,NA,FALSE,FALSE,FALSE,NA,"HMP1-2 taxonomy vaginal"
"k__Bacteria|p__Proteobacteria|c__Gammaproteobacteria|o__Pseudomonadales|f__Moraxellaceae|g__Acinetobacter|s__Acinetobacter_radioresistens|t__SGB10375",2,0.00858369098712446,9.44999957500004e-06,FALSE,FALSE,FALSE,NA,"HMP1-2 taxonomy vaginal"
"k__Bacteria|p__Actinobacteria|c__Actinobacteria|o__Micrococcales|f__Micrococcaceae|g__Kocuria|s__Kocuria_palustris|t__SGB16663",0,0,NA,FALSE,FALSE,FALSE,NA,"HMP1-2 taxonomy vaginal"
"k__Bacteria|p__Firmicutes|c__Clostridia|o__Clostridia_unclassified|f__Clostridia_unclassified|g__Clostridia_unclassified|s__Clostridia_bacterium|t__SGB6290",0,0,NA,FALSE,FALSE,FALSE,NA,"HMP1-2 taxonomy vaginal"
"k__Bacteria|p__Firmicutes|c__Clostridia|o__Clostridia_unclassified|f__Clostridia_unclassified|g__Clostridia_unclassified|s__Clostridia_bacterium|t__SGB6350",0,0,NA,FALSE,FALSE,FALSE,NA,"HMP1-2 taxonomy vaginal"
"k__Bacteria|p__Firmicutes|c__Bacilli|o__Bacilli_unclassified|f__Bacilli_unclassified|g__GGB4676|s__GGB4676_SGB6465|t__SGB6465",0,0,NA,FALSE,FALSE,FALSE,NA,"HMP1-2 taxonomy vaginal"
"k__Bacteria|p__Firmicutes|c__Clostridia|o__Clostridia_unclassified|f__Clostridia_unclassified|g__GGB4549|s__GGB4549_SGB6271|t__SGB6271",0,0,NA,FALSE,FALSE,FALSE,NA,"HMP1-2 taxonomy vaginal"
"k__Bacteria|p__Firmicutes|c__Clostridia|o__Clostridia_unclassified|f__Clostridia_unclassified|g__Clostridia_unclassified|s__Clostridia_bacterium|t__SGB54297",0,0,NA,FALSE,FALSE,FALSE,NA,"HMP1-2 taxonomy vaginal"
"k__Archaea|p__Candidatus_Thermoplasmatota|c__Thermoplasmata|o__Methanomassiliicoccales|f__Methanomassiliicoccaceae|g__Methanomassiliicoccus|s__Candidatus_Methanomassiliicoccus_intestinalis|t__SGB363",0,0,NA,FALSE,FALSE,FALSE,NA,"HMP1-2 taxonomy vaginal"
"k__Bacteria|p__Bacteroidetes|c__Bacteroidia|o__Bacteroidales|f__Bacteroidales_unclassified|g__GGB1551|s__GGB1551_SGB2136|t__SGB2136",0,0,NA,FALSE,FALSE,FALSE,NA,"HMP1-2 taxonomy vaginal"
"k__Bacteria|p__Firmicutes|c__Clostridia|o__Clostridia_unclassified|f__Clostridia_unclassified|g__GGB4602|s__GGB4602_SGB6365|t__SGB6365",0,0,NA,FALSE,FALSE,FALSE,NA,"HMP1-2 taxonomy vaginal"
"k__Bacteria|p__Firmicutes|c__Bacilli|o__Bacilli_unclassified|f__Bacilli_unclassified|g__GGB4698|s__GGB4698_SGB6498|t__SGB6498",0,0,NA,FALSE,FALSE,FALSE,NA,"HMP1-2 taxonomy vaginal"
"k__Bacteria|p__Firmicutes|c__Clostridia|o__Clostridia_unclassified|f__Clostridia_unclassified|g__Clostridia_unclassified|s__Clostridia_bacterium|t__SGB6343",0,0,NA,FALSE,FALSE,FALSE,NA,"HMP1-2 taxonomy vaginal"
"k__Bacteria|p__Firmicutes|c__Clostridia|o__Clostridia_unclassified|f__Clostridia_unclassified|g__GGB4598|s__GGB4598_SGB6360|t__SGB6360",0,0,NA,FALSE,FALSE,FALSE,NA,"HMP1-2 taxonomy vaginal"
"k__Bacteria|p__Firmicutes|c__CFGB1424|o__OFGB1424|f__FGB1424|g__GGB3490|s__GGB3490_SGB4664|t__SGB4664",0,0,NA,FALSE,FALSE,FALSE,NA,"HMP1-2 taxonomy vaginal"
"k__Bacteria|p__Firmicutes|c__Clostridia|o__Clostridia_unclassified|f__Clostridia_unclassified|g__Clostridia_unclassified|s__Clostridia_bacterium|t__SGB4142",0,0,NA,FALSE,FALSE,FALSE,NA,"HMP1-2 taxonomy vaginal"
"k__Bacteria|p__Firmicutes|c__Clostridia|o__Clostridia_unclassified|f__Clostridia_unclassified|g__Clostridia_unclassified|s__Clostridia_bacterium|t__SGB4158",0,0,NA,FALSE,FALSE,FALSE,NA,"HMP1-2 taxonomy vaginal"
"k__Bacteria|p__Firmicutes|c__Clostridia|o__Clostridia_unclassified|f__Clostridia_unclassified|g__Clostridia_unclassified|s__Clostridia_bacterium|t__SGB14165",0,0,NA,FALSE,FALSE,FALSE,NA,"HMP1-2 taxonomy vaginal"
"k__Bacteria|p__Firmicutes|c__Clostridia|o__Clostridiales|f__Ruminococcaceae|g__Ruminococcus|s__Ruminococcus_SGB4421|t__SGB4421",0,0,NA,FALSE,FALSE,FALSE,NA,"HMP1-2 taxonomy vaginal"
"k__Bacteria|p__Firmicutes|c__Firmicutes_unclassified|o__Firmicutes_unclassified|f__Firmicutes_unclassified|g__Firmicutes_unclassified|s__Firmicutes_bacterium|t__SGB4062",0,0,NA,FALSE,FALSE,FALSE,NA,"HMP1-2 taxonomy vaginal"
"k__Bacteria|p__Firmicutes|c__Clostridia|o__Clostridiales|f__Ruminococcaceae|g__GGB3185|s__GGB3185_SGB4208|t__SGB4208",0,0,NA,FALSE,FALSE,FALSE,NA,"HMP1-2 taxonomy vaginal"
"k__Bacteria|p__Firmicutes|c__Bacilli|o__Bacilli_unclassified|f__Bacilli_unclassified|g__Bacilli_unclassified|s__Bacilli_bacterium|t__SGB6472",0,0,NA,FALSE,FALSE,FALSE,NA,"HMP1-2 taxonomy vaginal"
"k__Bacteria|p__Firmicutes|c__Clostridia|o__Clostridiales|f__Ruminococcaceae|g__Faecalibacterium|s__Faecalibacterium_prausnitzii|t__SGB15323",0,0,NA,FALSE,FALSE,FALSE,NA,"HMP1-2 taxonomy vaginal"
"k__Bacteria|p__Firmicutes|c__Clostridia|o__Clostridia_unclassified|f__Clostridia_unclassified|g__Clostridia_unclassified|s__Clostridia_bacterium|t__SGB14190",0,0,NA,FALSE,FALSE,FALSE,NA,"HMP1-2 taxonomy vaginal"
"k__Bacteria|p__Firmicutes|c__Clostridia|o__Clostridiales|f__Ruminococcaceae|g__GGB9640|s__GGB9640_SGB15115|t__SGB15115",0,0,NA,FALSE,FALSE,FALSE,NA,"HMP1-2 taxonomy vaginal"
"k__Bacteria|p__Firmicutes|c__Clostridia|o__Clostridiales|f__Clostridiaceae|g__Clostridium|s__Clostridium_sp_AF27_2AA|t__SGB4712",0,0,NA,FALSE,FALSE,FALSE,NA,"HMP1-2 taxonomy vaginal"
"k__Bacteria|p__Firmicutes|c__Clostridia|o__Clostridia_unclassified|f__Clostridia_unclassified|g__Clostridia_unclassified|s__Clostridia_unclassified_SGB6369|t__SGB6369",0,0,NA,FALSE,FALSE,FALSE,NA,"HMP1-2 taxonomy vaginal"
"k__Bacteria|p__Firmicutes|c__CFGB4621|o__OFGB4621|f__FGB4621|g__GGB13431|s__GGB13431_SGB20700|t__SGB20700",0,0,NA,FALSE,FALSE,FALSE,NA,"HMP1-2 taxonomy vaginal"
"k__Bacteria|p__Firmicutes|c__Clostridia|o__Clostridiales|f__Lachnospiraceae|g__GGB3640|s__GGB3640_SGB4937|t__SGB4937",0,0,NA,FALSE,FALSE,FALSE,NA,"HMP1-2 taxonomy vaginal"
"k__Bacteria|p__Firmicutes|c__Clostridia|o__Clostridia_unclassified|f__Clostridia_unclassified|g__Clostridia_unclassified|s__Clostridia_bacterium|t__SGB15383",0,0,NA,FALSE,FALSE,FALSE,NA,"HMP1-2 taxonomy vaginal"
"k__Bacteria|p__Firmicutes|c__Clostridia|o__Clostridia_unclassified|f__Clostridia_unclassified|g__Clostridia_unclassified|s__Clostridia_bacterium|t__SGB4341",0,0,NA,FALSE,FALSE,FALSE,NA,"HMP1-2 taxonomy vaginal"
"k__Bacteria|p__Firmicutes|c__Negativicutes|o__Veillonellales|f__Veillonellaceae|g__Allisonella|s__Allisonella_histaminiformans|t__SGB5843",0,0,NA,FALSE,FALSE,FALSE,NA,"HMP1-2 taxonomy vaginal"
"k__Bacteria|p__Firmicutes|c__Clostridia|o__Clostridiales|f__Ruminococcaceae|g__Ruminococcaceae_unclassified|s__Ruminococcaceae_bacterium|t__SGB4301",0,0,NA,FALSE,FALSE,FALSE,NA,"HMP1-2 taxonomy vaginal"
"k__Bacteria|p__Firmicutes|c__Clostridia|o__Clostridiales|f__Ruminococcaceae|g__Ruminococcaceae_unclassified|s__Ruminococcaceae_bacterium|t__SGB4174",0,0,NA,FALSE,FALSE,FALSE,NA,"HMP1-2 taxonomy vaginal"
"k__Bacteria|p__Firmicutes|c__Clostridia|o__Clostridia_unclassified|f__Clostridia_unclassified|g__GGB9332|s__GGB9332_SGB14295|t__SGB14295",0,0,NA,FALSE,FALSE,FALSE,NA,"HMP1-2 taxonomy vaginal"
"k__Bacteria|p__Firmicutes|c__Clostridia|o__Clostridia_unclassified|f__Clostridia_unclassified|g__Clostridia_unclassified|s__Clostridia_bacterium|t__SGB14218",0,0,NA,FALSE,FALSE,FALSE,NA,"HMP1-2 taxonomy vaginal"
"k__Bacteria|p__Firmicutes|c__Clostridia|o__Clostridia_unclassified|f__Clostridia_unclassified|g__Clostridia_unclassified|s__Clostridia_bacterium|t__SGB15388",0,0,NA,FALSE,FALSE,FALSE,NA,"HMP1-2 taxonomy vaginal"
"k__Bacteria|p__Firmicutes|c__Clostridia|o__Clostridia_unclassified|f__Clostridia_unclassified|g__Clostridia_unclassified|s__Clostridia_bacterium|t__SGB53490",0,0,NA,FALSE,FALSE,FALSE,NA,"HMP1-2 taxonomy vaginal"
"k__Bacteria|p__Firmicutes|c__Firmicutes_unclassified|o__Firmicutes_unclassified|f__Firmicutes_unclassified|g__Firmicutes_unclassified|s__Firmicutes_bacterium|t__SGB49163",0,0,NA,FALSE,FALSE,FALSE,NA,"HMP1-2 taxonomy vaginal"
"k__Bacteria|p__Firmicutes|c__Bacilli|o__Lactobacillales|f__Lactobacillaceae|g__Lactobacillus|s__Lactobacillus_acidophilus|t__SGB7044",0,0,NA,FALSE,FALSE,FALSE,NA,"HMP1-2 taxonomy vaginal"
"k__Bacteria|p__Firmicutes|c__CFGB11481|o__OFGB11481|f__FGB11481|g__GGB33665|s__GGB33665_SGB47358|t__SGB47358",0,0,NA,FALSE,FALSE,FALSE,NA,"HMP1-2 taxonomy vaginal"
"k__Bacteria|p__Firmicutes|c__Clostridia|o__Clostridia_unclassified|f__Clostridia_unclassified|g__Clostridia_unclassified|s__Clostridia_unclassified_SGB14024|t__SGB14024",0,0,NA,FALSE,FALSE,FALSE,NA,"HMP1-2 taxonomy vaginal"
"k__Bacteria|p__Firmicutes|c__Clostridia|o__Clostridia_unclassified|f__Clostridia_unclassified|g__GGB9101|s__GGB9101_SGB14033|t__SGB14033",0,0,NA,FALSE,FALSE,FALSE,NA,"HMP1-2 taxonomy vaginal"
"k__Bacteria|p__Firmicutes|c__Clostridia|o__Clostridia_unclassified|f__Clostridia_unclassified|g__GGB2977|s__GGB2977_SGB3959|t__SGB3959",0,0,NA,FALSE,FALSE,FALSE,NA,"HMP1-2 taxonomy vaginal"
"k__Bacteria|p__Firmicutes|c__Clostridia|o__Clostridiales|f__Ruminococcaceae|g__Ruminococcus|s__Ruminococcus_sp_AF41_9|t__SGB25497",0,0,NA,FALSE,FALSE,FALSE,NA,"HMP1-2 taxonomy vaginal"
"k__Bacteria|p__Bacteroidetes|c__Bacteroidia|o__Bacteroidales|f__Bacteroidaceae|g__Bacteroides|s__Bacteroides_sp_GM023|t__SGB69998",0,0,NA,FALSE,FALSE,FALSE,NA,"HMP1-2 taxonomy vaginal"
"k__Bacteria|p__Fusobacteria|c__Fusobacteriia|o__Fusobacteriales|f__Fusobacteriaceae|g__Fusobacterium|s__Fusobacterium_massiliense|t__SGB5987",0,0,NA,FALSE,FALSE,FALSE,NA,"HMP1-2 taxonomy vaginal"
"k__Bacteria|p__Firmicutes|c__Negativicutes|o__Veillonellales|f__Veillonellaceae|g__Veillonella|s__Veillonella_sp_CHU110|t__SGB30370",0,0,NA,FALSE,FALSE,FALSE,NA,"HMP1-2 taxonomy vaginal"
"k__Eukaryota|p__Ascomycota|c__Saccharomycetes|o__Saccharomycetales|f__Debaryomycetaceae|g__Candida|s__Candida_tropicalis|t__EUK5482",0,0,NA,FALSE,FALSE,FALSE,NA,"HMP1-2 taxonomy vaginal"
"k__Bacteria|p__Bacteroidetes|c__Bacteroidia|o__Bacteroidales|f__Prevotellaceae|g__Prevotella|s__Prevotella_copri_clade_B|t__SGB1613",0,0,NA,FALSE,FALSE,FALSE,NA,"HMP1-2 taxonomy vaginal"
"k__Bacteria|p__Firmicutes|c__Negativicutes|o__Veillonellales|f__Veillonellaceae|g__Dialister|s__Dialister_hominis|t__SGB5803",0,0,NA,FALSE,FALSE,FALSE,NA,"HMP1-2 taxonomy vaginal"
"k__Bacteria|p__Firmicutes|c__Clostridia|o__Clostridia_unclassified|f__Clostridia_unclassified|g__Clostridia_unclassified|s__Clostridia_bacterium|t__SGB4339",0,0,NA,FALSE,FALSE,FALSE,NA,"HMP1-2 taxonomy vaginal"
"k__Bacteria|p__Firmicutes|c__Bacilli|o__Bacilli_unclassified|f__Bacilli_unclassified|g__Bacilli_unclassified|s__Bacilli_unclassified_SGB6422|t__SGB6422",0,0,NA,FALSE,FALSE,FALSE,NA,"HMP1-2 taxonomy vaginal"
"k__Bacteria|p__Firmicutes|c__Bacilli|o__Lactobacillales|f__Enterococcaceae|g__Enterococcus|s__Enterococcus_faecium|t__SGB7967",0,0,NA,FALSE,FALSE,FALSE,NA,"HMP1-2 taxonomy vaginal"
"k__Bacteria|p__Lentisphaerae|c__Lentisphaeria|o__Victivallales|f__Victivallaceae|g__Victivallis|s__Victivallis_vadensis|t__SGB9202",0,0,NA,FALSE,FALSE,FALSE,NA,"HMP1-2 taxonomy vaginal"
"k__Bacteria|p__Actinobacteria|c__Coriobacteriia|o__Eggerthellales|f__Eggerthellaceae|g__Slackia|s__Slackia_isoflavoniconvertens|t__SGB14773_group",0,0,NA,FALSE,FALSE,FALSE,NA,"HMP1-2 taxonomy vaginal"
"k__Bacteria|p__Firmicutes|c__CFGB3048|o__OFGB3048|f__FGB3048|g__GGB9561|s__GGB9561_SGB14972|t__SGB14972",0,0,NA,FALSE,FALSE,FALSE,NA,"HMP1-2 taxonomy vaginal"
"k__Bacteria|p__Firmicutes|c__CFGB1394|o__OFGB1394|f__FGB1394|g__GGB3386|s__GGB3386_SGB4474|t__SGB4474",0,0,NA,FALSE,FALSE,FALSE,NA,"HMP1-2 taxonomy vaginal"
"k__Bacteria|p__Spirochaetes|c__Spirochaetia|o__Spirochaetales|f__Spirochaetaceae|g__Treponema|s__Treponema_sp_Marseille_Q3903|t__SGB3552",0,0,NA,FALSE,FALSE,FALSE,NA,"HMP1-2 taxonomy vaginal"
"k__Bacteria|p__Bacteroidetes|c__CFGB47554|o__OFGB47554|f__FGB47554|g__GGB49229|s__GGB49229_SGB69060|t__SGB69060",0,0,NA,FALSE,FALSE,FALSE,NA,"HMP1-2 taxonomy vaginal"
"k__Bacteria|p__Tenericutes|c__Mollicutes|o__Mycoplasmatales|f__Mycoplasmataceae|g__GGB4333|s__GGB4333_SGB5935|t__SGB5935",0,0,NA,FALSE,FALSE,FALSE,NA,"HMP1-2 taxonomy vaginal"
"k__Bacteria|p__Bacteroidetes|c__Flavobacteriia|o__Flavobacteriales|f__Flavobacteriaceae|g__GGB1838|s__GGB1838_SGB2488|t__SGB2488",0,0,NA,FALSE,FALSE,FALSE,NA,"HMP1-2 taxonomy vaginal"
"k__Bacteria|p__Firmicutes|c__Clostridia|o__Clostridiales|f__Clostridiales_Family_XIII_Incertae_Sedis|g__Clostridiales_Family_XIII_Incertae_Sedis_unclassified|s__Eubacterium_saphenum|t__SGB3945",0,0,NA,FALSE,FALSE,FALSE,NA,"HMP1-2 taxonomy vaginal"
"k__Bacteria|p__Bacteroidetes|c__Bacteroidia|o__Bacteroidales|f__Bacteroidales_unclassified|g__Phocaeicola|s__Phocaeicola_abscessus|t__SGB2052",0,0,NA,FALSE,FALSE,FALSE,NA,"HMP1-2 taxonomy vaginal"
"k__Bacteria|p__Bacteroidetes|c__Bacteroidia|o__Bacteroidales|f__Prevotellaceae|g__Prevotella|s__Prevotella_koreensis|t__SGB1580",0,0,NA,FALSE,FALSE,FALSE,NA,"HMP1-2 taxonomy vaginal"
"k__Bacteria|p__Proteobacteria|c__Deltaproteobacteria|o__Desulfovibrionales|f__Desulfovibrionaceae|g__Desulfovibrio|s__Desulfovibrio_sp_Dsv1|t__SGB57328",0,0,NA,FALSE,FALSE,FALSE,NA,"HMP1-2 taxonomy vaginal"
"k__Bacteria|p__Bacteroidetes|c__Bacteroidia|o__Bacteroidales|f__Prevotellaceae|g__Prevotella|s__Prevotella_dentalis|t__SGB1532",0,0,NA,FALSE,FALSE,FALSE,NA,"HMP1-2 taxonomy vaginal"
"k__Bacteria|p__Bacteroidetes|c__Flavobacteriia|o__Flavobacteriales|f__Flavobacteriaceae|g__Capnocytophaga|s__Capnocytophaga_haemolytica|t__SGB2487",0,0,NA,FALSE,FALSE,FALSE,NA,"HMP1-2 taxonomy vaginal"
"k__Bacteria|p__Firmicutes|c__Clostridia|o__Clostridiales|f__Lachnospiraceae|g__Lachnospiraceae_unclassified|s__Lachnospiraceae_bacterium_oral_taxon_500|t__SGB24947",0,0,NA,FALSE,FALSE,FALSE,NA,"HMP1-2 taxonomy vaginal"
"k__Bacteria|p__Bacteroidetes|c__Bacteroidia|o__Bacteroidales|f__Prevotellaceae|g__Prevotella|s__Prevotella_intermedia|t__SGB1560",0,0,NA,FALSE,FALSE,FALSE,NA,"HMP1-2 taxonomy vaginal"
"k__Bacteria|p__Bacteroidetes|c__Bacteroidia|o__Bacteroidales|f__Prevotellaceae|g__Prevotella|s__Prevotella_sp_oral_taxon_820|t__SGB21553",0,0,NA,FALSE,FALSE,FALSE,NA,"HMP1-2 taxonomy vaginal"
"k__Bacteria|p__Firmicutes|c__Clostridia|o__Clostridiales|f__Eubacteriaceae|g__Pseudoramibacter|s__Pseudoramibacter_alactolyticus|t__SGB4082",0,0,NA,FALSE,FALSE,FALSE,NA,"HMP1-2 taxonomy vaginal"
"k__Bacteria|p__Spirochaetes|c__Spirochaetia|o__Spirochaetales|f__Spirochaetaceae|g__Treponema|s__Treponema_putidum|t__SGB3616",0,0,NA,FALSE,FALSE,FALSE,NA,"HMP1-2 taxonomy vaginal"
"k__Bacteria|p__Candidatus_Saccharibacteria|c__Candidatus_Saccharibacteria_unclassified|o__Candidatus_Saccharibacteria_unclassified|f__Candidatus_Saccharibacteria_unclassified|g__Candidatus_Saccharibacteria_unclassified|s__TM7_phylum_sp_oral_taxon_350|t__SGB19820",0,0,NA,FALSE,FALSE,FALSE,NA,"HMP1-2 taxonomy vaginal"
"k__Bacteria|p__Actinobacteria|c__Actinobacteria|o__Bifidobacteriales|f__Bifidobacteriaceae|g__Gardnerella|s__Gardnerella_vaginalis|t__SGB17309",10,0.0429184549356223,0.209462750045116,FALSE,TRUE,FALSE,NA,"HMP1-2 taxonomy vaginal"
"k__Bacteria|p__Bacteroidetes|c__Bacteroidia|o__Bacteroidales|f__Prevotellaceae|g__Prevotella|s__Prevotella_amnii|t__SGB1558",12,0.0515021459227468,0.0596134231497911,FALSE,TRUE,FALSE,NA,"HMP1-2 taxonomy vaginal"
"k__Bacteria|p__Firmicutes|c__Clostridia|o__Clostridiales|f__Hungateiclostridiaceae|g__GGB3012|s__GGB3012_SGB4003|t__SGB4003",9,0.0386266094420601,0.0568198610503783,FALSE,TRUE,FALSE,NA,"HMP1-2 taxonomy vaginal"
"k__Bacteria|p__Firmicutes|c__Negativicutes|o__Veillonellales|f__Veillonellaceae|g__Megasphaera|s__Megasphaera_genomosp_type_1|t__SGB5867",15,0.0643776824034335,0.0782857667302323,FALSE,TRUE,FALSE,NA,"HMP1-2 taxonomy vaginal"
"k__Bacteria|p__Actinobacteria|c__Actinobacteria|o__Bifidobacteriales|f__Bifidobacteriaceae|g__Gardnerella|s__Gardnerella_vaginalis|t__SGB17301",9,0.0386266094420601,0.0350747565734927,FALSE,TRUE,FALSE,NA,"HMP1-2 taxonomy vaginal"
"k__Bacteria|p__Proteobacteria|c__Gammaproteobacteria|o__Pseudomonadales|f__Moraxellaceae|g__Moraxella|s__Moraxella_lincolnii|t__SGB10432",0,0,NA,FALSE,FALSE,FALSE,NA,"HMP1-2 taxonomy vaginal"
"k__Bacteria|p__Proteobacteria|c__Gammaproteobacteria|o__Pseudomonadales|f__Pseudomonadaceae|g__Pseudomonas|s__Pseudomonas_extremaustralis|t__SGB12135",0,0,NA,FALSE,FALSE,FALSE,NA,"HMP1-2 taxonomy vaginal"
"k__Bacteria|p__Bacteroidetes|c__Bacteroidia|o__Bacteroidales|f__Prevotellaceae|g__GGB1266|s__GGB1266_SGB1699|t__SGB1699",2,0.00858369098712446,0.00099665009966501,FALSE,FALSE,FALSE,NA,"HMP1-2 taxonomy vaginal"
"k__Bacteria|p__Firmicutes|c__Clostridia|o__Clostridiales|f__Lachnospiraceae|g__Lachnospiraceae_unclassified|s__Lachnospiraceae_bacterium|t__SGB4672",0,0,NA,FALSE,FALSE,FALSE,NA,"HMP1-2 taxonomy vaginal"
"k__Bacteria|p__Firmicutes|c__CFGB1281|o__OFGB1281|f__FGB1281|g__GGB3095|s__GGB3095_SGB4103|t__SGB4103",0,0,NA,FALSE,FALSE,FALSE,NA,"HMP1-2 taxonomy vaginal"
"k__Bacteria|p__Firmicutes|c__Clostridia|o__Clostridia_unclassified|f__Clostridia_unclassified|g__Clostridia_unclassified|s__Clostridia_bacterium|t__SGB5183",0,0,NA,FALSE,FALSE,FALSE,NA,"HMP1-2 taxonomy vaginal"
"k__Bacteria|p__Actinobacteria|c__Coriobacteriia|o__Eggerthellales|f__Eggerthellaceae|g__Enteroscipio|s__Enteroscipio_rubneri|t__SGB14803",0,0,NA,FALSE,FALSE,FALSE,NA,"HMP1-2 taxonomy vaginal"
"k__Bacteria|p__Firmicutes|c__Erysipelotrichia|o__Erysipelotrichales|f__Erysipelotrichaceae|g__Erysipelotrichaceae_unclassified|s__Erysipelotrichaceae_bacterium_3_1_53|t__SGB4036",0,0,NA,FALSE,FALSE,FALSE,NA,"HMP1-2 taxonomy vaginal"
"k__Bacteria|p__Firmicutes|c__Clostridia|o__Clostridiales|f__Lachnospiraceae|g__Lachnospiraceae_unclassified|s__Lachnospiraceae_bacterium|t__SGB4688",0,0,NA,FALSE,FALSE,FALSE,NA,"HMP1-2 taxonomy vaginal"
"k__Bacteria|p__Firmicutes|c__Clostridia|o__Clostridiales|f__Lachnospiraceae|g__Lachnoclostridium|s__Clostridium_hylemonae|t__SGB4632",0,0,NA,FALSE,FALSE,FALSE,NA,"HMP1-2 taxonomy vaginal"
"k__Bacteria|p__Firmicutes|c__Clostridia|o__Clostridiales|f__Eubacteriaceae|g__Intestinibacillus|s__Intestinibacillus_sp_Marseille_P6563|t__SGB29313",0,0,NA,FALSE,FALSE,FALSE,NA,"HMP1-2 taxonomy vaginal"
"k__Bacteria|p__Firmicutes|c__Clostridia|o__Clostridiales|f__Lachnospiraceae|g__Lachnospiraceae_unclassified|s__Lachnospiraceae_bacterium_NSJ_38|t__SGB82502",0,0,NA,FALSE,FALSE,FALSE,NA,"HMP1-2 taxonomy vaginal"
"k__Bacteria|p__Firmicutes|c__Clostridia|o__Clostridiales|f__Clostridiales_Family_XIII_Incertae_Sedis|g__Clostridiales_Family_XIII_Incertae_Sedis_unclassified|s__Eubacterium_nodatum|t__SGB6627",0,0,NA,FALSE,FALSE,FALSE,NA,"HMP1-2 taxonomy vaginal"
"k__Bacteria|p__Firmicutes|c__Clostridia|o__Clostridiales|f__Clostridiales_Family_XIII_Incertae_Sedis|g__Mogibacterium|s__Mogibacterium_timidum|t__SGB3920",0,0,NA,FALSE,FALSE,FALSE,NA,"HMP1-2 taxonomy vaginal"
"k__Bacteria|p__Actinobacteria|c__Coriobacteriia|o__Coriobacteriales|f__Atopobiaceae|g__Olsenella|s__Olsenella_uli|t__SGB14386",0,0,NA,FALSE,FALSE,FALSE,NA,"HMP1-2 taxonomy vaginal"
"k__Bacteria|p__Firmicutes|c__Bacilli|o__Bacilli_unclassified|f__Bacilli_unclassified|g__Bacilli_unclassified|s__Bacilli_bacterium|t__SGB1021",0,0,NA,FALSE,FALSE,FALSE,NA,"HMP1-2 taxonomy vaginal"
"k__Bacteria|p__Bacteroidetes|c__Bacteroidia|o__Bacteroidales|f__Bacteroidaceae|g__Bacteroidaceae_unclassified|s__Bacteroidaceae_bacterium|t__SGB1472",1,0.00429184549356223,0.000626900062690006,FALSE,FALSE,FALSE,NA,"HMP1-2 taxonomy vaginal"
"k__Bacteria|p__Bacteroidetes|c__Bacteroidia|o__Bacteroidales|f__Prevotellaceae|g__Prevotella|s__Prevotella_sp_885|t__SGB1677",0,0,NA,FALSE,FALSE,FALSE,NA,"HMP1-2 taxonomy vaginal"
"k__Bacteria|p__Firmicutes|c__Clostridia|o__Clostridiales|f__Lachnospiraceae|g__GGB3733|s__GGB3733_SGB5066|t__SGB5066",0,0,NA,FALSE,FALSE,FALSE,NA,"HMP1-2 taxonomy vaginal"
"k__Bacteria|p__Bacteroidetes|c__Bacteroidia|o__Bacteroidales|f__Bacteroidales_unclassified|g__Phocaeicola|s__Phocaeicola_sartorii|t__SGB1813",0,0,NA,FALSE,FALSE,FALSE,NA,"HMP1-2 taxonomy vaginal"
"k__Bacteria|p__Firmicutes|c__Clostridia|o__Clostridia_unclassified|f__Clostridia_unclassified|g__GGB4610|s__GGB4610_SGB6384|t__SGB6384",0,0,NA,FALSE,FALSE,FALSE,NA,"HMP1-2 taxonomy vaginal"
"k__Bacteria|p__Firmicutes|c__Clostridia|o__Clostridiales|f__Ruminococcaceae|g__GGB9674|s__GGB9674_SGB15173|t__SGB15173",0,0,NA,FALSE,FALSE,FALSE,NA,"HMP1-2 taxonomy vaginal"
"k__Bacteria|p__Firmicutes|c__Clostridia|o__Clostridia_unclassified|f__Clostridia_unclassified|g__Clostridia_unclassified|s__Clostridia_unclassified_SGB4373|t__SGB4373",0,0,NA,FALSE,FALSE,FALSE,NA,"HMP1-2 taxonomy vaginal"
"k__Bacteria|p__Firmicutes|c__Clostridia|o__Clostridia_unclassified|f__Clostridia_unclassified|g__GGB9348|s__GGB9348_SGB14315|t__SGB14315",0,0,NA,FALSE,FALSE,FALSE,NA,"HMP1-2 taxonomy vaginal"
"k__Bacteria|p__Firmicutes|c__Clostridia|o__Clostridia_unclassified|f__Clostridia_unclassified|g__Clostridia_unclassified|s__Clostridia_bacterium|t__SGB3951",0,0,NA,FALSE,FALSE,FALSE,NA,"HMP1-2 taxonomy vaginal"
"k__Bacteria|p__Firmicutes|c__Clostridia|o__Clostridiales|f__Oscillospiraceae|g__Oscillibacter|s__Oscillibacter_ruminantium|t__SGB28985",0,0,NA,FALSE,FALSE,FALSE,NA,"HMP1-2 taxonomy vaginal"
"k__Bacteria|p__Firmicutes|c__Clostridia|o__Clostridiales|f__Lachnospiraceae|g__Lachnospiraceae_unclassified|s__Lachnospiraceae_unclassified_SGB5104|t__SGB5104",0,0,NA,FALSE,FALSE,FALSE,NA,"HMP1-2 taxonomy vaginal"
"k__Bacteria|p__Firmicutes|c__Clostridia|o__Clostridiales|f__Peptococcaceae|g__Peptococcaceae_unclassified|s__Peptococcaceae_bacterium|t__SGB4060",0,0,NA,FALSE,FALSE,FALSE,NA,"HMP1-2 taxonomy vaginal"
"k__Bacteria|p__Firmicutes|c__Clostridia|o__Clostridiales|f__Ruminococcaceae|g__GGB9583|s__GGB9583_SGB15004|t__SGB15004",0,0,NA,FALSE,FALSE,FALSE,NA,"HMP1-2 taxonomy vaginal"
"k__Bacteria|p__Firmicutes|c__Clostridia|o__Clostridiales|f__Lachnospiraceae|g__Lachnospiraceae_unclassified|s__Lachnospiraceae_bacterium_BX3|t__SGB4651",0,0,NA,FALSE,FALSE,FALSE,NA,"HMP1-2 taxonomy vaginal"
"k__Bacteria|p__Firmicutes|c__Clostridia|o__Clostridiales|f__Ruminococcaceae|g__Negativibacillus|s__Negativibacillus_massiliensis|t__SGB14912",0,0,NA,FALSE,FALSE,FALSE,NA,"HMP1-2 taxonomy vaginal"
"k__Bacteria|p__Firmicutes|c__Clostridia|o__Clostridiales|f__Ruminococcaceae|g__GGB9452|s__GGB9452_SGB14843|t__SGB14843",0,0,NA,FALSE,FALSE,FALSE,NA,"HMP1-2 taxonomy vaginal"
"k__Bacteria|p__Firmicutes|c__Clostridia|o__Clostridiales|f__Lachnospiraceae|g__GGB3737|s__GGB3737_SGB5071|t__SGB5071",0,0,NA,FALSE,FALSE,FALSE,NA,"HMP1-2 taxonomy vaginal"
"k__Bacteria|p__Firmicutes|c__Clostridia|o__Clostridiales|f__Lachnospiraceae|g__Lachnospiraceae_unclassified|s__Lachnospiraceae_bacterium|t__SGB4834",0,0,NA,FALSE,FALSE,FALSE,NA,"HMP1-2 taxonomy vaginal"
"k__Bacteria|p__Firmicutes|c__Clostridia|o__Clostridiales|f__Clostridiales_unclassified|g__Clostridiales_unclassified|s__Clostridiales_bacterium_CHKCI006|t__SGB7261",0,0,NA,FALSE,FALSE,FALSE,NA,"HMP1-2 taxonomy vaginal"
"k__Bacteria|p__Firmicutes|c__Clostridia|o__Clostridia_unclassified|f__Clostridia_unclassified|g__Clostridia_unclassified|s__Clostridia_bacterium|t__SGB19227",0,0,NA,FALSE,FALSE,FALSE,NA,"HMP1-2 taxonomy vaginal"
"k__Bacteria|p__Firmicutes|c__Clostridia|o__Clostridia_unclassified|f__Clostridia_unclassified|g__Clostridia_unclassified|s__Clostridia_bacterium|t__SGB54333",0,0,NA,FALSE,FALSE,FALSE,NA,"HMP1-2 taxonomy vaginal"
"k__Bacteria|p__Firmicutes|c__Clostridia|o__Clostridiales|f__Clostridiaceae|g__Clostridium|s__Clostridium_sp_chh4_2|t__SGB4743",0,0,NA,FALSE,FALSE,FALSE,NA,"HMP1-2 taxonomy vaginal"
"k__Bacteria|p__Actinobacteria|c__Coriobacteriia|o__Coriobacteriales|f__Coriobacteriaceae|g__Senegalimassilia|s__Senegalimassilia_faecalis|t__SGB14822",0,0,NA,FALSE,FALSE,FALSE,NA,"HMP1-2 taxonomy vaginal"
"k__Archaea|p__Euryarchaeota|c__Methanobacteria|o__Methanobacteriales|f__Methanobacteriaceae|g__Methanosphaera|s__Methanosphaera_stadtmanae|t__SGB698",0,0,NA,FALSE,FALSE,FALSE,NA,"HMP1-2 taxonomy vaginal"
"k__Bacteria|p__Actinobacteria|c__Coriobacteriia|o__Eggerthellales|f__Eggerthellaceae|g__Adlercreutzia|s__Adlercreutzia_mucosicola|t__SGB33554",0,0,NA,FALSE,FALSE,FALSE,NA,"HMP1-2 taxonomy vaginal"
"k__Bacteria|p__Actinobacteria|c__Coriobacteriia|o__Coriobacteriales|f__Coriobacteriales_unclassified|g__Coriobacteriales_unclassified|s__Coriobacteriales_unclassified_SGB72475|t__SGB72475_group",0,0,NA,FALSE,FALSE,FALSE,NA,"HMP1-2 taxonomy vaginal"
"k__Bacteria|p__Firmicutes|c__Clostridia|o__Clostridia_unclassified|f__Clostridia_unclassified|g__Candidatus_Metaruminococcus|s__Candidatus_Metaruminococcus_gallistercoris|t__SGB14870",0,0,NA,FALSE,FALSE,FALSE,NA,"HMP1-2 taxonomy vaginal"
"k__Bacteria|p__Firmicutes|c__Clostridia|o__Clostridia_unclassified|f__Clostridia_unclassified|g__Clostridia_unclassified|s__Clostridia_bacterium|t__SGB4438",0,0,NA,FALSE,FALSE,FALSE,NA,"HMP1-2 taxonomy vaginal"
"k__Bacteria|p__Firmicutes|c__Clostridia|o__Clostridiales|f__Clostridiaceae|g__Lactonifactor|s__Lactonifactor_sp_BIOML_A6|t__SGB48013",0,0,NA,FALSE,FALSE,FALSE,NA,"HMP1-2 taxonomy vaginal"
"k__Bacteria|p__Proteobacteria|c__Gammaproteobacteria|o__Pseudomonadales|f__Pseudomonadaceae|g__Pseudomonas|s__Pseudomonas_monteilii|t__SGB12291",0,0,NA,FALSE,FALSE,FALSE,NA,"HMP1-2 taxonomy vaginal"
"k__Bacteria|p__Firmicutes|c__Clostridia|o__Clostridiales|f__Lachnospiraceae|g__Blautia|s__Blautia_producta|t__SGB4786",0,0,NA,FALSE,FALSE,FALSE,NA,"HMP1-2 taxonomy vaginal"
"k__Bacteria|p__Firmicutes|c__Clostridia|o__Clostridiales|f__Ruminococcaceae|g__Ruminococcaceae_unclassified|s__Ruminococcaceae_bacterium|t__SGB14925",0,0,NA,FALSE,FALSE,FALSE,NA,"HMP1-2 taxonomy vaginal"
"k__Bacteria|p__Proteobacteria|c__Betaproteobacteria|o__Neisseriales|f__Neisseriaceae|g__Simonsiella|s__Simonsiella_muelleri|t__SGB9474",0,0,NA,FALSE,FALSE,FALSE,NA,"HMP1-2 taxonomy vaginal"
"k__Bacteria|p__Proteobacteria|c__Betaproteobacteria|o__Neisseriales|f__Neisseriaceae|g__Kingella|s__Kingella_kingae|t__SGB9475",0,0,NA,FALSE,FALSE,FALSE,NA,"HMP1-2 taxonomy vaginal"
"k__Bacteria|p__Candidatus_Saccharibacteria|c__CFGB4354|o__OFGB4354|f__FGB4354|g__GGB12787|s__GGB12787_SGB19830|t__SGB19830",0,0,NA,FALSE,FALSE,FALSE,NA,"HMP1-2 taxonomy vaginal"
"k__Bacteria|p__Actinobacteria|c__Actinobacteria|o__Corynebacteriales|f__Corynebacteriaceae|g__Corynebacterium|s__Corynebacterium_kroppenstedtii|t__SGB17004",0,0,NA,FALSE,FALSE,FALSE,NA,"HMP1-2 taxonomy vaginal"
"k__Bacteria|p__Actinobacteria|c__Actinobacteria|o__Corynebacteriales|f__Corynebacteriaceae|g__Corynebacterium|s__Corynebacterium_kroppenstedtii|t__SGB17000",1,0.00429184549356223,0.00098030009803001,FALSE,FALSE,FALSE,NA,"HMP1-2 taxonomy vaginal"
"k__Bacteria|p__Actinobacteria|c__Actinobacteria|o__Micrococcales|f__Brevibacteriaceae|g__Brevibacterium|s__Brevibacterium_casei|t__SGB16643",0,0,NA,FALSE,FALSE,FALSE,NA,"HMP1-2 taxonomy vaginal"
"k__Bacteria|p__Bacteroidetes|c__Flavobacteriia|o__Flavobacteriales|f__Weeksellaceae|g__Chryseobacterium|s__Chryseobacterium_arthrosphaerae|t__SGB2574",0,0,NA,FALSE,FALSE,FALSE,NA,"HMP1-2 taxonomy vaginal"
"k__Bacteria|p__Actinobacteria|c__Actinobacteria|o__Corynebacteriales|f__Corynebacteriaceae|g__Corynebacterium|s__Corynebacterium_variabile|t__SGB17034",0,0,NA,FALSE,FALSE,FALSE,NA,"HMP1-2 taxonomy vaginal"
"k__Bacteria|p__Actinobacteria|c__Actinobacteria|o__Micrococcales|f__Micrococcaceae|g__Kocuria|s__Kocuria_rhizophila|t__SGB16671",0,0,NA,FALSE,FALSE,FALSE,NA,"HMP1-2 taxonomy vaginal"
"k__Bacteria|p__Proteobacteria|c__Gammaproteobacteria|o__Xanthomonadales|f__Xanthomonadaceae|g__Xanthomonas|s__Xanthomonas_campestris|t__SGB12430",1,0.00429184549356223,1.16e-05,FALSE,FALSE,FALSE,NA,"HMP1-2 taxonomy vaginal"
"k__Bacteria|p__Proteobacteria|c__Alphaproteobacteria|o__Rhizobiales|f__Rhizobiales_unclassified|g__Rhizobiales_unclassified|s__Rhizobiales_bacterium|t__SGB11087",0,0,NA,FALSE,FALSE,FALSE,NA,"HMP1-2 taxonomy vaginal"
"k__Bacteria|p__Actinobacteria|c__Actinobacteria|o__Corynebacteriales|f__Corynebacteriaceae|g__Corynebacterium|s__Corynebacterium_hadale|t__SGB17059",0,0,NA,FALSE,FALSE,FALSE,NA,"HMP1-2 taxonomy vaginal"
"k__Bacteria|p__Firmicutes|c__Bacilli|o__Bacillales|f__Staphylococcaceae|g__Staphylococcus|s__Staphylococcus_warneri|t__SGB7857_group",1,0.00429184549356223,0.00405850040585004,FALSE,TRUE,FALSE,NA,"HMP1-2 taxonomy vaginal"
"k__Bacteria|p__Actinobacteria|c__Actinobacteria|o__Corynebacteriales|f__Corynebacteriaceae|g__Corynebacterium|s__Corynebacterium_jeikeium|t__SGB17043",0,0,NA,FALSE,FALSE,FALSE,NA,"HMP1-2 taxonomy vaginal"
"k__Bacteria|p__Bacteroidetes|c__CFGB12541|o__OFGB12541|f__FGB12541|g__GGB35550|s__GGB35550_SGB48439|t__SGB48439",0,0,NA,FALSE,FALSE,FALSE,NA,"HMP1-2 taxonomy vaginal"
"k__Bacteria|p__Bacteroidetes|c__Bacteroidia|o__Bacteroidales|f__Bacteroidaceae|g__GGB1379|s__GGB1379_SGB1880|t__SGB1880",0,0,NA,FALSE,FALSE,FALSE,NA,"HMP1-2 taxonomy vaginal"
"k__Bacteria|p__Proteobacteria|c__Betaproteobacteria|o__Burkholderiales|f__Sutterellaceae|g__Sutterella|s__Sutterella_SGB9281|t__SGB9281",1,0.00429184549356223,1.12999977400004e-05,FALSE,FALSE,FALSE,NA,"HMP1-2 taxonomy vaginal"
"k__Bacteria|p__Candidatus_Melainabacteria|c__Candidatus_Melainabacteria_unclassified|o__Candidatus_Gastranaerophilales|f__Candidatus_Gastranaerophilales_unclassified|g__GGB5980|s__GGB5980_SGB8599|t__SGB8599",0,0,NA,FALSE,FALSE,FALSE,NA,"HMP1-2 taxonomy vaginal"
"k__Bacteria|p__Firmicutes|c__Clostridia|o__Clostridiales|f__Ruminococcaceae|g__Ruminococcaceae_unclassified|s__Ruminococcaceae_bacterium|t__SGB15196",0,0,NA,FALSE,FALSE,FALSE,NA,"HMP1-2 taxonomy vaginal"
"k__Bacteria|p__Proteobacteria|c__Deltaproteobacteria|o__Desulfovibrionales|f__Desulfovibrionaceae|g__GGB28319|s__GGB28319_SGB40892|t__SGB40892",0,0,NA,FALSE,FALSE,FALSE,NA,"HMP1-2 taxonomy vaginal"
"k__Bacteria|p__Bacteroidetes|c__Bacteroidia|o__Bacteroidales|f__Bacteroidaceae|g__Bacteroides|s__Bacteroides_gallinarum|t__SGB1828",0,0,NA,FALSE,FALSE,FALSE,NA,"HMP1-2 taxonomy vaginal"
"k__Bacteria|p__Bacteroidetes|c__Bacteroidia|o__Bacteroidales|f__Prevotellaceae|g__Prevotella|s__Prevotella_multiformis|t__SGB1539",0,0,NA,FALSE,FALSE,FALSE,NA,"HMP1-2 taxonomy vaginal"
"k__Bacteria|p__Bacteroidetes|c__Bacteroidia|o__Bacteroidales|f__Porphyromonadaceae|g__Porphyromonas|s__Porphyromonas_gingivalis|t__SGB2057",0,0,NA,FALSE,FALSE,FALSE,NA,"HMP1-2 taxonomy vaginal"
"k__Bacteria|p__Spirochaetes|c__Spirochaetia|o__Spirochaetales|f__Spirochaetaceae|g__GGB2676|s__GGB2676_SGB3611|t__SGB3611",0,0,NA,FALSE,FALSE,FALSE,NA,"HMP1-2 taxonomy vaginal"
"k__Bacteria|p__Fusobacteria|c__Fusobacteriia|o__Fusobacteriales|f__Leptotrichiaceae|g__Leptotrichia|s__Leptotrichia_sp_oral_taxon_847|t__SGB24832",0,0,NA,FALSE,FALSE,FALSE,NA,"HMP1-2 taxonomy vaginal"
"k__Bacteria|p__Bacteroidetes|c__Bacteroidia|o__Bacteroidales|f__Prevotellaceae|g__GGB1188|s__GGB1188_SGB1538|t__SGB1538",0,0,NA,FALSE,FALSE,FALSE,NA,"HMP1-2 taxonomy vaginal"
"k__Bacteria|p__Bacteroidetes|c__Bacteroidia|o__Bacteroidales|f__Prevotellaceae|g__Prevotella|s__Prevotella_sp_oral_taxon_376|t__SGB21554",0,0,NA,FALSE,FALSE,FALSE,NA,"HMP1-2 taxonomy vaginal"
"k__Bacteria|p__Firmicutes|c__Clostridia|o__Clostridiales|f__Lachnospiraceae|g__Oribacterium|s__Oribacterium_sp_oral_taxon_102|t__SGB71397",0,0,NA,FALSE,FALSE,FALSE,NA,"HMP1-2 taxonomy vaginal"
"k__Bacteria|p__Firmicutes|c__Erysipelotrichia|o__Erysipelotrichales|f__Erysipelotrichaceae|g__Eggerthia|s__Eggerthia_catenaformis|t__SGB6630",0,0,NA,FALSE,FALSE,FALSE,NA,"HMP1-2 taxonomy vaginal"
"k__Bacteria|p__Bacteroidetes|c__Bacteroidia|o__Bacteroidales|f__Prevotellaceae|g__Prevotella|s__Prevotella_baroniae|t__SGB1533",0,0,NA,FALSE,FALSE,FALSE,NA,"HMP1-2 taxonomy vaginal"
"k__Bacteria|p__Proteobacteria|c__Deltaproteobacteria|o__Desulfobacterales|f__Desulfobulbaceae|g__Desulfobulbus|s__Desulfobulbus_oralis|t__SGB8831",0,0,NA,FALSE,FALSE,FALSE,NA,"HMP1-2 taxonomy vaginal"
"k__Bacteria|p__Firmicutes|c__Clostridia|o__Clostridiales|f__Peptostreptococcaceae|g__Peptostreptococcaceae_unclassified|s__Peptostreptococcaceae_bacterium_oral_taxon_113|t__SGB6626",0,0,NA,FALSE,FALSE,FALSE,NA,"HMP1-2 taxonomy vaginal"
"k__Bacteria|p__Actinobacteria|c__Coriobacteriia|o__Coriobacteriales|f__Atopobiaceae|g__Olsenella|s__Olsenella_phocaeensis|t__SGB14384",0,0,NA,FALSE,FALSE,FALSE,NA,"HMP1-2 taxonomy vaginal"
"k__Bacteria|p__Bacteroidetes|c__CFGB2427|o__OFGB2427|f__FGB2427|g__GGB6645|s__GGB6645_SGB9382|t__SGB9382",1,0.00429184549356223,0.000111799977640004,FALSE,FALSE,FALSE,NA,"HMP1-2 taxonomy vaginal"
"k__Bacteria|p__Candidatus_Absconditabacteria|c__Candidatus_Absconditabacteria_unclassified|o__Candidatus_Absconditabacteria_unclassified|f__Candidatus_Absconditabacteria_unclassified|g__GGB4936|s__GGB4936_SGB6888|t__SGB6888",0,0,NA,FALSE,FALSE,FALSE,NA,"HMP1-2 taxonomy vaginal"
"k__Bacteria|p__Firmicutes|c__Clostridia|o__Clostridia_unclassified|f__Clostridia_unclassified|g__Clostridia_unclassified|s__Clostridia_unclassified_SGB4317|t__SGB4317",0,0,NA,FALSE,FALSE,FALSE,NA,"HMP1-2 taxonomy vaginal"
"k__Bacteria|p__Firmicutes|c__Erysipelotrichia|o__Erysipelotrichales|f__Erysipelotrichaceae|g__Erysipelatoclostridium|s__Erysipelatoclostridium_sp_An15|t__SGB6746",0,0,NA,FALSE,FALSE,FALSE,NA,"HMP1-2 taxonomy vaginal"
"k__Bacteria|p__Firmicutes|c__Clostridia|o__Clostridiales|f__Lachnospiraceae|g__Lachnospiraceae_unclassified|s__Lachnospiraceae_bacterium|t__SGB48024",0,0,NA,FALSE,FALSE,FALSE,NA,"HMP1-2 taxonomy vaginal"
"k__Bacteria|p__Firmicutes|c__CFGB24517|o__OFGB24517|f__FGB24517|g__GGB45620|s__GGB45620_SGB63333|t__SGB63333",0,0,NA,FALSE,FALSE,FALSE,NA,"HMP1-2 taxonomy vaginal"
"k__Bacteria|p__Firmicutes|c__Clostridia|o__Clostridiales|f__Clostridiaceae|g__Clostridium|s__Clostridium_sp_AM58_1XD|t__SGB25539",0,0,NA,FALSE,FALSE,FALSE,NA,"HMP1-2 taxonomy vaginal"
"k__Bacteria|p__Firmicutes|c__Clostridia|o__Clostridiales|f__Lachnospiraceae|g__Marvinbryantia|s__Marvinbryantia_formatexigens|t__SGB4690",0,0,NA,FALSE,FALSE,FALSE,NA,"HMP1-2 taxonomy vaginal"
"k__Bacteria|p__Candidatus_Gracilibacteria|c__Candidatus_Gracilibacteria_unclassified|o__Candidatus_Gracilibacteria_unclassified|f__Candidatus_Gracilibacteria_unclassified|g__Candidatus_Gracilibacteria_unclassified|s__Candidatus_Gracilibacteria_bacterium_HOT_871|t__SGB5977",0,0,NA,FALSE,FALSE,FALSE,NA,"HMP1-2 taxonomy vaginal"
"k__Bacteria|p__Firmicutes|c__Negativicutes|o__Veillonellales|f__Veillonellaceae|g__Veillonellaceae_unclassified|s__Veillonellaceae_bacterium|t__SGB6930",0,0,NA,FALSE,FALSE,FALSE,NA,"HMP1-2 taxonomy vaginal"
"k__Bacteria|p__Firmicutes|c__Negativicutes|o__Veillonellales|f__Veillonellaceae|g__Veillonellaceae_unclassified|s__Veillonellaceae_bacterium|t__SGB6932",0,0,NA,FALSE,FALSE,FALSE,NA,"HMP1-2 taxonomy vaginal"
"k__Bacteria|p__Actinobacteria|c__Actinobacteria|o__Propionibacteriales|f__Propionibacteriaceae|g__Propionibacterium|s__Propionibacterium_acidifaciens|t__SGB15903",0,0,NA,FALSE,FALSE,FALSE,NA,"HMP1-2 taxonomy vaginal"
"k__Bacteria|p__Proteobacteria|c__Betaproteobacteria|o__Neisseriales|f__Neisseriaceae|g__Neisseria|s__Neisseria_chenwenguii|t__SGB9471",0,0,NA,FALSE,FALSE,FALSE,NA,"HMP1-2 taxonomy vaginal"
"k__Bacteria|p__Firmicutes|c__Clostridia|o__Clostridia_unclassified|f__Clostridia_unclassified|g__GGB4554|s__GGB4554_SGB6285|t__SGB6285",0,0,NA,FALSE,FALSE,FALSE,NA,"HMP1-2 taxonomy vaginal"
"k__Bacteria|p__Firmicutes|c__Bacilli|o__Bacilli_unclassified|f__Bacilli_unclassified|g__Bacilli_unclassified|s__Bacilli_bacterium|t__SGB6392",0,0,NA,FALSE,FALSE,FALSE,NA,"HMP1-2 taxonomy vaginal"
"k__Bacteria|p__Firmicutes|c__Clostridia|o__Clostridiales|f__Lachnospiraceae|g__Roseburia|s__Roseburia_SGB4958|t__SGB4958",0,0,NA,FALSE,FALSE,FALSE,NA,"HMP1-2 taxonomy vaginal"
"k__Bacteria|p__Firmicutes|c__Erysipelotrichia|o__Erysipelotrichales|f__Erysipelotrichaceae|g__Faecalicoccus|s__Faecalicoccus_pleomorphus|t__SGB6791_group",0,0,NA,FALSE,FALSE,FALSE,NA,"HMP1-2 taxonomy vaginal"
"k__Bacteria|p__Actinobacteria|c__Coriobacteriia|o__Coriobacteriales|f__Coriobacteriaceae|g__Collinsella|s__Collinsella_sp_AF08_23|t__SGB14739",0,0,NA,FALSE,FALSE,FALSE,NA,"HMP1-2 taxonomy vaginal"
"k__Bacteria|p__Bacteroidetes|c__Bacteroidia|o__Bacteroidales|f__Rikenellaceae|g__Alistipes|s__Alistipes_dispar|t__SGB2311",1,0.00429184549356223,0.000368199963180004,FALSE,FALSE,FALSE,NA,"HMP1-2 taxonomy vaginal"
"k__Bacteria|p__Firmicutes|c__Clostridia|o__Clostridiales|f__Clostridiaceae|g__Clostridium|s__Clostridium_sp_AM42_4|t__SGB4709",0,0,NA,FALSE,FALSE,FALSE,NA,"HMP1-2 taxonomy vaginal"
"k__Bacteria|p__Bacteroidetes|c__Bacteroidia|o__Bacteroidales|f__Bacteroidaceae|g__Bacteroides|s__Bacteroides_congonensis|t__SGB1878",0,0,NA,FALSE,FALSE,FALSE,NA,"HMP1-2 taxonomy vaginal"
"k__Bacteria|p__Firmicutes|c__Clostridia|o__Clostridiales|f__Lachnospiraceae|g__Lachnospiraceae_unclassified|s__Lachnospiraceae_bacterium|t__SGB4728",0,0,NA,FALSE,FALSE,FALSE,NA,"HMP1-2 taxonomy vaginal"
"k__Bacteria|p__Firmicutes|c__Clostridia|o__Clostridia_unclassified|f__Clostridia_unclassified|g__Clostridia_unclassified|s__Clostridia_bacterium|t__SGB3992",0,0,NA,FALSE,FALSE,FALSE,NA,"HMP1-2 taxonomy vaginal"
"k__Bacteria|p__Firmicutes|c__Bacilli|o__Bacilli_unclassified|f__Bacilli_unclassified|g__Bacilli_unclassified|s__Bacilli_bacterium|t__SGB6532",0,0,NA,FALSE,FALSE,FALSE,NA,"HMP1-2 taxonomy vaginal"
"k__Bacteria|p__Bacteroidetes|c__Bacteroidia|o__Bacteroidales|f__Bacteroidales_unclassified|g__Bacteroidales_unclassified|s__Bacteroidales_bacterium|t__SGB1961",0,0,NA,FALSE,FALSE,FALSE,NA,"HMP1-2 taxonomy vaginal"
"k__Bacteria|p__Firmicutes|c__Clostridia|o__Clostridia_unclassified|f__Clostridia_unclassified|g__Clostridia_unclassified|s__Clostridia_bacterium_UC5_1_1E11|t__SGB14895",0,0,NA,FALSE,FALSE,FALSE,NA,"HMP1-2 taxonomy vaginal"
"k__Bacteria|p__Firmicutes|c__Clostridia|o__Clostridiales|f__Lachnospiraceae|g__GGB3678|s__GGB3678_SGB4991|t__SGB4991",0,0,NA,FALSE,FALSE,FALSE,NA,"HMP1-2 taxonomy vaginal"
"k__Bacteria|p__Firmicutes|c__Clostridia|o__Clostridia_unclassified|f__Clostridia_unclassified|g__Clostridia_unclassified|s__Clostridia_bacterium|t__SGB15405",0,0,NA,FALSE,FALSE,FALSE,NA,"HMP1-2 taxonomy vaginal"
"k__Bacteria|p__Firmicutes|c__CFGB1218|o__OFGB1218|f__FGB1218|g__GGB2983|s__GGB2983_SGB3965|t__SGB3965",0,0,NA,FALSE,FALSE,FALSE,NA,"HMP1-2 taxonomy vaginal"
"k__Bacteria|p__Firmicutes|c__Clostridia|o__Clostridia_unclassified|f__Clostridia_unclassified|g__Clostridia_unclassified|s__Clostridia_bacterium|t__SGB15401",0,0,NA,FALSE,FALSE,FALSE,NA,"HMP1-2 taxonomy vaginal"
"k__Bacteria|p__Firmicutes|c__Clostridia|o__Clostridiales|f__Lachnospiraceae|g__Enterocloster|s__Enterocloster_asparagiformis|t__SGB4724",0,0,NA,FALSE,FALSE,FALSE,NA,"HMP1-2 taxonomy vaginal"
"k__Bacteria|p__Proteobacteria|c__Betaproteobacteria|o__Burkholderiales|f__Comamonadaceae|g__Acidovorax|s__Acidovorax_ebreus|t__SGB12715",1,0.00429184549356223,2.93999970600003e-05,FALSE,FALSE,FALSE,NA,"HMP1-2 taxonomy vaginal"
"k__Bacteria|p__Proteobacteria|c__Betaproteobacteria|o__Rhodocyclales|f__Azonexaceae|g__Dechloromonas|s__Dechloromonas_agitata|t__SGB32903",0,0,NA,FALSE,FALSE,FALSE,NA,"HMP1-2 taxonomy vaginal"
"k__Bacteria|p__Proteobacteria|c__Betaproteobacteria|o__Burkholderiales|f__Comamonadaceae|g__Acidovorax|s__Acidovorax_temperans|t__SGB12690",0,0,NA,FALSE,FALSE,FALSE,NA,"HMP1-2 taxonomy vaginal"
"k__Bacteria|p__Proteobacteria|c__Betaproteobacteria|o__Burkholderiales|f__Alcaligenaceae|g__Paracandidimonas|s__Paracandidimonas_soli|t__SGB32666",0,0,NA,FALSE,FALSE,FALSE,NA,"HMP1-2 taxonomy vaginal"
"k__Bacteria|p__Proteobacteria|c__Betaproteobacteria|o__Burkholderiales|f__Comamonadaceae|g__Acidovorax|s__Acidovorax_caeni|t__SGB12718",0,0,NA,FALSE,FALSE,FALSE,NA,"HMP1-2 taxonomy vaginal"
"k__Bacteria|p__Firmicutes|c__Clostridia|o__Clostridiales|f__Ruminococcaceae|g__GGB9635|s__GGB9635_SGB15102|t__SGB15102",0,0,NA,FALSE,FALSE,FALSE,NA,"HMP1-2 taxonomy vaginal"
"k__Bacteria|p__Firmicutes|c__Clostridia|o__Clostridia_unclassified|f__Clostridia_unclassified|g__Clostridia_unclassified|s__Clostridia_bacterium|t__SGB4325",0,0,NA,FALSE,FALSE,FALSE,NA,"HMP1-2 taxonomy vaginal"
"k__Bacteria|p__Firmicutes|c__Clostridia|o__Clostridia_unclassified|f__Clostridia_unclassified|g__Clostridia_unclassified|s__Clostridia_unclassified_SGB6307|t__SGB6307",0,0,NA,FALSE,FALSE,FALSE,NA,"HMP1-2 taxonomy vaginal"
"k__Bacteria|p__Firmicutes|c__Negativicutes|o__Acidaminococcales|f__Acidaminococcaceae|g__Phascolarctobacterium|s__Phascolarctobacterium_succinatutens|t__SGB5765_group",0,0,NA,FALSE,FALSE,FALSE,NA,"HMP1-2 taxonomy vaginal"
"k__Bacteria|p__Firmicutes|c__Clostridia|o__Clostridiales|f__Ruminococcaceae|g__Ruminococcaceae_unclassified|s__Ruminococcaceae_bacterium|t__SGB15353",0,0,NA,FALSE,FALSE,FALSE,NA,"HMP1-2 taxonomy vaginal"
"k__Bacteria|p__Proteobacteria|c__Betaproteobacteria|o__Burkholderiales|f__Sutterellaceae|g__GGB6572|s__GGB6572_SGB9284|t__SGB9284",0,0,NA,FALSE,FALSE,FALSE,NA,"HMP1-2 taxonomy vaginal"
"k__Bacteria|p__Firmicutes|c__Clostridia|o__Clostridiales|f__Ruminococcaceae|g__GGB9677|s__GGB9677_SGB15179|t__SGB15179",0,0,NA,FALSE,FALSE,FALSE,NA,"HMP1-2 taxonomy vaginal"
"k__Bacteria|p__Firmicutes|c__Clostridia|o__Clostridiales|f__Lachnospiraceae|g__Lachnospiraceae_unclassified|s__Lachnospiraceae_bacterium|t__SGB4697",0,0,NA,FALSE,FALSE,FALSE,NA,"HMP1-2 taxonomy vaginal"
"k__Bacteria|p__Firmicutes|c__Clostridia|o__Clostridiales|f__Ruminococcaceae|g__GGB41366|s__GGB41366_SGB58424|t__SGB58424",0,0,NA,FALSE,FALSE,FALSE,NA,"HMP1-2 taxonomy vaginal"
"k__Bacteria|p__Firmicutes|c__Clostridia|o__Clostridiales|f__Ruminococcaceae|g__Ruminococcaceae_unclassified|s__Ruminococcaceae_unclassified_SGB14835|t__SGB14835",0,0,NA,FALSE,FALSE,FALSE,NA,"HMP1-2 taxonomy vaginal"
"k__Bacteria|p__Firmicutes|c__Clostridia|o__Clostridia_unclassified|f__Clostridia_unclassified|g__Candidatus_Gallimonas|s__Candidatus_Gallimonas_intestinalis|t__SGB54318",0,0,NA,FALSE,FALSE,FALSE,NA,"HMP1-2 taxonomy vaginal"
"k__Bacteria|p__Firmicutes|c__Clostridia|o__Clostridia_unclassified|f__Clostridia_unclassified|g__Clostridia_unclassified|s__Clostridia_bacterium|t__SGB4146",0,0,NA,FALSE,FALSE,FALSE,NA,"HMP1-2 taxonomy vaginal"
"k__Bacteria|p__Firmicutes|c__Clostridia|o__Clostridiales|f__Lachnospiraceae|g__GGB3474|s__GGB3474_SGB4637|t__SGB4637",2,0.00858369098712446,0.000445099982375002,FALSE,FALSE,FALSE,NA,"HMP1-2 taxonomy vaginal"
"k__Bacteria|p__Firmicutes|c__Clostridia|o__Clostridiales|f__Lachnospiraceae|g__Faecalicatena|s__Faecalicatena_fissicatena|t__SGB4615",0,0,NA,FALSE,FALSE,FALSE,NA,"HMP1-2 taxonomy vaginal"
"k__Bacteria|p__Firmicutes|c__Clostridia|o__Clostridia_unclassified|f__Clostridia_unclassified|g__Clostridia_unclassified|s__Clostridia_bacterium|t__SGB14046",0,0,NA,FALSE,FALSE,FALSE,NA,"HMP1-2 taxonomy vaginal"
"k__Bacteria|p__Firmicutes|c__Clostridia|o__Clostridiales|f__Eubacteriaceae|g__GGB9778|s__GGB9778_SGB15398|t__SGB15398",0,0,NA,FALSE,FALSE,FALSE,NA,"HMP1-2 taxonomy vaginal"
"k__Bacteria|p__Firmicutes|c__Clostridia|o__Clostridiales|f__Lachnospiraceae|g__Mediterraneibacter|s__Mediterraneibacter_massiliensis|t__SGB4595",0,0,NA,FALSE,FALSE,FALSE,NA,"HMP1-2 taxonomy vaginal"
"k__Bacteria|p__Firmicutes|c__Clostridia|o__Clostridiales|f__Christensenellaceae|g__Christensenella|s__Christensenella_timonensis|t__SGB29340",0,0,NA,FALSE,FALSE,FALSE,NA,"HMP1-2 taxonomy vaginal"
"k__Bacteria|p__Firmicutes|c__Clostridia|o__Clostridiales|f__Ruminococcaceae|g__GGB3171|s__GGB3171_SGB4185|t__SGB4185",0,0,NA,FALSE,FALSE,FALSE,NA,"HMP1-2 taxonomy vaginal"
"k__Bacteria|p__Firmicutes|c__Clostridia|o__Clostridiales|f__Peptococcaceae|g__Peptococcaceae_unclassified|s__Peptococcaceae_bacterium|t__SGB4059",0,0,NA,FALSE,FALSE,FALSE,NA,"HMP1-2 taxonomy vaginal"
"k__Bacteria|p__Firmicutes|c__Tissierellia|o__Tissierellales|f__Peptoniphilaceae|g__Peptoniphilus|s__Peptoniphilus_grossensis|t__SGB6701",0,0,NA,FALSE,FALSE,FALSE,NA,"HMP1-2 taxonomy vaginal"
"k__Bacteria|p__Firmicutes|c__Clostridia|o__Clostridia_unclassified|f__Clostridia_unclassified|g__Clostridia_unclassified|s__Clostridia_unclassified_SGB71368|t__SGB71368",0,0,NA,FALSE,FALSE,FALSE,NA,"HMP1-2 taxonomy vaginal"
"k__Bacteria|p__Proteobacteria|c__Gammaproteobacteria|o__Pseudomonadales|f__Pseudomonadaceae|g__Pseudomonas|s__Pseudomonas_saxonica|t__SGB89059",0,0,NA,FALSE,FALSE,FALSE,NA,"HMP1-2 taxonomy vaginal"
"k__Bacteria|p__Firmicutes|c__Clostridia|o__Clostridiales|f__Eubacteriaceae|g__Eubacterium|s__Eubacterium_sp_ER2|t__SGB4624",0,0,NA,FALSE,FALSE,FALSE,NA,"HMP1-2 taxonomy vaginal"
"k__Bacteria|p__Firmicutes|c__Clostridia|o__Clostridiales|f__Lachnospiraceae|g__Lachnospiraceae_unclassified|s__Lachnospiraceae_bacterium|t__SGB4602",0,0,NA,FALSE,FALSE,FALSE,NA,"HMP1-2 taxonomy vaginal"
"k__Bacteria|p__Firmicutes|c__Erysipelotrichia|o__Erysipelotrichales|f__Erysipelotrichaceae|g__Coprobacillus|s__Coprobacillus_sp_AF33_1AC|t__SGB6765",0,0,NA,FALSE,FALSE,FALSE,NA,"HMP1-2 taxonomy vaginal"
"k__Bacteria|p__Firmicutes|c__Clostridia|o__Clostridia_unclassified|f__Clostridia_unclassified|g__Candidatus_Neoanaerotignum|s__Candidatus_Neoanaerotignum_tabaqchaliae|t__SGB59528",0,0,NA,FALSE,FALSE,FALSE,NA,"HMP1-2 taxonomy vaginal"
"k__Bacteria|p__Actinobacteria|c__Coriobacteriia|o__Coriobacteriales|f__Coriobacteriaceae|g__Collinsella|s__Collinsella_tanakaei|t__SGB14737",0,0,NA,FALSE,FALSE,FALSE,NA,"HMP1-2 taxonomy vaginal"
"k__Bacteria|p__Firmicutes|c__Clostridia|o__Clostridiales|f__Peptostreptococcaceae|g__Terrisporobacter|s__Terrisporobacter_othiniensis|t__SGB6142",0,0,NA,FALSE,FALSE,FALSE,NA,"HMP1-2 taxonomy vaginal"
"k__Bacteria|p__Firmicutes|c__Clostridia|o__Clostridiales|f__Clostridiaceae|g__Clostridium|s__Clostridium_sp_CL_2|t__SGB29097",0,0,NA,FALSE,FALSE,FALSE,NA,"HMP1-2 taxonomy vaginal"
"k__Bacteria|p__Firmicutes|c__Clostridia|o__Clostridiales|f__Clostridiaceae|g__Clostridium|s__Clostridium_SGB6179|t__SGB6179",0,0,NA,FALSE,FALSE,FALSE,NA,"HMP1-2 taxonomy vaginal"
"k__Bacteria|p__Firmicutes|c__Clostridia|o__Clostridiales|f__Lachnospiraceae|g__Lachnospiraceae_unclassified|s__Lachnospiraceae_bacterium|t__SGB4967",0,0,NA,FALSE,FALSE,FALSE,NA,"HMP1-2 taxonomy vaginal"
"k__Bacteria|p__Firmicutes|c__Negativicutes|o__Veillonellales|f__Veillonellaceae|g__Dialister|s__Dialister_succinatiphilus|t__SGB5818",2,0.00858369098712446,0.00157254991285501,FALSE,TRUE,FALSE,NA,"HMP1-2 taxonomy vaginal"
"k__Bacteria|p__Candidatus_Melainabacteria|c__Candidatus_Melainabacteria_unclassified|o__Candidatus_Gastranaerophilales|f__Candidatus_Gastranaerophilales_unclassified|g__GGB5997|s__GGB5997_SGB8620|t__SGB8620",0,0,NA,FALSE,FALSE,FALSE,NA,"HMP1-2 taxonomy vaginal"
"k__Bacteria|p__Firmicutes|c__Clostridia|o__Clostridiales|f__Lachnospiraceae|g__Lachnospiraceae_unclassified|s__Lachnospiraceae_bacterium|t__SGB5050",0,0,NA,FALSE,FALSE,FALSE,NA,"HMP1-2 taxonomy vaginal"
"k__Bacteria|p__Firmicutes|c__Clostridia|o__Clostridia_unclassified|f__Clostridia_unclassified|g__Clostridia_unclassified|s__Clostridia_bacterium|t__SGB6370",0,0,NA,FALSE,FALSE,FALSE,NA,"HMP1-2 taxonomy vaginal"
"k__Bacteria|p__Actinobacteria|c__Actinobacteria|o__Corynebacteriales|f__Mycobacteriaceae|g__Mycobacteroides|s__Mycobacteroides_chelonae|t__SGB15648_group",21,0.0901287553648069,0.0021270810865948,FALSE,TRUE,FALSE,NA,"HMP1-2 taxonomy vaginal"
"k__Bacteria|p__Firmicutes|c__CFGB1872|o__OFGB1872|f__FGB1872|g__GGB4964|s__GGB4964_SGB6927|t__SGB6927",0,0,NA,FALSE,FALSE,FALSE,NA,"HMP1-2 taxonomy vaginal"
"k__Bacteria|p__Actinobacteria|c__Actinobacteria|o__Actinomycetales|f__Actinomycetaceae|g__Actinomyces|s__Actinomyces_SGB15893|t__SGB15893",0,0,NA,FALSE,FALSE,FALSE,NA,"HMP1-2 taxonomy vaginal"
"k__Bacteria|p__Actinobacteria|c__Actinobacteria|o__Micrococcales|f__Micrococcaceae|g__Rothia|s__Rothia_SGB16985|t__SGB16985",0,0,NA,FALSE,FALSE,FALSE,NA,"HMP1-2 taxonomy vaginal"
"k__Bacteria|p__Proteobacteria|c__Gammaproteobacteria|o__Pseudomonadales|f__Pseudomonadaceae|g__Thiopseudomonas|s__Thiopseudomonas_denitrificans|t__SGB33034",0,0,NA,FALSE,FALSE,FALSE,NA,"HMP1-2 taxonomy vaginal"
"k__Bacteria|p__Proteobacteria|c__Betaproteobacteria|o__Neisseriales|f__Neisseriaceae|g__Neisseria|s__Neisseria_meningitidis|t__SGB9461",0,0,NA,FALSE,FALSE,FALSE,NA,"HMP1-2 taxonomy vaginal"
"k__Bacteria|p__Actinobacteria|c__Actinobacteria|o__Corynebacteriales|f__Corynebacteriaceae|g__Corynebacterium|s__Corynebacterium_argentoratense|t__SGB17009",0,0,NA,FALSE,FALSE,FALSE,NA,"HMP1-2 taxonomy vaginal"
"k__Bacteria|p__Proteobacteria|c__Alphaproteobacteria|o__Sphingomonadales|f__Sphingomonadaceae|g__Sphingomonas|s__Sphingomonas_sp_3F27F9|t__SGB31711",0,0,NA,FALSE,FALSE,FALSE,NA,"HMP1-2 taxonomy vaginal"
"k__Bacteria|p__Proteobacteria|c__Alphaproteobacteria|o__Rhodobacterales|f__Rhodobacteraceae|g__Paracoccus|s__Paracoccus_versutus|t__SGB10719",0,0,NA,FALSE,FALSE,FALSE,NA,"HMP1-2 taxonomy vaginal"
"k__Bacteria|p__Actinobacteria|c__Actinobacteria|o__Corynebacteriales|f__Corynebacteriaceae|g__Corynebacterium|s__Corynebacterium_SGB17105|t__SGB17105",0,0,NA,FALSE,FALSE,FALSE,NA,"HMP1-2 taxonomy vaginal"
"k__Bacteria|p__Actinobacteria|c__Actinobacteria|o__Bifidobacteriales|f__Bifidobacteriaceae|g__Bifidobacterium|s__Bifidobacterium_angulatum|t__SGB17231",0,0,NA,FALSE,FALSE,FALSE,NA,"HMP1-2 taxonomy vaginal"
"k__Bacteria|p__Firmicutes|c__Negativicutes|o__Veillonellales|f__Veillonellaceae|g__Megasphaera|s__Megasphaera_sp_BL7|t__SGB5858",0,0,NA,FALSE,FALSE,FALSE,NA,"HMP1-2 taxonomy vaginal"
"k__Bacteria|p__Firmicutes|c__Negativicutes|o__Selenomonadales|f__Selenomonadaceae|g__Mitsuokella|s__Mitsuokella_multacida|t__SGB5906_group",0,0,NA,FALSE,FALSE,FALSE,NA,"HMP1-2 taxonomy vaginal"
"k__Bacteria|p__Firmicutes|c__Negativicutes|o__Veillonellales|f__Veillonellaceae|g__Megasphaera|s__Megasphaera_sp_AM44_1BH|t__SGB5853",0,0,NA,FALSE,FALSE,FALSE,NA,"HMP1-2 taxonomy vaginal"
"k__Bacteria|p__Firmicutes|c__Clostridia|o__Clostridiales|f__Clostridiales_unclassified|g__Clostridiales_unclassified|s__Clostridiales_bacterium_KA00274|t__SGB7884",5,0.0214592274678112,0.000266360096972037,FALSE,FALSE,FALSE,NA,"HMP1-2 taxonomy vaginal"
"k__Bacteria|p__Actinobacteria|c__Actinobacteria|o__Bifidobacteriales|f__Bifidobacteriaceae|g__Bifidobacterium|s__Bifidobacterium_catenulatum|t__SGB17241",0,0,NA,FALSE,FALSE,FALSE,NA,"HMP1-2 taxonomy vaginal"
"k__Bacteria|p__Firmicutes|c__Clostridia|o__Clostridiales|f__Clostridiaceae|g__Butyricicoccus|s__Butyricicoccus_SGB14990|t__SGB14990",0,0,NA,FALSE,FALSE,FALSE,NA,"HMP1-2 taxonomy vaginal"
"k__Bacteria|p__Bacteroidetes|c__Bacteroidia|o__Bacteroidales|f__Porphyromonadaceae|g__Porphyromonas|s__Porphyromonas_SGB1980|t__SGB1980",1,0.00429184549356223,0.00466259953374005,FALSE,TRUE,FALSE,NA,"HMP1-2 taxonomy vaginal"
"k__Bacteria|p__Firmicutes|c__Clostridia|o__Clostridiales|f__Lachnospiraceae|g__Lachnospiraceae_unclassified|s__Lachnospiraceae_bacterium|t__SGB4808",0,0,NA,FALSE,FALSE,FALSE,NA,"HMP1-2 taxonomy vaginal"
"k__Bacteria|p__Firmicutes|c__Negativicutes|o__Veillonellales|f__Veillonellaceae|g__Megasphaera|s__Megasphaera_genomosp_type_2|t__SGB5866",2,0.00858369098712446,0.0109695019143408,FALSE,TRUE,FALSE,NA,"HMP1-2 taxonomy vaginal"
"k__Bacteria|p__Firmicutes|c__Clostridia|o__Clostridiales|f__Clostridiaceae|g__Clostridium|s__Clostridium_ventriculi|t__SGB6190",0,0,NA,FALSE,FALSE,FALSE,NA,"HMP1-2 taxonomy vaginal"
"k__Bacteria|p__Bacteroidetes|c__Bacteroidia|o__Bacteroidales|f__Porphyromonadaceae|g__Porphyromonas|s__Porphyromonas_sp_HMSC065F10|t__SGB1990",2,0.00858369098712446,0.000169049983095002,FALSE,FALSE,FALSE,NA,"HMP1-2 taxonomy vaginal"
"k__Bacteria|p__Firmicutes|c__Negativicutes|o__Selenomonadales|f__Selenomonadaceae|g__Mitsuokella|s__Mitsuokella_jalaludinii|t__SGB5904",0,0,NA,FALSE,FALSE,FALSE,NA,"HMP1-2 taxonomy vaginal"
"k__Bacteria|p__Spirochaetes|c__CFGB1017|o__OFGB1017|f__FGB1017|g__GGB2665|s__GGB2665_SGB3591|t__SGB3591",0,0,NA,FALSE,FALSE,FALSE,NA,"HMP1-2 taxonomy vaginal"
"k__Bacteria|p__Actinobacteria|c__Coriobacteriia|o__Coriobacteriales|f__Atopobiaceae|g__Atopobium|s__Atopobium_sp_oral_taxon_199|t__SGB984",0,0,NA,FALSE,FALSE,FALSE,NA,"HMP1-2 taxonomy vaginal"
"k__Bacteria|p__Proteobacteria|c__Alphaproteobacteria|o__Holosporales|f__Caedimonadaceae|g__Candidatus_Nucleicultrix|s__Candidatus_Nucleicultrix_amoebiphila|t__SGB28929",0,0,NA,FALSE,FALSE,FALSE,NA,"HMP1-2 taxonomy vaginal"
"k__Bacteria|p__Firmicutes|c__Tissierellia|o__Tissierellales|f__Peptoniphilaceae|g__Parvimonas|s__Parvimonas_sp_oral_taxon_393|t__SGB6652",0,0,NA,FALSE,FALSE,FALSE,NA,"HMP1-2 taxonomy vaginal"
"k__Bacteria|p__Actinobacteria|c__Actinobacteria|o__Actinomycetales|f__Actinomycetaceae|g__Schaalia|s__Schaalia_cardiffensis|t__SGB17147",0,0,NA,FALSE,FALSE,FALSE,NA,"HMP1-2 taxonomy vaginal"
"k__Bacteria|p__Bacteroidetes|c__CFGB618|o__OFGB618|f__FGB618|g__GGB1455|s__GGB1455_SGB2018|t__SGB2018",1,0.00429184549356223,0.00333439966656003,FALSE,TRUE,FALSE,NA,"HMP1-2 taxonomy vaginal"
"k__Bacteria|p__Firmicutes|c__Tissierellia|o__Tissierellales|f__Peptoniphilaceae|g__Parvimonas|s__Parvimonas_sp_KA00067|t__SGB6648",1,0.00429184549356223,5.13000205200082e-05,FALSE,FALSE,FALSE,NA,"HMP1-2 taxonomy vaginal"
"k__Bacteria|p__Firmicutes|c__Clostridia|o__Clostridiales|f__Lachnospiraceae|g__Blautia|s__Blautia_producta|t__SGB4791",0,0,NA,FALSE,FALSE,FALSE,NA,"HMP1-2 taxonomy vaginal"
"k__Bacteria|p__Firmicutes|c__Tissierellia|o__Tissierellales|f__Peptoniphilaceae|g__Peptoniphilus|s__Peptoniphilus_SGB6699|t__SGB6699",0,0,NA,FALSE,FALSE,FALSE,NA,"HMP1-2 taxonomy vaginal"
"k__Bacteria|p__Firmicutes|c__Negativicutes|o__Veillonellales|f__Veillonellaceae|g__Negativicoccus|s__Negativicoccus_succinicivorans|t__SGB5794_group",0,0,NA,FALSE,FALSE,FALSE,NA,"HMP1-2 taxonomy vaginal"
"k__Bacteria|p__Firmicutes|c__Clostridia|o__Clostridiales|f__Lachnospiraceae|g__GGB3606|s__GGB3606_SGB4870|t__SGB4870",0,0,NA,FALSE,FALSE,FALSE,NA,"HMP1-2 taxonomy vaginal"
"k__Bacteria|p__Firmicutes|c__CFGB3048|o__OFGB3048|f__FGB3048|g__GGB9560|s__GGB9560_SGB69175|t__SGB69175",0,0,NA,FALSE,FALSE,FALSE,NA,"HMP1-2 taxonomy vaginal"
"k__Bacteria|p__Firmicutes|c__CFGB12277|o__OFGB12277|f__FGB12277|g__GGB35068|s__GGB35068_SGB47850|t__SGB47850",0,0,NA,FALSE,FALSE,FALSE,NA,"HMP1-2 taxonomy vaginal"
"k__Bacteria|p__Proteobacteria|c__Gammaproteobacteria|o__Pseudomonadales|f__Moraxellaceae|g__GGB7107|s__GGB7107_SGB10420|t__SGB10420",0,0,NA,FALSE,FALSE,FALSE,NA,"HMP1-2 taxonomy vaginal"
"k__Bacteria|p__Firmicutes|c__Clostridia|o__Clostridiales|f__Lachnospiraceae|g__Lachnospiraceae_unclassified|s__Lachnospiraceae_bacterium|t__SGB47543",0,0,NA,FALSE,FALSE,FALSE,NA,"HMP1-2 taxonomy vaginal"
"k__Bacteria|p__Firmicutes|c__Clostridia|o__Clostridiales|f__Christensenellaceae|g__Christensenellaceae_unclassified|s__Christensenellaceae_bacterium_NSJ_53|t__SGB82545",0,0,NA,FALSE,FALSE,FALSE,NA,"HMP1-2 taxonomy vaginal"
"k__Bacteria|p__Proteobacteria|c__Alphaproteobacteria|o__Rhodobacterales|f__Rhodobacteraceae|g__Rhodobacteraceae_unclassified|s__Rhodobacteraceae_unclassified_SGB53807|t__SGB53807",0,0,NA,FALSE,FALSE,FALSE,NA,"HMP1-2 taxonomy vaginal"
"k__Bacteria|p__Firmicutes|c__Clostridia|o__Clostridiales|f__Ruminococcaceae|g__Pseudoflavonifractor|s__Pseudoflavonifractor_sp_Marseille_P3106|t__SGB15142",0,0,NA,FALSE,FALSE,FALSE,NA,"HMP1-2 taxonomy vaginal"
"k__Bacteria|p__Firmicutes|c__Negativicutes|o__Veillonellales|f__Veillonellaceae|g__Megasphaera|s__Megasphaera_massiliensis|t__SGB5857_group",0,0,NA,FALSE,FALSE,FALSE,NA,"HMP1-2 taxonomy vaginal"
"k__Bacteria|p__Firmicutes|c__Clostridia|o__Clostridiales|f__Lachnospiraceae|g__Frisingicoccus|s__Frisingicoccus_caecimuris|t__SGB4675",0,0,NA,FALSE,FALSE,FALSE,NA,"HMP1-2 taxonomy vaginal"
"k__Bacteria|p__Firmicutes|c__Clostridia|o__Clostridiales|f__Ruminococcaceae|g__GGB9694|s__GGB9694_SGB15202|t__SGB15202",0,0,NA,FALSE,FALSE,FALSE,NA,"HMP1-2 taxonomy vaginal"
"k__Bacteria|p__Firmicutes|c__Clostridia|o__Clostridia_unclassified|f__Clostridia_unclassified|g__Candidatus_Aristotella|s__Candidatus_Aristotella_avistercoris|t__SGB63343",0,0,NA,FALSE,FALSE,FALSE,NA,"HMP1-2 taxonomy vaginal"
"k__Bacteria|p__Proteobacteria|c__CFGB2428|o__OFGB2428|f__FGB2428|g__GGB6646|s__GGB6646_SGB9383|t__SGB9383",0,0,NA,FALSE,FALSE,FALSE,NA,"HMP1-2 taxonomy vaginal"
"k__Bacteria|p__Proteobacteria|c__Gammaproteobacteria|o__Pseudomonadales|f__Pseudomonadaceae|g__Pseudomonas|s__Pseudomonas_fluorescens|t__SGB12127",24,0.103004291845494,0.00404081230751586,TRUE,TRUE,TRUE,0.0407635423582765,"HMP1-2 taxonomy vaginal"
"k__Bacteria|p__Proteobacteria|c__Gammaproteobacteria|o__Enterobacterales|f__Yersiniaceae|g__Serratia|s__Serratia_proteamaculans|t__SGB10258",0,0,NA,FALSE,FALSE,FALSE,NA,"HMP1-2 taxonomy vaginal"
"k__Bacteria|p__Firmicutes|c__Bacilli|o__Bacillales|f__Listeriaceae|g__Brochothrix|s__Brochothrix_thermosphacta|t__SGB7517",0,0,NA,FALSE,FALSE,FALSE,NA,"HMP1-2 taxonomy vaginal"
"k__Bacteria|p__Firmicutes|c__Bacilli|o__Lactobacillales|f__Carnobacteriaceae|g__Carnobacterium|s__Carnobacterium_divergens|t__SGB7903",0,0,NA,FALSE,FALSE,FALSE,NA,"HMP1-2 taxonomy vaginal"
"k__Bacteria|p__Proteobacteria|c__Gammaproteobacteria|o__Pseudomonadales|f__Pseudomonadaceae|g__Pseudomonas|s__Pseudomonas_fragi|t__SGB12106",0,0,NA,FALSE,FALSE,FALSE,NA,"HMP1-2 taxonomy vaginal"
"k__Bacteria|p__Proteobacteria|c__Gammaproteobacteria|o__Pseudomonadales|f__Moraxellaceae|g__Psychrobacter|s__Psychrobacter_sp_1501_2011|t__SGB10442",0,0,NA,FALSE,FALSE,FALSE,NA,"HMP1-2 taxonomy vaginal"
"k__Bacteria|p__Proteobacteria|c__Gammaproteobacteria|o__Pseudomonadales|f__Moraxellaceae|g__Psychrobacter|s__Psychrobacter_cibarius|t__SGB10459",0,0,NA,FALSE,FALSE,FALSE,NA,"HMP1-2 taxonomy vaginal"
"k__Bacteria|p__Proteobacteria|c__Gammaproteobacteria|o__Pseudomonadales|f__Moraxellaceae|g__Psychrobacter|s__Psychrobacter_okhotskensis|t__SGB10460",0,0,NA,FALSE,FALSE,FALSE,NA,"HMP1-2 taxonomy vaginal"
"k__Bacteria|p__Firmicutes|c__Bacilli|o__Lactobacillales|f__Leuconostocaceae|g__Leuconostoc|s__Leuconostoc_carnosum|t__SGB7129",0,0,NA,FALSE,FALSE,FALSE,NA,"HMP1-2 taxonomy vaginal"
"k__Bacteria|p__Firmicutes|c__Bacilli|o__Lactobacillales|f__Carnobacteriaceae|g__Carnobacterium|s__Carnobacterium_maltaromaticum|t__SGB7902",0,0,NA,FALSE,FALSE,FALSE,NA,"HMP1-2 taxonomy vaginal"
"k__Bacteria|p__Firmicutes|c__Bacilli|o__Lactobacillales|f__Leuconostocaceae|g__Leuconostoc|s__Leuconostoc_gelidum|t__SGB7127",0,0,NA,FALSE,FALSE,FALSE,NA,"HMP1-2 taxonomy vaginal"
"k__Bacteria|p__Proteobacteria|c__Betaproteobacteria|o__Burkholderiales|f__Oxalobacteraceae|g__Oxalobacter|s__Oxalobacter_SGB9385|t__SGB9385",0,0,NA,FALSE,FALSE,FALSE,NA,"HMP1-2 taxonomy vaginal"
"k__Bacteria|p__Proteobacteria|c__Betaproteobacteria|o__Burkholderiales|f__Oxalobacteraceae|g__Herbaspirillum|s__Herbaspirillum_huttiense|t__SGB12894",19,0.0815450643776824,0.00213043154090054,FALSE,TRUE,FALSE,NA,"HMP1-2 taxonomy vaginal"
"k__Bacteria|p__Firmicutes|c__Clostridia|o__Clostridiales|f__Eubacteriaceae|g__Eubacteriaceae_unclassified|s__Eubacteriaceae_bacterium_CHKCI004|t__SGB4682",0,0,NA,FALSE,FALSE,FALSE,NA,"HMP1-2 taxonomy vaginal"
"k__Bacteria|p__Firmicutes|c__Clostridia|o__Clostridia_unclassified|f__Clostridia_unclassified|g__Clostridia_unclassified|s__Clostridia_bacterium|t__SGB13977",0,0,NA,FALSE,FALSE,FALSE,NA,"HMP1-2 taxonomy vaginal"
"k__Bacteria|p__Actinobacteria|c__Coriobacteriia|o__Eggerthellales|f__Eggerthellaceae|g__Eggerthellaceae_unclassified|s__Eggerthellaceae_bacterium|t__SGB86230",0,0,NA,FALSE,FALSE,FALSE,NA,"HMP1-2 taxonomy vaginal"
"k__Bacteria|p__Bacteroidetes|c__Bacteroidia|o__Bacteroidales|f__Bacteroidaceae|g__GGB1387|s__GGB1387_SGB1894|t__SGB1894",0,0,NA,FALSE,FALSE,FALSE,NA,"HMP1-2 taxonomy vaginal"
"k__Bacteria|p__Firmicutes|c__Clostridia|o__Clostridiales|f__Ruminococcaceae|g__GGB9729|s__GGB9729_SGB15288|t__SGB15288_group",0,0,NA,FALSE,FALSE,FALSE,NA,"HMP1-2 taxonomy vaginal"
"k__Bacteria|p__Proteobacteria|c__Alphaproteobacteria|o__Rhizobiales|f__Bradyrhizobiaceae|g__Afipia|s__Afipia_birgiae|t__SGB31944",0,0,NA,FALSE,FALSE,FALSE,NA,"HMP1-2 taxonomy vaginal"
"k__Bacteria|p__Proteobacteria|c__Alphaproteobacteria|o__Sphingomonadales|f__Sphingomonadaceae|g__Sphingomonas|s__Sphingomonas_koreensis|t__SGB11633",2,0.00858369098712446,5.98000031650003e-05,FALSE,FALSE,FALSE,NA,"HMP1-2 taxonomy vaginal"
"k__Bacteria|p__Firmicutes|c__Clostridia|o__Clostridiales|f__Ruminococcaceae|g__Ruminococcaceae_unclassified|s__Ruminococcaceae_bacterium|t__SGB4181",0,0,NA,FALSE,FALSE,FALSE,NA,"HMP1-2 taxonomy vaginal"
"k__Bacteria|p__Tenericutes|c__Mollicutes|o__Acholeplasmatales|f__Acholeplasmatales_unclassified|g__Acholeplasmatales_unclassified|s__Acholeplasmatales_unclassified_SGB6584|t__SGB6584",0,0,NA,FALSE,FALSE,FALSE,NA,"HMP1-2 taxonomy vaginal"
"k__Bacteria|p__Bacteroidetes|c__Bacteroidia|o__Bacteroidales|f__Prevotellaceae|g__Prevotella|s__Prevotella_marseillensis|t__SGB1588",1,0.00429184549356223,2.5499994900001e-05,FALSE,FALSE,FALSE,NA,"HMP1-2 taxonomy vaginal"
"k__Bacteria|p__Firmicutes|c__Clostridia|o__Clostridiales|f__Lachnospiraceae|g__Marvinbryantia|s__Marvinbryantia_SGB4691|t__SGB4691",0,0,NA,FALSE,FALSE,FALSE,NA,"HMP1-2 taxonomy vaginal"
"k__Bacteria|p__Actinobacteria|c__CFGB9370|o__OFGB9370|f__FGB9370|g__GGB51959|s__GGB51959_SGB72479|t__SGB72479",0,0,NA,FALSE,FALSE,FALSE,NA,"HMP1-2 taxonomy vaginal"
"k__Bacteria|p__Actinobacteria|c__Actinobacteria|o__Actinomycetales|f__Actinomycetaceae|g__Varibaculum|s__Varibaculum_SGB15480|t__SGB15480",0,0,NA,FALSE,FALSE,FALSE,NA,"HMP1-2 taxonomy vaginal"
"k__Bacteria|p__Firmicutes|c__Tissierellia|o__Tissierellia_unclassified|f__Tissierellia_unclassified|g__Ezakiella|s__Ezakiella_massiliensis|t__SGB6731",0,0,NA,FALSE,FALSE,FALSE,NA,"HMP1-2 taxonomy vaginal"
"k__Bacteria|p__Firmicutes|c__Clostridia|o__Clostridiales|f__Clostridiales_Family_XIII_Incertae_Sedis|g__Clostridiales_Family_XIII_Incertae_Sedis_unclassified|s__Clostridiales_bacterium_S5_A14a|t__SGB3977",0,0,NA,FALSE,FALSE,FALSE,NA,"HMP1-2 taxonomy vaginal"
"k__Bacteria|p__Fusobacteria|c__Fusobacteriia|o__Fusobacteriales|f__Fusobacteriaceae|g__Fusobacterium|s__Fusobacterium_naviforme|t__SGB5268",1,0.00429184549356223,0.000412399958760004,FALSE,FALSE,FALSE,NA,"HMP1-2 taxonomy vaginal"
"k__Bacteria|p__Firmicutes|c__Clostridia|o__Clostridiales|f__Lachnospiraceae|g__Faecalicatena|s__Faecalicatena_orotica|t__SGB4616",0,0,NA,FALSE,FALSE,FALSE,NA,"HMP1-2 taxonomy vaginal"
"k__Bacteria|p__Actinobacteria|c__Coriobacteriia|o__Coriobacteriales|f__Coriobacteriaceae|g__Collinsella|s__Collinsella_stercoris|t__SGB14740",0,0,NA,FALSE,FALSE,FALSE,NA,"HMP1-2 taxonomy vaginal"
"k__Bacteria|p__Firmicutes|c__Clostridia|o__Clostridiales|f__Clostridiaceae|g__Clostridium|s__Clostridium_SGB4751|t__SGB4751",0,0,NA,FALSE,FALSE,FALSE,NA,"HMP1-2 taxonomy vaginal"
"k__Bacteria|p__Firmicutes|c__Clostridia|o__Clostridiales|f__Lachnospiraceae|g__Bariatricus|s__Bariatricus_massiliensis|t__SGB4006",0,0,NA,FALSE,FALSE,FALSE,NA,"HMP1-2 taxonomy vaginal"
"k__Bacteria|p__Proteobacteria|c__Gammaproteobacteria|o__Pseudomonadales|f__Moraxellaceae|g__Moraxella|s__Moraxella_catarrhalis|t__SGB10429",0,0,NA,FALSE,FALSE,FALSE,NA,"HMP1-2 taxonomy vaginal"
"k__Bacteria|p__Proteobacteria|c__Gammaproteobacteria|o__Enterobacterales|f__Morganellaceae|g__Proteus|s__Proteus_mirabilis|t__SGB9992",0,0,NA,FALSE,FALSE,FALSE,NA,"HMP1-2 taxonomy vaginal"
"k__Bacteria|p__Proteobacteria|c__Gammaproteobacteria|o__Enterobacterales|f__Enterobacteriaceae|g__Klebsiella|s__Klebsiella_aerogenes|t__SGB10116",0,0,NA,FALSE,FALSE,FALSE,NA,"HMP1-2 taxonomy vaginal"
"k__Bacteria|p__Proteobacteria|c__Betaproteobacteria|o__Burkholderiales|f__Sutterellaceae|g__Parasutterella|s__Parasutterella_sp_NM82_D38|t__SGB9265",0,0,NA,FALSE,FALSE,FALSE,NA,"HMP1-2 taxonomy vaginal"
"k__Bacteria|p__Bacteroidetes|c__Flavobacteriia|o__Flavobacteriales|f__Flavobacteriales_unclassified|g__Flavobacteriales_unclassified|s__Flavobacteriales_bacterium|t__SGB2275",0,0,NA,FALSE,FALSE,FALSE,NA,"HMP1-2 taxonomy vaginal"
"k__Eukaryota|p__Basidiomycota|c__Malasseziomycetes|o__Malasseziales|f__Malasseziaceae|g__Malassezia|s__Malassezia_sympodialis|t__EUK76777",0,0,NA,FALSE,FALSE,FALSE,NA,"HMP1-2 taxonomy vaginal"
"k__Bacteria|p__Bacteroidetes|c__Bacteroidia|o__Bacteroidales|f__Bacteroidales_unclassified|g__GGB27872|s__GGB27872_SGB40306|t__SGB40306",0,0,NA,FALSE,FALSE,FALSE,NA,"HMP1-2 taxonomy vaginal"
"k__Bacteria|p__Firmicutes|c__Clostridia|o__Clostridiales|f__Clostridiaceae|g__Butyricicoccus|s__Butyricicoccus_SGB14985|t__SGB14985_group",0,0,NA,FALSE,FALSE,FALSE,NA,"HMP1-2 taxonomy vaginal"
"k__Bacteria|p__Bacteroidetes|c__Bacteroidia|o__Bacteroidales|f__Barnesiellaceae|g__Barnesiella|s__Barnesiella_sp_An22|t__SGB1967",0,0,NA,FALSE,FALSE,FALSE,NA,"HMP1-2 taxonomy vaginal"
"k__Bacteria|p__Firmicutes|c__Erysipelotrichia|o__Erysipelotrichales|f__Erysipelotrichaceae|g__Holdemanella|s__Holdemanella_biformis|t__SGB6806_group",0,0,NA,FALSE,FALSE,FALSE,NA,"HMP1-2 taxonomy vaginal"
"k__Bacteria|p__Firmicutes|c__Clostridia|o__Clostridiales|f__Ruminococcaceae|g__GGB9691|s__GGB9691_SGB15198|t__SGB15198",0,0,NA,FALSE,FALSE,FALSE,NA,"HMP1-2 taxonomy vaginal"
"k__Bacteria|p__Firmicutes|c__Clostridia|o__Clostridia_unclassified|f__Clostridia_unclassified|g__Clostridia_unclassified|s__Clostridia_bacterium|t__SGB15409",0,0,NA,FALSE,FALSE,FALSE,NA,"HMP1-2 taxonomy vaginal"
"k__Bacteria|p__Firmicutes|c__Clostridia|o__Clostridiales|f__Lachnospiraceae|g__Lachnospiraceae_unclassified|s__Lachnospiraceae_bacterium_OF09_6|t__SGB4966",0,0,NA,FALSE,FALSE,FALSE,NA,"HMP1-2 taxonomy vaginal"
"k__Bacteria|p__Firmicutes|c__Clostridia|o__Clostridiales|f__Lachnospiraceae|g__Lachnospiraceae_unclassified|s__Lachnospiraceae_bacterium|t__SGB5061",0,0,NA,FALSE,FALSE,FALSE,NA,"HMP1-2 taxonomy vaginal"
"k__Bacteria|p__Firmicutes|c__Bacilli|o__Bacillales|f__Bacillales_unclassified|g__Gemella|s__Gemella_bergeri|t__SGB7283",0,0,NA,FALSE,FALSE,FALSE,NA,"HMP1-2 taxonomy vaginal"
"k__Bacteria|p__Verrucomicrobia|c__Verrucomicrobiae|o__Verrucomicrobiales|f__Akkermansiaceae|g__Akkermansia|s__Akkermansia_sp_BIOML_A40|t__SGB9223",0,0,NA,FALSE,FALSE,FALSE,NA,"HMP1-2 taxonomy vaginal"
"k__Bacteria|p__Firmicutes|c__Clostridia|o__Clostridiales|f__Ruminococcaceae|g__Ruminococcaceae_unclassified|s__Ruminococcaceae_bacterium|t__SGB14867",0,0,NA,FALSE,FALSE,FALSE,NA,"HMP1-2 taxonomy vaginal"
"k__Bacteria|p__Bacteroidetes|c__Bacteroidia|o__Bacteroidales|f__Dysgonomonadaceae|g__Dysgonomonas|s__Dysgonomonas_mossii|t__SGB1772",0,0,NA,FALSE,FALSE,FALSE,NA,"HMP1-2 taxonomy vaginal"
"k__Bacteria|p__Firmicutes|c__Clostridia|o__Clostridia_unclassified|f__Clostridia_unclassified|g__Clostridia_unclassified|s__Clostridia_bacterium|t__SGB54312",0,0,NA,FALSE,FALSE,FALSE,NA,"HMP1-2 taxonomy vaginal"
"k__Bacteria|p__Firmicutes|c__Bacilli|o__Lactobacillales|f__Leuconostocaceae|g__Leuconostoc|s__Leuconostoc_mesenteroides|t__SGB7126",0,0,NA,FALSE,FALSE,FALSE,NA,"HMP1-2 taxonomy vaginal"
"k__Bacteria|p__Firmicutes|c__Clostridia|o__Clostridia_unclassified|f__Clostridia_unclassified|g__Clostridia_unclassified|s__Clostridia_bacterium|t__SGB54313",0,0,NA,FALSE,FALSE,FALSE,NA,"HMP1-2 taxonomy vaginal"
"k__Bacteria|p__Firmicutes|c__Clostridia|o__Clostridia_unclassified|f__Clostridia_unclassified|g__Candidatus_Metalachnospira|s__Candidatus_Metalachnospira_gallinarum|t__SGB5181",0,0,NA,FALSE,FALSE,FALSE,NA,"HMP1-2 taxonomy vaginal"
"k__Bacteria|p__Firmicutes|c__Clostridia|o__Clostridiales|f__Eubacteriaceae|g__Eubacterium|s__Eubacterium_coprostanoligenes|t__SGB4330",0,0,NA,FALSE,FALSE,FALSE,NA,"HMP1-2 taxonomy vaginal"
"k__Bacteria|p__Firmicutes|c__Clostridia|o__Clostridiales|f__Ruminococcaceae|g__Ruminococcus|s__Ruminococcus_sp_JE7A12|t__SGB4272",0,0,NA,FALSE,FALSE,FALSE,NA,"HMP1-2 taxonomy vaginal"
"k__Bacteria|p__Actinobacteria|c__Coriobacteriia|o__Eggerthellales|f__Eggerthellaceae|g__Raoultibacter|s__Raoultibacter_massiliensis|t__SGB33551",0,0,NA,FALSE,FALSE,FALSE,NA,"HMP1-2 taxonomy vaginal"
"k__Bacteria|p__Bacteroidetes|c__Bacteroidia|o__Bacteroidales|f__Tannerellaceae|g__Tannerella|s__Tannerella_forsythia|t__SGB27842",0,0,NA,FALSE,FALSE,FALSE,NA,"HMP1-2 taxonomy vaginal"
"k__Bacteria|p__Actinobacteria|c__Actinobacteria|o__Propionibacteriales|f__Propionibacteriaceae|g__Propionibacterium|s__Propionibacterium_sp_oral_taxon_192|t__SGB16999",0,0,NA,FALSE,FALSE,FALSE,NA,"HMP1-2 taxonomy vaginal"
"k__Bacteria|p__Bacteroidetes|c__CFGB540|o__OFGB540|f__FGB540|g__GGB1109|s__GGB1109_SGB1423|t__SGB1423",1,0.00429184549356223,8.29999834000033e-06,FALSE,FALSE,FALSE,NA,"HMP1-2 taxonomy vaginal"
"k__Bacteria|p__Firmicutes|c__Bacilli|o__Bacilli_unclassified|f__Bacilli_unclassified|g__Bacilli_unclassified|s__Bacilli_bacterium|t__SGB6445",0,0,NA,FALSE,FALSE,FALSE,NA,"HMP1-2 taxonomy vaginal"
"k__Bacteria|p__Firmicutes|c__Clostridia|o__Clostridiales|f__Ruminococcaceae|g__GGB9595|s__GGB9595_SGB15019|t__SGB15019",0,0,NA,FALSE,FALSE,FALSE,NA,"HMP1-2 taxonomy vaginal"
"k__Bacteria|p__Firmicutes|c__Clostridia|o__Clostridia_unclassified|f__Clostridia_unclassified|g__Clostridia_unclassified|s__Clostridia_unclassified_SGB14196|t__SGB14196",0,0,NA,FALSE,FALSE,FALSE,NA,"HMP1-2 taxonomy vaginal"
"k__Bacteria|p__Firmicutes|c__Firmicutes_unclassified|o__Firmicutes_unclassified|f__Firmicutes_unclassified|g__Firmicutes_unclassified|s__Firmicutes_bacterium_AM41_11|t__SGB6817",0,0,NA,FALSE,FALSE,FALSE,NA,"HMP1-2 taxonomy vaginal"
"k__Bacteria|p__Bacteroidetes|c__Bacteroidia|o__Bacteroidales|f__Bacteroidaceae|g__Bacteroides|s__Bacteroides_faecalis|t__SGB27808",0,0,NA,FALSE,FALSE,FALSE,NA,"HMP1-2 taxonomy vaginal"
"k__Bacteria|p__Actinobacteria|c__Coriobacteriia|o__Eggerthellales|f__Eggerthellaceae|g__Slackia|s__Slackia_piriformis|t__SGB14779",0,0,NA,FALSE,FALSE,FALSE,NA,"HMP1-2 taxonomy vaginal"
"k__Bacteria|p__Bacteroidetes|c__Bacteroidia|o__Bacteroidales|f__Bacteroidaceae|g__Bacteroides|s__Bacteroides_timonensis|t__SGB1842",0,0,NA,FALSE,FALSE,FALSE,NA,"HMP1-2 taxonomy vaginal"
"k__Bacteria|p__Firmicutes|c__Clostridia|o__Clostridia_unclassified|f__Clostridia_unclassified|g__Clostridia_unclassified|s__Clostridia_bacterium|t__SGB6374",0,0,NA,FALSE,FALSE,FALSE,NA,"HMP1-2 taxonomy vaginal"
"k__Bacteria|p__Bacteroidetes|c__Bacteroidia|o__Bacteroidales|f__Odoribacteraceae|g__Butyricimonas|s__Butyricimonas_SGB1783|t__SGB1783",0,0,NA,FALSE,FALSE,FALSE,NA,"HMP1-2 taxonomy vaginal"
"k__Bacteria|p__Bacteroidetes|c__Bacteroidia|o__Bacteroidales|f__Barnesiellaceae|g__Barnesiella|s__Barnesiella_sp_WM24|t__SGB2084",0,0,NA,FALSE,FALSE,FALSE,NA,"HMP1-2 taxonomy vaginal"
"k__Bacteria|p__Firmicutes|c__Bacilli|o__Bacilli_unclassified|f__Bacilli_unclassified|g__Bacilli_unclassified|s__Bacilli_bacterium|t__SGB6570",0,0,NA,FALSE,FALSE,FALSE,NA,"HMP1-2 taxonomy vaginal"
"k__Bacteria|p__Actinobacteria|c__Actinobacteria|o__Corynebacteriales|f__Corynebacteriaceae|g__Corynebacterium|s__Corynebacterium_propinquum|t__SGB17012",0,0,NA,FALSE,FALSE,FALSE,NA,"HMP1-2 taxonomy vaginal"
"k__Bacteria|p__Actinobacteria|c__Actinobacteria|o__Corynebacteriales|f__Lawsonellaceae|g__Lawsonella|s__Lawsonella_SGB3665|t__SGB3665",7,0.0300429184549356,0.00143764281601858,FALSE,TRUE,FALSE,NA,"HMP1-2 taxonomy vaginal"
"k__Bacteria|p__Firmicutes|c__Clostridia|o__Clostridia_unclassified|f__Clostridia_unclassified|g__Clostridia_unclassified|s__Clostridia_bacterium|t__SGB6298",0,0,NA,FALSE,FALSE,FALSE,NA,"HMP1-2 taxonomy vaginal"
"k__Bacteria|p__Firmicutes|c__Clostridia|o__Clostridiales|f__Clostridiales_Family_XIII_Incertae_Sedis|g__Clostridiales_Family_XIII_Incertae_Sedis_unclassified|s__Clostridiales_Family_XIII_bacterium_WCA_MUC_591_APC_4B|t__SGB3926_group",0,0,NA,FALSE,FALSE,FALSE,NA,"HMP1-2 taxonomy vaginal"
"k__Bacteria|p__Firmicutes|c__Clostridia|o__Clostridia_unclassified|f__Clostridia_unclassified|g__Candidatus_Heteroscilispira|s__Candidatus_Heteroscilispira_lomanii|t__SGB63278",0,0,NA,FALSE,FALSE,FALSE,NA,"HMP1-2 taxonomy vaginal"
"k__Bacteria|p__Firmicutes|c__Bacilli|o__Bacillales|f__Bacillaceae|g__Psychrobacillus|s__Psychrobacillus_sp_BL_248_WT_3|t__SGB7511",0,0,NA,FALSE,FALSE,FALSE,NA,"HMP1-2 taxonomy vaginal"
"k__Bacteria|p__Proteobacteria|c__Gammaproteobacteria|o__Enterobacterales|f__Enterobacteriaceae|g__Citrobacter|s__Citrobacter_freundii|t__SGB10083_group",0,0,NA,FALSE,FALSE,FALSE,NA,"HMP1-2 taxonomy vaginal"
"k__Bacteria|p__Firmicutes|c__Clostridia|o__Clostridiales|f__Clostridiaceae|g__Clostridium|s__Clostridium_tertium|t__SGB6183",0,0,NA,FALSE,FALSE,FALSE,NA,"HMP1-2 taxonomy vaginal"
"k__Bacteria|p__Firmicutes|c__Clostridia|o__Clostridiales|f__Lachnospiraceae|g__Roseburia|s__Roseburia_SGB4949|t__SGB4949",0,0,NA,FALSE,FALSE,FALSE,NA,"HMP1-2 taxonomy vaginal"
"k__Bacteria|p__Firmicutes|c__Clostridia|o__Clostridiales|f__Clostridiaceae|g__Clostridiaceae_unclassified|s__Clostridiaceae_bacterium|t__SGB6153",0,0,NA,FALSE,FALSE,FALSE,NA,"HMP1-2 taxonomy vaginal"
"k__Bacteria|p__Firmicutes|c__Bacilli|o__Bacillales|f__Staphylococcaceae|g__Staphylococcus|s__Staphylococcus_pseudintermedius|t__SGB7827",0,0,NA,FALSE,FALSE,FALSE,NA,"HMP1-2 taxonomy vaginal"
"k__Bacteria|p__Aquificae|c__CFGB12224|o__OFGB12224|f__FGB12224|g__GGB41261|s__GGB41261_SGB64010|t__SGB64010",0,0,NA,FALSE,FALSE,FALSE,NA,"HMP1-2 taxonomy vaginal"
"k__Bacteria|p__Proteobacteria|c__Alphaproteobacteria|o__Rhodobacterales|f__Rhodobacteraceae|g__Paracoccus|s__Paracoccus_solventivorans|t__SGB10725",0,0,NA,FALSE,FALSE,FALSE,NA,"HMP1-2 taxonomy vaginal"
"k__Bacteria|p__Proteobacteria|c__Hydrogenophilalia|o__Hydrogenophilales|f__Hydrogenophilaceae|g__Tepidiphilus|s__Tepidiphilus_succinatimandens|t__SGB12605",0,0,NA,FALSE,FALSE,FALSE,NA,"HMP1-2 taxonomy vaginal"
"k__Bacteria|p__Fusobacteria|c__Fusobacteriia|o__Fusobacteriales|f__Fusobacteriaceae|g__Fusobacterium|s__Fusobacterium_necrophorum|t__SGB5986",0,0,NA,FALSE,FALSE,FALSE,NA,"HMP1-2 taxonomy vaginal"
"k__Bacteria|p__Spirochaetes|c__Spirochaetia|o__Brachyspirales|f__Brachyspiraceae|g__Brachyspira|s__Brachyspira_aalborgi|t__SGB5967",0,0,NA,FALSE,FALSE,FALSE,NA,"HMP1-2 taxonomy vaginal"
"k__Bacteria|p__Bacteroidetes|c__Bacteroidia|o__Bacteroidales|f__Muribaculaceae|g__Muribaculum|s__Muribaculum_gordoncarteri|t__SGB2087",0,0,NA,FALSE,FALSE,FALSE,NA,"HMP1-2 taxonomy vaginal"
"k__Bacteria|p__Firmicutes|c__Clostridia|o__Clostridiales|f__Christensenellaceae|g__Christensenella|s__Christensenella_sp_AF73_05CM02|t__SGB29341",0,0,NA,FALSE,FALSE,FALSE,NA,"HMP1-2 taxonomy vaginal"
"k__Bacteria|p__Firmicutes|c__CFGB9501|o__OFGB9501|f__FGB9501|g__GGB28369|s__GGB28369_SGB40949|t__SGB40949",0,0,NA,FALSE,FALSE,FALSE,NA,"HMP1-2 taxonomy vaginal"
"k__Bacteria|p__Bacteroidetes|c__Bacteroidia|o__Bacteroidales|f__Rikenellaceae|g__Rikenellaceae_unclassified|s__Rikenellaceae_bacterium|t__SGB2247",0,0,NA,FALSE,FALSE,FALSE,NA,"HMP1-2 taxonomy vaginal"
"k__Bacteria|p__Firmicutes|c__Clostridia|o__Clostridia_unclassified|f__Clostridia_unclassified|g__Clostridia_unclassified|s__Clostridia_bacterium|t__SGB4453",0,0,NA,FALSE,FALSE,FALSE,NA,"HMP1-2 taxonomy vaginal"
"k__Bacteria|p__Bacteroidetes|c__Bacteroidia|o__Bacteroidales|f__Bacteroidales_unclassified|g__GGB1536|s__GGB1536_SGB2119|t__SGB2119",0,0,NA,FALSE,FALSE,FALSE,NA,"HMP1-2 taxonomy vaginal"
"k__Bacteria|p__Firmicutes|c__Clostridia|o__Clostridiales|f__Clostridiales_Family_XIII_Incertae_Sedis|g__Bacilliculturomica|s__Bacilliculturomica_massiliensis|t__SGB28982",0,0,NA,FALSE,FALSE,FALSE,NA,"HMP1-2 taxonomy vaginal"
"k__Bacteria|p__Firmicutes|c__Clostridia|o__Clostridiales|f__Clostridiaceae|g__GGB4482|s__GGB4482_SGB6176|t__SGB6176",0,0,NA,FALSE,FALSE,FALSE,NA,"HMP1-2 taxonomy vaginal"
"k__Bacteria|p__Firmicutes|c__CFGB3035|o__OFGB3035|f__FGB3035|g__GGB9523|s__GGB9523_SGB14922|t__SGB14922",0,0,NA,FALSE,FALSE,FALSE,NA,"HMP1-2 taxonomy vaginal"
"k__Bacteria|p__Firmicutes|c__Clostridia|o__Clostridiales|f__Lachnospiraceae|g__Lachnospiraceae_unclassified|s__Lachnospiraceae_bacterium|t__SGB47610",0,0,NA,FALSE,FALSE,FALSE,NA,"HMP1-2 taxonomy vaginal"
"k__Bacteria|p__Firmicutes|c__Clostridia|o__Clostridiales|f__Ruminococcaceae|g__GGB9732|s__GGB9732_SGB15302|t__SGB15302",0,0,NA,FALSE,FALSE,FALSE,NA,"HMP1-2 taxonomy vaginal"
"k__Bacteria|p__Firmicutes|c__Clostridia|o__Clostridiales|f__Lachnospiraceae|g__Lachnospiraceae_unclassified|s__Lachnospiraceae_bacterium|t__SGB4673",0,0,NA,FALSE,FALSE,FALSE,NA,"HMP1-2 taxonomy vaginal"
"k__Bacteria|p__Firmicutes|c__Clostridia|o__Clostridiales|f__Clostridiaceae|g__GGB9580|s__GGB9580_SGB14998|t__SGB14998",0,0,NA,FALSE,FALSE,FALSE,NA,"HMP1-2 taxonomy vaginal"
"k__Bacteria|p__Firmicutes|c__Clostridia|o__Clostridiales|f__Lachnospiraceae|g__GGB3569|s__GGB3569_SGB4776|t__SGB4776",0,0,NA,FALSE,FALSE,FALSE,NA,"HMP1-2 taxonomy vaginal"
"k__Bacteria|p__Firmicutes|c__Clostridia|o__Clostridia_unclassified|f__Clostridia_unclassified|g__Clostridia_unclassified|s__Clostridia_bacterium|t__SGB53496",0,0,NA,FALSE,FALSE,FALSE,NA,"HMP1-2 taxonomy vaginal"
"k__Bacteria|p__Firmicutes|c__Clostridia|o__Clostridiales|f__Lachnospiraceae|g__Lachnospiraceae_unclassified|s__Lachnospiraceae_bacterium|t__SGB4605",0,0,NA,FALSE,FALSE,FALSE,NA,"HMP1-2 taxonomy vaginal"
"k__Bacteria|p__Firmicutes|c__CFGB3606|o__OFGB3606|f__FGB3606|g__GGB42689|s__GGB42689_SGB59892|t__SGB59892",0,0,NA,FALSE,FALSE,FALSE,NA,"HMP1-2 taxonomy vaginal"
"k__Bacteria|p__Firmicutes|c__Clostridia|o__Clostridia_unclassified|f__Clostridia_unclassified|g__Clostridia_unclassified|s__Clostridia_bacterium|t__SGB14021",0,0,NA,FALSE,FALSE,FALSE,NA,"HMP1-2 taxonomy vaginal"
"k__Bacteria|p__Firmicutes|c__Clostridia|o__Clostridiales|f__Lachnospiraceae|g__GGB3678|s__GGB3678_SGB4992|t__SGB4992",0,0,NA,FALSE,FALSE,FALSE,NA,"HMP1-2 taxonomy vaginal"
"k__Bacteria|p__Firmicutes|c__Bacilli|o__Bacilli_unclassified|f__Bacilli_unclassified|g__GGB4739|s__GGB4739_SGB6564|t__SGB6564",0,0,NA,FALSE,FALSE,FALSE,NA,"HMP1-2 taxonomy vaginal"
"k__Bacteria|p__Bacteroidetes|c__CFGB636|o__OFGB636|f__FGB636|g__GGB14001|s__GGB14001_SGB21428|t__SGB21428",0,0,NA,FALSE,FALSE,FALSE,NA,"HMP1-2 taxonomy vaginal"
"k__Bacteria|p__Firmicutes|c__Clostridia|o__Clostridiales|f__Lachnospiraceae|g__Lachnospiraceae_unclassified|s__Lachnospiraceae_bacterium|t__SGB4607",0,0,NA,FALSE,FALSE,FALSE,NA,"HMP1-2 taxonomy vaginal"
"k__Bacteria|p__Bacteroidetes|c__Bacteroidia|o__Bacteroidales|f__Tannerellaceae|g__Parabacteroides|s__Parabacteroides_gordonii|t__SGB1942",0,0,NA,FALSE,FALSE,FALSE,NA,"HMP1-2 taxonomy vaginal"
"k__Bacteria|p__Firmicutes|c__Clostridia|o__Clostridiales|f__Lachnospiraceae|g__Lachnospiraceae_unclassified|s__Lachnospiraceae_bacterium|t__SGB4994",0,0,NA,FALSE,FALSE,FALSE,NA,"HMP1-2 taxonomy vaginal"
"k__Bacteria|p__Firmicutes|c__Bacilli|o__Bacillales|f__Staphylococcaceae|g__Staphylococcus|s__Staphylococcus_auricularis|t__SGB7816",0,0,NA,FALSE,FALSE,FALSE,NA,"HMP1-2 taxonomy vaginal"
"k__Bacteria|p__Firmicutes|c__Bacilli|o__Lactobacillales|f__Carnobacteriaceae|g__Alloiococcus|s__Alloiococcus_otitis|t__SGB7016",0,0,NA,FALSE,FALSE,FALSE,NA,"HMP1-2 taxonomy vaginal"
"k__Bacteria|p__Firmicutes|c__CFGB1798|o__OFGB1798|f__FGB1798|g__GGB4769|s__GGB4769_SGB6602|t__SGB6602",0,0,NA,FALSE,FALSE,FALSE,NA,"HMP1-2 taxonomy vaginal"
"k__Bacteria|p__Firmicutes|c__Negativicutes|o__Acidaminococcales|f__Acidaminococcaceae|g__Acidaminococcaceae_unclassified|s__Acidaminococcaceae_unclassified_SGB5785|t__SGB5785",0,0,NA,FALSE,FALSE,FALSE,NA,"HMP1-2 taxonomy vaginal"
"k__Bacteria|p__Bacteroidetes|c__Bacteroidia|o__Bacteroidales|f__Porphyromonadaceae|g__Sanguibacteroides|s__Sanguibacteroides_justesenii|t__SGB1776",0,0,NA,FALSE,FALSE,FALSE,NA,"HMP1-2 taxonomy vaginal"
"k__Bacteria|p__Firmicutes|c__Clostridia|o__Clostridia_unclassified|f__Clostridia_unclassified|g__Candidatus_Neoanaerotignum|s__Candidatus_Neoanaerotignum_galli|t__SGB59530",0,0,NA,FALSE,FALSE,FALSE,NA,"HMP1-2 taxonomy vaginal"
"k__Bacteria|p__Bacteroidetes|c__Bacteroidia|o__Bacteroidales|f__Bacteroidaceae|g__Bacteroides|s__Bacteroides_sp_AF16_49|t__SGB1840",0,0,NA,FALSE,FALSE,FALSE,NA,"HMP1-2 taxonomy vaginal"
"k__Bacteria|p__Firmicutes|c__Clostridia|o__Clostridia_unclassified|f__Clostridia_unclassified|g__Clostridia_unclassified|s__Clostridia_bacterium|t__SGB6273",0,0,NA,FALSE,FALSE,FALSE,NA,"HMP1-2 taxonomy vaginal"
"k__Bacteria|p__Firmicutes|c__Clostridia|o__Clostridia_unclassified|f__Clostridia_unclassified|g__GGB9530|s__GGB9530_SGB14930|t__SGB14930",0,0,NA,FALSE,FALSE,FALSE,NA,"HMP1-2 taxonomy vaginal"
"k__Bacteria|p__Firmicutes|c__Clostridia|o__Clostridiales|f__Lachnospiraceae|g__Lachnospiraceae_unclassified|s__Lachnospiraceae_bacterium|t__SGB4877",0,0,NA,FALSE,FALSE,FALSE,NA,"HMP1-2 taxonomy vaginal"
"k__Bacteria|p__Firmicutes|c__Clostridia|o__Clostridiales|f__Ruminococcaceae|g__Drancourtella|s__Drancourtella_sp_An57|t__SGB4619",0,0,NA,FALSE,FALSE,FALSE,NA,"HMP1-2 taxonomy vaginal"
"k__Bacteria|p__Firmicutes|c__Bacilli|o__Lactobacillales|f__Streptococcaceae|g__Streptococcus|s__Streptococcus_equinus|t__SGB8022",0,0,NA,FALSE,FALSE,FALSE,NA,"HMP1-2 taxonomy vaginal"
"k__Bacteria|p__Firmicutes|c__Bacilli|o__Lactobacillales|f__Enterococcaceae|g__Enterococcus|s__Enterococcus_gallinarum|t__SGB7951",0,0,NA,FALSE,FALSE,FALSE,NA,"HMP1-2 taxonomy vaginal"
"k__Bacteria|p__Firmicutes|c__Clostridia|o__Clostridiales|f__Lachnospiraceae|g__Lachnospiraceae_unclassified|s__Lachnospiraceae_bacterium|t__SGB4755",0,0,NA,FALSE,FALSE,FALSE,NA,"HMP1-2 taxonomy vaginal"
"k__Bacteria|p__Firmicutes|c__Clostridia|o__Clostridia_unclassified|f__Clostridia_unclassified|g__Clostridia_unclassified|s__Clostridia_bacterium|t__SGB4316",0,0,NA,FALSE,FALSE,FALSE,NA,"HMP1-2 taxonomy vaginal"
"k__Bacteria|p__Proteobacteria|c__Betaproteobacteria|o__Neisseriales|f__Neisseriaceae|g__Kingella|s__Kingella_potus|t__SGB23375",0,0,NA,FALSE,FALSE,FALSE,NA,"HMP1-2 taxonomy vaginal"
"k__Bacteria|p__Proteobacteria|c__Betaproteobacteria|o__Neisseriales|f__Neisseriaceae|g__Neisseria|s__Neisseria_shayeganii|t__SGB9446",0,0,NA,FALSE,FALSE,FALSE,NA,"HMP1-2 taxonomy vaginal"
"k__Bacteria|p__Firmicutes|c__Clostridia|o__Clostridiales|f__Lachnospiraceae|g__Lachnospiraceae_unclassified|s__Lachnospiraceae_unclassified_SGB5063|t__SGB5063",0,0,NA,FALSE,FALSE,FALSE,NA,"HMP1-2 taxonomy vaginal"
"k__Bacteria|p__Bacteroidetes|c__Bacteroidia|o__Bacteroidales|f__Bacteroidales_unclassified|g__Bacteroidales_unclassified|s__Bacteroidales_bacterium|t__SGB2085",0,0,NA,FALSE,FALSE,FALSE,NA,"HMP1-2 taxonomy vaginal"
"k__Bacteria|p__Firmicutes|c__Clostridia|o__Clostridiales|f__Lachnospiraceae|g__GGB3664|s__GGB3664_SGB4976|t__SGB4976",0,0,NA,FALSE,FALSE,FALSE,NA,"HMP1-2 taxonomy vaginal"
"k__Bacteria|p__Bacteroidetes|c__Bacteroidia|o__Bacteroidales|f__Bacteroidales_unclassified|g__Bacteroidales_unclassified|s__Bacteroidales_bacterium|t__SGB48233",0,0,NA,FALSE,FALSE,FALSE,NA,"HMP1-2 taxonomy vaginal"
"k__Bacteria|p__Proteobacteria|c__Gammaproteobacteria|o__Enterobacterales|f__Enterobacteriaceae|g__Escherichia|s__Escherichia_marmotae|t__SGB10064",0,0,NA,FALSE,FALSE,FALSE,NA,"HMP1-2 taxonomy vaginal"
"k__Bacteria|p__Firmicutes|c__Clostridia|o__Clostridiales|f__Lachnospiraceae|g__GGB3617|s__GGB3617_SGB4891|t__SGB4891",0,0,NA,FALSE,FALSE,FALSE,NA,"HMP1-2 taxonomy vaginal"
"k__Bacteria|p__Firmicutes|c__Clostridia|o__Clostridiales|f__Lachnospiraceae|g__Lachnospiraceae_unclassified|s__Lachnospiraceae_bacterium|t__SGB4888",0,0,NA,FALSE,FALSE,FALSE,NA,"HMP1-2 taxonomy vaginal"
"k__Bacteria|p__Firmicutes|c__Negativicutes|o__Veillonellales|f__Veillonellaceae|g__Veillonella|s__Veillonella_ratti|t__SGB6922",0,0,NA,FALSE,FALSE,FALSE,NA,"HMP1-2 taxonomy vaginal"
"k__Bacteria|p__Firmicutes|c__Clostridia|o__Clostridia_unclassified|f__Clostridia_unclassified|g__Clostridia_unclassified|s__Clostridia_bacterium|t__SGB4333",0,0,NA,FALSE,FALSE,FALSE,NA,"HMP1-2 taxonomy vaginal"
"k__Bacteria|p__Actinobacteria|c__Actinobacteria|o__Corynebacteriales|f__Lawsonellaceae|g__Lawsonella|s__Lawsonella_clevelandensis|t__SGB3664",4,0.0171673819742489,0.00313045074751522,FALSE,TRUE,FALSE,NA,"HMP1-2 taxonomy vaginal"
"k__Bacteria|p__Actinobacteria|c__Actinobacteria|o__Corynebacteriales|f__Corynebacteriaceae|g__Corynebacterium|s__Corynebacterium_singulare|t__SGB17118",0,0,NA,FALSE,FALSE,FALSE,NA,"HMP1-2 taxonomy vaginal"
"k__Bacteria|p__Actinobacteria|c__Coriobacteriia|o__Coriobacteriales|f__Coriobacteriaceae|g__Enorma|s__Enorma_massiliensis|t__SGB14749",0,0,NA,FALSE,FALSE,FALSE,NA,"HMP1-2 taxonomy vaginal"
"k__Bacteria|p__Bacteroidetes|c__Bacteroidia|o__Bacteroidales|f__Bacteroidaceae|g__Bacteroides|s__Bacteroides_fluxus|t__SGB1835",0,0,NA,FALSE,FALSE,FALSE,NA,"HMP1-2 taxonomy vaginal"
"k__Bacteria|p__Firmicutes|c__Negativicutes|o__Veillonellales|f__Veillonellaceae|g__GGB4263|s__GGB4263_SGB5801|t__SGB5801",0,0,NA,FALSE,FALSE,FALSE,NA,"HMP1-2 taxonomy vaginal"
"k__Bacteria|p__Firmicutes|c__CFGB12855|o__OFGB12855|f__FGB12855|g__GGB36331|s__GGB36331_SGB53806|t__SGB53806",0,0,NA,FALSE,FALSE,FALSE,NA,"HMP1-2 taxonomy vaginal"
"k__Bacteria|p__Actinobacteria|c__Actinobacteria|o__Bifidobacteriales|f__Bifidobacteriaceae|g__Bifidobacterium|s__Bifidobacterium_animalis|t__SGB17278",0,0,NA,FALSE,FALSE,FALSE,NA,"HMP1-2 taxonomy vaginal"
"k__Bacteria|p__Firmicutes|c__Clostridia|o__Clostridia_unclassified|f__Clostridia_unclassified|g__Clostridia_unclassified|s__Clostridia_bacterium|t__SGB14139",0,0,NA,FALSE,FALSE,FALSE,NA,"HMP1-2 taxonomy vaginal"
"k__Bacteria|p__Bacteroidetes|c__Flavobacteriia|o__Flavobacteriales|f__Weeksellaceae|g__Bergeyella|s__Bergeyella_cardium|t__SGB28230",1,0.00429184549356223,0.000106000042400017,FALSE,FALSE,FALSE,NA,"HMP1-2 taxonomy vaginal"
"k__Bacteria|p__Firmicutes|c__Bacilli|o__Bacillales|f__Staphylococcaceae|g__Staphylococcus|s__Staphylococcus_saprophyticus|t__SGB7848",0,0,NA,FALSE,FALSE,FALSE,NA,"HMP1-2 taxonomy vaginal"
"k__Bacteria|p__Firmicutes|c__Clostridia|o__Clostridia_unclassified|f__Clostridia_unclassified|g__Clostridia_unclassified|s__Clostridia_bacterium|t__SGB6077",0,0,NA,FALSE,FALSE,FALSE,NA,"HMP1-2 taxonomy vaginal"
"k__Bacteria|p__Actinobacteria|c__Actinobacteria|o__Actinomycetales|f__Actinomycetaceae|g__Actinomyces|s__Actinomyces_sp_ZJ1629|t__SGB86826",0,0,NA,FALSE,FALSE,FALSE,NA,"HMP1-2 taxonomy vaginal"
"k__Bacteria|p__Proteobacteria|c__Gammaproteobacteria|o__Pasteurellales|f__Pasteurellaceae|g__Aggregatibacter|s__Aggregatibacter_kilianii|t__SGB31002",0,0,NA,FALSE,FALSE,FALSE,NA,"HMP1-2 taxonomy vaginal"
"k__Bacteria|p__Candidatus_Melainabacteria|c__Candidatus_Melainabacteria_unclassified|o__Candidatus_Gastranaerophilales|f__Candidatus_Gastranaerophilales_unclassified|g__GGB6012|s__GGB6012_SGB8640|t__SGB8640",0,0,NA,FALSE,FALSE,FALSE,NA,"HMP1-2 taxonomy vaginal"
"k__Bacteria|p__Bacteroidetes|c__Bacteroidia|o__Bacteroidales|f__Bacteroidaceae|g__Bacteroidaceae_unclassified|s__Bacteroidaceae_bacterium|t__SGB1474",0,0,NA,FALSE,FALSE,FALSE,NA,"HMP1-2 taxonomy vaginal"
"k__Bacteria|p__Proteobacteria|c__CFGB1062|o__OFGB1062|f__FGB1062|g__GGB2734|s__GGB2734_SGB3677|t__SGB3677",0,0,NA,FALSE,FALSE,FALSE,NA,"HMP1-2 taxonomy vaginal"
"k__Bacteria|p__Firmicutes|c__Clostridia|o__Clostridiales|f__Lachnospiraceae|g__GGB3637|s__GGB3637_SGB4930|t__SGB4930",0,0,NA,FALSE,FALSE,FALSE,NA,"HMP1-2 taxonomy vaginal"
"k__Bacteria|p__Verrucomicrobia|c__Opitutae|o__Opitutales|f__Opitutales_unclassified|g__Opitutales_unclassified|s__Opitutales_bacterium|t__SGB8769",0,0,NA,FALSE,FALSE,FALSE,NA,"HMP1-2 taxonomy vaginal"
"k__Bacteria|p__Firmicutes|c__Clostridia|o__Clostridiales|f__Ruminococcaceae|g__GGB9635|s__GGB9635_SGB15101|t__SGB15101",0,0,NA,FALSE,FALSE,FALSE,NA,"HMP1-2 taxonomy vaginal"
"k__Bacteria|p__Firmicutes|c__Bacilli|o__Bacilli_unclassified|f__Bacilli_unclassified|g__GGB4693|s__GGB4693_SGB6491|t__SGB6491",0,0,NA,FALSE,FALSE,FALSE,NA,"HMP1-2 taxonomy vaginal"
"k__Bacteria|p__Firmicutes|c__Clostridia|o__Clostridia_unclassified|f__Clostridia_unclassified|g__Clostridia_unclassified|s__Clostridia_bacterium|t__SGB6346",0,0,NA,FALSE,FALSE,FALSE,NA,"HMP1-2 taxonomy vaginal"
"k__Bacteria|p__Actinobacteria|c__Coriobacteriia|o__Coriobacteriales|f__Atopobiaceae|g__Olsenella|s__Olsenella_sp_GAM18|t__SGB14370_group",0,0,NA,FALSE,FALSE,FALSE,NA,"HMP1-2 taxonomy vaginal"
"k__Bacteria|p__Firmicutes|c__Clostridia|o__Clostridiales|f__Ruminococcaceae|g__GGB13472|s__GGB13472_SGB20758|t__SGB20758",0,0,NA,FALSE,FALSE,FALSE,NA,"HMP1-2 taxonomy vaginal"
"k__Bacteria|p__Actinobacteria|c__Actinobacteria|o__Corynebacteriales|f__Corynebacteriaceae|g__Corynebacterium|s__Corynebacterium_fournieri|t__SGB33706",0,0,NA,FALSE,FALSE,FALSE,NA,"HMP1-2 taxonomy vaginal"
"k__Bacteria|p__Firmicutes|c__Negativicutes|o__Acidaminococcales|f__Acidaminococcaceae|g__GGB4250|s__GGB4250_SGB5751|t__SGB5751",0,0,NA,FALSE,FALSE,FALSE,NA,"HMP1-2 taxonomy vaginal"
"k__Bacteria|p__Proteobacteria|c__Epsilonproteobacteria|o__Campylobacterales|f__Helicobacteraceae|g__Helicobacter|s__Helicobacter_pylori|t__SGB19376",0,0,NA,FALSE,FALSE,FALSE,NA,"HMP1-2 taxonomy vaginal"
"k__Bacteria|p__Firmicutes|c__Clostridia|o__Clostridiales|f__Peptostreptococcaceae|g__Peptacetobacter|s__Peptacetobacter_hiranonis|t__SGB6131",0,0,NA,FALSE,FALSE,FALSE,NA,"HMP1-2 taxonomy vaginal"
"k__Bacteria|p__Firmicutes|c__Bacilli|o__Lactobacillales|f__Streptococcaceae|g__Streptococcus|s__Streptococcus_dysgalactiae|t__SGB8219",0,0,NA,FALSE,FALSE,FALSE,NA,"HMP1-2 taxonomy vaginal"
"k__Bacteria|p__Firmicutes|c__Negativicutes|o__Veillonellales|f__Veillonellaceae|g__Veillonella|s__Veillonella_denticariosi|t__SGB6938",0,0,NA,FALSE,FALSE,FALSE,NA,"HMP1-2 taxonomy vaginal"
"k__Bacteria|p__Actinobacteria|c__Actinobacteria|o__Actinomycetales|f__Actinomycetaceae|g__Actinomyces|s__Actinomyces_ihuae|t__SGB17194",1,0.00429184549356223,2.91999970800003e-05,FALSE,FALSE,FALSE,NA,"HMP1-2 taxonomy vaginal"
"k__Bacteria|p__Firmicutes|c__Clostridia|o__Clostridiales|f__Hungateiclostridiaceae|g__Fastidiosipila|s__Fastidiosipila_sanguinis|t__SGB29515",0,0,NA,FALSE,FALSE,FALSE,NA,"HMP1-2 taxonomy vaginal"
"k__Bacteria|p__Firmicutes|c__Tissierellia|o__Tissierellales|f__Peptoniphilaceae|g__Anaerococcus|s__Anaerococcus_prevotii|t__SGB6679",0,0,NA,FALSE,FALSE,FALSE,NA,"HMP1-2 taxonomy vaginal"
"k__Bacteria|p__Firmicutes|c__Tissierellia|o__Tissierellales|f__Peptoniphilaceae|g__Peptoniphilus|s__Peptoniphilus_harei|t__SGB6693",0,0,NA,FALSE,FALSE,FALSE,NA,"HMP1-2 taxonomy vaginal"
"k__Bacteria|p__Firmicutes|c__Tissierellia|o__Tissierellales|f__Peptoniphilaceae|g__Anaerococcus|s__Anaerococcus_senegalensis|t__SGB6664",0,0,NA,FALSE,FALSE,FALSE,NA,"HMP1-2 taxonomy vaginal"
"k__Bacteria|p__Actinobacteria|c__Actinobacteria|o__Actinomycetales|f__Actinomycetaceae|g__GGB753|s__GGB753_SGB989|t__SGB989",10,0.0429184549356223,0.0187619237344953,FALSE,TRUE,FALSE,NA,"HMP1-2 taxonomy vaginal"
"k__Bacteria|p__Firmicutes|c__Clostridia|o__Clostridiales|f__Lachnospiraceae|g__Lachnospiraceae_unclassified|s__Lachnospiraceae_bacterium|t__SGB5267",6,0.0257510729613734,0.00202923345244009,FALSE,TRUE,FALSE,NA,"HMP1-2 taxonomy vaginal"
"k__Bacteria|p__Firmicutes|c__Clostridia|o__Clostridiales|f__Peptostreptococcaceae|g__Peptostreptococcus|s__Peptostreptococcus_anaerobius|t__SGB746",7,0.0300429184549356,0.000764871455361458,FALSE,FALSE,FALSE,NA,"HMP1-2 taxonomy vaginal"
"k__Bacteria|p__Firmicutes|c__Clostridia|o__Clostridiales|f__Peptostreptococcaceae|g__Peptostreptococcus|s__Peptostreptococcus_sp_MV1|t__SGB747",3,0.0128755364806867,6.17000228666758e-05,FALSE,FALSE,FALSE,NA,"HMP1-2 taxonomy vaginal"
"k__Bacteria|p__Firmicutes|c__Clostridia|o__Clostridiales|f__Peptostreptococcaceae|g__Criibacterium|s__Criibacterium_bergeronii|t__SGB6645",1,0.00429184549356223,0.000128300051320021,FALSE,FALSE,FALSE,NA,"HMP1-2 taxonomy vaginal"
"k__Bacteria|p__Firmicutes|c__Bacilli|o__Lactobacillales|f__Streptococcaceae|g__Streptococcus|s__Streptococcus_sp_DD11|t__SGB8055",0,0,NA,FALSE,FALSE,FALSE,NA,"HMP1-2 taxonomy vaginal"
"k__Bacteria|p__Firmicutes|c__Tissierellia|o__Tissierellales|f__Peptoniphilaceae|g__Anaerococcus|s__Anaerococcus_prevotii|t__SGB6676",1,0.00429184549356223,2.21e-05,FALSE,FALSE,FALSE,NA,"HMP1-2 taxonomy vaginal"
"k__Bacteria|p__Firmicutes|c__Tissierellia|o__Tissierellales|f__Peptoniphilaceae|g__Peptoniphilus|s__Peptoniphilus_sp_Marseille_P3761|t__SGB29485",1,0.00429184549356223,5.24e-05,FALSE,FALSE,FALSE,NA,"HMP1-2 taxonomy vaginal"
"k__Bacteria|p__Actinobacteria|c__Actinobacteria|o__Actinomycetales|f__Actinomycetaceae|g__Mobiluncus|s__Mobiluncus_SGB15488|t__SGB15488",4,0.0171673819742489,0.000170375011927502,FALSE,FALSE,FALSE,NA,"HMP1-2 taxonomy vaginal"
"k__Bacteria|p__Actinobacteria|c__Actinobacteria|o__Corynebacteriales|f__Corynebacteriaceae|g__Corynebacterium|s__Corynebacterium_amycolatum|t__SGB17036",0,0,NA,FALSE,FALSE,FALSE,NA,"HMP1-2 taxonomy vaginal"
"k__Bacteria|p__Firmicutes|c__Tissierellia|o__Tissierellales|f__Peptoniphilaceae|g__Peptoniphilus|s__Peptoniphilus_pacaensis|t__SGB29484",0,0,NA,FALSE,FALSE,FALSE,NA,"HMP1-2 taxonomy vaginal"
"k__Bacteria|p__Firmicutes|c__Tissierellia|o__Tissierellales|f__Peptoniphilaceae|g__Anaerococcus|s__Anaerococcus_marasmi|t__SGB29494",0,0,NA,FALSE,FALSE,FALSE,NA,"HMP1-2 taxonomy vaginal"
"k__Bacteria|p__Proteobacteria|c__Betaproteobacteria|o__Rhodocyclales|f__Rhodocyclaceae|g__Azospira|s__Dechlorosoma_suillum|t__SGB12609",0,0,NA,FALSE,FALSE,FALSE,NA,"HMP1-2 taxonomy vaginal"
"k__Bacteria|p__Proteobacteria|c__Gammaproteobacteria|o__Pseudomonadales|f__Moraxellaceae|g__Acinetobacter|s__Acinetobacter_junii|t__SGB10370",2,0.00858369098712446,0.000439449956055004,FALSE,FALSE,FALSE,NA,"HMP1-2 taxonomy vaginal"
"k__Bacteria|p__Firmicutes|c__Tissierellia|o__Tissierellales|f__Peptoniphilaceae|g__Anaerococcus|s__Anaerococcus_mediterraneensis|t__SGB29507",0,0,NA,FALSE,FALSE,FALSE,NA,"HMP1-2 taxonomy vaginal"
"k__Bacteria|p__Proteobacteria|c__Deltaproteobacteria|o__Desulfovibrionales|f__Desulfovibrionaceae|g__GGB9815|s__GGB9815_SGB15449|t__SGB15449",0,0,NA,FALSE,FALSE,FALSE,NA,"HMP1-2 taxonomy vaginal"
"k__Bacteria|p__Firmicutes|c__Clostridia|o__Clostridiales|f__Lachnospiraceae|g__Blautia|s__Blautia_producta|t__SGB4785",0,0,NA,FALSE,FALSE,FALSE,NA,"HMP1-2 taxonomy vaginal"
"k__Bacteria|p__Firmicutes|c__Clostridia|o__Clostridia_unclassified|f__Clostridia_unclassified|g__GGB9104|s__GGB9104_SGB14036|t__SGB14036",0,0,NA,FALSE,FALSE,FALSE,NA,"HMP1-2 taxonomy vaginal"
"k__Bacteria|p__Verrucomicrobia|c__CFGB2164|o__OFGB2164|f__FGB2164|g__GGB6132|s__GGB6132_SGB8779|t__SGB8779",0,0,NA,FALSE,FALSE,FALSE,NA,"HMP1-2 taxonomy vaginal"
"k__Bacteria|p__Firmicutes|c__Clostridia|o__Clostridiales|f__Ruminococcaceae|g__Gemmiger|s__Gemmiger_SGB15292|t__SGB15292",0,0,NA,FALSE,FALSE,FALSE,NA,"HMP1-2 taxonomy vaginal"
"k__Bacteria|p__Firmicutes|c__Bacilli|o__Lactobacillales|f__Streptococcaceae|g__Streptococcus|s__Streptococcus_sinensis|t__SGB8030",0,0,NA,FALSE,FALSE,FALSE,NA,"HMP1-2 taxonomy vaginal"
"k__Bacteria|p__Proteobacteria|c__Betaproteobacteria|o__Burkholderiales|f__Burkholderiaceae|g__Burkholderia|s__Burkholderia_cenocepacia|t__SGB13000",12,0.0515021459227468,0.000745133367011675,FALSE,FALSE,FALSE,NA,"HMP1-2 taxonomy vaginal"
"k__Bacteria|p__Bacteroidetes|c__Bacteroidia|o__Bacteroidales|f__Rikenellaceae|g__GGB1631|s__GGB1631_SGB2239|t__SGB2239",1,0.00429184549356223,2.5500005100001e-05,FALSE,FALSE,FALSE,NA,"HMP1-2 taxonomy vaginal"
"k__Bacteria|p__Bacteroidetes|c__Bacteroidia|o__Bacteroidales|f__Bacteroidaceae|g__Bacteroidaceae_unclassified|s__Bacteroidaceae_bacterium|t__SGB1404",0,0,NA,FALSE,FALSE,FALSE,NA,"HMP1-2 taxonomy vaginal"
"k__Bacteria|p__Firmicutes|c__Bacilli|o__Bacilli_unclassified|f__Bacilli_unclassified|g__Bacilli_unclassified|s__Bacilli_unclassified_SGB6502|t__SGB6502",0,0,NA,FALSE,FALSE,FALSE,NA,"HMP1-2 taxonomy vaginal"
"k__Bacteria|p__Bacteroidetes|c__Bacteroidia|o__Bacteroidales|f__Rikenellaceae|g__Rikenellaceae_unclassified|s__Rikenellaceae_unclassified_SGB2230|t__SGB2230",0,0,NA,FALSE,FALSE,FALSE,NA,"HMP1-2 taxonomy vaginal"
"k__Bacteria|p__Proteobacteria|c__Alphaproteobacteria|o__Sphingomonadales|f__Sphingomonadaceae|g__Sphingomonas|s__Sphingomonas_ginsenosidimutans|t__SGB11685",1,0.00429184549356223,0.0016916,FALSE,TRUE,FALSE,NA,"HMP1-2 taxonomy vaginal"
"k__Bacteria|p__Proteobacteria|c__Alphaproteobacteria|o__Rhizobiales|f__Bradyrhizobiaceae|g__Bradyrhizobium|s__Bradyrhizobium_elkanii|t__SGB11334",14,0.0600858369098712,0.00249322144708857,FALSE,TRUE,FALSE,NA,"HMP1-2 taxonomy vaginal"
"k__Bacteria|p__Firmicutes|c__Clostridia|o__Clostridia_unclassified|f__Clostridia_unclassified|g__Clostridia_unclassified|s__Clostridia_bacterium|t__SGB14017",0,0,NA,FALSE,FALSE,FALSE,NA,"HMP1-2 taxonomy vaginal"
"k__Eukaryota|p__Eukaryota_unclassified|c__Eukaryota_unclassified|o__Eukaryota_unclassified|f__Eukaryota_unclassified|g__Blastocystis|s__Blastocystis_sp_subtype_1|t__EUK944036",0,0,NA,FALSE,FALSE,FALSE,NA,"HMP1-2 taxonomy vaginal"
"k__Bacteria|p__Firmicutes|c__Clostridia|o__Clostridia_unclassified|f__Clostridia_unclassified|g__Clostridia_unclassified|s__Clostridia_bacterium|t__SGB53819",0,0,NA,FALSE,FALSE,FALSE,NA,"HMP1-2 taxonomy vaginal"
"k__Bacteria|p__Bacteroidetes|c__Bacteroidia|o__Bacteroidales|f__Odoribacteraceae|g__GGB1332|s__GGB1332_SGB1789|t__SGB1789",0,0,NA,FALSE,FALSE,FALSE,NA,"HMP1-2 taxonomy vaginal"
"k__Bacteria|p__Proteobacteria|c__Gammaproteobacteria|o__Aeromonadales|f__Aeromonadaceae|g__GGB41458|s__GGB41458_SGB58520|t__SGB58520",0,0,NA,FALSE,FALSE,FALSE,NA,"HMP1-2 taxonomy vaginal"
"k__Bacteria|p__Bacteroidetes|c__Bacteroidia|o__Bacteroidales|f__Rikenellaceae|g__GGB1681|s__GGB1681_SGB2313|t__SGB2313",0,0,NA,FALSE,FALSE,FALSE,NA,"HMP1-2 taxonomy vaginal"
"k__Bacteria|p__Firmicutes|c__Clostridia|o__Clostridiales|f__Lachnospiraceae|g__Lachnospiraceae_unclassified|s__Lachnospiraceae_bacterium|t__SGB4668",0,0,NA,FALSE,FALSE,FALSE,NA,"HMP1-2 taxonomy vaginal"
"k__Bacteria|p__Firmicutes|c__Clostridia|o__Clostridia_unclassified|f__Clostridia_unclassified|g__Clostridia_unclassified|s__Clostridia_bacterium|t__SGB6264",0,0,NA,FALSE,FALSE,FALSE,NA,"HMP1-2 taxonomy vaginal"
"k__Bacteria|p__Firmicutes|c__Clostridia|o__Clostridia_unclassified|f__Clostridia_unclassified|g__GGB31790|s__GGB31790_SGB45159|t__SGB45159",0,0,NA,FALSE,FALSE,FALSE,NA,"HMP1-2 taxonomy vaginal"
"k__Bacteria|p__Bacteroidetes|c__Bacteroidia|o__Bacteroidales|f__Bacteroidaceae|g__Bacteroidaceae_unclassified|s__Bacteroidaceae_bacterium|t__SGB1408",0,0,NA,FALSE,FALSE,FALSE,NA,"HMP1-2 taxonomy vaginal"
"k__Bacteria|p__Firmicutes|c__Clostridia|o__Clostridia_unclassified|f__Clostridia_unclassified|g__Clostridia_unclassified|s__Clostridia_bacterium|t__SGB14862",0,0,NA,FALSE,FALSE,FALSE,NA,"HMP1-2 taxonomy vaginal"
"k__Bacteria|p__Firmicutes|c__Clostridia|o__Clostridia_unclassified|f__Clostridia_unclassified|g__Clostridia_unclassified|s__Clostridia_unclassified_SGB6344|t__SGB6344",0,0,NA,FALSE,FALSE,FALSE,NA,"HMP1-2 taxonomy vaginal"
"k__Bacteria|p__Candidatus_Melainabacteria|c__Candidatus_Melainabacteria_unclassified|o__Candidatus_Gastranaerophilales|f__Candidatus_Gastranaerophilales_unclassified|g__Candidatus_Gastranaerophilales_unclassified|s__Candidatus_Gastranaerophilales_bacterium|t__SGB8625",0,0,NA,FALSE,FALSE,FALSE,NA,"HMP1-2 taxonomy vaginal"
"k__Bacteria|p__Proteobacteria|c__Gammaproteobacteria|o__Enterobacterales|f__Erwiniaceae|g__Pantoea|s__Pantoea_agglomerans|t__SGB10187",0,0,NA,FALSE,FALSE,FALSE,NA,"HMP1-2 taxonomy vaginal"
"k__Bacteria|p__Candidatus_Melainabacteria|c__Candidatus_Melainabacteria_unclassified|o__Candidatus_Gastranaerophilales|f__Candidatus_Gastranaerophilales_unclassified|g__Candidatus_Gastranaerophilales_unclassified|s__Candidatus_Gastranaerophilales_unclassified_SGB8630|t__SGB8630",0,0,NA,FALSE,FALSE,FALSE,NA,"HMP1-2 taxonomy vaginal"
"k__Bacteria|p__Actinobacteria|c__Coriobacteriia|o__Eggerthellales|f__Eggerthellaceae|g__Eggerthellaceae_unclassified|s__Eggerthellaceae_bacterium|t__SGB14327",0,0,NA,FALSE,FALSE,FALSE,NA,"HMP1-2 taxonomy vaginal"
"k__Bacteria|p__Firmicutes|c__Bacilli|o__Bacillales|f__Bacillales_unclassified|g__Gemella|s__Gemella_cuniculi|t__SGB29652",0,0,NA,FALSE,FALSE,FALSE,NA,"HMP1-2 taxonomy vaginal"
"k__Bacteria|p__Firmicutes|c__Clostridia|o__Clostridiales|f__Ruminococcaceae|g__Ruminococcaceae_unclassified|s__Ruminococcaceae_bacterium_UBA1375|t__SGB14840",0,0,NA,FALSE,FALSE,FALSE,NA,"HMP1-2 taxonomy vaginal"
"k__Bacteria|p__Bacteroidetes|c__Bacteroidia|o__Bacteroidales|f__Bacteroidales_unclassified|g__GGB1515|s__GGB1515_SGB2095|t__SGB2095",1,0.00429184549356223,0.00279669972033003,FALSE,TRUE,FALSE,NA,"HMP1-2 taxonomy vaginal"
"k__Bacteria|p__Firmicutes|c__CFGB12541|o__OFGB12541|f__FGB12541|g__GGB35551|s__GGB35551_SGB53794|t__SGB53794",0,0,NA,FALSE,FALSE,FALSE,NA,"HMP1-2 taxonomy vaginal"
"k__Bacteria|p__Firmicutes|c__Bacilli|o__Lactobacillales|f__Lactobacillaceae|g__Lactobacillus|s__Lactobacillus_delbrueckii|t__SGB7020",5,0.0214592274678112,0.0269737807393862,FALSE,TRUE,FALSE,NA,"HMP1-2 taxonomy vaginal"
"k__Bacteria|p__Proteobacteria|c__Gammaproteobacteria|o__Enterobacterales|f__Enterobacteriaceae|g__Klebsiella|s__Klebsiella_sp_WP3_S18_ESBL_05|t__SGB23240",0,0,NA,FALSE,FALSE,FALSE,NA,"HMP1-2 taxonomy vaginal"
"k__Bacteria|p__Firmicutes|c__Clostridia|o__Clostridiales|f__Lachnospiraceae|g__Lachnospiraceae_unclassified|s__Lachnospiraceae_bacterium_UBA1818|t__SGB4604",0,0,NA,FALSE,FALSE,FALSE,NA,"HMP1-2 taxonomy vaginal"
"k__Bacteria|p__Actinobacteria|c__Coriobacteriia|o__Eggerthellales|f__Eggerthellaceae|g__GGB9434|s__GGB9434_SGB14812|t__SGB14812",0,0,NA,FALSE,FALSE,FALSE,NA,"HMP1-2 taxonomy vaginal"
"k__Bacteria|p__Firmicutes|c__Clostridia|o__Clostridiales|f__Clostridiales_unclassified|g__Intestinimonas|s__Intestinimonas_massiliensis|t__SGB29331",0,0,NA,FALSE,FALSE,FALSE,NA,"HMP1-2 taxonomy vaginal"
"k__Bacteria|p__Actinobacteria|c__Actinobacteria|o__Actinomycetales|f__Actinomycetaceae|g__Schaalia|s__Schaalia_turicensis|t__SGB17195",1,0.00429184549356223,0.000165799983420002,FALSE,FALSE,FALSE,NA,"HMP1-2 taxonomy vaginal"
"k__Bacteria|p__Firmicutes|c__Clostridia|o__Clostridiales|f__Lachnospiraceae|g__Lachnospira|s__Lachnospira_SGB5076|t__SGB5076",0,0,NA,FALSE,FALSE,FALSE,NA,"HMP1-2 taxonomy vaginal"
"k__Bacteria|p__Firmicutes|c__Clostridia|o__Clostridiales|f__Peptococcaceae|g__Peptococcaceae_unclassified|s__Peptococcaceae_bacterium|t__SGB4053",0,0,NA,FALSE,FALSE,FALSE,NA,"HMP1-2 taxonomy vaginal"
"k__Bacteria|p__Actinobacteria|c__Coriobacteriia|o__Coriobacteriia_unclassified|f__Coriobacteriia_unclassified|g__Coriobacteriia_unclassified|s__Coriobacteriia_unclassified_SGB14764|t__SGB14764",0,0,NA,FALSE,FALSE,FALSE,NA,"HMP1-2 taxonomy vaginal"
"k__Bacteria|p__Firmicutes|c__Erysipelotrichia|o__Erysipelotrichales|f__Erysipelotrichaceae|g__Erysipelotrichaceae_unclassified|s__Erysipelotrichaceae_bacterium|t__SGB4028",0,0,NA,FALSE,FALSE,FALSE,NA,"HMP1-2 taxonomy vaginal"
"k__Bacteria|p__Bacteroidetes|c__Bacteroidia|o__Bacteroidales|f__Bacteroidaceae|g__Bacteroides|s__Bacteroides_acidifaciens|t__SGB27814",0,0,NA,FALSE,FALSE,FALSE,NA,"HMP1-2 taxonomy vaginal"
"k__Bacteria|p__Bacteroidetes|c__Bacteroidia|o__Bacteroidales|f__Dysgonomonadaceae|g__Dysgonomonas|s__Dysgonomonas_capnocytophagoides|t__SGB1769",0,0,NA,FALSE,FALSE,FALSE,NA,"HMP1-2 taxonomy vaginal"
"k__Bacteria|p__Firmicutes|c__Bacilli|o__Lactobacillales|f__Lactobacillaceae|g__Ligilactobacillus|s__Ligilactobacillus_salivarius|t__SGB7082",0,0,NA,FALSE,FALSE,FALSE,NA,"HMP1-2 taxonomy vaginal"
"k__Bacteria|p__Firmicutes|c__Clostridia|o__Clostridiales|f__Ruminococcaceae|g__Ruminococcaceae_unclassified|s__Ruminococcaceae_bacterium|t__SGB4252",0,0,NA,FALSE,FALSE,FALSE,NA,"HMP1-2 taxonomy vaginal"
"k__Bacteria|p__Firmicutes|c__Clostridia|o__Clostridia_unclassified|f__Clostridia_unclassified|g__Clostridia_unclassified|s__Clostridia_bacterium|t__SGB14203",0,0,NA,FALSE,FALSE,FALSE,NA,"HMP1-2 taxonomy vaginal"
"k__Bacteria|p__Proteobacteria|c__Deltaproteobacteria|o__Desulfovibrionales|f__Desulfovibrionaceae|g__Desulfovibrionaceae_unclassified|s__Desulfovibrionaceae_unclassified_SGB40890|t__SGB40890",0,0,NA,FALSE,FALSE,FALSE,NA,"HMP1-2 taxonomy vaginal"
"k__Bacteria|p__Firmicutes|c__Clostridia|o__Clostridia_unclassified|f__Clostridia_unclassified|g__Candidatus_Cryptoclostridium|s__Candidatus_Cryptoclostridium_obscurum|t__SGB61016",0,0,NA,FALSE,FALSE,FALSE,NA,"HMP1-2 taxonomy vaginal"
"k__Bacteria|p__Firmicutes|c__Clostridia|o__Clostridiales|f__Ruminococcaceae|g__GGB9730|s__GGB9730_SGB15290|t__SGB15290",0,0,NA,FALSE,FALSE,FALSE,NA,"HMP1-2 taxonomy vaginal"
"k__Bacteria|p__Firmicutes|c__Clostridia|o__Clostridia_unclassified|f__Clostridia_unclassified|g__Clostridia_unclassified|s__Clostridia_bacterium|t__SGB4151",0,0,NA,FALSE,FALSE,FALSE,NA,"HMP1-2 taxonomy vaginal"
"k__Bacteria|p__Firmicutes|c__Tissierellia|o__Tissierellales|f__Peptoniphilaceae|g__Anaerococcus|s__Anaerococcus_nagyae|t__SGB24935",0,0,NA,FALSE,FALSE,FALSE,NA,"HMP1-2 taxonomy vaginal"
"k__Bacteria|p__Proteobacteria|c__Gammaproteobacteria|o__Pseudomonadales|f__Moraxellaceae|g__Acinetobacter|s__Acinetobacter_baumannii|t__SGB10343",0,0,NA,FALSE,FALSE,FALSE,NA,"HMP1-2 taxonomy vaginal"
"k__Bacteria|p__Actinobacteria|c__Actinobacteria|o__Micrococcales|f__Dermabacteraceae|g__Dermabacter|s__Dermabacter_hominis|t__SGB17179",0,0,NA,FALSE,FALSE,FALSE,NA,"HMP1-2 taxonomy vaginal"
"k__Bacteria|p__Proteobacteria|c__Gammaproteobacteria|o__Pseudomonadales|f__Moraxellaceae|g__Acinetobacter|s__Acinetobacter_lwoffii|t__SGB10405",0,0,NA,FALSE,FALSE,FALSE,NA,"HMP1-2 taxonomy vaginal"
"k__Bacteria|p__Actinobacteria|c__Actinobacteria|o__Micrococcales|f__Micrococcaceae|g__Micrococcus|s__Micrococcus_lylae|t__SGB16675",0,0,NA,FALSE,FALSE,FALSE,NA,"HMP1-2 taxonomy vaginal"
"k__Bacteria|p__Actinobacteria|c__Actinobacteria|o__Corynebacteriales|f__Corynebacteriaceae|g__Corynebacterium|s__Corynebacterium_phoceense|t__SGB17119",0,0,NA,FALSE,FALSE,FALSE,NA,"HMP1-2 taxonomy vaginal"
"k__Bacteria|p__Actinobacteria|c__Actinobacteria|o__Corynebacteriales|f__Corynebacteriaceae|g__Corynebacterium|s__Corynebacterium_appendicis|t__SGB17051",0,0,NA,FALSE,FALSE,FALSE,NA,"HMP1-2 taxonomy vaginal"
"k__Bacteria|p__Firmicutes|c__Tissierellia|o__Tissierellales|f__Peptoniphilaceae|g__Anaerococcus|s__Anaerococcus_urinomassiliensis|t__SGB29510",0,0,NA,FALSE,FALSE,FALSE,NA,"HMP1-2 taxonomy vaginal"
"k__Bacteria|p__Firmicutes|c__Bacilli|o__Lactobacillales|f__Aerococcaceae|g__Facklamia|s__Facklamia_hominis|t__SGB7882",0,0,NA,FALSE,FALSE,FALSE,NA,"HMP1-2 taxonomy vaginal"
"k__Bacteria|p__Fusobacteria|c__Fusobacteriia|o__Fusobacteriales|f__Fusobacteriaceae|g__Fusobacterium|s__Fusobacterium_gonidiaformans|t__SGB5985",0,0,NA,FALSE,FALSE,FALSE,NA,"HMP1-2 taxonomy vaginal"
"k__Bacteria|p__Synergistetes|c__Synergistia|o__Synergistales|f__Synergistaceae|g__Pyramidobacter|s__Pyramidobacter_piscolens|t__SGB15497",0,0,NA,FALSE,FALSE,FALSE,NA,"HMP1-2 taxonomy vaginal"
"k__Bacteria|p__Actinobacteria|c__Actinobacteria|o__Corynebacteriales|f__Corynebacteriaceae|g__Corynebacterium|s__Corynebacterium_bovis|t__SGB33717",0,0,NA,FALSE,FALSE,FALSE,NA,"HMP1-2 taxonomy vaginal"
"k__Bacteria|p__Firmicutes|c__Clostridia|o__Clostridia_unclassified|f__Clostridia_unclassified|g__GGB9270|s__GGB9270_SGB14221|t__SGB14221",0,0,NA,FALSE,FALSE,FALSE,NA,"HMP1-2 taxonomy vaginal"
"k__Bacteria|p__Proteobacteria|c__CFGB2395|o__OFGB2395|f__FGB2395|g__GGB6547|s__GGB6547_SGB9247|t__SGB9247",0,0,NA,FALSE,FALSE,FALSE,NA,"HMP1-2 taxonomy vaginal"
"k__Bacteria|p__Bacteroidetes|c__Bacteroidia|o__Bacteroidales|f__Bacteroidales_unclassified|g__Bacteroidales_unclassified|s__Bacteroidales_bacterium|t__SGB2073",0,0,NA,FALSE,FALSE,FALSE,NA,"HMP1-2 taxonomy vaginal"
"k__Bacteria|p__Firmicutes|c__Bacilli|o__Bacilli_unclassified|f__Bacilli_unclassified|g__Bacilli_unclassified|s__Bacilli_bacterium|t__SGB6538",0,0,NA,FALSE,FALSE,FALSE,NA,"HMP1-2 taxonomy vaginal"
"k__Bacteria|p__Bacteroidetes|c__Bacteroidia|o__Bacteroidales|f__Rikenellaceae|g__GGB1689|s__GGB1689_SGB2321|t__SGB2321",0,0,NA,FALSE,FALSE,FALSE,NA,"HMP1-2 taxonomy vaginal"
"k__Bacteria|p__Firmicutes|c__Negativicutes|o__Veillonellales|f__Veillonellaceae|g__Veillonella|s__Veillonella_montpellierensis|t__SGB6960",6,0.0257510729613734,0.000188866682575003,FALSE,FALSE,FALSE,NA,"HMP1-2 taxonomy vaginal"
"k__Bacteria|p__Firmicutes|c__Bacilli|o__Lactobacillales|f__Enterococcaceae|g__Enterococcus|s__Enterococcus_hirae|t__SGB7970",0,0,NA,FALSE,FALSE,FALSE,NA,"HMP1-2 taxonomy vaginal"
"k__Bacteria|p__Firmicutes|c__Tissierellia|o__Tissierellales|f__Peptoniphilaceae|g__Anaerococcus|s__Anaerococcus_jeddahensis|t__SGB6665_group",0,0,NA,FALSE,FALSE,FALSE,NA,"HMP1-2 taxonomy vaginal"
"k__Bacteria|p__Actinobacteria|c__Actinobacteria|o__Micrococcales|f__Dermatophilaceae|g__Kineosphaera|s__Kineosphaera_limosa|t__SGB16013",0,0,NA,FALSE,FALSE,FALSE,NA,"HMP1-2 taxonomy vaginal"
"k__Bacteria|p__Firmicutes|c__Bacilli|o__Bacilli_unclassified|f__Bacilli_unclassified|g__Bacilli_unclassified|s__Bacilli_bacterium|t__SGB6511",0,0,NA,FALSE,FALSE,FALSE,NA,"HMP1-2 taxonomy vaginal"
"k__Bacteria|p__Firmicutes|c__Clostridia|o__Clostridia_unclassified|f__Clostridia_unclassified|g__GGB9278|s__GGB9278_SGB14230|t__SGB14230",0,0,NA,FALSE,FALSE,FALSE,NA,"HMP1-2 taxonomy vaginal"
"k__Bacteria|p__Firmicutes|c__Clostridia|o__Clostridia_unclassified|f__Clostridia_unclassified|g__Clostridia_unclassified|s__Clostridia_bacterium|t__SGB14193",0,0,NA,FALSE,FALSE,FALSE,NA,"HMP1-2 taxonomy vaginal"
"k__Bacteria|p__Firmicutes|c__Clostridia|o__Clostridia_unclassified|f__Clostridia_unclassified|g__GGB9052|s__GGB9052_SGB13957|t__SGB13957",0,0,NA,FALSE,FALSE,FALSE,NA,"HMP1-2 taxonomy vaginal"
"k__Bacteria|p__Firmicutes|c__Clostridia|o__Clostridia_unclassified|f__Clostridia_unclassified|g__Clostridia_unclassified|s__Clostridia_bacterium|t__SGB14113",0,0,NA,FALSE,FALSE,FALSE,NA,"HMP1-2 taxonomy vaginal"
"k__Bacteria|p__Firmicutes|c__Clostridia|o__Clostridiales|f__Eubacteriaceae|g__Eubacterium|s__Eubacterium_sp_AF22_8LB|t__SGB6816",0,0,NA,FALSE,FALSE,FALSE,NA,"HMP1-2 taxonomy vaginal"
"k__Bacteria|p__Actinobacteria|c__Coriobacteriia|o__Eggerthellales|f__Eggerthellaceae|g__Eggerthellaceae_unclassified|s__Eggerthellaceae_bacterium|t__SGB14334",0,0,NA,FALSE,FALSE,FALSE,NA,"HMP1-2 taxonomy vaginal"
"k__Bacteria|p__Firmicutes|c__Negativicutes|o__Acidaminococcales|f__Acidaminococcaceae|g__GGB4237|s__GGB4237_SGB5728|t__SGB5728",0,0,NA,FALSE,FALSE,FALSE,NA,"HMP1-2 taxonomy vaginal"
"k__Bacteria|p__Firmicutes|c__Clostridia|o__Clostridia_unclassified|f__Clostridia_unclassified|g__Clostridia_unclassified|s__Clostridia_bacterium|t__SGB14955",0,0,NA,FALSE,FALSE,FALSE,NA,"HMP1-2 taxonomy vaginal"
"k__Bacteria|p__Proteobacteria|c__Betaproteobacteria|o__Burkholderiales|f__Comamonadaceae|g__Comamonas|s__Comamonas_kerstersii|t__SGB12676",0,0,NA,FALSE,FALSE,FALSE,NA,"HMP1-2 taxonomy vaginal"
"k__Bacteria|p__Firmicutes|c__Clostridia|o__Clostridiales|f__Ruminococcaceae|g__Ruminococcaceae_unclassified|s__Ruminococcaceae_bacterium|t__SGB53790",0,0,NA,FALSE,FALSE,FALSE,NA,"HMP1-2 taxonomy vaginal"
"k__Bacteria|p__Firmicutes|c__CFGB12479|o__OFGB12479|f__FGB12479|g__GGB35456|s__GGB35456_SGB47582|t__SGB47582",0,0,NA,FALSE,FALSE,FALSE,NA,"HMP1-2 taxonomy vaginal"
"k__Bacteria|p__Firmicutes|c__Clostridia|o__Clostridiales|f__Eubacteriaceae|g__Eubacterium|s__Eubacterium_sp_NSJ_61|t__SGB4040",0,0,NA,FALSE,FALSE,FALSE,NA,"HMP1-2 taxonomy vaginal"
"k__Bacteria|p__Firmicutes|c__Clostridia|o__Clostridiales|f__Ruminococcaceae|g__Ruminococcus|s__Ruminococcus_gauvreauii|t__SGB29375",0,0,NA,FALSE,FALSE,FALSE,NA,"HMP1-2 taxonomy vaginal"
"k__Bacteria|p__Bacteroidetes|c__Bacteroidia|o__Bacteroidales|f__Prevotellaceae|g__GGB1250|s__GGB1250_SGB1673|t__SGB1673",0,0,NA,FALSE,FALSE,FALSE,NA,"HMP1-2 taxonomy vaginal"
"k__Bacteria|p__Bacteroidetes|c__Bacteroidia|o__Bacteroidales|f__Prevotellaceae|g__Prevotella|s__Prevotella_sp_P4_51|t__SGB1666",0,0,NA,FALSE,FALSE,FALSE,NA,"HMP1-2 taxonomy vaginal"
"k__Bacteria|p__Bacteroidetes|c__Bacteroidia|o__Bacteroidales|f__Rikenellaceae|g__GGB1629|s__GGB1629_SGB2237|t__SGB2237",0,0,NA,FALSE,FALSE,FALSE,NA,"HMP1-2 taxonomy vaginal"
"k__Bacteria|p__Bacteroidetes|c__Bacteroidia|o__Bacteroidales|f__Bacteroidaceae|g__Bacteroidaceae_unclassified|s__Bacteroidaceae_bacterium|t__SGB1475",0,0,NA,FALSE,FALSE,FALSE,NA,"HMP1-2 taxonomy vaginal"
"k__Bacteria|p__Bacteroidetes|c__Bacteroidia|o__Bacteroidales|f__Rikenellaceae|g__GGB1672|s__GGB1672_SGB2289|t__SGB2289",0,0,NA,FALSE,FALSE,FALSE,NA,"HMP1-2 taxonomy vaginal"
"k__Bacteria|p__Bacteroidetes|c__CFGB544|o__OFGB544|f__FGB544|g__GGB1123|s__GGB1123_SGB1437|t__SGB1437",0,0,NA,FALSE,FALSE,FALSE,NA,"HMP1-2 taxonomy vaginal"
"k__Bacteria|p__Bacteroidetes|c__Bacteroidia|o__Bacteroidales|f__Prevotellaceae|g__GGB1247|s__GGB1247_SGB1668|t__SGB1668",0,0,NA,FALSE,FALSE,FALSE,NA,"HMP1-2 taxonomy vaginal"
"k__Bacteria|p__Firmicutes|c__Clostridia|o__Clostridia_unclassified|f__Clostridia_unclassified|g__Clostridia_unclassified|s__Clostridia_bacterium|t__SGB47307",0,0,NA,FALSE,FALSE,FALSE,NA,"HMP1-2 taxonomy vaginal"
"k__Bacteria|p__Bacteroidetes|c__Bacteroidia|o__Bacteroidales|f__Prevotellaceae|g__GGB1246|s__GGB1246_SGB1667|t__SGB1667",0,0,NA,FALSE,FALSE,FALSE,NA,"HMP1-2 taxonomy vaginal"
"k__Bacteria|p__Bacteroidetes|c__Bacteroidia|o__Bacteroidales|f__Bacteroidaceae|g__Bacteroides|s__Bacteroides_cutis|t__SGB1827",0,0,NA,FALSE,FALSE,FALSE,NA,"HMP1-2 taxonomy vaginal"
"k__Bacteria|p__Lentisphaerae|c__Lentisphaeria|o__Lentisphaeria_unclassified|f__Lentisphaeria_unclassified|g__Lentisphaeria_unclassified|s__Lentisphaeria_bacterium|t__SGB48040",0,0,NA,FALSE,FALSE,FALSE,NA,"HMP1-2 taxonomy vaginal"
"k__Bacteria|p__Bacteroidetes|c__Bacteroidia|o__Bacteroidales|f__Prevotellaceae|g__Prevotella|s__Prevotella_SGB1680|t__SGB1680",0,0,NA,FALSE,FALSE,FALSE,NA,"HMP1-2 taxonomy vaginal"
"k__Bacteria|p__Lentisphaerae|c__Lentisphaeria|o__Lentisphaeria_unclassified|f__Lentisphaeria_unclassified|g__Lentisphaeria_unclassified|s__Lentisphaeria_bacterium|t__SGB9210",0,0,NA,FALSE,FALSE,FALSE,NA,"HMP1-2 taxonomy vaginal"
"k__Bacteria|p__Proteobacteria|c__Alphaproteobacteria|o__Rhizobiales|f__Phyllobacteriaceae|g__GGB38171|s__GGB38171_SGB72433|t__SGB72433_group",0,0,NA,FALSE,FALSE,FALSE,NA,"HMP1-2 taxonomy vaginal"
"k__Bacteria|p__Bacteroidetes|c__Bacteroidia|o__Bacteroidales|f__Prevotellaceae|g__GGB1235|s__GGB1235_SGB1614|t__SGB1614",0,0,NA,FALSE,FALSE,FALSE,NA,"HMP1-2 taxonomy vaginal"
"k__Bacteria|p__Firmicutes|c__Bacilli|o__Bacillales|f__Staphylococcaceae|g__Staphylococcus|s__Staphylococcus_haemolyticus|t__SGB7861",0,0,NA,FALSE,FALSE,FALSE,NA,"HMP1-2 taxonomy vaginal"
"k__Bacteria|p__Synergistetes|c__Synergistia|o__Synergistales|f__Synergistaceae|g__Jonquetella|s__Jonquetella_anthropi|t__SGB15495",0,0,NA,FALSE,FALSE,FALSE,NA,"HMP1-2 taxonomy vaginal"
"k__Bacteria|p__Lentisphaerae|c__Lentisphaeria|o__Lentisphaeria_unclassified|f__Lentisphaeria_unclassified|g__Lentisphaeria_unclassified|s__Lentisphaeria_bacterium|t__SGB9207",0,0,NA,FALSE,FALSE,FALSE,NA,"HMP1-2 taxonomy vaginal"
"k__Bacteria|p__Bacteroidetes|c__Bacteroidia|o__Bacteroidales|f__Bacteroidaceae|g__Bacteroides|s__Bacteroides_stercorirosoris|t__SGB1848",0,0,NA,FALSE,FALSE,FALSE,NA,"HMP1-2 taxonomy vaginal"
"k__Bacteria|p__Bacteroidetes|c__Bacteroidia|o__Bacteroidales|f__Rikenellaceae|g__GGB27776|s__GGB27776_SGB40190|t__SGB40190",0,0,NA,FALSE,FALSE,FALSE,NA,"HMP1-2 taxonomy vaginal"
"k__Bacteria|p__Bacteroidetes|c__Bacteroidia|o__Bacteroidales|f__Porphyromonadaceae|g__Sanguibacteroides|s__Sanguibacteroides_SGB1777|t__SGB1777",0,0,NA,FALSE,FALSE,FALSE,NA,"HMP1-2 taxonomy vaginal"
"k__Bacteria|p__Firmicutes|c__CFGB2801|o__OFGB2801|f__FGB2801|g__GGB8965|s__GGB8965_SGB13825|t__SGB13825",0,0,NA,FALSE,FALSE,FALSE,NA,"HMP1-2 taxonomy vaginal"
"k__Bacteria|p__Firmicutes|c__Bacilli|o__Lactobacillales|f__Lactobacillaceae|g__Lacticaseibacillus|s__Lacticaseibacillus_paracasei|t__SGB7142",0,0,NA,FALSE,FALSE,FALSE,NA,"HMP1-2 taxonomy vaginal"
"k__Bacteria|p__Actinobacteria|c__Coriobacteriia|o__Coriobacteriales|f__Coriobacteriaceae|g__Enorma|s__Enorma_phocaeensis|t__SGB33571",0,0,NA,FALSE,FALSE,FALSE,NA,"HMP1-2 taxonomy vaginal"
"k__Bacteria|p__Bacteroidetes|c__Bacteroidia|o__Bacteroidales|f__Bacteroidaceae|g__Bacteroides|s__Bacteroides_sp_AM10_21B|t__SGB1831",0,0,NA,FALSE,FALSE,FALSE,NA,"HMP1-2 taxonomy vaginal"
"k__Bacteria|p__Lentisphaerae|c__Lentisphaeria|o__Lentisphaeria_unclassified|f__Lentisphaeria_unclassified|g__Lentisphaeria_unclassified|s__Lentisphaeria_bacterium|t__SGB9193",0,0,NA,FALSE,FALSE,FALSE,NA,"HMP1-2 taxonomy vaginal"
"k__Bacteria|p__Actinobacteria|c__Actinobacteria|o__Corynebacteriales|f__Corynebacteriaceae|g__Corynebacterium|s__Corynebacterium_afermentans|t__SGB17067",1,0.00429184549356223,0.0004778,FALSE,FALSE,FALSE,NA,"HMP1-2 taxonomy vaginal"
"k__Bacteria|p__Actinobacteria|c__Actinobacteria|o__Micrococcales|f__Dermabacteraceae|g__Dermabacter|s__Dermabacter_vaginalis|t__SGB17180",0,0,NA,FALSE,FALSE,FALSE,NA,"HMP1-2 taxonomy vaginal"
"k__Bacteria|p__Actinobacteria|c__Actinobacteria|o__Corynebacteriales|f__Corynebacteriaceae|g__Corynebacterium|s__Corynebacterium_genitalium|t__SGB17050",1,0.00429184549356223,0.0021946,FALSE,TRUE,FALSE,NA,"HMP1-2 taxonomy vaginal"
"k__Bacteria|p__Firmicutes|c__Bacilli|o__Lactobacillales|f__Lactobacillaceae|g__Latilactobacillus|s__Latilactobacillus_curvatus|t__SGB7249",0,0,NA,FALSE,FALSE,FALSE,NA,"HMP1-2 taxonomy vaginal"
"k__Bacteria|p__Firmicutes|c__Negativicutes|o__Veillonellales|f__Veillonellaceae|g__Megasphaera|s__Megasphaera_sp_MJR8396C|t__SGB5855",0,0,NA,FALSE,FALSE,FALSE,NA,"HMP1-2 taxonomy vaginal"
"k__Bacteria|p__Firmicutes|c__Clostridia|o__Clostridiales|f__Clostridiaceae|g__Clostridiaceae_unclassified|s__Clostridiaceae_bacterium_DONG20_135|t__SGB4034",0,0,NA,FALSE,FALSE,FALSE,NA,"HMP1-2 taxonomy vaginal"
"k__Bacteria|p__Bacteroidetes|c__Bacteroidia|o__Bacteroidales|f__Bacteroidaceae|g__Bacteroides|s__Bacteroides_acidifaciens|t__SGB48548",0,0,NA,FALSE,FALSE,FALSE,NA,"HMP1-2 taxonomy vaginal"
"k__Bacteria|p__Firmicutes|c__Clostridia|o__Clostridia_unclassified|f__Clostridia_unclassified|g__Clostridia_unclassified|s__Clostridia_bacterium|t__SGB15400",0,0,NA,FALSE,FALSE,FALSE,NA,"HMP1-2 taxonomy vaginal"
"k__Bacteria|p__Firmicutes|c__Clostridia|o__Clostridiales|f__Peptostreptococcaceae|g__Clostridioides|s__Clostridioides_difficile|t__SGB6136",0,0,NA,FALSE,FALSE,FALSE,NA,"HMP1-2 taxonomy vaginal"
"k__Bacteria|p__Firmicutes|c__Bacilli|o__Lactobacillales|f__Lactobacillaceae|g__Lactiplantibacillus|s__Lactiplantibacillus_plantarum|t__SGB7202",0,0,NA,FALSE,FALSE,FALSE,NA,"HMP1-2 taxonomy vaginal"
"k__Eukaryota|p__Ascomycota|c__Saccharomycetes|o__Saccharomycetales|f__Debaryomycetaceae|g__Candida|s__Candida_dubliniensis|t__EUK42374",0,0,NA,FALSE,FALSE,FALSE,NA,"HMP1-2 taxonomy vaginal"
"k__Bacteria|p__Firmicutes|c__Clostridia|o__Clostridia_unclassified|f__Clostridia_unclassified|g__Clostridia_unclassified|s__Clostridia_bacterium|t__SGB4111",0,0,NA,FALSE,FALSE,FALSE,NA,"HMP1-2 taxonomy vaginal"
"k__Bacteria|p__Firmicutes|c__Bacilli|o__Bacilli_unclassified|f__Bacilli_unclassified|g__GGB4652|s__GGB4652_SGB6439|t__SGB6439",0,0,NA,FALSE,FALSE,FALSE,NA,"HMP1-2 taxonomy vaginal"
"k__Bacteria|p__Firmicutes|c__Clostridia|o__Clostridia_unclassified|f__Clostridia_unclassified|g__Clostridia_unclassified|s__Clostridia_bacterium|t__SGB14945",0,0,NA,FALSE,FALSE,FALSE,NA,"HMP1-2 taxonomy vaginal"
"k__Bacteria|p__Firmicutes|c__Clostridia|o__Clostridiales|f__Ruminococcaceae|g__GGB3189|s__GGB3189_SGB4212|t__SGB4212",0,0,NA,FALSE,FALSE,FALSE,NA,"HMP1-2 taxonomy vaginal"
"k__Bacteria|p__Firmicutes|c__Clostridia|o__Clostridia_unclassified|f__Clostridia_unclassified|g__Clostridia_unclassified|s__Clostridia_bacterium|t__SGB14202",0,0,NA,FALSE,FALSE,FALSE,NA,"HMP1-2 taxonomy vaginal"
"k__Bacteria|p__Firmicutes|c__Bacilli|o__Bacilli_unclassified|f__Bacilli_unclassified|g__Bacilli_unclassified|s__Bacilli_bacterium|t__SGB6578",0,0,NA,FALSE,FALSE,FALSE,NA,"HMP1-2 taxonomy vaginal"
"k__Bacteria|p__Bacteroidetes|c__Bacteroidia|o__Bacteroidales|f__Tannerellaceae|g__GGB1410|s__GGB1410_SGB1935|t__SGB1935",0,0,NA,FALSE,FALSE,FALSE,NA,"HMP1-2 taxonomy vaginal"
"k__Bacteria|p__Firmicutes|c__Negativicutes|o__Acidaminococcales|f__Acidaminococcaceae|g__Acidaminococcaceae_unclassified|s__Acidaminococcaceae_bacterium|t__SGB5789",0,0,NA,FALSE,FALSE,FALSE,NA,"HMP1-2 taxonomy vaginal"
"k__Bacteria|p__Proteobacteria|c__Gammaproteobacteria|o__Enterobacterales|f__Hafniaceae|g__Hafnia|s__Hafnia_paralvei|t__SGB10207",0,0,NA,FALSE,FALSE,FALSE,NA,"HMP1-2 taxonomy vaginal"
"k__Bacteria|p__Firmicutes|c__Clostridia|o__Clostridia_unclassified|f__Clostridia_unclassified|g__Candidatus_Flemingibacterium|s__Candidatus_Flemingibacterium_merdigallinarum|t__SGB59451",0,0,NA,FALSE,FALSE,FALSE,NA,"HMP1-2 taxonomy vaginal"
"k__Bacteria|p__Firmicutes|c__Clostridia|o__Clostridiales|f__Ruminococcaceae|g__GGB9695|s__GGB9695_SGB15211|t__SGB15211",0,0,NA,FALSE,FALSE,FALSE,NA,"HMP1-2 taxonomy vaginal"
"k__Bacteria|p__Firmicutes|c__Clostridia|o__Clostridia_unclassified|f__Clostridia_unclassified|g__Candidatus_Alangreenwoodia|s__Candidatus_Alangreenwoodia_gallinarii|t__SGB60876",0,0,NA,FALSE,FALSE,FALSE,NA,"HMP1-2 taxonomy vaginal"
"k__Bacteria|p__Bacteroidetes|c__Bacteroidia|o__Bacteroidales|f__Bacteroidaceae|g__Bacteroidaceae_unclassified|s__Bacteroidaceae_bacterium|t__SGB48432",0,0,NA,FALSE,FALSE,FALSE,NA,"HMP1-2 taxonomy vaginal"
"k__Bacteria|p__Firmicutes|c__CFGB12952|o__OFGB12952|f__FGB12952|g__GGB36472|s__GGB36472_SGB47660|t__SGB47660",0,0,NA,FALSE,FALSE,FALSE,NA,"HMP1-2 taxonomy vaginal"
"k__Bacteria|p__Firmicutes|c__Clostridia|o__Clostridiales|f__Lachnospiraceae|g__Blautia|s__Blautia_hominis|t__SGB29381",0,0,NA,FALSE,FALSE,FALSE,NA,"HMP1-2 taxonomy vaginal"
"k__Bacteria|p__Firmicutes|c__Clostridia|o__Clostridia_unclassified|f__Clostridia_unclassified|g__GGB3264|s__GGB3264_SGB4312|t__SGB4312",0,0,NA,FALSE,FALSE,FALSE,NA,"HMP1-2 taxonomy vaginal"
"k__Bacteria|p__Firmicutes|c__Bacilli|o__Bacilli_unclassified|f__Bacilli_unclassified|g__Bacilli_unclassified|s__Bacilli_bacterium|t__SGB6521",1,0.00429184549356223,0.000214899978510002,FALSE,FALSE,FALSE,NA,"HMP1-2 taxonomy vaginal"
"k__Bacteria|p__Firmicutes|c__Bacilli|o__Bacilli_unclassified|f__Bacilli_unclassified|g__GGB4661|s__GGB4661_SGB6449|t__SGB6449",0,0,NA,FALSE,FALSE,FALSE,NA,"HMP1-2 taxonomy vaginal"
"k__Bacteria|p__Firmicutes|c__Clostridia|o__Clostridia_unclassified|f__Clostridia_unclassified|g__GGB3271|s__GGB3271_SGB4321|t__SGB4321",0,0,NA,FALSE,FALSE,FALSE,NA,"HMP1-2 taxonomy vaginal"
"k__Bacteria|p__Firmicutes|c__Clostridia|o__Clostridiales|f__Ruminococcaceae|g__GGB3204|s__GGB3204_SGB4228|t__SGB4228",0,0,NA,FALSE,FALSE,FALSE,NA,"HMP1-2 taxonomy vaginal"
"k__Bacteria|p__Firmicutes|c__Clostridia|o__Clostridiales|f__Lachnospiraceae|g__Lachnospiraceae_unclassified|s__Lachnospiraceae_bacterium|t__SGB4704",0,0,NA,FALSE,FALSE,FALSE,NA,"HMP1-2 taxonomy vaginal"
"k__Bacteria|p__Bacteroidetes|c__Bacteroidia|o__Bacteroidales|f__Bacteroidaceae|g__GGB33839|s__GGB33839_SGB48227|t__SGB48227",0,0,NA,FALSE,FALSE,FALSE,NA,"HMP1-2 taxonomy vaginal"
"k__Bacteria|p__Bacteroidetes|c__Bacteroidia|o__Bacteroidales|f__Bacteroidales_unclassified|g__GGB1514|s__GGB1514_SGB2094|t__SGB2094",0,0,NA,FALSE,FALSE,FALSE,NA,"HMP1-2 taxonomy vaginal"
"k__Bacteria|p__Actinobacteria|c__Actinobacteria|o__Micrococcales|f__Micrococcaceae|g__Kocuria|s__Kocuria_indica|t__SGB16668",0,0,NA,FALSE,FALSE,FALSE,NA,"HMP1-2 taxonomy vaginal"
"k__Bacteria|p__Firmicutes|c__Clostridia|o__Clostridia_unclassified|f__Clostridia_unclassified|g__Clostridia_unclassified|s__Clostridia_bacterium|t__SGB4154",0,0,NA,FALSE,FALSE,FALSE,NA,"HMP1-2 taxonomy vaginal"
"k__Bacteria|p__Firmicutes|c__Clostridia|o__Clostridia_unclassified|f__Clostridia_unclassified|g__Clostridia_unclassified|s__Clostridia_bacterium|t__SGB6364",0,0,NA,FALSE,FALSE,FALSE,NA,"HMP1-2 taxonomy vaginal"
"k__Bacteria|p__Firmicutes|c__Clostridia|o__Clostridiales|f__Lachnospiraceae|g__Lachnospiraceae_unclassified|s__Lachnospiraceae_bacterium|t__SGB4913",0,0,NA,FALSE,FALSE,FALSE,NA,"HMP1-2 taxonomy vaginal"
"k__Bacteria|p__Firmicutes|c__Clostridia|o__Clostridiales|f__Lachnospiraceae|g__Lachnospiraceae_unclassified|s__Lachnospiraceae_bacterium|t__SGB4907",0,0,NA,FALSE,FALSE,FALSE,NA,"HMP1-2 taxonomy vaginal"
"k__Bacteria|p__Firmicutes|c__Clostridia|o__Clostridiales|f__Lachnospiraceae|g__Lachnospiraceae_unclassified|s__Lachnospiraceae_bacterium|t__SGB4915",0,0,NA,FALSE,FALSE,FALSE,NA,"HMP1-2 taxonomy vaginal"
"k__Bacteria|p__Firmicutes|c__Bacilli|o__Lactobacillales|f__Enterococcaceae|g__Enterococcus|s__Enterococcus_dispar|t__SGB7957",0,0,NA,FALSE,FALSE,FALSE,NA,"HMP1-2 taxonomy vaginal"
"k__Bacteria|p__Firmicutes|c__Clostridia|o__Clostridiales|f__Clostridiales_unclassified|g__Clostridiales_unclassified|s__Clostridiales_bacterium_Marseille_P5551|t__SGB4592",0,0,NA,FALSE,FALSE,FALSE,NA,"HMP1-2 taxonomy vaginal"
"k__Bacteria|p__Actinobacteria|c__Coriobacteriia|o__Eggerthellales|f__Eggerthellaceae|g__Eggerthella|s__Eggerthella_sinensis|t__SGB14810",0,0,NA,FALSE,FALSE,FALSE,NA,"HMP1-2 taxonomy vaginal"
"k__Bacteria|p__Firmicutes|c__Clostridia|o__Clostridiales|f__Ruminococcaceae|g__Gemmiger|s__Gemmiger_sp_An194|t__SGB15283",0,0,NA,FALSE,FALSE,FALSE,NA,"HMP1-2 taxonomy vaginal"
"k__Bacteria|p__Actinobacteria|c__Actinobacteria|o__Micrococcales|f__Micrococcaceae|g__Rothia|s__Rothia_amarae|t__SGB34818",0,0,NA,FALSE,FALSE,FALSE,NA,"HMP1-2 taxonomy vaginal"
"k__Bacteria|p__Firmicutes|c__Tissierellia|o__Tissierellales|f__Peptoniphilaceae|g__Peptoniphilus|s__Peptoniphilus_vaginalis|t__SGB6696",5,0.0214592274678112,0.00200900019199208,FALSE,TRUE,FALSE,NA,"HMP1-2 taxonomy vaginal"
"k__Bacteria|p__Actinobacteria|c__Actinobacteria|o__Actinomycetales|f__Actinomycetaceae|g__Arcanobacterium|s__Arcanobacterium_sp_S3PF19|t__SGB17200",5,0.0214592274678112,0.00109842016600205,FALSE,TRUE,FALSE,NA,"HMP1-2 taxonomy vaginal"
"k__Bacteria|p__Bacteroidetes|c__Bacteroidia|o__Bacteroidales|f__Bacteroidales_unclassified|g__Bacteroidales_unclassified|s__Bacteroidales_bacterium_KA00251|t__SGB3324",3,0.0128755364806867,0.000846433497160044,FALSE,FALSE,FALSE,NA,"HMP1-2 taxonomy vaginal"
"k__Bacteria|p__Tenericutes|c__Mollicutes|o__Mycoplasmatales|f__Mycoplasmataceae|g__Ureaplasma|s__Ureaplasma_urealyticum|t__SGB5567",3,0.0128755364806867,0.00225466666958667,FALSE,TRUE,FALSE,NA,"HMP1-2 taxonomy vaginal"
"k__Bacteria|p__Actinobacteria|c__Actinobacteria|o__Bifidobacteriales|f__Bifidobacteriaceae|g__Bifidobacteriaceae_unclassified|s__Bifidobacteriaceae_bacterium_NR047|t__SGB33639",4,0.0171673819742489,0.000672450014712507,FALSE,FALSE,FALSE,NA,"HMP1-2 taxonomy vaginal"
"k__Bacteria|p__Firmicutes|c__Bacilli|o__Bacilli_unclassified|f__Bacilli_unclassified|g__Bacilli_unclassified|s__Bacilli_bacterium|t__SGB6486",0,0,NA,FALSE,FALSE,FALSE,NA,"HMP1-2 taxonomy vaginal"
"k__Bacteria|p__Firmicutes|c__Erysipelotrichia|o__Erysipelotrichales|f__Erysipelotrichaceae|g__Candidatus_Stoquefichus|s__Candidatus_Stoquefichus_sp_SB1|t__SGB6772",0,0,NA,FALSE,FALSE,FALSE,NA,"HMP1-2 taxonomy vaginal"
"k__Bacteria|p__Firmicutes|c__Tissierellia|o__Tissierellales|f__Peptoniphilaceae|g__Peptoniphilus|s__Peptoniphilus_obesi|t__SGB29505",1,0.00429184549356223,6.17999938200006e-05,FALSE,FALSE,FALSE,NA,"HMP1-2 taxonomy vaginal"
"k__Bacteria|p__Actinobacteria|c__Actinobacteria|o__Actinomycetales|f__Actinomycetaceae|g__Actinomyces|s__Actinomyces_urogenitalis|t__SGB15868",1,0.00429184549356223,1.53999984600002e-05,FALSE,FALSE,FALSE,NA,"HMP1-2 taxonomy vaginal"
"k__Bacteria|p__Actinobacteria|c__Coriobacteriia|o__Coriobacteriales|f__Atopobiaceae|g__Olsenella|s__Olsenella_sp_HMSC062G07|t__SGB14385",1,0.00429184549356223,1.51999984800002e-05,FALSE,FALSE,FALSE,NA,"HMP1-2 taxonomy vaginal"
"k__Bacteria|p__Firmicutes|c__Negativicutes|o__Veillonellales|f__Veillonellaceae|g__Megasphaera|s__Megasphaera_vaginalis|t__SGB5848",1,0.00429184549356223,1.34999986500001e-05,FALSE,FALSE,FALSE,NA,"HMP1-2 taxonomy vaginal"
"k__Bacteria|p__Firmicutes|c__Negativicutes|o__Veillonellales|f__Veillonellaceae|g__Veillonella|s__Veillonella_caviae|t__SGB30380",0,0,NA,FALSE,FALSE,FALSE,NA,"HMP1-2 taxonomy vaginal"
"k__Bacteria|p__Bacteroidetes|c__Bacteroidia|o__Bacteroidales|f__Bacteroidaceae|g__Bacteroidaceae_unclassified|s__Bacteroidaceae_bacterium|t__SGB1890",0,0,NA,FALSE,FALSE,FALSE,NA,"HMP1-2 taxonomy vaginal"
"k__Bacteria|p__Fusobacteria|c__Fusobacteriia|o__Fusobacteriales|f__Fusobacteriaceae|g__Fusobacterium|s__Fusobacterium_ulcerans|t__SGB6039_group",0,0,NA,FALSE,FALSE,FALSE,NA,"HMP1-2 taxonomy vaginal"
"k__Bacteria|p__Firmicutes|c__Bacilli|o__Lactobacillales|f__Streptococcaceae|g__Streptococcus|s__Streptococcus_lutetiensis|t__SGB8021",0,0,NA,FALSE,FALSE,FALSE,NA,"HMP1-2 taxonomy vaginal"
"k__Bacteria|p__Firmicutes|c__Clostridia|o__Clostridia_unclassified|f__Clostridia_unclassified|g__Clostridia_unclassified|s__Clostridia_bacterium|t__SGB14013",0,0,NA,FALSE,FALSE,FALSE,NA,"HMP1-2 taxonomy vaginal"
"k__Bacteria|p__Firmicutes|c__Clostridia|o__Clostridia_unclassified|f__Clostridia_unclassified|g__Clostridia_unclassified|s__Clostridia_bacterium|t__SGB14019",0,0,NA,FALSE,FALSE,FALSE,NA,"HMP1-2 taxonomy vaginal"
"k__Bacteria|p__Firmicutes|c__Clostridia|o__Clostridiales|f__Ruminococcaceae|g__GGB9608|s__GGB9608_SGB15042|t__SGB15042_group",0,0,NA,FALSE,FALSE,FALSE,NA,"HMP1-2 taxonomy vaginal"
"k__Bacteria|p__Firmicutes|c__Clostridia|o__Clostridia_unclassified|f__Clostridia_unclassified|g__Clostridia_unclassified|s__Clostridia_bacterium|t__SGB54336",0,0,NA,FALSE,FALSE,FALSE,NA,"HMP1-2 taxonomy vaginal"
"k__Bacteria|p__Firmicutes|c__Clostridia|o__Clostridia_unclassified|f__Clostridia_unclassified|g__Clostridia_unclassified|s__Clostridia_bacterium|t__SGB13952",0,0,NA,FALSE,FALSE,FALSE,NA,"HMP1-2 taxonomy vaginal"
"k__Bacteria|p__Firmicutes|c__Clostridia|o__Clostridiales|f__Oscillospiraceae|g__Oscillospiraceae_unclassified|s__Oscillospiraceae_bacterium_N12|t__SGB1802",0,0,NA,FALSE,FALSE,FALSE,NA,"HMP1-2 taxonomy vaginal"
"k__Bacteria|p__Firmicutes|c__Clostridia|o__Clostridia_unclassified|f__Clostridia_unclassified|g__Candidatus_Pseudoscilispira|s__Candidatus_Pseudoscilispira_falkowii|t__SGB63238",0,0,NA,FALSE,FALSE,FALSE,NA,"HMP1-2 taxonomy vaginal"
"k__Bacteria|p__Proteobacteria|c__Gammaproteobacteria|o__Enterobacterales|f__Enterobacteriaceae|g__Klebsiella|s__Klebsiella_michiganensis|t__SGB10119",0,0,NA,FALSE,FALSE,FALSE,NA,"HMP1-2 taxonomy vaginal"
"k__Bacteria|p__Firmicutes|c__Clostridia|o__Clostridia_unclassified|f__Clostridia_unclassified|g__Clostridia_unclassified|s__Clostridia_bacterium|t__SGB14235",0,0,NA,FALSE,FALSE,FALSE,NA,"HMP1-2 taxonomy vaginal"
"k__Bacteria|p__Firmicutes|c__Clostridia|o__Clostridiales|f__Lachnospiraceae|g__GGB3738|s__GGB3738_SGB5072|t__SGB5072",0,0,NA,FALSE,FALSE,FALSE,NA,"HMP1-2 taxonomy vaginal"
"k__Bacteria|p__Firmicutes|c__Clostridia|o__Clostridia_unclassified|f__Clostridia_unclassified|g__Clostridia_unclassified|s__Clostridia_bacterium|t__SGB15408",0,0,NA,FALSE,FALSE,FALSE,NA,"HMP1-2 taxonomy vaginal"
"k__Bacteria|p__Verrucomicrobia|c__Opitutae|o__Opitutales|f__Opitutales_unclassified|g__Opitutales_unclassified|s__Opitutales_bacterium|t__SGB8767_group",0,0,NA,FALSE,FALSE,FALSE,NA,"HMP1-2 taxonomy vaginal"
"k__Bacteria|p__Bacteroidetes|c__Bacteroidia|o__Bacteroidales|f__Rikenellaceae|g__Rikenellaceae_unclassified|s__Rikenellaceae_bacterium_DSM_108975|t__SGB2329",0,0,NA,FALSE,FALSE,FALSE,NA,"HMP1-2 taxonomy vaginal"
"k__Bacteria|p__Firmicutes|c__CFGB4614|o__OFGB4614|f__FGB4614|g__GGB13418|s__GGB13418_SGB20686|t__SGB20686",0,0,NA,FALSE,FALSE,FALSE,NA,"HMP1-2 taxonomy vaginal"
"k__Bacteria|p__Proteobacteria|c__Gammaproteobacteria|o__Pseudomonadales|f__Moraxellaceae|g__Acinetobacter|s__Acinetobacter_johnsonii|t__SGB10398",2,0.00858369098712446,0.000102249998595,FALSE,FALSE,FALSE,NA,"HMP1-2 taxonomy vaginal"
"k__Bacteria|p__Proteobacteria|c__Gammaproteobacteria|o__Enterobacterales|f__Enterobacteriaceae|g__Citrobacter|s__Citrobacter_koseri|t__SGB10079",0,0,NA,FALSE,FALSE,FALSE,NA,"HMP1-2 taxonomy vaginal"
"k__Bacteria|p__Bacteroidetes|c__Bacteroidia|o__Bacteroidales|f__Tannerellaceae|g__Parabacteroides|s__Parabacteroides_bouchesdurhonensis|t__SGB21587",0,0,NA,FALSE,FALSE,FALSE,NA,"HMP1-2 taxonomy vaginal"
"k__Bacteria|p__Fusobacteria|c__Fusobacteriia|o__Fusobacteriales|f__Leptotrichiaceae|g__Streptobacillus|s__Streptobacillus_hongkongensis|t__SGB29040",0,0,NA,FALSE,FALSE,FALSE,NA,"HMP1-2 taxonomy vaginal"
"k__Bacteria|p__Planctomycetes|c__Planctomycetia|o__Pirellulales|f__Pirellulaceae|g__GGB6565|s__GGB6565_SGB9274|t__SGB9274",0,0,NA,FALSE,FALSE,FALSE,NA,"HMP1-2 taxonomy vaginal"
"k__Bacteria|p__Firmicutes|c__Clostridia|o__Clostridia_unclassified|f__Clostridia_unclassified|g__Clostridia_unclassified|s__Clostridia_bacterium|t__SGB14004",0,0,NA,FALSE,FALSE,FALSE,NA,"HMP1-2 taxonomy vaginal"
"k__Bacteria|p__Firmicutes|c__CFGB1379|o__OFGB1379|f__FGB1379|g__GGB3360|s__GGB3360_SGB4444|t__SGB4444",0,0,NA,FALSE,FALSE,FALSE,NA,"HMP1-2 taxonomy vaginal"
"k__Bacteria|p__Firmicutes|c__Clostridia|o__Clostridiales|f__Lachnospiraceae|g__Lachnospiraceae_unclassified|s__Lachnospiraceae_bacterium_2_1_46FAA|t__SGB4549",0,0,NA,FALSE,FALSE,FALSE,NA,"HMP1-2 taxonomy vaginal"
"k__Bacteria|p__Fusobacteria|c__Fusobacteriia|o__Fusobacteriales|f__Fusobacteriaceae|g__Fusobacteriaceae_unclassified|s__Fusobacteriaceae_unclassified_SGB6035|t__SGB6035_group",0,0,NA,FALSE,FALSE,FALSE,NA,"HMP1-2 taxonomy vaginal"
"k__Bacteria|p__Firmicutes|c__Bacilli|o__Lactobacillales|f__Lactobacillaceae|g__Dellaglioa|s__Dellaglioa_algida|t__SGB7252",0,0,NA,FALSE,FALSE,FALSE,NA,"HMP1-2 taxonomy vaginal"
"k__Bacteria|p__Firmicutes|c__Clostridia|o__Clostridia_unclassified|f__Clostridia_unclassified|g__Clostridia_unclassified|s__Clostridia_bacterium|t__SGB58484",0,0,NA,FALSE,FALSE,FALSE,NA,"HMP1-2 taxonomy vaginal"
"k__Bacteria|p__Proteobacteria|c__Betaproteobacteria|o__Neisseriales|f__Neisseriaceae|g__Conchiformibius|s__Conchiformibius_steedae|t__SGB30651",0,0,NA,FALSE,FALSE,FALSE,NA,"HMP1-2 taxonomy vaginal"
"k__Bacteria|p__Actinobacteria|c__Actinobacteria|o__Corynebacteriales|f__Corynebacteriaceae|g__Corynebacterium|s__Corynebacterium_sp_HMSC08D02|t__SGB17071",0,0,NA,FALSE,FALSE,FALSE,NA,"HMP1-2 taxonomy vaginal"
"k__Bacteria|p__Actinobacteria|c__Actinobacteria|o__Corynebacteriales|f__Corynebacteriaceae|g__Corynebacterium|s__Corynebacterium_atypicum|t__SGB17094",0,0,NA,FALSE,FALSE,FALSE,NA,"HMP1-2 taxonomy vaginal"
"k__Bacteria|p__Proteobacteria|c__Gammaproteobacteria|o__Pseudomonadales|f__Moraxellaceae|g__Acinetobacter|s__Acinetobacter_ursingii|t__SGB10372",0,0,NA,FALSE,FALSE,FALSE,NA,"HMP1-2 taxonomy vaginal"
"k__Bacteria|p__Firmicutes|c__Clostridia|o__Clostridiales|f__Ruminococcaceae|g__GGB9716|s__GGB9716_SGB15269|t__SGB15269",0,0,NA,FALSE,FALSE,FALSE,NA,"HMP1-2 taxonomy vaginal"
"k__Bacteria|p__Proteobacteria|c__Gammaproteobacteria|o__Pseudomonadales|f__Moraxellaceae|g__Acinetobacter|s__Acinetobacter_venetianus|t__SGB10365",1,0.00429184549356223,4.62999953700005e-05,FALSE,FALSE,FALSE,NA,"HMP1-2 taxonomy vaginal"
"k__Bacteria|p__Proteobacteria|c__Alphaproteobacteria|o__Rhizobiales|f__Bradyrhizobiaceae|g__Afipia|s__Afipia_broomeae|t__SGB11355",0,0,NA,FALSE,FALSE,FALSE,NA,"HMP1-2 taxonomy vaginal"
"k__Bacteria|p__Firmicutes|c__Bacilli|o__Lactobacillales|f__Lactobacillaceae|g__Limosilactobacillus|s__Limosilactobacillus_reuteri|t__SGB7095",5,0.0214592274678112,0.00235008000673,FALSE,TRUE,FALSE,NA,"HMP1-2 taxonomy vaginal"
"k__Bacteria|p__Firmicutes|c__CFGB3546|o__OFGB3546|f__FGB3546|g__GGB58071|s__GGB58071_SGB79702|t__SGB79702",0,0,NA,FALSE,FALSE,FALSE,NA,"HMP1-2 taxonomy vaginal"
"k__Bacteria|p__Firmicutes|c__Erysipelotrichia|o__Erysipelotrichales|f__Erysipelotrichaceae|g__GGB31184|s__GGB31184_SGB44478|t__SGB44478",0,0,NA,FALSE,FALSE,FALSE,NA,"HMP1-2 taxonomy vaginal"
"k__Bacteria|p__Firmicutes|c__Bacilli|o__Lactobacillales|f__Lactobacillaceae|g__Limosilactobacillus|s__Lactobacillus_pontis|t__SGB7090",0,0,NA,FALSE,FALSE,FALSE,NA,"HMP1-2 taxonomy vaginal"
"k__Bacteria|p__Proteobacteria|c__Gammaproteobacteria|o__Pseudomonadales|f__Moraxellaceae|g__Moraxella|s__Moraxella_lacunata|t__SGB10428",0,0,NA,FALSE,FALSE,FALSE,NA,"HMP1-2 taxonomy vaginal"
"k__Bacteria|p__Actinobacteria|c__Actinobacteria|o__Corynebacteriales|f__Dietziaceae|g__Dietzia|s__Dietzia_timorensis|t__SGB15768",0,0,NA,FALSE,FALSE,FALSE,NA,"HMP1-2 taxonomy vaginal"
"k__Bacteria|p__Proteobacteria|c__Gammaproteobacteria|o__Enterobacterales|f__Erwiniaceae|g__Pantoea|s__Pantoea_ananatis|t__SGB10194",0,0,NA,FALSE,FALSE,FALSE,NA,"HMP1-2 taxonomy vaginal"
"k__Bacteria|p__Bacteroidetes|c__Bacteroidia|o__Bacteroidales|f__Bacteroidaceae|g__GGB1153|s__GGB1153_SGB1481|t__SGB1481",1,0.00429184549356223,0.0244219975578002,FALSE,TRUE,FALSE,NA,"HMP1-2 taxonomy vaginal"
"k__Bacteria|p__Bacteroidetes|c__Bacteroidia|o__Bacteroidales|f__Prevotellaceae|g__Paraprevotella|s__Paraprevotella_xylaniphila|t__SGB1797",1,0.00429184549356223,0.00589369941063006,FALSE,TRUE,FALSE,NA,"HMP1-2 taxonomy vaginal"
"k__Bacteria|p__Bacteroidetes|c__Bacteroidia|o__Bacteroidales|f__Bacteroidales_unclassified|g__Bacteroidales_unclassified|s__Bacteroidales_bacterium|t__SGB2067",0,0,NA,FALSE,FALSE,FALSE,NA,"HMP1-2 taxonomy vaginal"
"k__Bacteria|p__Bacteroidetes|c__Bacteroidia|o__Bacteroidales|f__Bacteroidaceae|g__GGB1350|s__GGB1350_SGB1808|t__SGB1808",1,0.00429184549356223,0.000724499927550007,FALSE,FALSE,FALSE,NA,"HMP1-2 taxonomy vaginal"
"k__Bacteria|p__Actinobacteria|c__Coriobacteriia|o__Eggerthellales|f__Eggerthellaceae|g__GGB9423|s__GGB9423_SGB14792|t__SGB14792",0,0,NA,FALSE,FALSE,FALSE,NA,"HMP1-2 taxonomy vaginal"
"k__Bacteria|p__Proteobacteria|c__Alphaproteobacteria|o__Caulobacterales|f__Caulobacteraceae|g__Caulobacteraceae_unclassified|s__Caulobacteraceae_bacterium|t__SGB56795",13,0.055793991416309,0.00899633089948694,FALSE,TRUE,FALSE,NA,"HMP1-2 taxonomy vaginal"
"k__Bacteria|p__Proteobacteria|c__Alphaproteobacteria|o__Rhizobiales|f__Bradyrhizobiaceae|g__Bradyrhizobium|s__Bradyrhizobium_sp_17_4|t__SGB11337",13,0.055793991416309,0.00120393847164539,FALSE,TRUE,FALSE,NA,"HMP1-2 taxonomy vaginal"
"k__Bacteria|p__Proteobacteria|c__Betaproteobacteria|o__Burkholderiales|f__Burkholderiaceae|g__Ralstonia|s__Ralstonia_pickettii|t__SGB12924",11,0.0472103004291846,0.000329900003755456,FALSE,FALSE,FALSE,NA,"HMP1-2 taxonomy vaginal"
"k__Bacteria|p__Firmicutes|c__Bacilli|o__Bacilli_unclassified|f__Bacilli_unclassified|g__Bacilli_unclassified|s__Bacilli_bacterium|t__SGB6766",0,0,NA,FALSE,FALSE,FALSE,NA,"HMP1-2 taxonomy vaginal"
"k__Bacteria|p__Firmicutes|c__Bacilli|o__Bacilli_unclassified|f__Bacilli_unclassified|g__Bacilli_unclassified|s__Bacilli_unclassified_SGB6428|t__SGB6428",0,0,NA,FALSE,FALSE,FALSE,NA,"HMP1-2 taxonomy vaginal"
"k__Bacteria|p__Firmicutes|c__Clostridia|o__Clostridia_unclassified|f__Clostridia_unclassified|g__Clostridia_unclassified|s__Clostridia_bacterium|t__SGB14216",0,0,NA,FALSE,FALSE,FALSE,NA,"HMP1-2 taxonomy vaginal"
"k__Bacteria|p__Firmicutes|c__Clostridia|o__Clostridiales|f__Ruminococcaceae|g__GGB9701|s__GGB9701_SGB15218|t__SGB15218",0,0,NA,FALSE,FALSE,FALSE,NA,"HMP1-2 taxonomy vaginal"
"k__Bacteria|p__Firmicutes|c__Clostridia|o__Clostridia_unclassified|f__Clostridia_unclassified|g__GGB3266|s__GGB3266_SGB4315|t__SGB4315",0,0,NA,FALSE,FALSE,FALSE,NA,"HMP1-2 taxonomy vaginal"
"k__Bacteria|p__Firmicutes|c__Clostridia|o__Clostridiales|f__Ruminococcaceae|g__Flavonifractor|s__Flavonifractor_sp_An112|t__SGB15138",0,0,NA,FALSE,FALSE,FALSE,NA,"HMP1-2 taxonomy vaginal"
"k__Bacteria|p__Firmicutes|c__Clostridia|o__Clostridiales|f__Eubacteriaceae|g__Intestinibacillus|s__Intestinibacillus_massiliensis|t__SGB29304",0,0,NA,FALSE,FALSE,FALSE,NA,"HMP1-2 taxonomy vaginal"
"k__Bacteria|p__Actinobacteria|c__Actinobacteria|o__Corynebacteriales|f__Corynebacteriaceae|g__Corynebacterium|s__Corynebacterium_imitans|t__SGB17060",0,0,NA,FALSE,FALSE,FALSE,NA,"HMP1-2 taxonomy vaginal"
"k__Bacteria|p__Proteobacteria|c__Alphaproteobacteria|o__Caulobacterales|f__Caulobacteraceae|g__Brevundimonas|s__Brevundimonas_diminuta|t__SGB11729_group",0,0,NA,FALSE,FALSE,FALSE,NA,"HMP1-2 taxonomy vaginal"
"k__Bacteria|p__Bacteroidetes|c__Flavobacteriia|o__Flavobacteriales|f__Weeksellaceae|g__Kaistella|s__Chryseobacterium_haifense|t__SGB2641",0,0,NA,FALSE,FALSE,FALSE,NA,"HMP1-2 taxonomy vaginal"
"k__Bacteria|p__Proteobacteria|c__Alphaproteobacteria|o__Caulobacterales|f__Caulobacteraceae|g__GGB7899|s__GGB7899_SGB11736|t__SGB11736",0,0,NA,FALSE,FALSE,FALSE,NA,"HMP1-2 taxonomy vaginal"
"k__Bacteria|p__Proteobacteria|c__Alphaproteobacteria|o__Caulobacterales|f__Caulobacteraceae|g__Brevundimonas|s__Brevundimonas_SGB38300|t__SGB38300",0,0,NA,FALSE,FALSE,FALSE,NA,"HMP1-2 taxonomy vaginal"
"k__Bacteria|p__Proteobacteria|c__Gammaproteobacteria|o__Enterobacterales|f__Erwiniaceae|g__Mixta|s__Mixta_calida|t__SGB10159",0,0,NA,FALSE,FALSE,FALSE,NA,"HMP1-2 taxonomy vaginal"
"k__Bacteria|p__Proteobacteria|c__Gammaproteobacteria|o__Pseudomonadales|f__Moraxellaceae|g__Acinetobacter|s__Acinetobacter_parvus|t__SGB10366",0,0,NA,FALSE,FALSE,FALSE,NA,"HMP1-2 taxonomy vaginal"
"k__Bacteria|p__Proteobacteria|c__Alphaproteobacteria|o__Caulobacterales|f__Caulobacteraceae|g__Brevundimonas|s__Brevundimonas_SGB38301|t__SGB38301",0,0,NA,FALSE,FALSE,FALSE,NA,"HMP1-2 taxonomy vaginal"
"k__Bacteria|p__Proteobacteria|c__Alphaproteobacteria|o__Rhodobacterales|f__Rhodobacteraceae|g__Paracoccus|s__Paracoccus_sanguinis|t__SGB10730",0,0,NA,FALSE,FALSE,FALSE,NA,"HMP1-2 taxonomy vaginal"
"k__Bacteria|p__Proteobacteria|c__Gammaproteobacteria|o__Pseudomonadales|f__Moraxellaceae|g__Acinetobacter|s__Acinetobacter_bereziniae|t__SGB10379",0,0,NA,FALSE,FALSE,FALSE,NA,"HMP1-2 taxonomy vaginal"
"k__Bacteria|p__Firmicutes|c__Bacilli|o__Bacillales|f__Staphylococcaceae|g__Mammaliicoccus|s__Mammaliicoccus_sciuri|t__SGB7818",0,0,NA,FALSE,FALSE,FALSE,NA,"HMP1-2 taxonomy vaginal"
"k__Bacteria|p__Firmicutes|c__Negativicutes|o__Selenomonadales|f__Selenomonadaceae|g__Mitsuokella|s__Mitsuokella_sp_oral_taxon_131|t__SGB5901",0,0,NA,FALSE,FALSE,FALSE,NA,"HMP1-2 taxonomy vaginal"
"k__Bacteria|p__Firmicutes|c__Clostridia|o__Clostridiales|f__Lachnospiraceae|g__Lachnospiraceae_unclassified|s__Lachnospiraceae_bacterium|t__SGB4591",0,0,NA,FALSE,FALSE,FALSE,NA,"HMP1-2 taxonomy vaginal"
"k__Bacteria|p__Bacteroidetes|c__Bacteroidia|o__Bacteroidales|f__Rikenellaceae|g__Alistipes|s__Alistipes_sp_An66|t__SGB2306",0,0,NA,FALSE,FALSE,FALSE,NA,"HMP1-2 taxonomy vaginal"
"k__Bacteria|p__Proteobacteria|c__Gammaproteobacteria|o__Pseudomonadales|f__Moraxellaceae|g__Moraxella|s__Moraxella_canis|t__SGB10431",0,0,NA,FALSE,FALSE,FALSE,NA,"HMP1-2 taxonomy vaginal"
"k__Bacteria|p__Candidatus_Melainabacteria|c__Candidatus_Melainabacteria_unclassified|o__Candidatus_Gastranaerophilales|f__Candidatus_Gastranaerophilales_unclassified|g__GGB6007|s__GGB6007_SGB8634|t__SGB8634",0,0,NA,FALSE,FALSE,FALSE,NA,"HMP1-2 taxonomy vaginal"
"k__Bacteria|p__Bacteroidetes|c__Flavobacteriia|o__Flavobacteriales|f__Weeksellaceae|g__Algoriella|s__Algoriella_xinjiangensis|t__SGB3057",0,0,NA,FALSE,FALSE,FALSE,NA,"HMP1-2 taxonomy vaginal"
"k__Bacteria|p__Actinobacteria|c__Coriobacteriia|o__Coriobacteriales|f__Coriobacteriaceae|g__Collinsella|s__Collinsella_sp_AK_207A|t__SGB14762",0,0,NA,FALSE,FALSE,FALSE,NA,"HMP1-2 taxonomy vaginal"
"k__Bacteria|p__Firmicutes|c__Bacilli|o__Bacilli_unclassified|f__Bacilli_unclassified|g__Bacilli_unclassified|s__Bacilli_bacterium|t__SGB47354",0,0,NA,FALSE,FALSE,FALSE,NA,"HMP1-2 taxonomy vaginal"
"k__Bacteria|p__Bacteroidetes|c__Bacteroidia|o__Bacteroidales|f__Porphyromonadaceae|g__Porphyromonas|s__Porphyromonas_sp_COT_290_OH3588|t__SGB2058",0,0,NA,FALSE,FALSE,FALSE,NA,"HMP1-2 taxonomy vaginal"
"k__Bacteria|p__Bacteroidetes|c__Bacteroidia|o__Bacteroidales|f__Porphyromonadaceae|g__Porphyromonas|s__Porphyromonas_canoris|t__SGB2061",0,0,NA,FALSE,FALSE,FALSE,NA,"HMP1-2 taxonomy vaginal"
"k__Bacteria|p__Bacteroidetes|c__Bacteroidia|o__Bacteroidales|f__Porphyromonadaceae|g__Porphyromonas|s__Porphyromonas_cangingivalis|t__SGB2060",0,0,NA,FALSE,FALSE,FALSE,NA,"HMP1-2 taxonomy vaginal"
"k__Bacteria|p__Bacteroidetes|c__Bacteroidia|o__Bacteroidales|f__Porphyromonadaceae|g__Porphyromonas|s__Porphyromonas_gulae|t__SGB2056",0,0,NA,FALSE,FALSE,FALSE,NA,"HMP1-2 taxonomy vaginal"
"k__Bacteria|p__Bacteroidetes|c__Bacteroidia|o__Bacteroidales|f__Porphyromonadaceae|g__Porphyromonas|s__Porphyromonas_gingivicanis|t__SGB2063",0,0,NA,FALSE,FALSE,FALSE,NA,"HMP1-2 taxonomy vaginal"
"k__Bacteria|p__Bacteroidetes|c__Flavobacteriia|o__Flavobacteriales|f__Weeksellaceae|g__Bergeyella|s__Bergeyella_zoohelcum|t__SGB2924",0,0,NA,FALSE,FALSE,FALSE,NA,"HMP1-2 taxonomy vaginal"
"k__Bacteria|p__Proteobacteria|c__Epsilonproteobacteria|o__Campylobacterales|f__Campylobacteraceae|g__Campylobacter|s__Campylobacter_sp_CCUG_57310|t__SGB77311",0,0,NA,FALSE,FALSE,FALSE,NA,"HMP1-2 taxonomy vaginal"
"k__Bacteria|p__Proteobacteria|c__Gammaproteobacteria|o__Pseudomonadales|f__Moraxellaceae|g__Moraxella|s__Moraxella_sp_VT_16_12|t__SGB10433",0,0,NA,FALSE,FALSE,FALSE,NA,"HMP1-2 taxonomy vaginal"
"k__Bacteria|p__Proteobacteria|c__Betaproteobacteria|o__Neisseriales|f__Neisseriaceae|g__Neisseria|s__Neisseria_dumasiana|t__SGB9444",0,0,NA,FALSE,FALSE,FALSE,NA,"HMP1-2 taxonomy vaginal"
"k__Bacteria|p__Proteobacteria|c__Betaproteobacteria|o__Neisseriales|f__Neisseriaceae|g__Neisseria|s__Neisseria_weaveri|t__SGB9442",0,0,NA,FALSE,FALSE,FALSE,NA,"HMP1-2 taxonomy vaginal"
"k__Bacteria|p__Bacteroidetes|c__Bacteroidia|o__Bacteroidales|f__Porphyromonadaceae|g__Porphyromonas|s__Porphyromonas_sp_COT_239_OH1446|t__SGB2059",0,0,NA,FALSE,FALSE,FALSE,NA,"HMP1-2 taxonomy vaginal"
"k__Bacteria|p__Firmicutes|c__Clostridia|o__Clostridiales|f__Lachnospiraceae|g__Murimonas|s__Murimonas_intestini|t__SGB25538",0,0,NA,FALSE,FALSE,FALSE,NA,"HMP1-2 taxonomy vaginal"
"k__Bacteria|p__Firmicutes|c__Clostridia|o__Clostridia_unclassified|f__Clostridia_unclassified|g__Clostridia_unclassified|s__Clostridia_bacterium|t__SGB4304",0,0,NA,FALSE,FALSE,FALSE,NA,"HMP1-2 taxonomy vaginal"
"k__Bacteria|p__Firmicutes|c__Bacilli|o__Lactobacillales|f__Streptococcaceae|g__Streptococcus|s__Streptococcus_sobrinus|t__SGB7995",0,0,NA,FALSE,FALSE,FALSE,NA,"HMP1-2 taxonomy vaginal"
"k__Bacteria|p__Proteobacteria|c__Alphaproteobacteria|o__Rhodobacterales|f__Rhodobacteraceae|g__Paracoccus|s__Paracoccus_haeundaensis|t__SGB10707",0,0,NA,FALSE,FALSE,FALSE,NA,"HMP1-2 taxonomy vaginal"
"k__Bacteria|p__Proteobacteria|c__Alphaproteobacteria|o__Sphingomonadales|f__Sphingomonadaceae|g__Sphingobium|s__Sphingobium_yanoikuyae|t__SGB11614_group",1,0.00429184549356223,0.000715899928410007,FALSE,FALSE,FALSE,NA,"HMP1-2 taxonomy vaginal"
"k__Bacteria|p__Proteobacteria|c__Hydrogenophilalia|o__Hydrogenophilales|f__Hydrogenophilaceae|g__Hydrogenophilus|s__Hydrogenophilus_thermoluteolus|t__SGB23500",0,0,NA,FALSE,FALSE,FALSE,NA,"HMP1-2 taxonomy vaginal"
"k__Bacteria|p__Candidatus_Melainabacteria|c__Candidatus_Melainabacteria_unclassified|o__Candidatus_Gastranaerophilales|f__Candidatus_Gastranaerophilales_unclassified|g__Candidatus_Gastranaerophilales_unclassified|s__Candidatus_Gastranaerophilales_bacterium|t__SGB8597",0,0,NA,FALSE,FALSE,FALSE,NA,"HMP1-2 taxonomy vaginal"
"k__Bacteria|p__Firmicutes|c__Clostridia|o__Clostridiales|f__Ruminococcaceae|g__GGB3247|s__GGB3247_SGB4294|t__SGB4294",0,0,NA,FALSE,FALSE,FALSE,NA,"HMP1-2 taxonomy vaginal"
"k__Bacteria|p__Firmicutes|c__Clostridia|o__Clostridia_unclassified|f__Clostridia_unclassified|g__Clostridia_unclassified|s__Clostridia_bacterium|t__SGB14873",0,0,NA,FALSE,FALSE,FALSE,NA,"HMP1-2 taxonomy vaginal"
"k__Bacteria|p__Bacteroidetes|c__Bacteroidia|o__Bacteroidales|f__Rikenellaceae|g__Rikenellaceae_unclassified|s__Rikenellaceae_unclassified_SGB2227|t__SGB2227",0,0,NA,FALSE,FALSE,FALSE,NA,"HMP1-2 taxonomy vaginal"
"k__Bacteria|p__Proteobacteria|c__CFGB2394|o__OFGB2394|f__FGB2394|g__GGB6544|s__GGB6544_SGB9243|t__SGB9243",0,0,NA,FALSE,FALSE,FALSE,NA,"HMP1-2 taxonomy vaginal"
"k__Bacteria|p__Firmicutes|c__Clostridia|o__Clostridiales|f__Ruminococcaceae|g__Ruminococcaceae_unclassified|s__Ruminococcaceae_bacterium|t__SGB42516",0,0,NA,FALSE,FALSE,FALSE,NA,"HMP1-2 taxonomy vaginal"
"k__Bacteria|p__Bacteroidetes|c__Flavobacteriia|o__Flavobacteriales|f__Weeksellaceae|g__Epilithonimonas|s__Chryseobacterium_hominis|t__SGB2549",0,0,NA,FALSE,FALSE,FALSE,NA,"HMP1-2 taxonomy vaginal"
"k__Bacteria|p__Bacteroidetes|c__Bacteroidia|o__Bacteroidales|f__Bacteroidaceae|g__Bacteroides|s__Bacteroides_zoogleoformans|t__SGB21590",0,0,NA,FALSE,FALSE,FALSE,NA,"HMP1-2 taxonomy vaginal"
"k__Bacteria|p__Firmicutes|c__Tissierellia|o__Tissierellales|f__Peptoniphilaceae|g__Anaerococcus|s__Anaerococcus_hydrogenalis|t__SGB6663",3,0.0128755364806867,0.00528303333333333,FALSE,TRUE,FALSE,NA,"HMP1-2 taxonomy vaginal"
"k__Bacteria|p__Actinobacteria|c__Actinobacteria|o__Actinomycetales|f__Actinomycetaceae|g__Winkia|s__Winkia_neuii|t__SGB17192",5,0.0214592274678112,0.000753640053616016,FALSE,FALSE,FALSE,NA,"HMP1-2 taxonomy vaginal"
"k__Bacteria|p__Actinobacteria|c__Actinobacteria|o__Actinomycetales|f__Actinomycetaceae|g__Actinomyces|s__Actinomyces_culturomici|t__SGB17171",0,0,NA,FALSE,FALSE,FALSE,NA,"HMP1-2 taxonomy vaginal"
"k__Bacteria|p__Actinobacteria|c__Coriobacteriia|o__Coriobacteriales|f__Coriobacteriaceae|g__Coriobacteriaceae_unclassified|s__Coriobacteriaceae_bacterium_68_1_3|t__SGB14791",0,0,NA,FALSE,FALSE,FALSE,NA,"HMP1-2 taxonomy vaginal"
"k__Bacteria|p__Actinobacteria|c__Coriobacteriia|o__Coriobacteriales|f__Atopobiaceae|g__Olsenella|s__Olsenella_sp_KGMB02461|t__SGB72466",0,0,NA,FALSE,FALSE,FALSE,NA,"HMP1-2 taxonomy vaginal"
"k__Bacteria|p__Firmicutes|c__Clostridia|o__Clostridiales|f__Ruminococcaceae|g__Agathobaculum|s__Agathobaculum_desmolans|t__SGB14989",0,0,NA,FALSE,FALSE,FALSE,NA,"HMP1-2 taxonomy vaginal"
"k__Bacteria|p__Firmicutes|c__Erysipelotrichia|o__Erysipelotrichales|f__Erysipelotrichaceae|g__Erysipelotrichaceae_unclassified|s__Erysipelotrichaceae_bacterium|t__SGB6823",0,0,NA,FALSE,FALSE,FALSE,NA,"HMP1-2 taxonomy vaginal"
"k__Bacteria|p__Firmicutes|c__Clostridia|o__Clostridiales|f__Ruminococcaceae|g__GGB9637|s__GGB9637_SGB15111|t__SGB15111",0,0,NA,FALSE,FALSE,FALSE,NA,"HMP1-2 taxonomy vaginal"
"k__Bacteria|p__Firmicutes|c__Clostridia|o__Clostridiales|f__Ruminococcaceae|g__Ruminococcaceae_unclassified|s__Ruminococcaceae_bacterium|t__SGB14908",0,0,NA,FALSE,FALSE,FALSE,NA,"HMP1-2 taxonomy vaginal"
"k__Bacteria|p__Firmicutes|c__Clostridia|o__Clostridiales|f__Clostridiaceae|g__GGB3528|s__GGB3528_SGB4713|t__SGB4713",0,0,NA,FALSE,FALSE,FALSE,NA,"HMP1-2 taxonomy vaginal"
"k__Bacteria|p__Firmicutes|c__Clostridia|o__Clostridiales|f__Ruminococcaceae|g__Ruminococcaceae_unclassified|s__Ruminococcaceae_bacterium|t__SGB15355",0,0,NA,FALSE,FALSE,FALSE,NA,"HMP1-2 taxonomy vaginal"
"k__Bacteria|p__Actinobacteria|c__Actinobacteria|o__Corynebacteriales|f__Corynebacteriaceae|g__Corynebacterium|s__Corynebacterium_timonense|t__SGB17057",0,0,NA,FALSE,FALSE,FALSE,NA,"HMP1-2 taxonomy vaginal"
"k__Bacteria|p__Actinobacteria|c__Coriobacteriia|o__Eggerthellales|f__Eggerthellaceae|g__Eggerthellaceae_unclassified|s__Eggerthellaceae_bacterium|t__SGB53822",0,0,NA,FALSE,FALSE,FALSE,NA,"HMP1-2 taxonomy vaginal"
"k__Bacteria|p__Firmicutes|c__Clostridia|o__Clostridiales|f__Clostridiaceae|g__Clostridium|s__Clostridium_celatum|t__SGB6180",0,0,NA,FALSE,FALSE,FALSE,NA,"HMP1-2 taxonomy vaginal"
"k__Bacteria|p__Firmicutes|c__Clostridia|o__Clostridiales|f__Ruminococcaceae|g__Ruminococcaceae_unclassified|s__Ruminococcaceae_bacterium|t__SGB14911",0,0,NA,FALSE,FALSE,FALSE,NA,"HMP1-2 taxonomy vaginal"
"k__Bacteria|p__Proteobacteria|c__Alphaproteobacteria|o__Alphaproteobacteria_unclassified|f__Alphaproteobacteria_unclassified|g__Alphaproteobacteria_unclassified|s__Alphaproteobacteria_bacterium|t__SGB57593",1,0.00429184549356223,7.26000217800065e-05,FALSE,FALSE,FALSE,NA,"HMP1-2 taxonomy vaginal"
"k__Bacteria|p__Proteobacteria|c__Alphaproteobacteria|o__Sphingomonadales|f__Sphingomonadaceae|g__Novosphingobium|s__Novosphingobium_sp_SG900|t__SGB24585",0,0,NA,FALSE,FALSE,FALSE,NA,"HMP1-2 taxonomy vaginal"
"k__Bacteria|p__Proteobacteria|c__Gammaproteobacteria|o__Pseudomonadales|f__Pseudomonadaceae|g__Pseudomonas|s__Pseudomonas_aeruginosa|t__SGB12320",0,0,NA,FALSE,FALSE,FALSE,NA,"HMP1-2 taxonomy vaginal"
"k__Bacteria|p__Proteobacteria|c__Gammaproteobacteria|o__Pseudomonadales|f__Pseudomonadaceae|g__Pseudomonas|s__Pseudomonas_guariconensis|t__SGB12273",0,0,NA,FALSE,FALSE,FALSE,NA,"HMP1-2 taxonomy vaginal"
"k__Bacteria|p__Proteobacteria|c__Betaproteobacteria|o__Burkholderiales|f__Comamonadaceae|g__Comamonas|s__Comamonas_thiooxydans|t__SGB12682_group",0,0,NA,FALSE,FALSE,FALSE,NA,"HMP1-2 taxonomy vaginal"
"k__Bacteria|p__Proteobacteria|c__Gammaproteobacteria|o__Pseudomonadales|f__Moraxellaceae|g__Acinetobacter|s__Acinetobacter_parvus|t__SGB10367",0,0,NA,FALSE,FALSE,FALSE,NA,"HMP1-2 taxonomy vaginal"
"k__Bacteria|p__Proteobacteria|c__Betaproteobacteria|o__Burkholderiales|f__Comamonadaceae|g__Comamonas|s__Comamonas_aquatica|t__SGB12677",0,0,NA,FALSE,FALSE,FALSE,NA,"HMP1-2 taxonomy vaginal"
"k__Bacteria|p__Proteobacteria|c__Alphaproteobacteria|o__Rhizobiales|f__Methylobacteriaceae|g__Methylobacterium|s__Methylobacterium_sp_CLZ|t__SGB24428",0,0,NA,FALSE,FALSE,FALSE,NA,"HMP1-2 taxonomy vaginal"
"k__Bacteria|p__Actinobacteria|c__Actinobacteria|o__Actinomycetales|f__Actinomycetaceae|g__Actinomyces|s__Actinomyces_oricola|t__SGB33758",0,0,NA,FALSE,FALSE,FALSE,NA,"HMP1-2 taxonomy vaginal"
"k__Bacteria|p__Firmicutes|c__Clostridia|o__Clostridiales|f__Ruminococcaceae|g__GGB9635|s__GGB9635_SGB15100|t__SGB15100",0,0,NA,FALSE,FALSE,FALSE,NA,"HMP1-2 taxonomy vaginal"
"k__Bacteria|p__Firmicutes|c__Clostridia|o__Clostridiales|f__Ruminococcaceae|g__GGB9687|s__GGB9687_SGB15191|t__SGB15191",0,0,NA,FALSE,FALSE,FALSE,NA,"HMP1-2 taxonomy vaginal"
"k__Bacteria|p__Firmicutes|c__Clostridia|o__Clostridiales|f__Ruminococcaceae|g__GGB9636|s__GGB9636_SGB15108|t__SGB15108",0,0,NA,FALSE,FALSE,FALSE,NA,"HMP1-2 taxonomy vaginal"
"k__Bacteria|p__Firmicutes|c__Clostridia|o__Clostridia_unclassified|f__Clostridia_unclassified|g__Clostridia_unclassified|s__Clostridia_bacterium|t__SGB15384",0,0,NA,FALSE,FALSE,FALSE,NA,"HMP1-2 taxonomy vaginal"
"k__Bacteria|p__Firmicutes|c__Clostridia|o__Clostridiales|f__Ruminococcaceae|g__Ruminococcaceae_unclassified|s__Ruminococcaceae_bacterium|t__SGB15084",0,0,NA,FALSE,FALSE,FALSE,NA,"HMP1-2 taxonomy vaginal"
"k__Bacteria|p__Synergistetes|c__Synergistia|o__Synergistales|f__Synergistaceae|g__Cloacibacillus|s__Cloacibacillus_porcorum|t__SGB15507",0,0,NA,FALSE,FALSE,FALSE,NA,"HMP1-2 taxonomy vaginal"
"k__Bacteria|p__Firmicutes|c__Clostridia|o__Clostridia_unclassified|f__Clostridia_unclassified|g__Clostridia_unclassified|s__Clostridia_bacterium|t__SGB13997",0,0,NA,FALSE,FALSE,FALSE,NA,"HMP1-2 taxonomy vaginal"
"k__Bacteria|p__Firmicutes|c__Bacilli|o__Bacillales|f__Bacillaceae|g__Salicibibacter|s__Salicibibacter_halophilus|t__SGB82671",0,0,NA,FALSE,FALSE,FALSE,NA,"HMP1-2 taxonomy vaginal"
"k__Bacteria|p__Actinobacteria|c__Actinobacteria|o__Corynebacteriales|f__Corynebacteriaceae|g__Corynebacterium|s__Corynebacterium_pyruviciproducens|t__SGB17029",2,0.00858369098712446,0.00127640003219001,FALSE,TRUE,FALSE,NA,"HMP1-2 taxonomy vaginal"
"k__Bacteria|p__Actinobacteria|c__Actinobacteria|o__Micrococcales|f__Sanguibacteraceae|g__Sanguibacter|s__Sanguibacter_inulinus|t__SGB16047",1,0.00429184549356223,0.000233900093560037,FALSE,FALSE,FALSE,NA,"HMP1-2 taxonomy vaginal"
"k__Bacteria|p__Actinobacteria|c__Actinobacteria|o__Micrococcales|f__Microbacteriaceae|g__Plantibacter|s__Plantibacter_flavus|t__SGB16794",1,0.00429184549356223,0.000176700070680028,FALSE,FALSE,FALSE,NA,"HMP1-2 taxonomy vaginal"
"k__Bacteria|p__Proteobacteria|c__CFGB2395|o__OFGB2395|f__FGB2395|g__GGB6554|s__GGB6554_SGB9256|t__SGB9256",0,0,NA,FALSE,FALSE,FALSE,NA,"HMP1-2 taxonomy vaginal"
"k__Bacteria|p__Firmicutes|c__Clostridia|o__Clostridia_unclassified|f__Clostridia_unclassified|g__Clostridia_unclassified|s__Clostridia_bacterium|t__SGB14081",0,0,NA,FALSE,FALSE,FALSE,NA,"HMP1-2 taxonomy vaginal"
"k__Bacteria|p__Verrucomicrobia|c__Opitutae|o__Opitutales|f__Opitutales_unclassified|g__GGB6128|s__GGB6128_SGB8774|t__SGB8774",0,0,NA,FALSE,FALSE,FALSE,NA,"HMP1-2 taxonomy vaginal"
"k__Bacteria|p__Firmicutes|c__Bacilli|o__Bacilli_unclassified|f__Bacilli_unclassified|g__GGB4702|s__GGB4702_SGB6509|t__SGB6509",0,0,NA,FALSE,FALSE,FALSE,NA,"HMP1-2 taxonomy vaginal"
"k__Bacteria|p__Candidatus_Melainabacteria|c__Candidatus_Melainabacteria_unclassified|o__Candidatus_Gastranaerophilales|f__Candidatus_Gastranaerophilales_unclassified|g__Candidatus_Gastranaerophilales_unclassified|s__Candidatus_Gastranaerophilales_bacterium|t__SGB8590",0,0,NA,FALSE,FALSE,FALSE,NA,"HMP1-2 taxonomy vaginal"
"k__Bacteria|p__Firmicutes|c__Clostridia|o__Clostridia_unclassified|f__Clostridia_unclassified|g__Clostridia_unclassified|s__Clostridia_bacterium|t__SGB14025",0,0,NA,FALSE,FALSE,FALSE,NA,"HMP1-2 taxonomy vaginal"
"k__Bacteria|p__Firmicutes|c__Clostridia|o__Clostridia_unclassified|f__Clostridia_unclassified|g__Clostridia_unclassified|s__Clostridia_bacterium|t__SGB14213",0,0,NA,FALSE,FALSE,FALSE,NA,"HMP1-2 taxonomy vaginal"
"k__Bacteria|p__Firmicutes|c__Clostridia|o__Clostridiales|f__Ruminococcaceae|g__GGB9636|s__GGB9636_SGB15109|t__SGB15109",0,0,NA,FALSE,FALSE,FALSE,NA,"HMP1-2 taxonomy vaginal"
"k__Bacteria|p__Firmicutes|c__Clostridia|o__Clostridiales|f__Ruminococcaceae|g__GGB9595|s__GGB9595_SGB15017|t__SGB15017",0,0,NA,FALSE,FALSE,FALSE,NA,"HMP1-2 taxonomy vaginal"
"k__Bacteria|p__Firmicutes|c__CFGB2950|o__OFGB2950|f__FGB2950|g__GGB9291|s__GGB9291_SGB14248|t__SGB14248",0,0,NA,FALSE,FALSE,FALSE,NA,"HMP1-2 taxonomy vaginal"
"k__Bacteria|p__Firmicutes|c__Clostridia|o__Clostridia_unclassified|f__Clostridia_unclassified|g__Clostridia_unclassified|s__Clostridia_bacterium|t__SGB14950",0,0,NA,FALSE,FALSE,FALSE,NA,"HMP1-2 taxonomy vaginal"
"k__Bacteria|p__Firmicutes|c__Clostridia|o__Clostridia_unclassified|f__Clostridia_unclassified|g__Clostridia_unclassified|s__Clostridia_bacterium|t__SGB13978",0,0,NA,FALSE,FALSE,FALSE,NA,"HMP1-2 taxonomy vaginal"
"k__Bacteria|p__Firmicutes|c__Clostridia|o__Clostridiales|f__Lachnospiraceae|g__Coprococcus|s__Coprococcus_SGB5116|t__SGB5116",0,0,NA,FALSE,FALSE,FALSE,NA,"HMP1-2 taxonomy vaginal"
"k__Bacteria|p__Firmicutes|c__Clostridia|o__Clostridia_unclassified|f__Clostridia_unclassified|g__GGB9768|s__GGB9768_SGB15386|t__SGB15386",0,0,NA,FALSE,FALSE,FALSE,NA,"HMP1-2 taxonomy vaginal"
"k__Bacteria|p__Firmicutes|c__Clostridia|o__Clostridia_unclassified|f__Clostridia_unclassified|g__Candidatus_Avimonas|s__Candidatus_Avimonas_intestinalis|t__SGB53519",0,0,NA,FALSE,FALSE,FALSE,NA,"HMP1-2 taxonomy vaginal"
"k__Bacteria|p__Firmicutes|c__Clostridia|o__Clostridiales|f__Ruminococcaceae|g__GGB9696|s__GGB9696_SGB15212|t__SGB15212",0,0,NA,FALSE,FALSE,FALSE,NA,"HMP1-2 taxonomy vaginal"
"k__Bacteria|p__Actinobacteria|c__Coriobacteriia|o__Coriobacteriales|f__Atopobiaceae|g__Parolsenella|s__Parolsenella_catena|t__SGB14379",0,0,NA,FALSE,FALSE,FALSE,NA,"HMP1-2 taxonomy vaginal"
"k__Bacteria|p__Firmicutes|c__Negativicutes|o__Acidaminococcales|f__Acidaminococcaceae|g__Acidaminococcus|s__Acidaminococcus_fermentans|t__SGB5743",0,0,NA,FALSE,FALSE,FALSE,NA,"HMP1-2 taxonomy vaginal"
"k__Bacteria|p__Firmicutes|c__Clostridia|o__Clostridiales|f__Ruminococcaceae|g__Flavonifractor|s__Flavonifractor_SGB15137|t__SGB15137",0,0,NA,FALSE,FALSE,FALSE,NA,"HMP1-2 taxonomy vaginal"
"k__Bacteria|p__Firmicutes|c__CFGB1470|o__OFGB1470|f__FGB1470|g__GGB3717|s__GGB3717_SGB5040|t__SGB5040",0,0,NA,FALSE,FALSE,FALSE,NA,"HMP1-2 taxonomy vaginal"
"k__Bacteria|p__Firmicutes|c__Negativicutes|o__Acidaminococcales|f__Acidaminococcaceae|g__GGB4249|s__GGB4249_SGB5749|t__SGB5749",1,0.00429184549356223,0.000132499973500005,FALSE,FALSE,FALSE,NA,"HMP1-2 taxonomy vaginal"
"k__Bacteria|p__Actinobacteria|c__Actinobacteria|o__Corynebacteriales|f__Mycobacteriaceae|g__Mycobacterium|s__Mycobacterium_grossiae|t__SGB15683",0,0,NA,FALSE,FALSE,FALSE,NA,"HMP1-2 taxonomy vaginal"
"k__Bacteria|p__Proteobacteria|c__Alphaproteobacteria|o__Rhizobiales|f__Methylobacteriaceae|g__Methylobacterium|s__Methylobacterium_brachiatum|t__SGB11381",0,0,NA,FALSE,FALSE,FALSE,NA,"HMP1-2 taxonomy vaginal"
"k__Bacteria|p__Firmicutes|c__Clostridia|o__Clostridia_unclassified|f__Clostridia_unclassified|g__Clostridia_unclassified|s__Clostridia_bacterium|t__SGB6270",0,0,NA,FALSE,FALSE,FALSE,NA,"HMP1-2 taxonomy vaginal"
"k__Bacteria|p__Firmicutes|c__Bacilli|o__Bacilli_unclassified|f__Bacilli_unclassified|g__GGB4701|s__GGB4701_SGB6508|t__SGB6508",0,0,NA,FALSE,FALSE,FALSE,NA,"HMP1-2 taxonomy vaginal"
"k__Bacteria|p__Firmicutes|c__Bacilli|o__Bacilli_unclassified|f__Bacilli_unclassified|g__GGB4667|s__GGB4667_SGB6456|t__SGB6456",0,0,NA,FALSE,FALSE,FALSE,NA,"HMP1-2 taxonomy vaginal"
"k__Bacteria|p__Firmicutes|c__Bacilli|o__Bacilli_unclassified|f__Bacilli_unclassified|g__GGB4678|s__GGB4678_SGB6468|t__SGB6468",0,0,NA,FALSE,FALSE,FALSE,NA,"HMP1-2 taxonomy vaginal"
"k__Bacteria|p__Actinobacteria|c__Actinobacteria|o__Corynebacteriales|f__Corynebacteriaceae|g__Corynebacterium|s__Corynebacterium_striatum|t__SGB17121",0,0,NA,FALSE,FALSE,FALSE,NA,"HMP1-2 taxonomy vaginal"
"k__Bacteria|p__Firmicutes|c__Bacilli|o__Bacilli_unclassified|f__Bacilli_unclassified|g__Bacilli_unclassified|s__Bacilli_bacterium|t__SGB6494",0,0,NA,FALSE,FALSE,FALSE,NA,"HMP1-2 taxonomy vaginal"
"k__Bacteria|p__Firmicutes|c__Clostridia|o__Clostridia_unclassified|f__Clostridia_unclassified|g__GGB4608|s__GGB4608_SGB6382|t__SGB6382",0,0,NA,FALSE,FALSE,FALSE,NA,"HMP1-2 taxonomy vaginal"
"k__Bacteria|p__Firmicutes|c__Clostridia|o__Clostridia_unclassified|f__Clostridia_unclassified|g__Clostridia_unclassified|s__Clostridia_unclassified_SGB14016|t__SGB14016",0,0,NA,FALSE,FALSE,FALSE,NA,"HMP1-2 taxonomy vaginal"
"k__Bacteria|p__Firmicutes|c__Clostridia|o__Clostridia_unclassified|f__Clostridia_unclassified|g__Clostridia_unclassified|s__Clostridia_bacterium|t__SGB4143",0,0,NA,FALSE,FALSE,FALSE,NA,"HMP1-2 taxonomy vaginal"
"k__Bacteria|p__Firmicutes|c__Clostridia|o__Clostridia_unclassified|f__Clostridia_unclassified|g__Clostridia_unclassified|s__Clostridia_bacterium|t__SGB13984",0,0,NA,FALSE,FALSE,FALSE,NA,"HMP1-2 taxonomy vaginal"
"k__Bacteria|p__Firmicutes|c__Clostridia|o__Clostridia_unclassified|f__Clostridia_unclassified|g__Clostridia_unclassified|s__Clostridia_bacterium|t__SGB14011",0,0,NA,FALSE,FALSE,FALSE,NA,"HMP1-2 taxonomy vaginal"
"k__Bacteria|p__Firmicutes|c__Clostridia|o__Clostridia_unclassified|f__Clostridia_unclassified|g__GGB9540|s__GGB9540_SGB14943|t__SGB14943",0,0,NA,FALSE,FALSE,FALSE,NA,"HMP1-2 taxonomy vaginal"
"k__Bacteria|p__Firmicutes|c__Bacilli|o__Lactobacillales|f__Leuconostocaceae|g__Leuconostoc|s__Leuconostoc_lactis|t__SGB7121",0,0,NA,FALSE,FALSE,FALSE,NA,"HMP1-2 taxonomy vaginal"
"k__Bacteria|p__Firmicutes|c__Bacilli|o__Bacillales|f__Staphylococcaceae|g__Staphylococcus|s__Staphylococcus_pasteuri|t__SGB7855",0,0,NA,FALSE,FALSE,FALSE,NA,"HMP1-2 taxonomy vaginal"
"k__Bacteria|p__Firmicutes|c__Bacilli|o__Bacilli_unclassified|f__Bacilli_unclassified|g__GGB4713|s__GGB4713_SGB6526|t__SGB6526",0,0,NA,FALSE,FALSE,FALSE,NA,"HMP1-2 taxonomy vaginal"
"k__Bacteria|p__Firmicutes|c__Clostridia|o__Clostridia_unclassified|f__Clostridia_unclassified|g__GGB9074|s__GGB9074_SGB13995|t__SGB13995",0,0,NA,FALSE,FALSE,FALSE,NA,"HMP1-2 taxonomy vaginal"
"k__Archaea|p__Candidatus_Thermoplasmatota|c__Thermoplasmata|o__Methanomassiliicoccales|f__Methanomassiliicoccaceae|g__Methanomassiliicoccaceae_unclassified|s__Methanomassiliicoccaceae_unclassified_SGB380|t__SGB380",0,0,NA,FALSE,FALSE,FALSE,NA,"HMP1-2 taxonomy vaginal"
"k__Bacteria|p__Firmicutes|c__Negativicutes|o__Veillonellales|f__Veillonellaceae|g__Dialister|s__Dialister_SGB5817|t__SGB5817",0,0,NA,FALSE,FALSE,FALSE,NA,"HMP1-2 taxonomy vaginal"
"k__Bacteria|p__Bacteroidetes|c__Bacteroidia|o__Bacteroidales|f__Bacteroidales_unclassified|g__Bacteroidales_unclassified|s__Bacteroidales_bacterium|t__SGB2021",0,0,NA,FALSE,FALSE,FALSE,NA,"HMP1-2 taxonomy vaginal"
"k__Bacteria|p__Firmicutes|c__Bacilli|o__Bacilli_unclassified|f__Bacilli_unclassified|g__GGB4687|s__GGB4687_SGB6484|t__SGB6484",0,0,NA,FALSE,FALSE,FALSE,NA,"HMP1-2 taxonomy vaginal"
"k__Bacteria|p__Lentisphaerae|c__Lentisphaeria|o__Lentisphaeria_unclassified|f__Lentisphaeria_unclassified|g__GGB6522|s__GGB6522_SGB9214|t__SGB9214",0,0,NA,FALSE,FALSE,FALSE,NA,"HMP1-2 taxonomy vaginal"
"k__Bacteria|p__Lentisphaerae|c__Lentisphaeria|o__Lentisphaeria_unclassified|f__Lentisphaeria_unclassified|g__Lentisphaeria_unclassified|s__Lentisphaeria_bacterium|t__SGB9153",0,0,NA,FALSE,FALSE,FALSE,NA,"HMP1-2 taxonomy vaginal"
"k__Bacteria|p__Lentisphaerae|c__Lentisphaeria|o__Lentisphaeria_unclassified|f__Lentisphaeria_unclassified|g__Lentisphaeria_unclassified|s__Lentisphaeria_bacterium|t__SGB9192",0,0,NA,FALSE,FALSE,FALSE,NA,"HMP1-2 taxonomy vaginal"
"k__Bacteria|p__Proteobacteria|c__Betaproteobacteria|o__Burkholderiales|f__Sutterellaceae|g__Sutterella|s__Sutterella_sp_AM11_39|t__SGB9280",0,0,NA,FALSE,FALSE,FALSE,NA,"HMP1-2 taxonomy vaginal"
"k__Archaea|p__Candidatus_Thermoplasmatota|c__Thermoplasmata|o__Methanomassiliicoccales|f__Methanomassiliicoccaceae|g__GGB260|s__GGB260_SGB362|t__SGB362",0,0,NA,FALSE,FALSE,FALSE,NA,"HMP1-2 taxonomy vaginal"
"k__Bacteria|p__Firmicutes|c__Clostridia|o__Clostridia_unclassified|f__Clostridia_unclassified|g__Clostridia_unclassified|s__Clostridia_bacterium|t__SGB14291",0,0,NA,FALSE,FALSE,FALSE,NA,"HMP1-2 taxonomy vaginal"
"k__Bacteria|p__Synergistetes|c__Synergistia|o__Synergistales|f__Synergistaceae|g__Pyramidobacter|s__Pyramidobacter_sp_C12_8|t__SGB15498",0,0,NA,FALSE,FALSE,FALSE,NA,"HMP1-2 taxonomy vaginal"
"k__Bacteria|p__Firmicutes|c__Clostridia|o__Clostridia_unclassified|f__Clostridia_unclassified|g__Clostridia_unclassified|s__Clostridia_bacterium|t__SGB14949",0,0,NA,FALSE,FALSE,FALSE,NA,"HMP1-2 taxonomy vaginal"
"k__Bacteria|p__Bacteroidetes|c__Bacteroidia|o__Bacteroidales|f__Rikenellaceae|g__Millionella|s__Millionella_massiliensis|t__SGB27758",0,0,NA,FALSE,FALSE,FALSE,NA,"HMP1-2 taxonomy vaginal"
"k__Bacteria|p__Firmicutes|c__Clostridia|o__Clostridiales|f__Ruminococcaceae|g__Gemmiger|s__Gemmiger_sp_An50|t__SGB15282",0,0,NA,FALSE,FALSE,FALSE,NA,"HMP1-2 taxonomy vaginal"
"k__Bacteria|p__Actinobacteria|c__Actinobacteria|o__Corynebacteriales|f__Corynebacteriaceae|g__Corynebacterium|s__Corynebacterium_mucifaciens|t__SGB17064",0,0,NA,FALSE,FALSE,FALSE,NA,"HMP1-2 taxonomy vaginal"
"k__Bacteria|p__Actinobacteria|c__Actinobacteria|o__Corynebacteriales|f__Corynebacteriaceae|g__Corynebacterium|s__Corynebacterium_aurimucosum|t__SGB17109",0,0,NA,FALSE,FALSE,FALSE,NA,"HMP1-2 taxonomy vaginal"
"k__Bacteria|p__Firmicutes|c__Bacilli|o__Lactobacillales|f__Lactobacillaceae|g__Latilactobacillus|s__Latilactobacillus_sakei|t__SGB7248",0,0,NA,FALSE,FALSE,FALSE,NA,"HMP1-2 taxonomy vaginal"
"k__Bacteria|p__Bacteroidetes|c__Bacteroidia|o__Bacteroidales|f__Porphyromonadaceae|g__Porphyromonas|s__Porphyromonas_crevioricanis|t__SGB2062",0,0,NA,FALSE,FALSE,FALSE,NA,"HMP1-2 taxonomy vaginal"
"k__Bacteria|p__Bacteroidetes|c__Bacteroidia|o__Bacteroidales|f__Prevotellaceae|g__Alloprevotella|s__Alloprevotella_sp_OH1205_COT_284|t__SGB27854",0,0,NA,FALSE,FALSE,FALSE,NA,"HMP1-2 taxonomy vaginal"
"k__Bacteria|p__Actinobacteria|c__Actinobacteria|o__Corynebacteriales|f__Corynebacteriaceae|g__Corynebacterium|s__Corynebacterium_canis|t__SGB86814",0,0,NA,FALSE,FALSE,FALSE,NA,"HMP1-2 taxonomy vaginal"
"k__Bacteria|p__Actinobacteria|c__Actinobacteria|o__Corynebacteriales|f__Mycobacteriaceae|g__Mycolicibacterium|s__Mycolicibacterium_mucogenicum|t__SGB15716",0,0,NA,FALSE,FALSE,FALSE,NA,"HMP1-2 taxonomy vaginal"
"k__Bacteria|p__Proteobacteria|c__Alphaproteobacteria|o__Sphingomonadales|f__Sphingomonadaceae|g__Sphingomonas|s__Sphingomonas_dokdonensis|t__SGB11645",0,0,NA,FALSE,FALSE,FALSE,NA,"HMP1-2 taxonomy vaginal"
"k__Bacteria|p__Proteobacteria|c__Alphaproteobacteria|o__Sphingomonadales|f__Sphingomonadaceae|g__Sphingomonas|s__Sphingomonas_sp_CCH5_D11|t__SGB11646",0,0,NA,FALSE,FALSE,FALSE,NA,"HMP1-2 taxonomy vaginal"
"k__Bacteria|p__Bacteroidetes|c__Flavobacteriia|o__Flavobacteriales|f__Weeksellaceae|g__Empedobacter|s__Empedobacter_falsenii|t__SGB3056",0,0,NA,FALSE,FALSE,FALSE,NA,"HMP1-2 taxonomy vaginal"
"k__Bacteria|p__Firmicutes|c__Bacilli|o__Bacillales|f__Staphylococcaceae|g__Nosocomiicoccus|s__Nosocomiicoccus_ampullae|t__SGB82656",0,0,NA,FALSE,FALSE,FALSE,NA,"HMP1-2 taxonomy vaginal"
"k__Bacteria|p__Actinobacteria|c__Actinobacteria|o__Corynebacteriales|f__Corynebacteriaceae|g__Corynebacterium|s__Corynebacterium_urealyticum|t__SGB17041",0,0,NA,FALSE,FALSE,FALSE,NA,"HMP1-2 taxonomy vaginal"
"k__Bacteria|p__Proteobacteria|c__Alphaproteobacteria|o__Rhodobacterales|f__Rhodobacteraceae|g__Paracoccus|s__Paracoccus_yeei|t__SGB10717",0,0,NA,FALSE,FALSE,FALSE,NA,"HMP1-2 taxonomy vaginal"
"k__Bacteria|p__Firmicutes|c__Clostridia|o__Clostridiales|f__Lachnospiraceae|g__Lachnospiraceae_unclassified|s__Lachnospiraceae_bacterium|t__SGB4754",0,0,NA,FALSE,FALSE,FALSE,NA,"HMP1-2 taxonomy vaginal"
"k__Bacteria|p__Bacteroidetes|c__Bacteroidia|o__Bacteroidales|f__Muribaculaceae|g__GGB24127|s__GGB24127_SGB35930|t__SGB35930",0,0,NA,FALSE,FALSE,FALSE,NA,"HMP1-2 taxonomy vaginal"
"k__Bacteria|p__Firmicutes|c__Clostridia|o__Clostridia_unclassified|f__Clostridia_unclassified|g__Candidatus_Heritagella|s__Candidatus_Heritagella_intestinalis|t__SGB63346",0,0,NA,FALSE,FALSE,FALSE,NA,"HMP1-2 taxonomy vaginal"
"k__Bacteria|p__Actinobacteria|c__Coriobacteriia|o__Eggerthellales|f__Eggerthellaceae|g__Paraeggerthella|s__Paraeggerthella_hongkongensis|t__SGB33559",0,0,NA,FALSE,FALSE,FALSE,NA,"HMP1-2 taxonomy vaginal"
"k__Bacteria|p__Bacteroidetes|c__Bacteroidia|o__Bacteroidales|f__Dysgonomonadaceae|g__Dysgonomonas|s__Dysgonomonas_gadei|t__SGB1774",0,0,NA,FALSE,FALSE,FALSE,NA,"HMP1-2 taxonomy vaginal"
"k__Bacteria|p__Firmicutes|c__Clostridia|o__Clostridiales|f__Lachnospiraceae|g__Lachnospiraceae_unclassified|s__Lachnospiraceae_unclassified_SGB4550|t__SGB4550",0,0,NA,FALSE,FALSE,FALSE,NA,"HMP1-2 taxonomy vaginal"
"k__Bacteria|p__Firmicutes|c__Bacilli|o__Lactobacillales|f__Leuconostocaceae|g__Weissella|s__Weissella_confusa|t__SGB7115",0,0,NA,FALSE,FALSE,FALSE,NA,"HMP1-2 taxonomy vaginal"
"k__Bacteria|p__Firmicutes|c__Clostridia|o__Clostridia_unclassified|f__Clostridia_unclassified|g__Candidatus_Gallimonas|s__Candidatus_Gallimonas_caecicola|t__SGB14041",0,0,NA,FALSE,FALSE,FALSE,NA,"HMP1-2 taxonomy vaginal"
"k__Bacteria|p__Firmicutes|c__Clostridia|o__Clostridiales|f__Ruminococcaceae|g__GGB9742|s__GGB9742_SGB15348|t__SGB15348",0,0,NA,FALSE,FALSE,FALSE,NA,"HMP1-2 taxonomy vaginal"
"k__Bacteria|p__Proteobacteria|c__Betaproteobacteria|o__Neisseriales|f__Neisseriaceae|g__Kingella|s__Kingella_negevensis|t__SGB9476",0,0,NA,FALSE,FALSE,FALSE,NA,"HMP1-2 taxonomy vaginal"
"k__Bacteria|p__Firmicutes|c__Clostridia|o__Clostridiales|f__Ruminococcaceae|g__Candidatus_Soleaferrea|s__Candidatus_Soleaferrea_massiliensis|t__SGB29379",0,0,NA,FALSE,FALSE,FALSE,NA,"HMP1-2 taxonomy vaginal"
"k__Bacteria|p__Firmicutes|c__Clostridia|o__Clostridia_unclassified|f__Clostridia_unclassified|g__GGB4590|s__GGB4590_SGB6349|t__SGB6349",0,0,NA,FALSE,FALSE,FALSE,NA,"HMP1-2 taxonomy vaginal"
"k__Bacteria|p__Chloroflexi|c__Chloroflexia|o__Chloroflexales|f__Roseiflexaceae|g__Roseiflexus|s__Roseiflexus_sp_RS_1|t__SGB17336",0,0,NA,FALSE,FALSE,FALSE,NA,"HMP1-2 taxonomy vaginal"
"k__Bacteria|p__Cyanobacteria|c__Cyanobacteria_unclassified|o__Synechococcales|f__Synechococcaceae|g__Synechococcus|s__Synechococcus_sp_JA_2_3B_a_2_13|t__SGB13383",0,0,NA,FALSE,FALSE,FALSE,NA,"HMP1-2 taxonomy vaginal"
"k__Bacteria|p__Firmicutes|c__CFGB53340|o__OFGB53340|f__FGB53340|g__GGB55179|s__GGB55179_SGB76443|t__SGB76443",0,0,NA,FALSE,FALSE,FALSE,NA,"HMP1-2 taxonomy vaginal"
"k__Bacteria|p__Cyanobacteria|c__CFGB2413|o__OFGB2413|f__FGB2413|g__GGB43425|s__GGB43425_SGB60738|t__SGB60738",0,0,NA,FALSE,FALSE,FALSE,NA,"HMP1-2 taxonomy vaginal"
"k__Bacteria|p__Cyanobacteria|c__Cyanobacteria_unclassified|o__Synechococcales|f__Synechococcaceae|g__Synechococcus|s__Synechococcus_sp_60AY4M2|t__SGB13382",0,0,NA,FALSE,FALSE,FALSE,NA,"HMP1-2 taxonomy vaginal"
"k__Bacteria|p__Acidobacteria|c__Blastocatellia|o__Blastocatellia_unclassified|f__Blastocatellia_unclassified|g__Chloracidobacterium|s__Chloracidobacterium_SGB76761|t__SGB76761",0,0,NA,FALSE,FALSE,FALSE,NA,"HMP1-2 taxonomy vaginal"
"k__Bacteria|p__Firmicutes|c__Clostridia|o__Clostridia_unclassified|f__Clostridia_unclassified|g__Clostridia_unclassified|s__Clostridia_bacterium|t__SGB6301",0,0,NA,FALSE,FALSE,FALSE,NA,"HMP1-2 taxonomy vaginal"
"k__Bacteria|p__Actinobacteria|c__Actinobacteria|o__Corynebacteriales|f__Dietziaceae|g__Dietzia|s__Dietzia_cercidiphylli|t__SGB86977",0,0,NA,FALSE,FALSE,FALSE,NA,"HMP1-2 taxonomy vaginal"
"k__Bacteria|p__Actinobacteria|c__Actinobacteria|o__Corynebacteriales|f__Dietziaceae|g__Dietzia|s__Dietzia_kunjamensis|t__SGB15765",0,0,NA,FALSE,FALSE,FALSE,NA,"HMP1-2 taxonomy vaginal"
"k__Bacteria|p__Actinobacteria|c__Actinobacteria|o__Corynebacteriales|f__Mycobacteriaceae|g__Mycolicibacterium|s__Mycolicibacterium_neoaurum|t__SGB15710",0,0,NA,FALSE,FALSE,FALSE,NA,"HMP1-2 taxonomy vaginal"
"k__Bacteria|p__Actinobacteria|c__Actinobacteria|o__Corynebacteriales|f__Nocardiaceae|g__Rhodococcus|s__Rhodococcus_kroppenstedtii|t__SGB15803",0,0,NA,FALSE,FALSE,FALSE,NA,"HMP1-2 taxonomy vaginal"
"k__Bacteria|p__Proteobacteria|c__Alphaproteobacteria|o__Rhodospirillales|f__Rhodospirillaceae|g__Skermanella|s__Skermanella_aerolata|t__SGB11248",0,0,NA,FALSE,FALSE,FALSE,NA,"HMP1-2 taxonomy vaginal"
"k__Bacteria|p__Actinobacteria|c__Actinobacteria|o__Corynebacteriales|f__Nocardiaceae|g__Rhodococcus|s__Rhodococcus_fascians|t__SGB15814",0,0,NA,FALSE,FALSE,FALSE,NA,"HMP1-2 taxonomy vaginal"
"k__Bacteria|p__Proteobacteria|c__Gammaproteobacteria|o__Pseudomonadales|f__Pseudomonadaceae|g__Pseudomonas|s__Pseudomonas_helleri|t__SGB12098",0,0,NA,FALSE,FALSE,FALSE,NA,"HMP1-2 taxonomy vaginal"
"k__Bacteria|p__Proteobacteria|c__Gammaproteobacteria|o__Pseudomonadales|f__Pseudomonadaceae|g__Pseudomonas|s__Pseudomonas_taetrolens|t__SGB12103",0,0,NA,FALSE,FALSE,FALSE,NA,"HMP1-2 taxonomy vaginal"
"k__Bacteria|p__Firmicutes|c__Clostridia|o__Clostridiales|f__Lachnospiraceae|g__Roseburia|s__Roseburia_sp_MUC_MUC_530_WT_4D|t__SGB66053",0,0,NA,FALSE,FALSE,FALSE,NA,"HMP1-2 taxonomy vaginal"
"k__Bacteria|p__Firmicutes|c__Clostridia|o__Clostridia_unclassified|f__Clostridia_unclassified|g__Clostridia_unclassified|s__Clostridia_bacterium|t__SGB14242",0,0,NA,FALSE,FALSE,FALSE,NA,"HMP1-2 taxonomy vaginal"
"k__Bacteria|p__Firmicutes|c__Clostridia|o__Clostridia_unclassified|f__Clostridia_unclassified|g__Clostridia_unclassified|s__Clostridia_bacterium|t__SGB14023",0,0,NA,FALSE,FALSE,FALSE,NA,"HMP1-2 taxonomy vaginal"
"k__Bacteria|p__Firmicutes|c__Clostridia|o__Clostridia_unclassified|f__Clostridia_unclassified|g__Clostridia_unclassified|s__Clostridia_unclassified_SGB14297|t__SGB14297",0,0,NA,FALSE,FALSE,FALSE,NA,"HMP1-2 taxonomy vaginal"
"k__Bacteria|p__Proteobacteria|c__Gammaproteobacteria|o__Enterobacterales|f__Enterobacteriaceae|g__Klebsiella|s__Klebsiella_oxytoca|t__SGB10118",0,0,NA,FALSE,FALSE,FALSE,NA,"HMP1-2 taxonomy vaginal"
"k__Bacteria|p__Proteobacteria|c__Gammaproteobacteria|o__Enterobacterales|f__Enterobacteriaceae|g__Klebsiella|s__Klebsiella_grimontii|t__SGB10120",0,0,NA,FALSE,FALSE,FALSE,NA,"HMP1-2 taxonomy vaginal"
"k__Bacteria|p__Actinobacteria|c__Actinobacteria|o__Corynebacteriales|f__Corynebacteriaceae|g__Corynebacterium|s__Corynebacterium_jeikeium|t__SGB17045",0,0,NA,FALSE,FALSE,FALSE,NA,"HMP1-2 taxonomy vaginal"
"k__Bacteria|p__Actinobacteria|c__Actinobacteria|o__Corynebacteriales|f__Corynebacteriaceae|g__Corynebacterium|s__Corynebacterium_simulans|t__SGB17120",1,0.00429184549356223,0.000584300175290053,FALSE,FALSE,FALSE,NA,"HMP1-2 taxonomy vaginal"
"k__Bacteria|p__Proteobacteria|c__Alphaproteobacteria|o__Rhizobiales|f__Phyllobacteriaceae|g__Mesorhizobium|s__Mesorhizobium_amorphae|t__SGB32228",5,0.0214592274678112,8.48000027780003e-05,FALSE,FALSE,FALSE,NA,"HMP1-2 taxonomy vaginal"
"k__Bacteria|p__Proteobacteria|c__Alphaproteobacteria|o__Sphingomonadales|f__Sphingomonadaceae|g__Sphingomonas|s__Sphingomonas_leidyi|t__SGB24634",6,0.0257510729613734,0.000113166667291667,FALSE,FALSE,FALSE,NA,"HMP1-2 taxonomy vaginal"
"k__Bacteria|p__Bacteroidetes|c__Bacteroidia|o__Bacteroidales|f__Prevotellaceae|g__Prevotella|s__Prevotella_lascolaii|t__SGB1585",0,0,NA,FALSE,FALSE,FALSE,NA,"HMP1-2 taxonomy vaginal"
"k__Bacteria|p__Bacteria_unclassified|c__Bacteria_unclassified|o__Bacteria_unclassified|f__Bacteria_unclassified|g__Bacteria_unclassified|s__bacterium_J10_2018|t__SGB27771",0,0,NA,FALSE,FALSE,FALSE,NA,"HMP1-2 taxonomy vaginal"
"k__Bacteria|p__Candidatus_Melainabacteria|c__Candidatus_Melainabacteria_unclassified|o__Candidatus_Gastranaerophilales|f__Candidatus_Gastranaerophilales_unclassified|g__Candidatus_Gastranaerophilales_unclassified|s__Candidatus_Gastranaerophilales_unclassified_SGB8631|t__SGB8631",0,0,NA,FALSE,FALSE,FALSE,NA,"HMP1-2 taxonomy vaginal"
"k__Bacteria|p__Bacteroidetes|c__Bacteroidia|o__Bacteroidales|f__Bacteroidales_unclassified|g__Bacteroidales_unclassified|s__Bacteroidales_bacterium|t__SGB58508",0,0,NA,FALSE,FALSE,FALSE,NA,"HMP1-2 taxonomy vaginal"
"k__Bacteria|p__Bacteroidetes|c__Bacteroidia|o__Bacteroidales|f__Muribaculaceae|g__Muribaculaceae_unclassified|s__Muribaculaceae_bacterium|t__SGB35903",0,0,NA,FALSE,FALSE,FALSE,NA,"HMP1-2 taxonomy vaginal"
"k__Bacteria|p__Bacteroidetes|c__Bacteroidia|o__Bacteroidales|f__Bacteroidales_unclassified|g__GGB27873|s__GGB27873_SGB40307|t__SGB40307",0,0,NA,FALSE,FALSE,FALSE,NA,"HMP1-2 taxonomy vaginal"
"k__Bacteria|p__Firmicutes|c__Clostridia|o__Clostridia_unclassified|f__Clostridia_unclassified|g__Clostridia_unclassified|s__Clostridia_bacterium|t__SGB14301",0,0,NA,FALSE,FALSE,FALSE,NA,"HMP1-2 taxonomy vaginal"
"k__Bacteria|p__Firmicutes|c__Clostridia|o__Clostridiales|f__Ruminococcaceae|g__Fournierella|s__Fournierella_massiliensis|t__SGB15280",0,0,NA,FALSE,FALSE,FALSE,NA,"HMP1-2 taxonomy vaginal"
"k__Bacteria|p__Firmicutes|c__Clostridia|o__Clostridiales|f__Lachnospiraceae|g__Lachnospiraceae_unclassified|s__Lachnospiraceae_unclassified_SGB66069|t__SGB66069",0,0,NA,FALSE,FALSE,FALSE,NA,"HMP1-2 taxonomy vaginal"
"k__Bacteria|p__Proteobacteria|c__Gammaproteobacteria|o__Pseudomonadales|f__Pseudomonadaceae|g__Pseudomonas|s__Pseudomonas_agarici|t__SGB12111",0,0,NA,FALSE,FALSE,FALSE,NA,"HMP1-2 taxonomy vaginal"
"k__Bacteria|p__Firmicutes|c__Clostridia|o__Clostridiales|f__Clostridiaceae|g__Clostridium|s__Clostridium_thermobutyricum|t__SGB6193",1,0.00429184549356223,0.00483030048303005,FALSE,TRUE,FALSE,NA,"HMP1-2 taxonomy vaginal"
"k__Bacteria|p__Firmicutes|c__Clostridia|o__Clostridia_unclassified|f__Clostridia_unclassified|g__Clostridia_unclassified|s__Clostridia_bacterium|t__SGB47453",0,0,NA,FALSE,FALSE,FALSE,NA,"HMP1-2 taxonomy vaginal"
"k__Bacteria|p__Firmicutes|c__CFGB2829|o__OFGB2829|f__FGB2829|g__GGB9045|s__GGB9045_SGB13947|t__SGB13947",0,0,NA,FALSE,FALSE,FALSE,NA,"HMP1-2 taxonomy vaginal"
"k__Bacteria|p__Actinobacteria|c__Actinobacteria|o__Bifidobacteriales|f__Bifidobacteriaceae|g__Gardnerella|s__Gardnerella_vaginalis|t__SGB17310",1,0.00429184549356223,0.434440743444074,FALSE,TRUE,FALSE,NA,"HMP1-2 taxonomy vaginal"
"k__Bacteria|p__Actinobacteria|c__Actinobacteria|o__Bifidobacteriales|f__Bifidobacteriaceae|g__Gardnerella|s__Gardnerella_vaginalis|t__SGB17308",2,0.00858369098712446,0.165065804159932,FALSE,TRUE,FALSE,NA,"HMP1-2 taxonomy vaginal"
"k__Bacteria|p__Firmicutes|c__Clostridia|o__Clostridia_unclassified|f__Clostridia_unclassified|g__GGB29685|s__GGB29685_SGB42494|t__SGB42494",0,0,NA,FALSE,FALSE,FALSE,NA,"HMP1-2 taxonomy vaginal"
"k__Bacteria|p__Firmicutes|c__Clostridia|o__Clostridiales|f__Clostridiaceae|g__Clostridium|s__Clostridium_sp_AF32_12BH|t__SGB4710",0,0,NA,FALSE,FALSE,FALSE,NA,"HMP1-2 taxonomy vaginal"
"k__Bacteria|p__Firmicutes|c__Bacilli|o__Bacilli_unclassified|f__Bacilli_unclassified|g__Bacilli_unclassified|s__Bacilli_bacterium|t__SGB6492",0,0,NA,FALSE,FALSE,FALSE,NA,"HMP1-2 taxonomy vaginal"
"k__Bacteria|p__Firmicutes|c__Bacilli|o__Lactobacillales|f__Streptococcaceae|g__Lactococcus|s__Lactococcus_piscium|t__SGB7987",0,0,NA,FALSE,FALSE,FALSE,NA,"HMP1-2 taxonomy vaginal"
"k__Bacteria|p__Candidatus_Melainabacteria|c__Candidatus_Melainabacteria_unclassified|o__Candidatus_Gastranaerophilales|f__Candidatus_Gastranaerophilales_unclassified|g__Candidatus_Gastranaerophilales_unclassified|s__Candidatus_Gastranaerophilales_bacterium|t__SGB8589",0,0,NA,FALSE,FALSE,FALSE,NA,"HMP1-2 taxonomy vaginal"
"k__Bacteria|p__Firmicutes|c__CFGB1799|o__OFGB1799|f__FGB1799|g__GGB4770|s__GGB4770_SGB6604|t__SGB6604",0,0,NA,FALSE,FALSE,FALSE,NA,"HMP1-2 taxonomy vaginal"
"k__Bacteria|p__Firmicutes|c__Clostridia|o__Clostridia_unclassified|f__Clostridia_unclassified|g__Clostridia_unclassified|s__Clostridia_bacterium|t__SGB4110",0,0,NA,FALSE,FALSE,FALSE,NA,"HMP1-2 taxonomy vaginal"
"k__Bacteria|p__Firmicutes|c__Clostridia|o__Clostridiales|f__Lachnospiraceae|g__GGB3636|s__GGB3636_SGB4929|t__SGB4929",0,0,NA,FALSE,FALSE,FALSE,NA,"HMP1-2 taxonomy vaginal"
"k__Bacteria|p__Firmicutes|c__Clostridia|o__Clostridia_unclassified|f__Clostridia_unclassified|g__Clostridia_unclassified|s__Clostridia_bacterium|t__SGB15406",0,0,NA,FALSE,FALSE,FALSE,NA,"HMP1-2 taxonomy vaginal"
"k__Bacteria|p__Actinobacteria|c__Coriobacteriia|o__Coriobacteriales|f__Coriobacteriaceae|g__Collinsella|s__Collinsella_SGB14747|t__SGB14747",0,0,NA,FALSE,FALSE,FALSE,NA,"HMP1-2 taxonomy vaginal"
"k__Bacteria|p__Actinobacteria|c__Coriobacteriia|o__Eggerthellales|f__Eggerthellaceae|g__Gordonibacter|s__Gordonibacter_massiliensis|t__SGB33566",0,0,NA,FALSE,FALSE,FALSE,NA,"HMP1-2 taxonomy vaginal"
"k__Bacteria|p__Firmicutes|c__Clostridia|o__Clostridiales|f__Lachnospiraceae|g__Lachnospiraceae_unclassified|s__Lachnospiraceae_bacterium|t__SGB4995",0,0,NA,FALSE,FALSE,FALSE,NA,"HMP1-2 taxonomy vaginal"
"k__Bacteria|p__Firmicutes|c__Clostridia|o__Clostridiales|f__Lachnospiraceae|g__Lachnospiraceae_unclassified|s__Lachnospiraceae_bacterium|t__SGB4596",0,0,NA,FALSE,FALSE,FALSE,NA,"HMP1-2 taxonomy vaginal"
"k__Bacteria|p__Tenericutes|c__Mollicutes|o__Mycoplasmatales|f__Mycoplasmataceae|g__Mycoplasma|s__Mycoplasma_amphoriforme|t__SGB58372",0,0,NA,FALSE,FALSE,FALSE,NA,"HMP1-2 taxonomy vaginal"
"k__Bacteria|p__Firmicutes|c__Bacilli|o__Bacilli_unclassified|f__Bacilli_unclassified|g__Bacilli_unclassified|s__Bacilli_bacterium|t__SGB6517",0,0,NA,FALSE,FALSE,FALSE,NA,"HMP1-2 taxonomy vaginal"
"k__Bacteria|p__Proteobacteria|c__CFGB1062|o__OFGB1062|f__FGB1062|g__GGB2732|s__GGB2732_SGB58358|t__SGB58358",0,0,NA,FALSE,FALSE,FALSE,NA,"HMP1-2 taxonomy vaginal"
"k__Bacteria|p__Firmicutes|c__Clostridia|o__Clostridia_unclassified|f__Clostridia_unclassified|g__Clostridia_unclassified|s__Clostridia_bacterium|t__SGB4329",0,0,NA,FALSE,FALSE,FALSE,NA,"HMP1-2 taxonomy vaginal"
"k__Bacteria|p__Bacteroidetes|c__Flavobacteriia|o__Flavobacteriales|f__Weeksellaceae|g__Planobacterium|s__Chryseobacterium_taklimakanense|t__SGB2643",0,0,NA,FALSE,FALSE,FALSE,NA,"HMP1-2 taxonomy vaginal"
"k__Bacteria|p__Proteobacteria|c__Gammaproteobacteria|o__Pseudomonadales|f__Moraxellaceae|g__Acinetobacter|s__Acinetobacter_indicus|t__SGB10410",0,0,NA,FALSE,FALSE,FALSE,NA,"HMP1-2 taxonomy vaginal"
"k__Bacteria|p__Bacteroidetes|c__Sphingobacteriia|o__Sphingobacteriales|f__Sphingobacteriaceae|g__Sphingobacterium|s__Sphingobacterium_sp_DN04309|t__SGB78603",0,0,NA,FALSE,FALSE,FALSE,NA,"HMP1-2 taxonomy vaginal"
"k__Bacteria|p__Proteobacteria|c__Gammaproteobacteria|o__Alteromonadales|f__Alteromonadaceae|g__Alishewanella|s__Alishewanella_agri|t__SGB9784",0,0,NA,FALSE,FALSE,FALSE,NA,"HMP1-2 taxonomy vaginal"
"k__Bacteria|p__Firmicutes|c__Clostridia|o__Clostridiales|f__Clostridiaceae|g__GGB9580|s__GGB9580_SGB14996|t__SGB14996",0,0,NA,FALSE,FALSE,FALSE,NA,"HMP1-2 taxonomy vaginal"
"k__Bacteria|p__Firmicutes|c__Clostridia|o__Clostridia_unclassified|f__Clostridia_unclassified|g__Clostridia_unclassified|s__Clostridia_bacterium|t__SGB4145",0,0,NA,FALSE,FALSE,FALSE,NA,"HMP1-2 taxonomy vaginal"
"k__Bacteria|p__Proteobacteria|c__Gammaproteobacteria|o__Pseudomonadales|f__Pseudomonadaceae|g__Pseudomonas|s__Pseudomonas_thermotolerans|t__SGB33286",0,0,NA,FALSE,FALSE,FALSE,NA,"HMP1-2 taxonomy vaginal"
"k__Bacteria|p__Proteobacteria|c__Betaproteobacteria|o__Neisseriales|f__Chromobacteriaceae|g__Gulbenkiania|s__Gulbenkiania_indica|t__SGB22519",0,0,NA,FALSE,FALSE,FALSE,NA,"HMP1-2 taxonomy vaginal"
"k__Bacteria|p__Proteobacteria|c__Betaproteobacteria|o__Rhodocyclales|f__Zoogloeaceae|g__Thauera|s__Thauera_hydrothermalis|t__SGB12606",0,0,NA,FALSE,FALSE,FALSE,NA,"HMP1-2 taxonomy vaginal"
"k__Bacteria|p__Proteobacteria|c__Gammaproteobacteria|o__Pseudomonadales|f__Pseudomonadaceae|g__Pseudomonas|s__Pseudomonas_yamanorum|t__SGB89072",0,0,NA,FALSE,FALSE,FALSE,NA,"HMP1-2 taxonomy vaginal"
"k__Bacteria|p__Proteobacteria|c__Alphaproteobacteria|o__Sphingomonadales|f__Sphingomonadaceae|g__Sphingomonas|s__Sphingomonas_zeae|t__SGB90167",0,0,NA,FALSE,FALSE,FALSE,NA,"HMP1-2 taxonomy vaginal"
"k__Bacteria|p__Proteobacteria|c__Gammaproteobacteria|o__Enterobacterales|f__Erwiniaceae|g__Buchnera|s__Buchnera_aphidicola|t__SGB50669",0,0,NA,FALSE,FALSE,FALSE,NA,"HMP1-2 taxonomy vaginal"
"k__Bacteria|p__Proteobacteria|c__Alphaproteobacteria|o__Rhodospirillales|f__Acetobacteraceae|g__Roseomonas|s__Roseomonas_mucosa|t__SGB11236",0,0,NA,FALSE,FALSE,FALSE,NA,"HMP1-2 taxonomy vaginal"
"k__Bacteria|p__Firmicutes|c__Bacilli|o__Bacillales|f__Staphylococcaceae|g__Staphylococcus|s__Staphylococcus_arlettae|t__SGB7838",0,0,NA,FALSE,FALSE,FALSE,NA,"HMP1-2 taxonomy vaginal"
"k__Bacteria|p__Firmicutes|c__Clostridia|o__Clostridia_unclassified|f__Clostridia_unclassified|g__Clostridia_unclassified|s__Clostridia_bacterium|t__SGB14229",0,0,NA,FALSE,FALSE,FALSE,NA,"HMP1-2 taxonomy vaginal"
"k__Bacteria|p__Actinobacteria|c__CFGB25442|o__OFGB25442|f__FGB25442|g__GGB51960|s__GGB51960_SGB72480|t__SGB72480",0,0,NA,FALSE,FALSE,FALSE,NA,"HMP1-2 taxonomy vaginal"
"k__Bacteria|p__Actinobacteria|c__Actinobacteria|o__Micrococcales|f__Intrasporangiaceae|g__Janibacter|s__Janibacter_indicus|t__SGB16017",0,0,NA,FALSE,FALSE,FALSE,NA,"HMP1-2 taxonomy vaginal"
"k__Bacteria|p__Actinobacteria|c__Actinobacteria|o__Micrococcales|f__Intrasporangiaceae|g__Janibacter|s__Janibacter_hoylei|t__SGB16018",0,0,NA,FALSE,FALSE,FALSE,NA,"HMP1-2 taxonomy vaginal"
"k__Bacteria|p__Proteobacteria|c__Alphaproteobacteria|o__Rhodospirillales|f__Acetobacteraceae|g__Gluconobacter|s__Gluconobacter_sp_Gdi|t__SGB69210",0,0,NA,FALSE,FALSE,FALSE,NA,"HMP1-2 taxonomy vaginal"
"k__Bacteria|p__Proteobacteria|c__Gammaproteobacteria|o__Enterobacterales|f__Yersiniaceae|g__Rahnella|s__Rahnella_aquatilis|t__SGB10239",0,0,NA,FALSE,FALSE,FALSE,NA,"HMP1-2 taxonomy vaginal"
"k__Bacteria|p__Firmicutes|c__Clostridia|o__Clostridiales|f__Lachnospiraceae|g__Blautia|s__Blautia_sp_An81|t__SGB4800",0,0,NA,FALSE,FALSE,FALSE,NA,"HMP1-2 taxonomy vaginal"
"k__Bacteria|p__Firmicutes|c__Clostridia|o__Clostridia_unclassified|f__Clostridia_unclassified|g__Candidatus_Howiella|s__Candidatus_Howiella_intestinavium|t__SGB63345",0,0,NA,FALSE,FALSE,FALSE,NA,"HMP1-2 taxonomy vaginal"
"k__Bacteria|p__Proteobacteria|c__Alphaproteobacteria|o__Alphaproteobacteria_unclassified|f__Alphaproteobacteria_unclassified|g__Alphaproteobacteria_unclassified|s__Alphaproteobacteria_bacterium|t__SGB57596",0,0,NA,FALSE,FALSE,FALSE,NA,"HMP1-2 taxonomy vaginal"
"k__Bacteria|p__Firmicutes|c__Bacilli|o__Bacilli_unclassified|f__Bacilli_unclassified|g__Bacilli_unclassified|s__Bacilli_bacterium|t__SGB6566",0,0,NA,FALSE,FALSE,FALSE,NA,"HMP1-2 taxonomy vaginal"
"k__Bacteria|p__Firmicutes|c__Clostridia|o__Clostridia_unclassified|f__Clostridia_unclassified|g__GGB4609|s__GGB4609_SGB6383|t__SGB6383",0,0,NA,FALSE,FALSE,FALSE,NA,"HMP1-2 taxonomy vaginal"
"k__Bacteria|p__Actinobacteria|c__Actinobacteria|o__Actinomycetales|f__Actinomycetaceae|g__Neoactinobaculum|s__Neoactinobaculum_massilliense|t__SGB33733",0,0,NA,FALSE,FALSE,FALSE,NA,"HMP1-2 taxonomy vaginal"
"k__Bacteria|p__Firmicutes|c__Clostridia|o__Clostridiales|f__Ruminococcaceae|g__GGB9668|s__GGB9668_SGB15165|t__SGB15165",0,0,NA,FALSE,FALSE,FALSE,NA,"HMP1-2 taxonomy vaginal"
"k__Bacteria|p__Firmicutes|c__Clostridia|o__Clostridiales|f__Clostridiaceae|g__Clostridium|s__Clostridium_disporicum|t__SGB6172",0,0,NA,FALSE,FALSE,FALSE,NA,"HMP1-2 taxonomy vaginal"
"k__Bacteria|p__Firmicutes|c__Clostridia|o__Clostridiales|f__Lachnospiraceae|g__Extibacter|s__Extibacter_muris|t__SGB4633",0,0,NA,FALSE,FALSE,FALSE,NA,"HMP1-2 taxonomy vaginal"
"k__Bacteria|p__Bacteroidetes|c__Bacteroidia|o__Bacteroidales|f__Bacteroidaceae|g__Bacteroides|s__Bacteroides_sp_CBA7301|t__SGB77863",0,0,NA,FALSE,FALSE,FALSE,NA,"HMP1-2 taxonomy vaginal"
"k__Bacteria|p__Actinobacteria|c__Actinobacteria|o__Corynebacteriales|f__Corynebacteriaceae|g__Corynebacterium|s__Corynebacterium_otitidis|t__SGB17081",0,0,NA,FALSE,FALSE,FALSE,NA,"HMP1-2 taxonomy vaginal"
"k__Bacteria|p__Lentisphaerae|c__Lentisphaeria|o__Lentisphaeria_unclassified|f__Lentisphaeria_unclassified|g__Lentisphaeria_unclassified|s__Lentisphaeria_bacterium|t__SGB9197",0,0,NA,FALSE,FALSE,FALSE,NA,"HMP1-2 taxonomy vaginal"
"k__Bacteria|p__Bacteroidetes|c__Bacteroidia|o__Bacteroidales|f__Bacteroidaceae|g__Bacteroides|s__Bacteroides_heparinolyticus|t__SGB21589",0,0,NA,FALSE,FALSE,FALSE,NA,"HMP1-2 taxonomy vaginal"
"k__Bacteria|p__Actinobacteria|c__Actinobacteria|o__Micrococcales|f__Cellulomonadaceae|g__Actinotalea|s__Actinotalea_caeni|t__SGB87560",0,0,NA,FALSE,FALSE,FALSE,NA,"HMP1-2 taxonomy vaginal"
"k__Bacteria|p__Actinobacteria|c__Actinobacteria|o__Corynebacteriales|f__Mycobacteriaceae|g__Mycolicibacterium|s__Mycolicibacterium_smegmatis|t__SGB15721",0,0,NA,FALSE,FALSE,FALSE,NA,"HMP1-2 taxonomy vaginal"
"k__Bacteria|p__Actinobacteria|c__Actinobacteria|o__Corynebacteriales|f__Mycobacteriaceae|g__Mycolicibacterium|s__Mycolicibacterium_phlei|t__SGB15687",0,0,NA,FALSE,FALSE,FALSE,NA,"HMP1-2 taxonomy vaginal"
"k__Bacteria|p__Proteobacteria|c__Gammaproteobacteria|o__Xanthomonadales|f__Xanthomonadaceae|g__Pseudoxanthomonas|s__Pseudoxanthomonas_suwonensis|t__SGB32972",0,0,NA,FALSE,FALSE,FALSE,NA,"HMP1-2 taxonomy vaginal"
"k__Bacteria|p__Actinobacteria|c__Actinobacteria|o__Micrococcales|f__Promicromonosporaceae|g__Cellulosimicrobium|s__Cellulosimicrobium_cellulans|t__SGB16056",0,0,NA,FALSE,FALSE,FALSE,NA,"HMP1-2 taxonomy vaginal"
"k__Bacteria|p__Actinobacteria|c__Actinobacteria|o__Corynebacteriales|f__Corynebacteriaceae|g__Corynebacterium|s__Corynebacterium_sanguinis|t__SGB86809_group",0,0,NA,FALSE,FALSE,FALSE,NA,"HMP1-2 taxonomy vaginal"
"k__Bacteria|p__Proteobacteria|c__Alphaproteobacteria|o__Rhodobacterales|f__Rhodobacteraceae|g__Paracoccus|s__Paracoccus_salipaludis|t__SGB10728",0,0,NA,FALSE,FALSE,FALSE,NA,"HMP1-2 taxonomy vaginal"
"k__Bacteria|p__Proteobacteria|c__Gammaproteobacteria|o__Enterobacterales|f__Yersiniaceae|g__Ewingella|s__Ewingella_americana|t__SGB10238",0,0,NA,FALSE,FALSE,FALSE,NA,"HMP1-2 taxonomy vaginal"
"k__Bacteria|p__Proteobacteria|c__Gammaproteobacteria|o__Pseudomonadales|f__Pseudomonadaceae|g__Pseudomonas|s__Pseudomonas_oryzihabitans|t__SGB12308",0,0,NA,FALSE,FALSE,FALSE,NA,"HMP1-2 taxonomy vaginal"
"k__Bacteria|p__Proteobacteria|c__Alphaproteobacteria|o__Sphingomonadales|f__Sphingomonadaceae|g__Sphingomonas|s__Sphingomonas_sp_ABOLF|t__SGB31686",0,0,NA,FALSE,FALSE,FALSE,NA,"HMP1-2 taxonomy vaginal"
"k__Bacteria|p__Proteobacteria|c__Gammaproteobacteria|o__Enterobacterales|f__Enterobacteriaceae|g__Raoultella|s__Raoultella_ornithinolytica|t__SGB10124",0,0,NA,FALSE,FALSE,FALSE,NA,"HMP1-2 taxonomy vaginal"
"k__Bacteria|p__Firmicutes|c__Clostridia|o__Clostridiales|f__Ruminococcaceae|g__GGB9702|s__GGB9702_SGB15220|t__SGB15220",0,0,NA,FALSE,FALSE,FALSE,NA,"HMP1-2 taxonomy vaginal"
"k__Bacteria|p__Firmicutes|c__Clostridia|o__Clostridia_unclassified|f__Clostridia_unclassified|g__Clostridia_unclassified|s__Clostridia_bacterium|t__SGB4368",0,0,NA,FALSE,FALSE,FALSE,NA,"HMP1-2 taxonomy vaginal"
"k__Bacteria|p__Bacteroidetes|c__Bacteroidia|o__Bacteroidales|f__Bacteroidaceae|g__Bacteroidaceae_unclassified|s__Bacteroidaceae_bacterium|t__SGB48196",0,0,NA,FALSE,FALSE,FALSE,NA,"HMP1-2 taxonomy vaginal"
"k__Bacteria|p__Bacteroidetes|c__Bacteroidia|o__Bacteroidales|f__Tannerellaceae|g__Parabacteroides|s__Parabacteroides_goldsteinii|t__SGB1937",0,0,NA,FALSE,FALSE,FALSE,NA,"HMP1-2 taxonomy vaginal"
"k__Bacteria|p__Firmicutes|c__Clostridia|o__Clostridia_unclassified|f__Clostridia_unclassified|g__GGB9284|s__GGB9284_SGB14237|t__SGB14237",0,0,NA,FALSE,FALSE,FALSE,NA,"HMP1-2 taxonomy vaginal"
"k__Bacteria|p__Candidatus_Melainabacteria|c__Candidatus_Melainabacteria_unclassified|o__Candidatus_Gastranaerophilales|f__Candidatus_Gastranaerophilales_unclassified|g__Candidatus_Gastranaerophilales_unclassified|s__Candidatus_Gastranaerophilales_bacterium|t__SGB8608",0,0,NA,FALSE,FALSE,FALSE,NA,"HMP1-2 taxonomy vaginal"
"k__Bacteria|p__Firmicutes|c__Bacilli|o__Bacilli_unclassified|f__Bacilli_unclassified|g__GGB4640|s__GGB4640_SGB6419|t__SGB6419",0,0,NA,FALSE,FALSE,FALSE,NA,"HMP1-2 taxonomy vaginal"
"k__Bacteria|p__Firmicutes|c__Clostridia|o__Clostridia_unclassified|f__Clostridia_unclassified|g__Clostridia_unclassified|s__Clostridia_bacterium|t__SGB4311",0,0,NA,FALSE,FALSE,FALSE,NA,"HMP1-2 taxonomy vaginal"
"k__Bacteria|p__Actinobacteria|c__Coriobacteriia|o__Eggerthellales|f__Eggerthellaceae|g__Raoultibacter|s__Raoultibacter_sp_Marseille_P8396|t__SGB86224",0,0,NA,FALSE,FALSE,FALSE,NA,"HMP1-2 taxonomy vaginal"
"k__Bacteria|p__Firmicutes|c__Bacilli|o__Lactobacillales|f__Streptococcaceae|g__Lactococcus|s__Lactococcus_petauri|t__SGB7980_group",0,0,NA,FALSE,FALSE,FALSE,NA,"HMP1-2 taxonomy vaginal"
"k__Archaea|p__Crenarchaeota|c__Thermoprotei|o__Thermoproteales|f__Thermofilaceae|g__GGB1567|s__GGB1567_SGB2154|t__SGB2154",0,0,NA,FALSE,FALSE,FALSE,NA,"HMP1-2 taxonomy vaginal"
"k__Bacteria|p__Actinobacteria|c__Coriobacteriia|o__Eggerthellales|f__Eggerthellaceae|g__Phoenicibacter|s__Phoenicibacter_congonensis|t__SGB957",0,0,NA,FALSE,FALSE,FALSE,NA,"HMP1-2 taxonomy vaginal"
"k__Bacteria|p__Firmicutes|c__Clostridia|o__Clostridia_unclassified|f__Clostridia_unclassified|g__Clostridia_unclassified|s__Clostridia_bacterium|t__SGB4307",0,0,NA,FALSE,FALSE,FALSE,NA,"HMP1-2 taxonomy vaginal"
"k__Bacteria|p__Firmicutes|c__Clostridia|o__Clostridiales|f__Ruminococcaceae|g__GGB9582|s__GGB9582_SGB15000|t__SGB15000",0,0,NA,FALSE,FALSE,FALSE,NA,"HMP1-2 taxonomy vaginal"
"k__Bacteria|p__Actinobacteria|c__Coriobacteriia|o__Coriobacteriales|f__Coriobacteriaceae|g__Collinsella|s__Collinsella_phocaeensis|t__SGB14745",0,0,NA,FALSE,FALSE,FALSE,NA,"HMP1-2 taxonomy vaginal"
"k__Bacteria|p__Bacteroidetes|c__Bacteroidia|o__Bacteroidales|f__Muribaculaceae|g__GGB14014|s__GGB14014_SGB21441|t__SGB21441",0,0,NA,FALSE,FALSE,FALSE,NA,"HMP1-2 taxonomy vaginal"
"k__Bacteria|p__Firmicutes|c__Clostridia|o__Clostridiales|f__Lachnospiraceae|g__Coprococcus|s__Coprococcus_sp_OM04_5BH|t__SGB5115",0,0,NA,FALSE,FALSE,FALSE,NA,"HMP1-2 taxonomy vaginal"
"k__Bacteria|p__Bacteroidetes|c__Bacteroidia|o__Bacteroidales|f__Odoribacteraceae|g__Culturomica|s__Culturomica_massiliensis|t__SGB1791",0,0,NA,FALSE,FALSE,FALSE,NA,"HMP1-2 taxonomy vaginal"
"k__Bacteria|p__Firmicutes|c__Clostridia|o__Clostridia_unclassified|f__Clostridia_unclassified|g__Clostridia_unclassified|s__Clostridia_bacterium|t__SGB14067",0,0,NA,FALSE,FALSE,FALSE,NA,"HMP1-2 taxonomy vaginal"
"k__Bacteria|p__Bacteroidetes|c__Bacteroidia|o__Bacteroidales|f__Bacteroidaceae|g__Bacteroidaceae_unclassified|s__Bacteroidaceae_bacterium|t__SGB48437",0,0,NA,FALSE,FALSE,FALSE,NA,"HMP1-2 taxonomy vaginal"
"k__Bacteria|p__Firmicutes|c__Negativicutes|o__Acidaminococcales|f__Acidaminococcaceae|g__GGB4238|s__GGB4238_SGB5730|t__SGB5730",0,0,NA,FALSE,FALSE,FALSE,NA,"HMP1-2 taxonomy vaginal"
"k__Bacteria|p__Firmicutes|c__Clostridia|o__Clostridia_unclassified|f__Clostridia_unclassified|g__Clostridia_unclassified|s__Clostridia_bacterium|t__SGB14848",0,0,NA,FALSE,FALSE,FALSE,NA,"HMP1-2 taxonomy vaginal"
"k__Bacteria|p__Proteobacteria|c__Alphaproteobacteria|o__Alphaproteobacteria_unclassified|f__Alphaproteobacteria_unclassified|g__Alphaproteobacteria_unclassified|s__Alphaproteobacteria_bacterium|t__SGB9345",0,0,NA,FALSE,FALSE,FALSE,NA,"HMP1-2 taxonomy vaginal"
"k__Bacteria|p__Firmicutes|c__Clostridia|o__Clostridiales|f__Lachnospiraceae|g__GGB3623|s__GGB3623_SGB4900|t__SGB4900",0,0,NA,FALSE,FALSE,FALSE,NA,"HMP1-2 taxonomy vaginal"
"k__Bacteria|p__Bacteroidetes|c__Bacteroidia|o__Bacteroidales|f__Muribaculaceae|g__GGB14009|s__GGB14009_SGB21436|t__SGB21436",0,0,NA,FALSE,FALSE,FALSE,NA,"HMP1-2 taxonomy vaginal"
"k__Bacteria|p__Fusobacteria|c__Fusobacteriia|o__Fusobacteriales|f__Fusobacteriaceae|g__Fusobacteriaceae_unclassified|s__Fusobacteriaceae_unclassified_SGB59307|t__SGB59307_group",0,0,NA,FALSE,FALSE,FALSE,NA,"HMP1-2 taxonomy vaginal"
"k__Bacteria|p__Firmicutes|c__CFGB25373|o__OFGB25373|f__FGB25373|g__GGB45597|s__GGB45597_SGB72777|t__SGB72777",0,0,NA,FALSE,FALSE,FALSE,NA,"HMP1-2 taxonomy vaginal"
"k__Bacteria|p__Bacteroidetes|c__Flavobacteriia|o__Flavobacteriales|f__Weeksellaceae|g__Chryseobacterium|s__Chryseobacterium_indologenes|t__SGB2570",0,0,NA,FALSE,FALSE,FALSE,NA,"HMP1-2 taxonomy vaginal"
"k__Bacteria|p__Actinobacteria|c__Actinobacteria|o__Bifidobacteriales|f__Bifidobacteriaceae|g__Parascardovia|s__Parascardovia_denticolens|t__SGB17291",0,0,NA,FALSE,FALSE,FALSE,NA,"HMP1-2 taxonomy vaginal"
"k__Bacteria|p__Proteobacteria|c__Alphaproteobacteria|o__Alphaproteobacteria_unclassified|f__Alphaproteobacteria_unclassified|g__Alphaproteobacteria_unclassified|s__Alphaproteobacteria_bacterium|t__SGB9323",0,0,NA,FALSE,FALSE,FALSE,NA,"HMP1-2 taxonomy vaginal"
"k__Bacteria|p__Firmicutes|c__Clostridia|o__Clostridia_unclassified|f__Clostridia_unclassified|g__Clostridia_unclassified|s__Clostridia_bacterium|t__SGB14131",0,0,NA,FALSE,FALSE,FALSE,NA,"HMP1-2 taxonomy vaginal"
"k__Bacteria|p__Proteobacteria|c__Alphaproteobacteria|o__Alphaproteobacteria_unclassified|f__Alphaproteobacteria_unclassified|g__Alphaproteobacteria_unclassified|s__Alphaproteobacteria_bacterium|t__SGB57594",0,0,NA,FALSE,FALSE,FALSE,NA,"HMP1-2 taxonomy vaginal"
"k__Bacteria|p__Proteobacteria|c__Alphaproteobacteria|o__Rhizobiales|f__Phyllobacteriaceae|g__Phyllobacterium|s__Phyllobacterium_myrsinacearum|t__SGB24484",1,0.00429184549356223,0.00354740035474004,FALSE,TRUE,FALSE,NA,"HMP1-2 taxonomy vaginal"
"k__Bacteria|p__Proteobacteria|c__Alphaproteobacteria|o__Sphingomonadales|f__Sphingomonadaceae|g__Sphingomonas|s__Sphingomonas_sp_3F27E9_B|t__SGB11639",1,0.00429184549356223,0.00158680015868002,FALSE,TRUE,FALSE,NA,"HMP1-2 taxonomy vaginal"
"k__Bacteria|p__Proteobacteria|c__Alphaproteobacteria|o__Rhizobiales|f__Bradyrhizobiaceae|g__GGB7699|s__GGB7699_SGB11380|t__SGB11380",1,0.00429184549356223,4.87000048700005e-05,FALSE,FALSE,FALSE,NA,"HMP1-2 taxonomy vaginal"
"k__Bacteria|p__Firmicutes|c__Clostridia|o__Clostridiales|f__Ruminococcaceae|g__GGB29848|s__GGB29848_SGB42690|t__SGB42690",0,0,NA,FALSE,FALSE,FALSE,NA,"HMP1-2 taxonomy vaginal"
"k__Bacteria|p__Bacteroidetes|c__Bacteroidia|o__Bacteroidales|f__Tannerellaceae|g__Parabacteroides|s__Parabacteroides_acidifaciens|t__SGB1943",0,0,NA,FALSE,FALSE,FALSE,NA,"HMP1-2 taxonomy vaginal"
"k__Bacteria|p__Proteobacteria|c__Gammaproteobacteria|o__Enterobacterales|f__Enterobacteriaceae|g__Enterobacter|s__Enterobacter_mori|t__SGB10132",0,0,NA,FALSE,FALSE,FALSE,NA,"HMP1-2 taxonomy vaginal"
"k__Bacteria|p__Proteobacteria|c__Betaproteobacteria|o__Burkholderiales|f__Alcaligenaceae|g__Oligella|s__Oligella_urethralis|t__SGB9505",0,0,NA,FALSE,FALSE,FALSE,NA,"HMP1-2 taxonomy vaginal"
"k__Bacteria|p__Firmicutes|c__Clostridia|o__Clostridiales|f__Ruminococcaceae|g__GGB9695|s__GGB9695_SGB15210|t__SGB15210",0,0,NA,FALSE,FALSE,FALSE,NA,"HMP1-2 taxonomy vaginal"
"k__Bacteria|p__Proteobacteria|c__Gammaproteobacteria|o__Xanthomonadales|f__Xanthomonadaceae|g__Stenotrophomonas|s__Stenotrophomonas_maltophilia|t__SGB12459_group",1,0.00429184549356223,0.000675,FALSE,FALSE,FALSE,NA,"HMP1-2 taxonomy vaginal"
"k__Bacteria|p__Proteobacteria|c__Betaproteobacteria|o__Burkholderiales|f__Alcaligenaceae|g__Achromobacter|s__Achromobacter_deleyi|t__SGB32683",4,0.0171673819742489,0.0003444750027975,FALSE,FALSE,FALSE,NA,"HMP1-2 taxonomy vaginal"
"k__Bacteria|p__Actinobacteria|c__Actinobacteria|o__Corynebacteriales|f__Corynebacteriaceae|g__Corynebacterium|s__Corynebacterium_massiliense|t__SGB17124",0,0,NA,FALSE,FALSE,FALSE,NA,"HMP1-2 taxonomy vaginal"
"k__Bacteria|p__Proteobacteria|c__Gammaproteobacteria|o__Enterobacterales|f__Yersiniaceae|g__Serratia|s__Serratia_sp_M24T3|t__SGB10237",0,0,NA,FALSE,FALSE,FALSE,NA,"HMP1-2 taxonomy vaginal"
"k__Bacteria|p__Firmicutes|c__Clostridia|o__Clostridiales|f__Ruminococcaceae|g__GGB9673|s__GGB9673_SGB15172|t__SGB15172",0,0,NA,FALSE,FALSE,FALSE,NA,"HMP1-2 taxonomy vaginal"
"k__Bacteria|p__Firmicutes|c__CFGB14246|o__OFGB14246|f__FGB14246|g__GGB38987|s__GGB38987_SGB63305|t__SGB63305",0,0,NA,FALSE,FALSE,FALSE,NA,"HMP1-2 taxonomy vaginal"
"k__Bacteria|p__Firmicutes|c__Clostridia|o__Clostridia_unclassified|f__Clostridia_unclassified|g__Candidatus_Heritagella|s__Candidatus_Heritagella_gallinarum|t__SGB63347",0,0,NA,FALSE,FALSE,FALSE,NA,"HMP1-2 taxonomy vaginal"
"k__Bacteria|p__Firmicutes|c__Clostridia|o__Clostridiales|f__Oscillospiraceae|g__Oscillospiraceae_unclassified|s__Oscillospiraceae_bacterium_NSJ_54|t__SGB79871",0,0,NA,FALSE,FALSE,FALSE,NA,"HMP1-2 taxonomy vaginal"
"k__Bacteria|p__Proteobacteria|c__Betaproteobacteria|o__Burkholderiales|f__Comamonadaceae|g__Brachymonas|s__Brachymonas_chironomi|t__SGB32580",0,0,NA,FALSE,FALSE,FALSE,NA,"HMP1-2 taxonomy vaginal"
"k__Bacteria|p__Bacteroidetes|c__Bacteroidia|o__Bacteroidales|f__Prevotellaceae|g__Prevotella|s__Prevotella_sp_DNF00663|t__SGB3322",1,0.00429184549356223,7.86000157200031e-05,FALSE,FALSE,FALSE,NA,"HMP1-2 taxonomy vaginal"
"k__Bacteria|p__Fusobacteria|c__Fusobacteriia|o__Fusobacteriales|f__Fusobacteriaceae|g__Fusobacterium|s__Fusobacterium_varium|t__SGB6038",0,0,NA,FALSE,FALSE,FALSE,NA,"HMP1-2 taxonomy vaginal"
"k__Bacteria|p__Proteobacteria|c__Alphaproteobacteria|o__Sphingomonadales|f__Sphingomonadaceae|g__Sphingomonas|s__Sphingomonas_sp_ZLT_5|t__SGB56335",0,0,NA,FALSE,FALSE,FALSE,NA,"HMP1-2 taxonomy vaginal"
"k__Bacteria|p__Proteobacteria|c__Gammaproteobacteria|o__Pseudomonadales|f__Pseudomonadaceae|g__Pseudomonas|s__Pseudomonas_helleri|t__SGB89058",0,0,NA,FALSE,FALSE,FALSE,NA,"HMP1-2 taxonomy vaginal"
"k__Bacteria|p__Firmicutes|c__Clostridia|o__Clostridia_unclassified|f__Clostridia_unclassified|g__Clostridia_unclassified|s__Clostridia_bacterium|t__SGB14099",0,0,NA,FALSE,FALSE,FALSE,NA,"HMP1-2 taxonomy vaginal"
"k__Bacteria|p__Firmicutes|c__Clostridia|o__Clostridia_unclassified|f__Clostridia_unclassified|g__Clostridia_unclassified|s__Clostridia_bacterium|t__SGB14855",0,0,NA,FALSE,FALSE,FALSE,NA,"HMP1-2 taxonomy vaginal"
"k__Bacteria|p__Proteobacteria|c__Alphaproteobacteria|o__Rhodobacterales|f__Rhodobacteraceae|g__Paracoccus|s__Paracoccus_pantotrophus|t__SGB10720",0,0,NA,FALSE,FALSE,FALSE,NA,"HMP1-2 taxonomy vaginal"
"k__Bacteria|p__Actinobacteria|c__Actinobacteria|o__Actinomycetales|f__Actinomycetaceae|g__Schaalia|s__Schaalia_canis|t__SGB33774",0,0,NA,FALSE,FALSE,FALSE,NA,"HMP1-2 taxonomy vaginal"
"k__Bacteria|p__Proteobacteria|c__Gammaproteobacteria|o__Pseudomonadales|f__Pseudomonadaceae|g__Pseudomonas|s__Pseudomonas_luteola|t__SGB12056",0,0,NA,FALSE,FALSE,FALSE,NA,"HMP1-2 taxonomy vaginal"
"k__Bacteria|p__Bacteroidetes|c__Flavobacteriia|o__Flavobacteriales|f__Flavobacteriaceae|g__Capnocytophaga|s__Capnocytophaga_cynodegmi|t__SGB2927",0,0,NA,FALSE,FALSE,FALSE,NA,"HMP1-2 taxonomy vaginal"
"k__Bacteria|p__Proteobacteria|c__Gammaproteobacteria|o__Pseudomonadales|f__Pseudomonadaceae|g__Pseudomonas|s__Pseudomonas_stutzeri|t__SGB12382",0,0,NA,FALSE,FALSE,FALSE,NA,"HMP1-2 taxonomy vaginal"
"k__Bacteria|p__Proteobacteria|c__Gammaproteobacteria|o__Enterobacterales|f__Erwiniaceae|g__Pantoea|s__Pantoea_sp_PSNIH1|t__SGB10168_group",0,0,NA,FALSE,FALSE,FALSE,NA,"HMP1-2 taxonomy vaginal"
"k__Bacteria|p__Firmicutes|c__Bacilli|o__Bacillales|f__Bacillaceae|g__Priestia|s__Priestia_megaterium|t__SGB7678",0,0,NA,FALSE,FALSE,FALSE,NA,"HMP1-2 taxonomy vaginal"
"k__Bacteria|p__Proteobacteria|c__Gammaproteobacteria|o__Pasteurellales|f__Pasteurellaceae|g__Pasteurella|s__Pasteurella_dagmatis|t__SGB9763",0,0,NA,FALSE,FALSE,FALSE,NA,"HMP1-2 taxonomy vaginal"
"k__Bacteria|p__Actinobacteria|c__Actinobacteria|o__Corynebacteriales|f__Nocardiaceae|g__Rhodococcus|s__Rhodococcus_sp_Leaf225|t__SGB15804",0,0,NA,FALSE,FALSE,FALSE,NA,"HMP1-2 taxonomy vaginal"
"k__Bacteria|p__Proteobacteria|c__Gammaproteobacteria|o__Legionellales|f__Coxiellaceae|g__Rickettsiella|s__Rickettsiella_grylli|t__SGB9368",0,0,NA,FALSE,FALSE,FALSE,NA,"HMP1-2 taxonomy vaginal"
"k__Bacteria|p__Actinobacteria|c__Actinobacteria|o__Micrococcales|f__Microbacteriaceae|g__Canibacter|s__Canibacter_oris|t__SGB33649",0,0,NA,FALSE,FALSE,FALSE,NA,"HMP1-2 taxonomy vaginal"
"k__Bacteria|p__Proteobacteria|c__Betaproteobacteria|o__Burkholderiales|f__Comamonadaceae|g__Comamonadaceae_unclassified|s__Comamonadaceae_bacterium_NML161473|t__SGB32532",0,0,NA,FALSE,FALSE,FALSE,NA,"HMP1-2 taxonomy vaginal"
"k__Bacteria|p__Proteobacteria|c__Gammaproteobacteria|o__Pasteurellales|f__Pasteurellaceae|g__Frederiksenia|s__Frederiksenia_canicola|t__SGB30988",0,0,NA,FALSE,FALSE,FALSE,NA,"HMP1-2 taxonomy vaginal"
"k__Bacteria|p__Bacteroidetes|c__Flavobacteriia|o__Flavobacteriales|f__Flavobacteriaceae|g__Capnocytophaga|s__Capnocytophaga_canis|t__SGB2925",0,0,NA,FALSE,FALSE,FALSE,NA,"HMP1-2 taxonomy vaginal"
"k__Bacteria|p__Firmicutes|c__Bacilli|o__Lactobacillales|f__Streptococcaceae|g__Streptococcus|s__Streptococcus_minor|t__SGB29817",0,0,NA,FALSE,FALSE,FALSE,NA,"HMP1-2 taxonomy vaginal"
"k__Bacteria|p__Firmicutes|c__Erysipelotrichia|o__Erysipelotrichales|f__Erysipelotrichaceae|g__Erysipelotrichaceae_unclassified|s__Erysipelotrichaceae_bacterium_OH741_COT_311|t__SGB28718",0,0,NA,FALSE,FALSE,FALSE,NA,"HMP1-2 taxonomy vaginal"
"k__Bacteria|p__Proteobacteria|c__Gammaproteobacteria|o__Enterobacterales|f__Enterobacteriaceae|g__Enterobacter|s__Enterobacter_cloacae|t__SGB10152",0,0,NA,FALSE,FALSE,FALSE,NA,"HMP1-2 taxonomy vaginal"
"k__Bacteria|p__Actinobacteria|c__Actinobacteria|o__Micrococcales|f__Micrococcaceae|g__Micrococcus|s__Micrococcus_terreus|t__SGB16678",0,0,NA,FALSE,FALSE,FALSE,NA,"HMP1-2 taxonomy vaginal"
"k__Bacteria|p__Bacteroidetes|c__Flavobacteriia|o__Flavobacteriales|f__Flavobacteriaceae|g__Capnocytophaga|s__Capnocytophaga_canimorsus|t__SGB2926",0,0,NA,FALSE,FALSE,FALSE,NA,"HMP1-2 taxonomy vaginal"
"k__Bacteria|p__Actinobacteria|c__Actinobacteria|o__Bifidobacteriales|f__Bifidobacteriaceae|g__Bifidobacterium|s__Bifidobacterium_pseudolongum|t__SGB17279",0,0,NA,FALSE,FALSE,FALSE,NA,"HMP1-2 taxonomy vaginal"
"k__Bacteria|p__Proteobacteria|c__Alphaproteobacteria|o__Sphingomonadales|f__Sphingomonadaceae|g__Sphingobium|s__Sphingobium_limneticum|t__SGB31652",3,0.0128755364806867,0.000130966673000001,FALSE,FALSE,FALSE,NA,"HMP1-2 taxonomy vaginal"
"k__Bacteria|p__Firmicutes|c__Clostridia|o__Clostridia_unclassified|f__Clostridia_unclassified|g__Candidatus_Paralachnospira|s__Candidatus_Paralachnospira_sangeri|t__SGB59820",0,0,NA,FALSE,FALSE,FALSE,NA,"HMP1-2 taxonomy vaginal"
"k__Bacteria|p__Actinobacteria|c__Actinobacteria|o__Corynebacteriales|f__Corynebacteriaceae|g__Corynebacterium|s__Corynebacterium_sp_HMSC034A01|t__SGB17065",0,0,NA,FALSE,FALSE,FALSE,NA,"HMP1-2 taxonomy vaginal"
"k__Bacteria|p__Bacteroidetes|c__Flavobacteriia|o__Flavobacteriales|f__Weeksellaceae|g__Cruoricaptor|s__Cruoricaptor_ignavus|t__SGB2539",0,0,NA,FALSE,FALSE,FALSE,NA,"HMP1-2 taxonomy vaginal"
"k__Bacteria|p__Tenericutes|c__Mollicutes|o__Acholeplasmatales|f__Acholeplasmataceae|g__Candidatus_Phytoplasma|s__Catharanthus_roseus_aster_yellows_phytoplasma|t__SGB6860",0,0,NA,FALSE,FALSE,FALSE,NA,"HMP1-2 taxonomy vaginal"
"k__Bacteria|p__Firmicutes|c__Clostridia|o__Clostridiales|f__Lachnospiraceae|g__Lachnospiraceae_unclassified|s__Lachnospiraceae_bacterium|t__SGB82501",0,0,NA,FALSE,FALSE,FALSE,NA,"HMP1-2 taxonomy vaginal"
"k__Bacteria|p__Firmicutes|c__Clostridia|o__Clostridiales|f__Eubacteriaceae|g__Eubacteriaceae_unclassified|s__Eubacteriaceae_bacterium|t__SGB3972",0,0,NA,FALSE,FALSE,FALSE,NA,"HMP1-2 taxonomy vaginal"
"k__Bacteria|p__Actinobacteria|c__Coriobacteriia|o__Eggerthellales|f__Eggerthellaceae|g__Enterorhabdus|s__Enterorhabdus_sp_P55|t__SGB42958",0,0,NA,FALSE,FALSE,FALSE,NA,"HMP1-2 taxonomy vaginal"
"k__Bacteria|p__Actinobacteria|c__Actinobacteria|o__Corynebacteriales|f__Corynebacteriaceae|g__Corynebacterium|s__Corynebacterium_glaucum|t__SGB17054",1,0.00429184549356223,0.0206856,FALSE,TRUE,FALSE,NA,"HMP1-2 taxonomy vaginal"
"k__Bacteria|p__Planctomycetes|c__Planctomycetia|o__Pirellulales|f__Pirellulaceae|g__GGB6567|s__GGB6567_SGB9277|t__SGB9277",0,0,NA,FALSE,FALSE,FALSE,NA,"HMP1-2 taxonomy vaginal"
"k__Bacteria|p__Firmicutes|c__Clostridia|o__Clostridia_unclassified|f__Clostridia_unclassified|g__Clostridia_unclassified|s__Clostridia_bacterium|t__SGB14316",0,0,NA,FALSE,FALSE,FALSE,NA,"HMP1-2 taxonomy vaginal"
"k__Bacteria|p__Bacteroidetes|c__Bacteroidia|o__Bacteroidales|f__Prevotellaceae|g__Prevotella|s__Prevotella_pectinovora|t__SGB1662",0,0,NA,FALSE,FALSE,FALSE,NA,"HMP1-2 taxonomy vaginal"
"k__Bacteria|p__Candidatus_Melainabacteria|c__Candidatus_Melainabacteria_unclassified|o__Candidatus_Gastranaerophilales|f__Candidatus_Gastranaerophilales_unclassified|g__Candidatus_Gastranaerophilales_unclassified|s__Candidatus_Gastranaerophilales_bacterium|t__SGB8624",0,0,NA,FALSE,FALSE,FALSE,NA,"HMP1-2 taxonomy vaginal"
"k__Bacteria|p__Bacteroidetes|c__Bacteroidia|o__Bacteroidales|f__Prevotellaceae|g__GGB1250|s__GGB1250_SGB1672|t__SGB1672_group",0,0,NA,FALSE,FALSE,FALSE,NA,"HMP1-2 taxonomy vaginal"
"k__Bacteria|p__Chlamydiae|c__Chlamydiia|o__Chlamydiales|f__Chlamydiaceae|g__Chlamydia|s__Chlamydia_trachomatis|t__SGB5498",1,0.00429184549356223,0.0007975,FALSE,FALSE,FALSE,NA,"HMP1-2 taxonomy vaginal"
"k__Bacteria|p__Firmicutes|c__Clostridia|o__Clostridia_unclassified|f__Clostridia_unclassified|g__GGB3003|s__GGB3003_SGB3994|t__SGB3994",0,0,NA,FALSE,FALSE,FALSE,NA,"HMP1-2 taxonomy vaginal"
"k__Bacteria|p__Firmicutes|c__CFGB9736|o__OFGB9736|f__FGB9736|g__GGB45599|s__GGB45599_SGB63311|t__SGB63311",0,0,NA,FALSE,FALSE,FALSE,NA,"HMP1-2 taxonomy vaginal"
"k__Bacteria|p__Proteobacteria|c__Gammaproteobacteria|o__Enterobacterales|f__Enterobacteriaceae|g__Citrobacter|s__Citrobacter_amalonaticus|t__SGB10074",0,0,NA,FALSE,FALSE,FALSE,NA,"HMP1-2 taxonomy vaginal"
"k__Bacteria|p__Actinobacteria|c__Coriobacteriia|o__Coriobacteriales|f__Atopobiaceae|g__Atopobium|s__Atopobium_minutum|t__SGB987",0,0,NA,FALSE,FALSE,FALSE,NA,"HMP1-2 taxonomy vaginal"
"k__Bacteria|p__Actinobacteria|c__Actinobacteria|o__Actinomycetales|f__Actinomycetaceae|g__Gleimia|s__Gleimia_europaea|t__SGB17196",0,0,NA,FALSE,FALSE,FALSE,NA,"HMP1-2 taxonomy vaginal"
"k__Bacteria|p__Firmicutes|c__Clostridia|o__Clostridia_unclassified|f__Clostridia_unclassified|g__Clostridia_unclassified|s__Clostridia_bacterium|t__SGB4450",0,0,NA,FALSE,FALSE,FALSE,NA,"HMP1-2 taxonomy vaginal"
"k__Bacteria|p__Firmicutes|c__Clostridia|o__Clostridia_unclassified|f__Clostridia_unclassified|g__Clostridia_unclassified|s__Clostridia_bacterium|t__SGB13990",0,0,NA,FALSE,FALSE,FALSE,NA,"HMP1-2 taxonomy vaginal"
"k__Bacteria|p__Firmicutes|c__Clostridia|o__Clostridiales|f__Ruminococcaceae|g__GGB9582|s__GGB9582_SGB15002|t__SGB15002",0,0,NA,FALSE,FALSE,FALSE,NA,"HMP1-2 taxonomy vaginal"
"k__Bacteria|p__Firmicutes|c__Clostridia|o__Clostridiales|f__Eubacteriaceae|g__GGB28645|s__GGB28645_SGB41268|t__SGB41268",0,0,NA,FALSE,FALSE,FALSE,NA,"HMP1-2 taxonomy vaginal"
"k__Bacteria|p__Firmicutes|c__Tissierellia|o__Tissierellales|f__Peptoniphilaceae|g__Peptoniphilus|s__Peptoniphilus_senegalensis|t__SGB6698",0,0,NA,FALSE,FALSE,FALSE,NA,"HMP1-2 taxonomy vaginal"
"k__Bacteria|p__Bacteroidetes|c__Bacteroidia|o__Bacteroidales|f__Prevotellaceae|g__Prevotella|s__Prevotella_brunnea|t__SGB1503",0,0,NA,FALSE,FALSE,FALSE,NA,"HMP1-2 taxonomy vaginal"
"k__Bacteria|p__Proteobacteria|c__Gammaproteobacteria|o__Enterobacterales|f__Yersiniaceae|g__Serratia|s__Serratia_marcescens|t__SGB10251",0,0,NA,FALSE,FALSE,FALSE,NA,"HMP1-2 taxonomy vaginal"
"k__Bacteria|p__Firmicutes|c__Bacilli|o__Lactobacillales|f__Streptococcaceae|g__Streptococcus|s__Streptococcus_equi|t__SGB8214",0,0,NA,FALSE,FALSE,FALSE,NA,"HMP1-2 taxonomy vaginal"
"k__Bacteria|p__Firmicutes|c__Clostridia|o__Clostridiales|f__Ruminococcaceae|g__Ruminococcaceae_unclassified|s__Ruminococcaceae_bacterium|t__SGB4253",0,0,NA,FALSE,FALSE,FALSE,NA,"HMP1-2 taxonomy vaginal"
"k__Bacteria|p__Proteobacteria|c__Betaproteobacteria|o__Burkholderiales|f__Burkholderiaceae|g__Cupriavidus|s__Cupriavidus_basilensis|t__SGB32711",0,0,NA,FALSE,FALSE,FALSE,NA,"HMP1-2 taxonomy vaginal"
"k__Bacteria|p__Proteobacteria|c__Alphaproteobacteria|o__Sphingomonadales|f__Sphingomonadaceae|g__Sphingomonas|s__Sphingomonas_echinoides|t__SGB31712",0,0,NA,FALSE,FALSE,FALSE,NA,"HMP1-2 taxonomy vaginal"
"k__Bacteria|p__Firmicutes|c__CFGB11875|o__OFGB11875|f__FGB11875|g__GGB34476|s__GGB34476_SGB65958|t__SGB65958",0,0,NA,FALSE,FALSE,FALSE,NA,"HMP1-2 taxonomy vaginal"
"k__Bacteria|p__Proteobacteria|c__Gammaproteobacteria|o__Enterobacterales|f__Enterobacteriaceae|g__Kosakonia|s__Kosakonia_cowanii|t__SGB10050",0,0,NA,FALSE,FALSE,FALSE,NA,"HMP1-2 taxonomy vaginal"
"k__Bacteria|p__Firmicutes|c__Clostridia|o__Clostridia_unclassified|f__Clostridia_unclassified|g__Clostridia_unclassified|s__Clostridia_bacterium|t__SGB4309",0,0,NA,FALSE,FALSE,FALSE,NA,"HMP1-2 taxonomy vaginal"
"k__Bacteria|p__Bacteroidetes|c__Bacteroidia|o__Bacteroidales|f__Tannerellaceae|g__GGB1407|s__GGB1407_SGB1930|t__SGB1930",0,0,NA,FALSE,FALSE,FALSE,NA,"HMP1-2 taxonomy vaginal"
"k__Bacteria|p__Actinobacteria|c__Actinobacteria|o__Propionibacteriales|f__Propionibacteriaceae|g__Propionibacterium|s__Propionibacterium_freudenreichii|t__SGB15904",0,0,NA,FALSE,FALSE,FALSE,NA,"HMP1-2 taxonomy vaginal"
"k__Bacteria|p__Actinobacteria|c__Actinobacteria|o__Corynebacteriales|f__Corynebacteriaceae|g__Corynebacterium|s__Corynebacterium_glutamicum|t__SGB17021",0,0,NA,FALSE,FALSE,FALSE,NA,"HMP1-2 taxonomy vaginal"
"k__Bacteria|p__Actinobacteria|c__Coriobacteriia|o__Coriobacteriales|f__Atopobiaceae|g__Olsenella|s__Olsenella_profusa|t__SGB14387",0,0,NA,FALSE,FALSE,FALSE,NA,"HMP1-2 taxonomy vaginal"
"k__Bacteria|p__Firmicutes|c__Clostridia|o__Clostridiales|f__Ruminococcaceae|g__GGB3226|s__GGB3226_SGB4260|t__SGB4260",0,0,NA,FALSE,FALSE,FALSE,NA,"HMP1-2 taxonomy vaginal"
"k__Bacteria|p__Candidatus_Melainabacteria|c__Candidatus_Melainabacteria_unclassified|o__Candidatus_Gastranaerophilales|f__Candidatus_Gastranaerophilales_unclassified|g__GGB6010|s__GGB6010_SGB8637|t__SGB8637",0,0,NA,FALSE,FALSE,FALSE,NA,"HMP1-2 taxonomy vaginal"
"k__Bacteria|p__Firmicutes|c__Clostridia|o__Clostridia_unclassified|f__Clostridia_unclassified|g__Clostridia_unclassified|s__Clostridia_bacterium|t__SGB14948",0,0,NA,FALSE,FALSE,FALSE,NA,"HMP1-2 taxonomy vaginal"
"k__Bacteria|p__Firmicutes|c__Clostridia|o__Clostridiales|f__Lachnospiraceae|g__Lachnospiraceae_unclassified|s__Lachnospiraceae_unclassified_SGB26919|t__SGB26919",0,0,NA,FALSE,FALSE,FALSE,NA,"HMP1-2 taxonomy vaginal"
"k__Bacteria|p__Actinobacteria|c__Coriobacteriia|o__Eggerthellales|f__Eggerthellaceae|g__Eggerthellaceae_unclassified|s__Eggerthellaceae_unclassified_SGB14332|t__SGB14332",0,0,NA,FALSE,FALSE,FALSE,NA,"HMP1-2 taxonomy vaginal"
"k__Bacteria|p__Firmicutes|c__Bacilli|o__Lactobacillales|f__Streptococcaceae|g__Streptococcus|s__Streptococcus_suis|t__SGB29821",0,0,NA,FALSE,FALSE,FALSE,NA,"HMP1-2 taxonomy vaginal"
"k__Bacteria|p__Firmicutes|c__Bacilli|o__Lactobacillales|f__Streptococcaceae|g__Streptococcus|s__Streptococcus_sobrinus|t__SGB7996",0,0,NA,FALSE,FALSE,FALSE,NA,"HMP1-2 taxonomy vaginal"
"k__Bacteria|p__Bacteroidetes|c__Bacteroidia|o__Bacteroidales|f__Tannerellaceae|g__GGB1405|s__GGB1405_SGB1928|t__SGB1928",0,0,NA,FALSE,FALSE,FALSE,NA,"HMP1-2 taxonomy vaginal"
"k__Bacteria|p__Firmicutes|c__Clostridia|o__Clostridia_unclassified|f__Clostridia_unclassified|g__Clostridia_unclassified|s__Clostridia_bacterium|t__SGB14300",0,0,NA,FALSE,FALSE,FALSE,NA,"HMP1-2 taxonomy vaginal"
"k__Bacteria|p__Firmicutes|c__Clostridia|o__Clostridia_unclassified|f__Clostridia_unclassified|g__GGB9047|s__GGB9047_SGB13950|t__SGB13950",0,0,NA,FALSE,FALSE,FALSE,NA,"HMP1-2 taxonomy vaginal"
"k__Archaea|p__Candidatus_Thermoplasmatota|c__Thermoplasmata|o__Methanomassiliicoccales|f__Methanomassiliicoccales_unclassified|g__Methanomassiliicoccales_unclassified|s__Methanomassiliicoccales_archaeon|t__SGB376",0,0,NA,FALSE,FALSE,FALSE,NA,"HMP1-2 taxonomy vaginal"
"k__Bacteria|p__Firmicutes|c__CFGB1289|o__OFGB1289|f__FGB1289|g__GGB3106|s__GGB3106_SGB4115|t__SGB4115",0,0,NA,FALSE,FALSE,FALSE,NA,"HMP1-2 taxonomy vaginal"
"k__Bacteria|p__Firmicutes|c__Clostridia|o__Clostridia_unclassified|f__Clostridia_unclassified|g__Clostridia_unclassified|s__Clostridia_bacterium|t__SGB14232",0,0,NA,FALSE,FALSE,FALSE,NA,"HMP1-2 taxonomy vaginal"
"k__Bacteria|p__Firmicutes|c__Clostridia|o__Clostridiales|f__Ruminococcaceae|g__GGB9727|s__GGB9727_SGB15285|t__SGB15285",0,0,NA,FALSE,FALSE,FALSE,NA,"HMP1-2 taxonomy vaginal"
"k__Bacteria|p__Firmicutes|c__Clostridia|o__Clostridiales|f__Ruminococcaceae|g__Ruminococcaceae_unclassified|s__Ruminococcaceae_bacterium|t__SGB15352",0,0,NA,FALSE,FALSE,FALSE,NA,"HMP1-2 taxonomy vaginal"
"k__Bacteria|p__Firmicutes|c__Clostridia|o__Clostridia_unclassified|f__Clostridia_unclassified|g__Clostridia_unclassified|s__Clostridia_bacterium|t__SGB14211",0,0,NA,FALSE,FALSE,FALSE,NA,"HMP1-2 taxonomy vaginal"
"k__Bacteria|p__Firmicutes|c__Clostridia|o__Clostridia_unclassified|f__Clostridia_unclassified|g__GGB9528|s__GGB9528_SGB14928|t__SGB14928",0,0,NA,FALSE,FALSE,FALSE,NA,"HMP1-2 taxonomy vaginal"
"k__Archaea|p__Euryarchaeota|c__Methanobacteria|o__Methanobacteriales|f__Methanobacteriaceae|g__Methanosphaera|s__Methanosphaera_cuniculi|t__SGB696",0,0,NA,FALSE,FALSE,FALSE,NA,"HMP1-2 taxonomy vaginal"
"k__Bacteria|p__Firmicutes|c__Clostridia|o__Clostridia_unclassified|f__Clostridia_unclassified|g__Clostridia_unclassified|s__Clostridia_bacterium|t__SGB15038",0,0,NA,FALSE,FALSE,FALSE,NA,"HMP1-2 taxonomy vaginal"
"k__Bacteria|p__Actinobacteria|c__Coriobacteriia|o__Eggerthellales|f__Eggerthellaceae|g__Eggerthellaceae_unclassified|s__Eggerthellaceae_bacterium|t__SGB14794",0,0,NA,FALSE,FALSE,FALSE,NA,"HMP1-2 taxonomy vaginal"
"k__Bacteria|p__Firmicutes|c__Clostridia|o__Clostridiales|f__Ruminococcaceae|g__GGB9628|s__GGB9628_SGB15082|t__SGB15082",0,0,NA,FALSE,FALSE,FALSE,NA,"HMP1-2 taxonomy vaginal"
"k__Bacteria|p__Firmicutes|c__Clostridia|o__Clostridia_unclassified|f__Clostridia_unclassified|g__Clostridia_unclassified|s__Clostridia_bacterium|t__SGB53511",0,0,NA,FALSE,FALSE,FALSE,NA,"HMP1-2 taxonomy vaginal"
"k__Bacteria|p__Firmicutes|c__Clostridia|o__Clostridia_unclassified|f__Clostridia_unclassified|g__Clostridia_unclassified|s__Clostridia_bacterium|t__SGB50367",0,0,NA,FALSE,FALSE,FALSE,NA,"HMP1-2 taxonomy vaginal"
"k__Bacteria|p__Proteobacteria|c__Gammaproteobacteria|o__Enterobacterales|f__Morganellaceae|g__Morganella|s__Morganella_morganii|t__SGB10028",0,0,NA,FALSE,FALSE,FALSE,NA,"HMP1-2 taxonomy vaginal"
"k__Bacteria|p__Actinobacteria|c__Actinobacteria|o__Micrococcales|f__Microbacteriaceae|g__GGB33356|s__GGB33356_SGB54315|t__SGB54315",0,0,NA,FALSE,FALSE,FALSE,NA,"HMP1-2 taxonomy vaginal"
