"feature","positive_samples","prevalence","nonzero_mean_relative_abundance","prevalence_pass","abundance_pass","retained","transformed_sd","dataset"
"k__Bacteria|p__Bacteroidetes|c__Bacteroidia|o__Bacteroidales|f__Bacteroidaceae|g__Bacteroides|s__Bacteroides_cellulosilyticus|t__SGB1844",11,0.034375,0.00159882762971376,FALSE,TRUE,FALSE,NA,"HMP1-2 taxonomy skin"
"k__Bacteria|p__Bacteroidetes|c__Bacteroidia|o__Bacteroidales|f__Bacteroidales_unclassified|g__Phocaeicola|s__Phocaeicola_vulgatus|t__SGB1814",90,0.28125,0.0370723183985407,TRUE,TRUE,TRUE,0.197641729728589,"HMP1-2 taxonomy skin"
"k__Bacteria|p__Bacteroidetes|c__Bacteroidia|o__Bacteroidales|f__Tannerellaceae|g__Parabacteroides|s__Parabacteroides_merdae|t__SGB1949",24,0.075,0.00747133835092263,FALSE,TRUE,FALSE,NA,"HMP1-2 taxonomy skin"
"k__Bacteria|p__Firmicutes|c__Clostridia|o__Clostridiales|f__Ruminococcaceae|g__Ruminococcaceae_unclassified|s__Ruminococcaceae_bacterium|t__SGB4247",3,0.009375,0.00117316685987338,FALSE,TRUE,FALSE,NA,"HMP1-2 taxonomy skin"
"k__Bacteria|p__Bacteroidetes|c__Bacteroidia|o__Bacteroidales|f__Bacteroidales_unclassified|g__Bacteroidales_unclassified|s__Bacteroidales_bacterium|t__SGB2118",0,0,NA,FALSE,FALSE,FALSE,NA,"HMP1-2 taxonomy skin"
"k__Bacteria|p__Bacteroidetes|c__Bacteroidia|o__Bacteroidales|f__Tannerellaceae|g__Parabacteroides|s__Parabacteroides_distasonis|t__SGB1934",11,0.034375,0.00984565337416482,FALSE,TRUE,FALSE,NA,"HMP1-2 taxonomy skin"
"k__Bacteria|p__Bacteroidetes|c__Bacteroidia|o__Bacteroidales|f__Bacteroidaceae|g__Bacteroides|s__Bacteroides_ovatus|t__SGB1871",45,0.140625,0.0151715725997539,TRUE,TRUE,TRUE,0.112670750186429,"HMP1-2 taxonomy skin"
"k__Bacteria|p__Bacteroidetes|c__Bacteroidia|o__Bacteroidales|f__Muribaculaceae|g__GGB1511|s__GGB1511_SGB2091|t__SGB2091",0,0,NA,FALSE,FALSE,FALSE,NA,"HMP1-2 taxonomy skin"
"k__Bacteria|p__Bacteroidetes|c__Bacteroidia|o__Bacteroidales|f__Bacteroidaceae|g__Bacteroides|s__Bacteroides_caccae|t__SGB1877",16,0.05,0.0117520626299996,FALSE,TRUE,FALSE,NA,"HMP1-2 taxonomy skin"
"k__Bacteria|p__Firmicutes|c__Clostridia|o__Clostridia_unclassified|f__Clostridia_unclassified|g__GGB4569|s__GGB4569_SGB6310|t__SGB6310",0,0,NA,FALSE,FALSE,FALSE,NA,"HMP1-2 taxonomy skin"
"k__Bacteria|p__Bacteroidetes|c__Bacteroidia|o__Bacteroidales|f__Rikenellaceae|g__Alistipes|s__Alistipes_putredinis|t__SGB2318",37,0.115625,0.0140617074648372,TRUE,TRUE,TRUE,0.0995272863763022,"HMP1-2 taxonomy skin"
"k__Bacteria|p__Proteobacteria|c__Betaproteobacteria|o__Burkholderiales|f__Sutterellaceae|g__Parasutterella|s__Parasutterella_excrementihominis|t__SGB9262",5,0.015625,0.000174440025420007,FALSE,FALSE,FALSE,NA,"HMP1-2 taxonomy skin"
"k__Bacteria|p__Bacteroidetes|c__Bacteroidia|o__Bacteroidales|f__Bacteroidales_unclassified|g__Bacteroidales_unclassified|s__Bacteroidales_bacterium|t__SGB1964",1,0.003125,0.00172840017284002,FALSE,TRUE,FALSE,NA,"HMP1-2 taxonomy skin"
"k__Bacteria|p__Firmicutes|c__Negativicutes|o__Acidaminococcales|f__Acidaminococcaceae|g__GGB4239|s__GGB4239_SGB5731|t__SGB5731",0,0,NA,FALSE,FALSE,FALSE,NA,"HMP1-2 taxonomy skin"
"k__Bacteria|p__Bacteroidetes|c__Bacteroidia|o__Bacteroidales|f__Bacteroidales_unclassified|g__Bacteroidales_unclassified|s__Bacteroidales_bacterium|t__SGB2120",0,0,NA,FALSE,FALSE,FALSE,NA,"HMP1-2 taxonomy skin"
"k__Bacteria|p__Bacteroidetes|c__Bacteroidia|o__Bacteroidales|f__Rikenellaceae|g__Alistipes|s__Alistipes_finegoldii|t__SGB2301",11,0.034375,0.00298001904792762,FALSE,TRUE,FALSE,NA,"HMP1-2 taxonomy skin"
"k__Bacteria|p__Bacteroidetes|c__Bacteroidia|o__Bacteroidales|f__Rikenellaceae|g__Alistipes|s__Alistipes_shahii|t__SGB2295",16,0.05,0.00525565071847803,FALSE,TRUE,FALSE,NA,"HMP1-2 taxonomy skin"
"k__Bacteria|p__Firmicutes|c__Clostridia|o__Clostridiales|f__Ruminococcaceae|g__Ruminococcaceae_unclassified|s__Ruminococcaceae_bacterium|t__SGB15356",2,0.00625,1.73500012800012e-05,FALSE,FALSE,FALSE,NA,"HMP1-2 taxonomy skin"
"k__Bacteria|p__Bacteroidetes|c__Bacteroidia|o__Bacteroidales|f__Bacteroidales_unclassified|g__Bacteroidales_unclassified|s__Bacteroidales_bacterium|t__SGB2093",0,0,NA,FALSE,FALSE,FALSE,NA,"HMP1-2 taxonomy skin"
"k__Bacteria|p__Firmicutes|c__Clostridia|o__Clostridiales|f__Oscillospiraceae|g__Oscillibacter|s__Oscillibacter_sp_ER4|t__SGB15254",11,0.034375,0.00355027394067684,FALSE,TRUE,FALSE,NA,"HMP1-2 taxonomy skin"
"k__Bacteria|p__Bacteroidetes|c__Bacteroidia|o__Bacteroidales|f__Bacteroidales_unclassified|g__Bacteroidales_unclassified|s__Bacteroidales_bacterium|t__SGB2161",0,0,NA,FALSE,FALSE,FALSE,NA,"HMP1-2 taxonomy skin"
"k__Bacteria|p__Firmicutes|c__Clostridia|o__Clostridia_unclassified|f__Clostridia_unclassified|g__Clostridia_unclassified|s__Clostridia_bacterium|t__SGB4406",0,0,NA,FALSE,FALSE,FALSE,NA,"HMP1-2 taxonomy skin"
"k__Bacteria|p__Firmicutes|c__Clostridia|o__Clostridiales|f__Ruminococcaceae|g__Ruminococcaceae_unclassified|s__Ruminococcaceae_unclassified_SGB4191|t__SGB4191",1,0.003125,8.09999838000032e-06,FALSE,FALSE,FALSE,NA,"HMP1-2 taxonomy skin"
"k__Bacteria|p__Firmicutes|c__Clostridia|o__Clostridiales|f__Ruminococcaceae|g__Ruminococcus|s__Ruminococcus_bicirculans|t__SGB4262",13,0.040625,0.0110030223377497,FALSE,TRUE,FALSE,NA,"HMP1-2 taxonomy skin"
"k__Bacteria|p__Firmicutes|c__Clostridia|o__Clostridiales|f__Clostridiaceae|g__Clostridium|s__Clostridium_sp_AF36_4|t__SGB4644",8,0.025,0.000235837573901291,FALSE,FALSE,FALSE,NA,"HMP1-2 taxonomy skin"
"k__Bacteria|p__Bacteroidetes|c__Bacteroidia|o__Bacteroidales|f__Bacteroidales_unclassified|g__Bacteroidales_unclassified|s__Bacteroidales_bacterium|t__SGB48240",0,0,NA,FALSE,FALSE,FALSE,NA,"HMP1-2 taxonomy skin"
"k__Bacteria|p__Firmicutes|c__Clostridia|o__Clostridia_unclassified|f__Clostridia_unclassified|g__GGB4596|s__GGB4596_SGB6358|t__SGB6358",1,0.003125,7.10000355000177e-06,FALSE,FALSE,FALSE,NA,"HMP1-2 taxonomy skin"
"k__Bacteria|p__Firmicutes|c__Clostridia|o__Clostridia_unclassified|f__Clostridia_unclassified|g__Clostridia_unclassified|s__Clostridia_unclassified_SGB6293|t__SGB6293",0,0,NA,FALSE,FALSE,FALSE,NA,"HMP1-2 taxonomy skin"
"k__Bacteria|p__Firmicutes|c__Clostridia|o__Clostridia_unclassified|f__Clostridia_unclassified|g__GGB4585|s__GGB4585_SGB6340|t__SGB6340",1,0.003125,3.91999921600015e-05,FALSE,FALSE,FALSE,NA,"HMP1-2 taxonomy skin"
"k__Bacteria|p__Firmicutes|c__Clostridia|o__Clostridiales|f__Ruminococcaceae|g__Ruminococcaceae_unclassified|s__Ruminococcaceae_bacterium|t__SGB15249",3,0.009375,0.000412333239506691,FALSE,FALSE,FALSE,NA,"HMP1-2 taxonomy skin"
"k__Bacteria|p__Firmicutes|c__Clostridia|o__Clostridia_unclassified|f__Clostridia_unclassified|g__Clostridia_unclassified|s__Clostridia_bacterium|t__SGB14109",0,0,NA,FALSE,FALSE,FALSE,NA,"HMP1-2 taxonomy skin"
"k__Bacteria|p__Firmicutes|c__Clostridia|o__Clostridia_unclassified|f__Clostridia_unclassified|g__Clostridia_unclassified|s__Clostridia_bacterium|t__SGB14005",0,0,NA,FALSE,FALSE,FALSE,NA,"HMP1-2 taxonomy skin"
"k__Bacteria|p__Bacteroidetes|c__Bacteroidia|o__Bacteroidales|f__Bacteroidales_unclassified|g__Bacteroidales_unclassified|s__Bacteroidales_bacterium|t__SGB48260",0,0,NA,FALSE,FALSE,FALSE,NA,"HMP1-2 taxonomy skin"
"k__Bacteria|p__Bacteroidetes|c__Bacteroidia|o__Bacteroidales|f__Bacteroidales_unclassified|g__Bacteroidales_unclassified|s__Bacteroidales_bacterium|t__SGB2111",0,0,NA,FALSE,FALSE,FALSE,NA,"HMP1-2 taxonomy skin"
"k__Bacteria|p__Bacteroidetes|c__Bacteroidia|o__Bacteroidales|f__Bacteroidales_unclassified|g__Bacteroidales_unclassified|s__Bacteroidales_bacterium|t__SGB48242",0,0,NA,FALSE,FALSE,FALSE,NA,"HMP1-2 taxonomy skin"
"k__Bacteria|p__Firmicutes|c__Clostridia|o__Clostridiales|f__Lachnospiraceae|g__GGB3746|s__GGB3746_SGB5089|t__SGB5089",3,0.009375,4.75666570233353e-05,FALSE,FALSE,FALSE,NA,"HMP1-2 taxonomy skin"
"k__Bacteria|p__Firmicutes|c__Clostridia|o__Clostridiales|f__Lachnospiraceae|g__Lachnospira|s__Lachnospira_pectinoschiza|t__SGB5075_group",4,0.0125,0.000670700020540016,FALSE,FALSE,FALSE,NA,"HMP1-2 taxonomy skin"
"k__Bacteria|p__Firmicutes|c__Clostridia|o__Clostridia_unclassified|f__Clostridia_unclassified|g__GGB9176|s__GGB9176_SGB14114|t__SGB14114",3,0.009375,0.000431866568733361,FALSE,FALSE,FALSE,NA,"HMP1-2 taxonomy skin"
"k__Bacteria|p__Firmicutes|c__Clostridia|o__Clostridiales|f__Lachnospiraceae|g__Roseburia|s__Roseburia_intestinalis|t__SGB4951",10,0.03125,0.00538715105606037,FALSE,TRUE,FALSE,NA,"HMP1-2 taxonomy skin"
"k__Bacteria|p__Bacteroidetes|c__Bacteroidia|o__Bacteroidales|f__Bacteroidales_unclassified|g__Bacteroidales_unclassified|s__Bacteroidales_bacterium|t__SGB2103",0,0,NA,FALSE,FALSE,FALSE,NA,"HMP1-2 taxonomy skin"
"k__Bacteria|p__Bacteroidetes|c__Bacteroidia|o__Bacteroidales|f__Bacteroidales_unclassified|g__GGB1548|s__GGB1548_SGB2132|t__SGB2132",0,0,NA,FALSE,FALSE,FALSE,NA,"HMP1-2 taxonomy skin"
"k__Bacteria|p__Bacteroidetes|c__CFGB640|o__OFGB640|f__FGB640|g__GGB1566|s__GGB1566_SGB2153|t__SGB2153",0,0,NA,FALSE,FALSE,FALSE,NA,"HMP1-2 taxonomy skin"
"k__Bacteria|p__Bacteroidetes|c__Bacteroidia|o__Bacteroidales|f__Bacteroidales_unclassified|g__Bacteroidales_unclassified|s__Bacteroidales_bacterium|t__SGB2122",0,0,NA,FALSE,FALSE,FALSE,NA,"HMP1-2 taxonomy skin"
"k__Bacteria|p__Firmicutes|c__Bacilli|o__Bacilli_unclassified|f__Bacilli_unclassified|g__Bacilli_unclassified|s__Bacilli_unclassified_SGB6473|t__SGB6473",2,0.00625,0.00473055141884043,FALSE,TRUE,FALSE,NA,"HMP1-2 taxonomy skin"
"k__Bacteria|p__Bacteroidetes|c__Bacteroidia|o__Bacteroidales|f__Bacteroidales_unclassified|g__GGB1573|s__GGB1573_SGB2160|t__SGB2160",0,0,NA,FALSE,FALSE,FALSE,NA,"HMP1-2 taxonomy skin"
"k__Bacteria|p__Firmicutes|c__Clostridia|o__Clostridiales|f__Ruminococcaceae|g__Faecalibacterium|s__Faecalibacterium_prausnitzii|t__SGB15322",1,0.003125,4.82999903400019e-05,FALSE,FALSE,FALSE,NA,"HMP1-2 taxonomy skin"
"k__Bacteria|p__Bacteroidetes|c__Bacteroidia|o__Bacteroidales|f__Odoribacteraceae|g__Butyricimonas|s__Butyricimonas_paravirosa|t__SGB1785",1,0.003125,1.05999978800004e-05,FALSE,FALSE,FALSE,NA,"HMP1-2 taxonomy skin"
"k__Bacteria|p__Firmicutes|c__Clostridia|o__Clostridiales|f__Ruminococcaceae|g__Faecalibacterium|s__Faecalibacterium_prausnitzii|t__SGB15332_group",13,0.040625,0.00232298513382328,FALSE,TRUE,FALSE,NA,"HMP1-2 taxonomy skin"
"k__Bacteria|p__Firmicutes|c__CFGB1677|o__OFGB1677|f__FGB1677|g__GGB4197|s__GGB4197_SGB5684|t__SGB5684",0,0,NA,FALSE,FALSE,FALSE,NA,"HMP1-2 taxonomy skin"
"k__Bacteria|p__Firmicutes|c__Bacilli|o__Bacilli_unclassified|f__Bacilli_unclassified|g__Bacilli_unclassified|s__Bacilli_unclassified_SGB6540|t__SGB6540",0,0,NA,FALSE,FALSE,FALSE,NA,"HMP1-2 taxonomy skin"
"k__Bacteria|p__Bacteroidetes|c__Bacteroidia|o__Bacteroidales|f__Odoribacteraceae|g__Odoribacter|s__Odoribacter_splanchnicus|t__SGB1790",13,0.040625,0.00286078548515505,FALSE,TRUE,FALSE,NA,"HMP1-2 taxonomy skin"
"k__Bacteria|p__Firmicutes|c__Firmicutes_unclassified|o__Firmicutes_unclassified|f__Firmicutes_unclassified|g__Firmicutes_unclassified|s__Firmicutes_bacterium_AF16_15|t__SGB4993",8,0.025,0.000776925214186355,FALSE,FALSE,FALSE,NA,"HMP1-2 taxonomy skin"
"k__Bacteria|p__Firmicutes|c__Clostridia|o__Clostridiales|f__Clostridiales_unclassified|g__Clostridiales_unclassified|s__Clostridiales_bacterium_KLE1615|t__SGB5090_group",5,0.015625,0.000270440062926034,FALSE,FALSE,FALSE,NA,"HMP1-2 taxonomy skin"
"k__Bacteria|p__Bacteroidetes|c__Bacteroidia|o__Bacteroidales|f__Rikenellaceae|g__Alistipes|s__Alistipes_communis|t__SGB2290",12,0.0375,0.00300314963304185,FALSE,TRUE,FALSE,NA,"HMP1-2 taxonomy skin"
"k__Bacteria|p__Bacteroidetes|c__Bacteroidia|o__Bacteroidales|f__Bacteroidales_unclassified|g__Bacteroidales_unclassified|s__Bacteroidales_bacterium|t__SGB2133",0,0,NA,FALSE,FALSE,FALSE,NA,"HMP1-2 taxonomy skin"
"k__Bacteria|p__Bacteroidetes|c__Bacteroidia|o__Bacteroidales|f__Bacteroidales_unclassified|g__Bacteroidales_unclassified|s__Bacteroidales_bacterium|t__SGB2128",0,0,NA,FALSE,FALSE,FALSE,NA,"HMP1-2 taxonomy skin"
"k__Bacteria|p__Firmicutes|c__Clostridia|o__Clostridia_unclassified|f__Clostridia_unclassified|g__Clostridia_unclassified|s__Clostridia_bacterium|t__SGB13981",1,0.003125,2.02999959400008e-05,FALSE,FALSE,FALSE,NA,"HMP1-2 taxonomy skin"
"k__Bacteria|p__Firmicutes|c__Clostridia|o__Clostridia_unclassified|f__Clostridia_unclassified|g__Clostridia_unclassified|s__Clostridia_bacterium|t__SGB5184",0,0,NA,FALSE,FALSE,FALSE,NA,"HMP1-2 taxonomy skin"
"k__Bacteria|p__Bacteroidetes|c__CFGB636|o__OFGB636|f__FGB636|g__GGB1554|s__GGB1554_SGB2141|t__SGB2141",0,0,NA,FALSE,FALSE,FALSE,NA,"HMP1-2 taxonomy skin"
"k__Bacteria|p__Bacteroidetes|c__Bacteroidia|o__Bacteroidales|f__Bacteroidales_unclassified|g__Bacteroidales_unclassified|s__Bacteroidales_bacterium|t__SGB2124",0,0,NA,FALSE,FALSE,FALSE,NA,"HMP1-2 taxonomy skin"
"k__Bacteria|p__Firmicutes|c__Clostridia|o__Clostridia_unclassified|f__Clostridia_unclassified|g__Clostridia_unclassified|s__Clostridia_unclassified_SGB4367|t__SGB4367",2,0.00625,0.000714100235335079,FALSE,FALSE,FALSE,NA,"HMP1-2 taxonomy skin"
"k__Bacteria|p__Bacteroidetes|c__Bacteroidia|o__Bacteroidales|f__Rikenellaceae|g__Alistipes|s__Alistipes_ihumii|t__SGB2328",2,0.00625,0.00122195050560021,FALSE,TRUE,FALSE,NA,"HMP1-2 taxonomy skin"
"k__Bacteria|p__Proteobacteria|c__Alphaproteobacteria|o__Alphaproteobacteria_unclassified|f__Alphaproteobacteria_unclassified|g__Alphaproteobacteria_unclassified|s__Alphaproteobacteria_bacterium|t__SGB9305",0,0,NA,FALSE,FALSE,FALSE,NA,"HMP1-2 taxonomy skin"
"k__Bacteria|p__Firmicutes|c__Clostridia|o__Clostridiales|f__Clostridiales_unclassified|g__Clostridiales_unclassified|s__Clostridiales_bacterium|t__SGB15143",4,0.0125,0.00128420010773014,FALSE,TRUE,FALSE,NA,"HMP1-2 taxonomy skin"
"k__Bacteria|p__Verrucomicrobia|c__Verrucomicrobiae|o__Verrucomicrobiales|f__Akkermansiaceae|g__Akkermansia|s__Akkermansia_muciniphila|t__SGB9226",5,0.015625,0.00332171999311832,FALSE,TRUE,FALSE,NA,"HMP1-2 taxonomy skin"
"k__Bacteria|p__Firmicutes|c__Clostridia|o__Clostridiales|f__Lachnospiraceae|g__Anaerotignum|s__Anaerotignum_faecicola|t__SGB5190",1,0.003125,4.79999904000019e-06,FALSE,FALSE,FALSE,NA,"HMP1-2 taxonomy skin"
"k__Bacteria|p__Firmicutes|c__Clostridia|o__Clostridiales|f__Ruminococcaceae|g__GGB9707|s__GGB9707_SGB15229|t__SGB15229",0,0,NA,FALSE,FALSE,FALSE,NA,"HMP1-2 taxonomy skin"
"k__Bacteria|p__Firmicutes|c__Clostridia|o__Clostridiales|f__Lachnospiraceae|g__Lachnospiraceae_unclassified|s__Eubacterium_rectale|t__SGB4933_group",18,0.05625,0.00683250037242373,FALSE,TRUE,FALSE,NA,"HMP1-2 taxonomy skin"
"k__Bacteria|p__Firmicutes|c__Clostridia|o__Clostridiales|f__Lachnospiraceae|g__Coprococcus|s__Coprococcus_eutactus|t__SGB5117",5,0.015625,0.00100534015244414,FALSE,TRUE,FALSE,NA,"HMP1-2 taxonomy skin"
"k__Bacteria|p__Firmicutes|c__Clostridia|o__Clostridia_unclassified|f__Clostridia_unclassified|g__Clostridia_unclassified|s__Clostridia_bacterium|t__SGB3952",0,0,NA,FALSE,FALSE,FALSE,NA,"HMP1-2 taxonomy skin"
"k__Bacteria|p__Firmicutes|c__Clostridia|o__Clostridiales|f__Lachnospiraceae|g__Lachnospiraceae_unclassified|s__Lachnospiraceae_bacterium|t__SGB4963",0,0,NA,FALSE,FALSE,FALSE,NA,"HMP1-2 taxonomy skin"
"k__Bacteria|p__Firmicutes|c__Clostridia|o__Clostridiales|f__Lachnospiraceae|g__Roseburia|s__Roseburia_hominis|t__SGB4936",3,0.009375,0.000569300167763395,FALSE,FALSE,FALSE,NA,"HMP1-2 taxonomy skin"
"k__Bacteria|p__Firmicutes|c__Clostridia|o__Clostridiales|f__Ruminococcaceae|g__GGB9635|s__GGB9635_SGB15103|t__SGB15103",0,0,NA,FALSE,FALSE,FALSE,NA,"HMP1-2 taxonomy skin"
"k__Bacteria|p__Bacteroidetes|c__Bacteroidia|o__Bacteroidales|f__Bacteroidaceae|g__Bacteroides|s__Bacteroides_fragilis|t__SGB1855_group",9,0.028125,0.00602665535904726,FALSE,TRUE,FALSE,NA,"HMP1-2 taxonomy skin"
"k__Bacteria|p__Firmicutes|c__Clostridia|o__Clostridiales|f__Ruminococcaceae|g__GGB9615|s__GGB9615_SGB15053|t__SGB15053_group",10,0.03125,0.00176587048596318,FALSE,TRUE,FALSE,NA,"HMP1-2 taxonomy skin"
"k__Bacteria|p__Firmicutes|c__Clostridia|o__Clostridia_unclassified|f__Clostridia_unclassified|g__Clostridia_unclassified|s__Clostridia_bacterium|t__SGB14182",0,0,NA,FALSE,FALSE,FALSE,NA,"HMP1-2 taxonomy skin"
"k__Bacteria|p__Firmicutes|c__Clostridia|o__Clostridia_unclassified|f__Clostridia_unclassified|g__Candidatus_Heteroclostridium|s__Candidatus_Heteroclostridium_caecigallinarum|t__SGB61601",0,0,NA,FALSE,FALSE,FALSE,NA,"HMP1-2 taxonomy skin"
"k__Bacteria|p__Firmicutes|c__Clostridia|o__Clostridiales|f__Lachnospiraceae|g__Lachnospiraceae_unclassified|s__Lachnospiraceae_bacterium|t__SGB4638",0,0,NA,FALSE,FALSE,FALSE,NA,"HMP1-2 taxonomy skin"
"k__Bacteria|p__Firmicutes|c__Clostridia|o__Clostridiales|f__Oscillospiraceae|g__Dysosmobacter|s__Dysosmobacter_welbionis|t__SGB15078",8,0.025,0.00258517549265267,FALSE,TRUE,FALSE,NA,"HMP1-2 taxonomy skin"
"k__Bacteria|p__Firmicutes|c__Clostridia|o__Clostridiales|f__Ruminococcaceae|g__Gemmiger|s__Gemmiger_formicilis|t__SGB15300",7,0.021875,0.00340172937335317,FALSE,TRUE,FALSE,NA,"HMP1-2 taxonomy skin"
"k__Bacteria|p__Firmicutes|c__Bacilli|o__Bacilli_unclassified|f__Bacilli_unclassified|g__Bacilli_unclassified|s__Bacilli_bacterium|t__SGB6447",0,0,NA,FALSE,FALSE,FALSE,NA,"HMP1-2 taxonomy skin"
"k__Bacteria|p__Bacteroidetes|c__Bacteroidia|o__Bacteroidales|f__Bacteroidales_unclassified|g__Bacteroidales_unclassified|s__Bacteroidales_bacterium|t__SGB2127",0,0,NA,FALSE,FALSE,FALSE,NA,"HMP1-2 taxonomy skin"
"k__Bacteria|p__Firmicutes|c__Clostridia|o__Clostridia_unclassified|f__Clostridia_unclassified|g__Clostridia_unclassified|s__Clostridia_bacterium|t__SGB47298",0,0,NA,FALSE,FALSE,FALSE,NA,"HMP1-2 taxonomy skin"
"k__Bacteria|p__Firmicutes|c__Clostridia|o__Clostridiales|f__Eubacteriaceae|g__Eubacterium|s__Eubacterium_ventriosum|t__SGB5045",3,0.009375,0.00229316769629384,FALSE,TRUE,FALSE,NA,"HMP1-2 taxonomy skin"
"k__Bacteria|p__Firmicutes|c__Clostridia|o__Clostridia_unclassified|f__Clostridia_unclassified|g__Clostridia_unclassified|s__Clostridia_bacterium|t__SGB15385",1,0.003125,1.9000007600003e-05,FALSE,FALSE,FALSE,NA,"HMP1-2 taxonomy skin"
"k__Bacteria|p__Firmicutes|c__Clostridia|o__Clostridia_unclassified|f__Clostridia_unclassified|g__Clostridia_unclassified|s__Clostridia_bacterium|t__SGB14311",1,0.003125,1.38999972200005e-05,FALSE,FALSE,FALSE,NA,"HMP1-2 taxonomy skin"
"k__Bacteria|p__Firmicutes|c__Clostridia|o__Clostridia_unclassified|f__Clostridia_unclassified|g__Clostridia_unclassified|s__Clostridia_bacterium|t__SGB14259",0,0,NA,FALSE,FALSE,FALSE,NA,"HMP1-2 taxonomy skin"
"k__Bacteria|p__Firmicutes|c__Clostridia|o__Clostridia_unclassified|f__Clostridia_unclassified|g__Clostridia_unclassified|s__Clostridia_bacterium|t__SGB14042",2,0.00625,0.000133299971480007,FALSE,FALSE,FALSE,NA,"HMP1-2 taxonomy skin"
"k__Bacteria|p__Candidatus_Melainabacteria|c__Candidatus_Melainabacteria_unclassified|o__Candidatus_Gastranaerophilales|f__Candidatus_Gastranaerophilales_unclassified|g__GGB6007|s__GGB6007_SGB8633|t__SGB8633",1,0.003125,0.00426090213045107,FALSE,TRUE,FALSE,NA,"HMP1-2 taxonomy skin"
"k__Bacteria|p__Firmicutes|c__Clostridia|o__Clostridiales|f__Ruminococcaceae|g__Ruminococcus|s__Ruminococcus_sp_NSJ_71|t__SGB4290",7,0.021875,0.000538842876308585,FALSE,FALSE,FALSE,NA,"HMP1-2 taxonomy skin"
"k__Bacteria|p__Firmicutes|c__CFGB2897|o__OFGB2897|f__FGB2897|g__GGB9209|s__GGB9209_SGB14148|t__SGB14148",0,0,NA,FALSE,FALSE,FALSE,NA,"HMP1-2 taxonomy skin"
"k__Bacteria|p__Firmicutes|c__Clostridia|o__Clostridia_unclassified|f__Clostridia_unclassified|g__Clostridia_unclassified|s__Clostridia_bacterium|t__SGB14150",0,0,NA,FALSE,FALSE,FALSE,NA,"HMP1-2 taxonomy skin"
"k__Bacteria|p__Firmicutes|c__Clostridia|o__Clostridiales|f__Lachnospiraceae|g__Lachnospiraceae_unclassified|s__Lachnospiraceae_bacterium|t__SGB4767",3,0.009375,0.000714733553273423,FALSE,FALSE,FALSE,NA,"HMP1-2 taxonomy skin"
"k__Bacteria|p__Firmicutes|c__Negativicutes|o__Veillonellales|f__Veillonellaceae|g__Dialister|s__Dialister_invisus|t__SGB5825_group",14,0.04375,0.0056460515474373,FALSE,TRUE,FALSE,NA,"HMP1-2 taxonomy skin"
"k__Bacteria|p__Firmicutes|c__Clostridia|o__Clostridiales|f__Lachnospiraceae|g__Lacrimispora|s__Lacrimispora_amygdalina|t__SGB4716",2,0.00625,0.00130545015715503,FALSE,TRUE,FALSE,NA,"HMP1-2 taxonomy skin"
"k__Bacteria|p__Firmicutes|c__Clostridia|o__Clostridiales|f__Clostridiaceae|g__Clostridium|s__Clostridium_sp_AF34_10BH|t__SGB4914",12,0.0375,0.0015376003510685,FALSE,TRUE,FALSE,NA,"HMP1-2 taxonomy skin"
"k__Bacteria|p__Bacteroidetes|c__Bacteroidia|o__Bacteroidales|f__Bacteroidales_unclassified|g__Bacteroidales_unclassified|s__Bacteroidales_unclassified_SGB2164|t__SGB2164",0,0,NA,FALSE,FALSE,FALSE,NA,"HMP1-2 taxonomy skin"
"k__Bacteria|p__Actinobacteria|c__Coriobacteriia|o__Eggerthellales|f__Eggerthellaceae|g__Slackia|s__Slackia_SGB14778|t__SGB14778",0,0,NA,FALSE,FALSE,FALSE,NA,"HMP1-2 taxonomy skin"
"k__Bacteria|p__Bacteroidetes|c__Bacteroidia|o__Bacteroidales|f__Bacteroidales_unclassified|g__Bacteroidales_unclassified|s__Bacteroidales_unclassified_SGB2166|t__SGB2166",0,0,NA,FALSE,FALSE,FALSE,NA,"HMP1-2 taxonomy skin"
"k__Bacteria|p__Bacteroidetes|c__Bacteroidia|o__Bacteroidales|f__Rikenellaceae|g__Alistipes|s__Alistipes_indistinctus|t__SGB2325",3,0.009375,0.00108503367180012,FALSE,TRUE,FALSE,NA,"HMP1-2 taxonomy skin"
"k__Bacteria|p__Firmicutes|c__Clostridia|o__Clostridia_unclassified|f__Clostridia_unclassified|g__Clostridia_unclassified|s__Clostridia_bacterium|t__SGB6388",0,0,NA,FALSE,FALSE,FALSE,NA,"HMP1-2 taxonomy skin"
"k__Bacteria|p__Firmicutes|c__Clostridia|o__Clostridiales|f__Clostridiaceae|g__Clostridiaceae_unclassified|s__Clostridiaceae_bacterium|t__SGB4269",4,0.0125,0.00150885070127784,FALSE,TRUE,FALSE,NA,"HMP1-2 taxonomy skin"
"k__Bacteria|p__Firmicutes|c__Clostridia|o__Clostridiales|f__Christensenellaceae|g__Christensenellaceae_unclassified|s__Christensenellaceae_bacterium|t__SGB14123",0,0,NA,FALSE,FALSE,FALSE,NA,"HMP1-2 taxonomy skin"
"k__Bacteria|p__Firmicutes|c__Clostridia|o__Clostridia_unclassified|f__Clostridia_unclassified|g__Clostridia_unclassified|s__Clostridia_bacterium|t__SGB14937",0,0,NA,FALSE,FALSE,FALSE,NA,"HMP1-2 taxonomy skin"
"k__Bacteria|p__Firmicutes|c__Clostridia|o__Clostridiales|f__Ruminococcaceae|g__Faecalibacterium|s__Faecalibacterium_prausnitzii|t__SGB15316_group",8,0.025,0.00594442649428808,FALSE,TRUE,FALSE,NA,"HMP1-2 taxonomy skin"
"k__Bacteria|p__Proteobacteria|c__Gammaproteobacteria|o__Pasteurellales|f__Pasteurellaceae|g__Haemophilus|s__Haemophilus_parainfluenzae|t__SGB9712_group",145,0.453125,0.0128169404842668,TRUE,TRUE,TRUE,0.0874852812500214,"HMP1-2 taxonomy skin"
"k__Bacteria|p__Bacteroidetes|c__Bacteroidia|o__Bacteroidales|f__Bacteroidales_unclassified|g__Bacteroidales_unclassified|s__Bacteroidales_bacterium|t__SGB2169",0,0,NA,FALSE,FALSE,FALSE,NA,"HMP1-2 taxonomy skin"
"k__Bacteria|p__Firmicutes|c__Clostridia|o__Clostridiales|f__Eubacteriaceae|g__Eubacterium|s__Eubacterium_ramulus|t__SGB4959",2,0.00625,3.19500015000028e-05,FALSE,FALSE,FALSE,NA,"HMP1-2 taxonomy skin"
"k__Bacteria|p__Firmicutes|c__Clostridia|o__Clostridiales|f__Clostridiales_unclassified|g__Intestinimonas|s__Intestinimonas_massiliensis|t__SGB15127",0,0,NA,FALSE,FALSE,FALSE,NA,"HMP1-2 taxonomy skin"
"k__Bacteria|p__Firmicutes|c__Clostridia|o__Clostridia_unclassified|f__Clostridia_unclassified|g__GGB3005|s__GGB3005_SGB3996|t__SGB3996",1,0.003125,0.00015920007960004,FALSE,FALSE,FALSE,NA,"HMP1-2 taxonomy skin"
"k__Bacteria|p__Firmicutes|c__Clostridia|o__Clostridiales|f__Ruminococcaceae|g__Ruthenibacterium|s__Ruthenibacterium_lactatiformans|t__SGB15271",6,0.01875,0.000910950240808478,FALSE,FALSE,FALSE,NA,"HMP1-2 taxonomy skin"
"k__Bacteria|p__Firmicutes|c__Clostridia|o__Clostridiales|f__Oscillospiraceae|g__Dysosmobacter|s__Dysosmobacter_sp_NSJ_60|t__SGB15124",2,0.00625,0.000164300071010034,FALSE,FALSE,FALSE,NA,"HMP1-2 taxonomy skin"
"k__Bacteria|p__Firmicutes|c__Clostridia|o__Clostridiales|f__Ruminococcaceae|g__Ruminococcaceae_unclassified|s__Ruminococcaceae_unclassified_SGB15265|t__SGB15265_group",4,0.0125,0.000789525143747544,FALSE,FALSE,FALSE,NA,"HMP1-2 taxonomy skin"
"k__Bacteria|p__Bacteroidetes|c__Bacteroidia|o__Bacteroidales|f__Rikenellaceae|g__GGB27782|s__GGB27782_SGB40196|t__SGB40196",0,0,NA,FALSE,FALSE,FALSE,NA,"HMP1-2 taxonomy skin"
"k__Bacteria|p__Firmicutes|c__Clostridia|o__Clostridia_unclassified|f__Clostridia_unclassified|g__Clostridia_unclassified|s__Clostridia_bacterium|t__SGB14020",0,0,NA,FALSE,FALSE,FALSE,NA,"HMP1-2 taxonomy skin"
"k__Bacteria|p__Firmicutes|c__Clostridia|o__Clostridiales|f__Lachnospiraceae|g__Anaerostipes|s__Anaerostipes_hadrus|t__SGB4540_group",4,0.0125,0.000209275054277528,FALSE,FALSE,FALSE,NA,"HMP1-2 taxonomy skin"
"k__Bacteria|p__Firmicutes|c__Erysipelotrichia|o__Erysipelotrichales|f__Erysipelotrichaceae|g__Erysipelatoclostridium|s__Clostridium_saccharogumia|t__SGB6749",0,0,NA,FALSE,FALSE,FALSE,NA,"HMP1-2 taxonomy skin"
"k__Bacteria|p__Firmicutes|c__Clostridia|o__Clostridiales|f__Lachnospiraceae|g__Lachnospira|s__Lachnospira_eligens|t__SGB5082_group",9,0.028125,0.00343718928696451,FALSE,TRUE,FALSE,NA,"HMP1-2 taxonomy skin"
"k__Bacteria|p__Firmicutes|c__Clostridia|o__Clostridiales|f__Ruminococcaceae|g__Ruminococcaceae_unclassified|s__Ruminococcaceae_bacterium|t__SGB4184",0,0,NA,FALSE,FALSE,FALSE,NA,"HMP1-2 taxonomy skin"
"k__Bacteria|p__Firmicutes|c__Clostridia|o__Clostridiales|f__Clostridiaceae|g__Clostridiaceae_unclassified|s__Clostridiaceae_bacterium|t__SGB4770",2,0.00625,0.000306850114640045,FALSE,FALSE,FALSE,NA,"HMP1-2 taxonomy skin"
"k__Bacteria|p__Firmicutes|c__Clostridia|o__Clostridiales|f__Lachnospiraceae|g__Fusicatenibacter|s__Fusicatenibacter_saccharivorans|t__SGB4874",8,0.025,0.000732374998496284,FALSE,FALSE,FALSE,NA,"HMP1-2 taxonomy skin"
"k__Bacteria|p__Firmicutes|c__Clostridia|o__Clostridiales|f__Lachnospiraceae|g__Blautia|s__Blautia_faecis|t__SGB4820",4,0.0125,0.000437525117630047,FALSE,FALSE,FALSE,NA,"HMP1-2 taxonomy skin"
"k__Bacteria|p__Firmicutes|c__Clostridia|o__Clostridia_unclassified|f__Clostridia_unclassified|g__Candidatus_Pseudoscilispira|s__Candidatus_Pseudoscilispira_faecavium|t__SGB63239",0,0,NA,FALSE,FALSE,FALSE,NA,"HMP1-2 taxonomy skin"
"k__Bacteria|p__Firmicutes|c__Clostridia|o__Clostridiales|f__Eubacteriaceae|g__Eubacterium|s__Eubacterium_sp_AM28_29|t__SGB6796_group",2,0.00625,0.000283700075620038,FALSE,FALSE,FALSE,NA,"HMP1-2 taxonomy skin"
"k__Bacteria|p__Firmicutes|c__Clostridia|o__Clostridiales|f__Ruminococcaceae|g__Candidatus_Cibiobacter|s__Candidatus_Cibiobacter_qucibialis|t__SGB15286",12,0.0375,0.00402808382326267,FALSE,TRUE,FALSE,NA,"HMP1-2 taxonomy skin"
"k__Bacteria|p__Firmicutes|c__Clostridia|o__Clostridiales|f__Ruminococcaceae|g__GGB9633|s__GGB9633_SGB15091|t__SGB15091",1,0.003125,0.00150580060232024,FALSE,TRUE,FALSE,NA,"HMP1-2 taxonomy skin"
"k__Bacteria|p__Firmicutes|c__Clostridia|o__Clostridiales|f__Lachnospiraceae|g__Dorea|s__Dorea_formicigenerans|t__SGB4575",4,0.0125,0.000852925302475148,FALSE,FALSE,FALSE,NA,"HMP1-2 taxonomy skin"
"k__Bacteria|p__Firmicutes|c__Clostridia|o__Clostridia_unclassified|f__Clostridia_unclassified|g__Clostridia_unclassified|s__Clostridia_unclassified_SGB6276|t__SGB6276",3,0.009375,0.00176923315596335,FALSE,TRUE,FALSE,NA,"HMP1-2 taxonomy skin"
"k__Bacteria|p__Firmicutes|c__Bacilli|o__Lactobacillales|f__Streptococcaceae|g__Streptococcus|s__Streptococcus_parasanguinis|t__SGB8071",36,0.1125,0.00472439204712732,TRUE,TRUE,TRUE,0.0556762562456868,"HMP1-2 taxonomy skin"
"k__Bacteria|p__Firmicutes|c__Clostridia|o__Clostridia_unclassified|f__Clostridia_unclassified|g__Clostridia_unclassified|s__Clostridia_bacterium|t__SGB15382",0,0,NA,FALSE,FALSE,FALSE,NA,"HMP1-2 taxonomy skin"
"k__Bacteria|p__Firmicutes|c__Clostridia|o__Clostridiales|f__Ruminococcaceae|g__Pseudoruminococcus|s__Pseudoruminococcus_massiliensis|t__SGB4280",2,0.00625,3.59999928000014e-05,FALSE,FALSE,FALSE,NA,"HMP1-2 taxonomy skin"
"k__Bacteria|p__Firmicutes|c__Clostridia|o__Clostridiales|f__Ruminococcaceae|g__Ruminococcaceae_unclassified|s__Ruminococcaceae_unclassified_SGB15236|t__SGB15236",1,0.003125,3.69999926000014e-05,FALSE,FALSE,FALSE,NA,"HMP1-2 taxonomy skin"
"k__Bacteria|p__Firmicutes|c__Clostridia|o__Clostridiales|f__Ruminococcaceae|g__Faecalibacterium|s__Faecalibacterium_prausnitzii|t__SGB15342",10,0.03125,0.00621357964509927,FALSE,TRUE,FALSE,NA,"HMP1-2 taxonomy skin"
"k__Bacteria|p__Firmicutes|c__Clostridia|o__Clostridia_unclassified|f__Clostridia_unclassified|g__Clostridia_unclassified|s__Clostridia_bacterium|t__SGB6320",0,0,NA,FALSE,FALSE,FALSE,NA,"HMP1-2 taxonomy skin"
"k__Bacteria|p__Firmicutes|c__Clostridia|o__Clostridiales|f__Lachnospiraceae|g__Lachnospiraceae_unclassified|s__Lachnospiraceae_bacterium|t__SGB4706",1,0.003125,0.000116100046440019,FALSE,FALSE,FALSE,NA,"HMP1-2 taxonomy skin"
"k__Bacteria|p__Firmicutes|c__Clostridia|o__Clostridia_unclassified|f__Clostridia_unclassified|g__Candidatus_Woodwardibium|s__Candidatus_Woodwardibium_gallinarum|t__SGB14953",0,0,NA,FALSE,FALSE,FALSE,NA,"HMP1-2 taxonomy skin"
"k__Bacteria|p__Firmicutes|c__CFGB9830|o__OFGB9830|f__FGB9830|g__GGB29535|s__GGB29535_SGB42321|t__SGB42321",0,0,NA,FALSE,FALSE,FALSE,NA,"HMP1-2 taxonomy skin"
"k__Bacteria|p__Bacteroidetes|c__Bacteroidia|o__Bacteroidales|f__Bacteroidales_unclassified|g__GGB1530|s__GGB1530_SGB2113|t__SGB2113",0,0,NA,FALSE,FALSE,FALSE,NA,"HMP1-2 taxonomy skin"
"k__Bacteria|p__Firmicutes|c__Clostridia|o__Clostridiales|f__Ruminococcaceae|g__GGB9730|s__GGB9730_SGB15291|t__SGB15291",1,0.003125,8.70000348000139e-06,FALSE,FALSE,FALSE,NA,"HMP1-2 taxonomy skin"
"k__Bacteria|p__Firmicutes|c__Clostridia|o__Clostridia_unclassified|f__Clostridia_unclassified|g__Clostridia_unclassified|s__Clostridia_bacterium|t__SGB14048",0,0,NA,FALSE,FALSE,FALSE,NA,"HMP1-2 taxonomy skin"
"k__Bacteria|p__Firmicutes|c__Negativicutes|o__Veillonellales|f__Veillonellaceae|g__Veillonella|s__Veillonella_atypica|t__SGB6936",13,0.040625,0.00989696213366008,FALSE,TRUE,FALSE,NA,"HMP1-2 taxonomy skin"
"k__Bacteria|p__Firmicutes|c__Clostridia|o__Clostridiales|f__Lachnospiraceae|g__Lachnospiraceae_unclassified|s__Lachnospiraceae_bacterium_WCA3_601_WT_6H|t__SGB4910",2,0.00625,0.000493000046820019,FALSE,FALSE,FALSE,NA,"HMP1-2 taxonomy skin"
"k__Bacteria|p__Firmicutes|c__Clostridia|o__Clostridiales|f__Ruminococcaceae|g__GGB9634|s__GGB9634_SGB15095|t__SGB15095_group",0,0,NA,FALSE,FALSE,FALSE,NA,"HMP1-2 taxonomy skin"
"k__Bacteria|p__Firmicutes|c__Erysipelotrichia|o__Erysipelotrichales|f__Erysipelotrichaceae|g__Catenibacterium|s__Catenibacterium_sp_AM22_15|t__SGB6783_group",2,0.00625,0.000328000112360049,FALSE,FALSE,FALSE,NA,"HMP1-2 taxonomy skin"
"k__Bacteria|p__Firmicutes|c__Clostridia|o__Clostridiales|f__Ruminococcaceae|g__Agathobaculum|s__Agathobaculum_butyriciproducens|t__SGB14993_group",5,0.015625,0.000558700268028132,FALSE,FALSE,FALSE,NA,"HMP1-2 taxonomy skin"
"k__Bacteria|p__Firmicutes|c__Negativicutes|o__Veillonellales|f__Veillonellaceae|g__Veillonella|s__Veillonella_dispar|t__SGB6952",37,0.115625,0.00881782181355032,TRUE,TRUE,TRUE,0.0763857901182617,"HMP1-2 taxonomy skin"
"k__Bacteria|p__Firmicutes|c__Clostridia|o__Clostridiales|f__Lachnospiraceae|g__Blautia|s__Blautia_obeum|t__SGB4811_group",5,0.015625,0.000370300018136015,FALSE,FALSE,FALSE,NA,"HMP1-2 taxonomy skin"
"k__Bacteria|p__Firmicutes|c__Clostridia|o__Clostridiales|f__Clostridiales_unclassified|g__Intestinimonas|s__Intestinimonas_gabonensis|t__SGB79840",0,0,NA,FALSE,FALSE,FALSE,NA,"HMP1-2 taxonomy skin"
"k__Bacteria|p__Firmicutes|c__Clostridia|o__Clostridia_unclassified|f__Clostridia_unclassified|g__Candidatus_Geddesella|s__Candidatus_Geddesella_stercoravicola|t__SGB14262",0,0,NA,FALSE,FALSE,FALSE,NA,"HMP1-2 taxonomy skin"
"k__Bacteria|p__Firmicutes|c__Clostridia|o__Clostridiales|f__Lachnospiraceae|g__Lachnospiraceae_unclassified|s__Lachnospiraceae_bacterium|t__SGB4780",2,0.00625,0.00032465011837005,FALSE,FALSE,FALSE,NA,"HMP1-2 taxonomy skin"
"k__Bacteria|p__Firmicutes|c__Clostridia|o__Clostridia_unclassified|f__Clostridia_unclassified|g__Clostridia_unclassified|s__Clostridia_bacterium|t__SGB54299",0,0,NA,FALSE,FALSE,FALSE,NA,"HMP1-2 taxonomy skin"
"k__Bacteria|p__Firmicutes|c__Clostridia|o__Clostridia_unclassified|f__Clostridia_unclassified|g__GGB9532|s__GGB9532_SGB14933|t__SGB14933",0,0,NA,FALSE,FALSE,FALSE,NA,"HMP1-2 taxonomy skin"
"k__Bacteria|p__Firmicutes|c__Clostridia|o__Clostridiales|f__Lachnospiraceae|g__Blautia|s__Blautia_wexlerae|t__SGB4837_group",8,0.025,0.000379687553093785,FALSE,FALSE,FALSE,NA,"HMP1-2 taxonomy skin"
"k__Bacteria|p__Firmicutes|c__Negativicutes|o__Veillonellales|f__Veillonellaceae|g__Veillonella|s__Veillonella_parvula|t__SGB6939",53,0.165625,0.00368642448073903,TRUE,TRUE,TRUE,0.0474775782146859,"HMP1-2 taxonomy skin"
"k__Bacteria|p__Firmicutes|c__Clostridia|o__Clostridia_unclassified|f__Clostridia_unclassified|g__Clostridia_unclassified|s__Clostridia_bacterium|t__SGB4314",0,0,NA,FALSE,FALSE,FALSE,NA,"HMP1-2 taxonomy skin"
"k__Bacteria|p__Bacteroidetes|c__Bacteroidia|o__Bacteroidales|f__Bacteroidaceae|g__Bacteroides|s__Bacteroides_intestinalis|t__SGB1846",4,0.0125,0.00753699962917513,FALSE,TRUE,FALSE,NA,"HMP1-2 taxonomy skin"
"k__Bacteria|p__Candidatus_Melainabacteria|c__Candidatus_Melainabacteria_unclassified|o__Candidatus_Gastranaerophilales|f__Candidatus_Gastranaerophilales_unclassified|g__GGB6016|s__GGB6016_SGB8648|t__SGB8648",2,0.00625,3.17500013350003e-05,FALSE,FALSE,FALSE,NA,"HMP1-2 taxonomy skin"
"k__Bacteria|p__Firmicutes|c__Clostridia|o__Clostridiales|f__Clostridiales_unclassified|g__Intestinimonas|s__Intestinimonas_butyriciproducens|t__SGB15126",0,0,NA,FALSE,FALSE,FALSE,NA,"HMP1-2 taxonomy skin"
"k__Bacteria|p__Firmicutes|c__Clostridia|o__Clostridiales|f__Clostridiaceae|g__Clostridiaceae_unclassified|s__Clostridiaceae_bacterium_NSJ_31|t__SGB14839",0,0,NA,FALSE,FALSE,FALSE,NA,"HMP1-2 taxonomy skin"
"k__Bacteria|p__Firmicutes|c__CFGB1302|o__OFGB1302|f__FGB1302|g__GGB3123|s__GGB3123_SGB4135|t__SGB4135",0,0,NA,FALSE,FALSE,FALSE,NA,"HMP1-2 taxonomy skin"
"k__Bacteria|p__Firmicutes|c__Firmicutes_unclassified|o__Firmicutes_unclassified|f__Firmicutes_unclassified|g__Firmicutes_unclassified|s__Firmicutes_bacterium|t__SGB49188",0,0,NA,FALSE,FALSE,FALSE,NA,"HMP1-2 taxonomy skin"
"k__Bacteria|p__Firmicutes|c__Clostridia|o__Clostridia_unclassified|f__Clostridia_unclassified|g__Clostridia_unclassified|s__Clostridia_bacterium|t__SGB6334",0,0,NA,FALSE,FALSE,FALSE,NA,"HMP1-2 taxonomy skin"
"k__Bacteria|p__Firmicutes|c__Clostridia|o__Clostridiales|f__Lachnospiraceae|g__Lachnospiraceae_unclassified|s__Lachnospiraceae_bacterium|t__SGB4782",1,0.003125,1.47999970400006e-05,FALSE,FALSE,FALSE,NA,"HMP1-2 taxonomy skin"
"k__Bacteria|p__Firmicutes|c__Clostridia|o__Clostridiales|f__Clostridiaceae|g__Clostridium|s__Clostridium_sp_AM49_4BH|t__SGB4652",7,0.021875,0.000497128618282867,FALSE,FALSE,FALSE,NA,"HMP1-2 taxonomy skin"
"k__Bacteria|p__Bacteria_unclassified|c__Bacteria_unclassified|o__Bacteria_unclassified|f__Bacteria_unclassified|g__Bacteria_unclassified|s__bacterium_0_1xD8_71|t__SGB29428",0,0,NA,FALSE,FALSE,FALSE,NA,"HMP1-2 taxonomy skin"
"k__Bacteria|p__Firmicutes|c__Erysipelotrichia|o__Erysipelotrichales|f__Erysipelotrichaceae|g__Dielma|s__Dielma_fastidiosa|t__SGB4031",1,0.003125,2.40000096000038e-05,FALSE,FALSE,FALSE,NA,"HMP1-2 taxonomy skin"
"k__Bacteria|p__Bacteroidetes|c__Bacteroidia|o__Bacteroidales|f__Rikenellaceae|g__Alistipes|s__Alistipes_inops|t__SGB2286",4,0.0125,0.011235377345061,FALSE,TRUE,FALSE,NA,"HMP1-2 taxonomy skin"
"k__Bacteria|p__Firmicutes|c__Clostridia|o__Clostridiales|f__Clostridiales_unclassified|g__Clostridiales_unclassified|s__Clostridiales_bacterium|t__SGB59899",0,0,NA,FALSE,FALSE,FALSE,NA,"HMP1-2 taxonomy skin"
"k__Bacteria|p__Firmicutes|c__Clostridia|o__Clostridiales|f__Ruminococcaceae|g__Faecalibacterium|s__Faecalibacterium_prausnitzii|t__SGB15318_group",6,0.01875,0.00573726923757627,FALSE,TRUE,FALSE,NA,"HMP1-2 taxonomy skin"
"k__Bacteria|p__Firmicutes|c__Clostridia|o__Clostridiales|f__Christensenellaceae|g__Christensenellaceae_unclassified|s__Christensenellaceae_bacterium|t__SGB3813",0,0,NA,FALSE,FALSE,FALSE,NA,"HMP1-2 taxonomy skin"
"k__Bacteria|p__Firmicutes|c__Clostridia|o__Clostridiales|f__Lachnospiraceae|g__Lachnospiraceae_unclassified|s__Lachnospiraceae_bacterium|t__SGB5060",0,0,NA,FALSE,FALSE,FALSE,NA,"HMP1-2 taxonomy skin"
"k__Bacteria|p__Firmicutes|c__Bacilli|o__Lactobacillales|f__Streptococcaceae|g__Streptococcus|s__Streptococcus_salivarius|t__SGB8007_group",50,0.15625,0.00513640436345348,TRUE,TRUE,TRUE,0.0586671574650618,"HMP1-2 taxonomy skin"
"k__Bacteria|p__Actinobacteria|c__Actinobacteria|o__Micrococcales|f__Micrococcaceae|g__Rothia|s__Rothia_mucilaginosa|t__SGB16971",70,0.21875,0.00594368037710594,TRUE,TRUE,TRUE,0.0637570820915975,"HMP1-2 taxonomy skin"
"k__Bacteria|p__Bacteroidetes|c__Bacteroidia|o__Bacteroidales|f__Prevotellaceae|g__Prevotella|s__Prevotella_melaninogenica|t__SGB1552",34,0.10625,0.0111103679391678,TRUE,TRUE,TRUE,0.0860885864517298,"HMP1-2 taxonomy skin"
"k__Bacteria|p__Actinobacteria|c__Actinobacteria|o__Actinomycetales|f__Actinomycetaceae|g__Actinomyces|s__Actinomyces_sp_ICM47|t__SGB17167",33,0.103125,0.0115675061534071,TRUE,TRUE,TRUE,0.0942874152687034,"HMP1-2 taxonomy skin"
"k__Bacteria|p__Firmicutes|c__Bacilli|o__Lactobacillales|f__Streptococcaceae|g__Streptococcus|s__Streptococcus_sp_263_SSPC|t__SGB8255_group",18,0.05625,0.00284266672244445,FALSE,TRUE,FALSE,NA,"HMP1-2 taxonomy skin"
"k__Bacteria|p__Actinobacteria|c__Actinobacteria|o__Actinomycetales|f__Actinomycetaceae|g__Trueperella|s__Trueperella_pyogenes|t__SGB17137",4,0.0125,0.0007261750003375,FALSE,FALSE,FALSE,NA,"HMP1-2 taxonomy skin"
"k__Bacteria|p__Actinobacteria|c__Actinobacteria|o__Actinomycetales|f__Actinomycetaceae|g__Actinomyces|s__Actinomyces_graevenitzii|t__SGB17130",18,0.05625,0.00269225001484225,FALSE,TRUE,FALSE,NA,"HMP1-2 taxonomy skin"
"k__Bacteria|p__Firmicutes|c__Bacilli|o__Lactobacillales|f__Streptococcaceae|g__Streptococcus|s__Streptococcus_infantis|t__SGB8095",35,0.109375,0.00357206872220635,TRUE,TRUE,TRUE,0.0491964683537721,"HMP1-2 taxonomy skin"
"k__Bacteria|p__Firmicutes|c__Bacilli|o__Bacillales|f__Bacillales_unclassified|g__Gemella|s__Gemella_sanguinis|t__SGB7298",10,0.03125,0.003815280011337,FALSE,TRUE,FALSE,NA,"HMP1-2 taxonomy skin"
"k__Bacteria|p__Firmicutes|c__Negativicutes|o__Veillonellales|f__Veillonellaceae|g__Veillonella|s__Veillonella_rogosae|t__SGB6956",34,0.10625,0.0108534649857478,TRUE,TRUE,TRUE,0.0891799767971557,"HMP1-2 taxonomy skin"
"k__Bacteria|p__Bacteroidetes|c__Bacteroidia|o__Bacteroidales|f__Prevotellaceae|g__Prevotella|s__Prevotella_salivae|t__SGB1522",6,0.01875,0.0051605836665967,FALSE,TRUE,FALSE,NA,"HMP1-2 taxonomy skin"
"k__Bacteria|p__Bacteroidetes|c__Bacteroidia|o__Bacteroidales|f__Prevotellaceae|g__Prevotella|s__Prevotella_histicola|t__SGB1543",10,0.03125,0.0190568006617431,FALSE,TRUE,FALSE,NA,"HMP1-2 taxonomy skin"
"k__Bacteria|p__Firmicutes|c__Clostridia|o__Clostridiales|f__Lachnospiraceae|g__Oribacterium|s__Oribacterium_sinus|t__SGB5273",2,0.00625,0.00700990025111003,FALSE,TRUE,FALSE,NA,"HMP1-2 taxonomy skin"
"k__Bacteria|p__Proteobacteria|c__Epsilonproteobacteria|o__Campylobacterales|f__Campylobacteraceae|g__Campylobacter|s__Campylobacter_concisus|t__SGB19351",7,0.021875,0.0139694583194387,FALSE,TRUE,FALSE,NA,"HMP1-2 taxonomy skin"
"k__Bacteria|p__Bacteroidetes|c__Bacteroidia|o__Bacteroidales|f__Prevotellaceae|g__Prevotella|s__Prevotella_nanceiensis|t__SGB1536",13,0.040625,0.00206996917051002,FALSE,TRUE,FALSE,NA,"HMP1-2 taxonomy skin"
"k__Bacteria|p__Actinobacteria|c__Coriobacteriia|o__Coriobacteriales|f__Atopobiaceae|g__Lancefieldella|s__Lancefieldella_parvula|t__SGB969",5,0.015625,0.003747760049874,FALSE,TRUE,FALSE,NA,"HMP1-2 taxonomy skin"
"k__Bacteria|p__Candidatus_Saccharibacteria|c__Candidatus_Saccharibacteria_unclassified|o__Candidatus_Saccharibacteria_unclassified|f__Candidatus_Saccharibacteria_unclassified|g__Candidatus_Saccharibacteria_unclassified|s__Candidatus_Saccharibacteria_unclassified_SGB19850|t__SGB19850_group",32,0.1,0.00647521863503476,FALSE,TRUE,FALSE,NA,"HMP1-2 taxonomy skin"
"k__Bacteria|p__Firmicutes|c__Negativicutes|o__Veillonellales|f__Veillonellaceae|g__Megasphaera|s__Megasphaera_micronuciformis|t__SGB5868",5,0.015625,0.00245734006243201,FALSE,TRUE,FALSE,NA,"HMP1-2 taxonomy skin"
"k__Bacteria|p__Fusobacteria|c__Fusobacteriia|o__Fusobacteriales|f__Leptotrichiaceae|g__Leptotrichia|s__Leptotrichia_wadei|t__SGB6055",4,0.0125,0.00595500015655252,FALSE,TRUE,FALSE,NA,"HMP1-2 taxonomy skin"
"k__Bacteria|p__Fusobacteria|c__Fusobacteriia|o__Fusobacteriales|f__Fusobacteriaceae|g__Fusobacterium|s__Fusobacterium_pseudoperiodonticum|t__SGB5989",15,0.046875,0.00999829969964473,FALSE,TRUE,FALSE,NA,"HMP1-2 taxonomy skin"
"k__Bacteria|p__Actinobacteria|c__Actinobacteria|o__Actinomycetales|f__Actinomycetaceae|g__Actinomyces|s__Actinomyces_SGB17168|t__SGB17168",9,0.028125,0.00266011092122113,FALSE,TRUE,FALSE,NA,"HMP1-2 taxonomy skin"
"k__Bacteria|p__Firmicutes|c__Clostridia|o__Clostridiales|f__Lachnospiraceae|g__GGB3887|s__GGB3887_SGB5270|t__SGB5270",3,0.009375,0.0006422,FALSE,FALSE,FALSE,NA,"HMP1-2 taxonomy skin"
"k__Bacteria|p__Firmicutes|c__Erysipelotrichia|o__Erysipelotrichales|f__Erysipelotrichaceae|g__Solobacterium|s__Solobacterium_SGB6833|t__SGB6833_group",3,0.009375,0.00426916683189002,FALSE,TRUE,FALSE,NA,"HMP1-2 taxonomy skin"
"k__Bacteria|p__Firmicutes|c__Clostridia|o__Clostridiales|f__Lachnospiraceae|g__Stomatobaculum|s__Stomatobaculum_SGB5266|t__SGB5266",2,0.00625,0.00331665005488,FALSE,TRUE,FALSE,NA,"HMP1-2 taxonomy skin"
"k__Bacteria|p__Actinobacteria|c__Actinobacteria|o__Micrococcales|f__Promicromonosporaceae|g__Isoptericola|s__Isoptericola_variabilis|t__SGB17153_group",17,0.053125,0.00131461205323893,FALSE,TRUE,FALSE,NA,"HMP1-2 taxonomy skin"
"k__Bacteria|p__Bacteroidetes|c__Bacteroidia|o__Bacteroidales|f__Prevotellaceae|g__Prevotella|s__Prevotella_pallens|t__SGB1564",7,0.021875,0.00618594327833862,FALSE,TRUE,FALSE,NA,"HMP1-2 taxonomy skin"
"k__Bacteria|p__Firmicutes|c__Bacilli|o__Lactobacillales|f__Streptococcaceae|g__Streptococcus|s__Streptococcus_mitis|t__SGB8163",131,0.409375,0.00819451685013978,TRUE,TRUE,TRUE,0.070678384517849,"HMP1-2 taxonomy skin"
"k__Bacteria|p__Firmicutes|c__Bacilli|o__Lactobacillales|f__Streptococcaceae|g__Streptococcus|s__Streptococcus_sp_A12|t__SGB8059_group",33,0.103125,0.00186692138442853,TRUE,TRUE,TRUE,0.0372968852698791,"HMP1-2 taxonomy skin"
"k__Bacteria|p__Firmicutes|c__Clostridia|o__Clostridiales|f__Lachnospiraceae|g__Lachnoanaerobaculum|s__Lachnoanaerobaculum_orale|t__SGB4482",3,0.009375,0.00858046740979674,FALSE,TRUE,FALSE,NA,"HMP1-2 taxonomy skin"
"k__Bacteria|p__Firmicutes|c__Clostridia|o__Clostridiales|f__Lachnospiraceae|g__Stomatobaculum|s__Stomatobaculum_longum|t__SGB5265",3,0.009375,0.000916366747613342,FALSE,FALSE,FALSE,NA,"HMP1-2 taxonomy skin"
"k__Bacteria|p__Proteobacteria|c__Betaproteobacteria|o__Neisseriales|f__Neisseriaceae|g__Neisseria|s__Neisseria_subflava|t__SGB9450_group",97,0.303125,0.0169220401255311,TRUE,TRUE,TRUE,0.109463598665521,"HMP1-2 taxonomy skin"
"k__Bacteria|p__Firmicutes|c__Bacilli|o__Lactobacillales|f__Streptococcaceae|g__Streptococcus|s__Streptococcus_thermophilus|t__SGB8002",21,0.065625,0.00321917610347527,FALSE,TRUE,FALSE,NA,"HMP1-2 taxonomy skin"
"k__Bacteria|p__Fusobacteria|c__Fusobacteriia|o__Fusobacteriales|f__Leptotrichiaceae|g__GGB4395|s__GGB4395_SGB6050|t__SGB6050",4,0.0125,0.00818067571647508,FALSE,TRUE,FALSE,NA,"HMP1-2 taxonomy skin"
"k__Bacteria|p__Bacteroidetes|c__Bacteroidia|o__Bacteroidales|f__Porphyromonadaceae|g__Porphyromonas|s__Porphyromonas_pasteri|t__SGB2043",57,0.178125,0.0049108140907857,TRUE,TRUE,TRUE,0.0554411438297899,"HMP1-2 taxonomy skin"
"k__Bacteria|p__Firmicutes|c__Clostridia|o__Clostridiales|f__Lachnospiraceae|g__Lachnoanaerobaculum|s__Lachnoanaerobaculum_sp_ICM7|t__SGB4494_group",3,0.009375,0.00328573358244337,FALSE,TRUE,FALSE,NA,"HMP1-2 taxonomy skin"
"k__Bacteria|p__Fusobacteria|c__Fusobacteriia|o__Fusobacteriales|f__Leptotrichiaceae|g__Leptotrichia|s__Leptotrichia_sp_oral_taxon_215|t__SGB6067",2,0.00625,0.00571690019530002,FALSE,TRUE,FALSE,NA,"HMP1-2 taxonomy skin"
"k__Bacteria|p__Actinobacteria|c__Actinobacteria|o__Actinomycetales|f__Actinomycetaceae|g__Actinomyces|s__Actinomyces_sp_S6_Spd3|t__SGB17132_group",3,0.009375,0.000732100055713339,FALSE,FALSE,FALSE,NA,"HMP1-2 taxonomy skin"
"k__Bacteria|p__Firmicutes|c__Bacilli|o__Lactobacillales|f__Streptococcaceae|g__Streptococcus|s__Streptococcus_oralis|t__SGB8130",76,0.2375,0.00350143943925837,TRUE,TRUE,TRUE,0.0444567067986271,"HMP1-2 taxonomy skin"
"k__Bacteria|p__Candidatus_Saccharibacteria|c__Candidatus_Saccharibacteria_unclassified|o__Candidatus_Saccharibacteria_unclassified|f__Candidatus_Saccharibacteria_unclassified|g__Candidatus_Saccharibacteria_unclassified|s__TM7_phylum_sp_oral_taxon_351|t__SGB76214",2,0.00625,0.000850900025820003,FALSE,FALSE,FALSE,NA,"HMP1-2 taxonomy skin"
"k__Bacteria|p__Firmicutes|c__Bacilli|o__Lactobacillales|f__Streptococcaceae|g__Streptococcus|s__Streptococcus_sanguinis|t__SGB8047",74,0.23125,0.0026592135605825,TRUE,TRUE,TRUE,0.0394386177453166,"HMP1-2 taxonomy skin"
"k__Bacteria|p__Bacteroidetes|c__Bacteroidia|o__Bacteroidales|f__Bacteroidaceae|g__Bacteroidaceae_unclassified|s__Bacteroidaceae_unclassified_SGB1468|t__SGB1468",2,0.00625,0.0094297509017101,FALSE,TRUE,FALSE,NA,"HMP1-2 taxonomy skin"
"k__Bacteria|p__Fusobacteria|c__Fusobacteriia|o__Fusobacteriales|f__Fusobacteriaceae|g__Fusobacterium|s__Fusobacterium_nucleatum|t__SGB6001",33,0.103125,0.00278706084141946,TRUE,TRUE,TRUE,0.0440114162449513,"HMP1-2 taxonomy skin"
"k__Bacteria|p__Firmicutes|c__Clostridia|o__Clostridiales|f__Lachnospiraceae|g__Oribacterium|s__Oribacterium_asaccharolyticum|t__SGB5285",2,0.00625,0.000995200071415007,FALSE,FALSE,FALSE,NA,"HMP1-2 taxonomy skin"
"k__Bacteria|p__Proteobacteria|c__Gammaproteobacteria|o__Pasteurellales|f__Pasteurellaceae|g__Haemophilus|s__Haemophilus_haemolyticus|t__SGB9649",19,0.059375,0.00329653655515424,FALSE,TRUE,FALSE,NA,"HMP1-2 taxonomy skin"
"k__Bacteria|p__Bacteroidetes|c__Flavobacteriia|o__Flavobacteriales|f__Weeksellaceae|g__GGB1843|s__GGB1843_SGB2524|t__SGB2524_group",23,0.071875,0.000866169655636123,FALSE,FALSE,FALSE,NA,"HMP1-2 taxonomy skin"
"k__Bacteria|p__Firmicutes|c__Bacilli|o__Lactobacillales|f__Streptococcaceae|g__Streptococcus|s__Streptococcus_gordonii|t__SGB8053",18,0.05625,0.00141985551700618,FALSE,TRUE,FALSE,NA,"HMP1-2 taxonomy skin"
"k__Bacteria|p__Proteobacteria|c__Betaproteobacteria|o__Neisseriales|f__Neisseriaceae|g__Kingella|s__Kingella_oralis|t__SGB9422",23,0.071875,0.00369131711785527,FALSE,TRUE,FALSE,NA,"HMP1-2 taxonomy skin"
"k__Bacteria|p__Actinobacteria|c__Actinobacteria|o__Micrococcales|f__Micrococcaceae|g__Rothia|s__Rothia_dentocariosa|t__SGB16988_group",77,0.240625,0.00406224934618551,TRUE,TRUE,TRUE,0.0518907462542194,"HMP1-2 taxonomy skin"
"k__Bacteria|p__Proteobacteria|c__Gammaproteobacteria|o__Pasteurellales|f__Pasteurellaceae|g__Haemophilus|s__Haemophilus_sputorum|t__SGB9631",10,0.03125,0.000162910009816001,FALSE,FALSE,FALSE,NA,"HMP1-2 taxonomy skin"
"k__Bacteria|p__Firmicutes|c__Bacilli|o__Lactobacillales|f__Lactobacillaceae|g__Lactobacillus|s__Lactobacillus_helveticus|t__SGB7048",0,0,NA,FALSE,FALSE,FALSE,NA,"HMP1-2 taxonomy skin"
"k__Bacteria|p__Firmicutes|c__Bacilli|o__Bacillales|f__Staphylococcaceae|g__Staphylococcus|s__Staphylococcus_aureus|t__SGB7852",60,0.1875,0.12122184830296,TRUE,TRUE,TRUE,0.240832608718067,"HMP1-2 taxonomy skin"
"k__Bacteria|p__Actinobacteria|c__Actinobacteria|o__Actinomycetales|f__Actinomycetaceae|g__Actinomyces|s__Actinomyces_SGB17154|t__SGB17154",2,0.00625,4.02500038500004e-05,FALSE,FALSE,FALSE,NA,"HMP1-2 taxonomy skin"
"k__Bacteria|p__Bacteroidetes|c__Flavobacteriia|o__Flavobacteriales|f__Flavobacteriaceae|g__Capnocytophaga|s__Capnocytophaga_SGB2480|t__SGB2480",4,0.0125,0.00216275021804509,FALSE,TRUE,FALSE,NA,"HMP1-2 taxonomy skin"
"k__Bacteria|p__Bacteroidetes|c__Bacteroidia|o__Bacteroidales|f__Prevotellaceae|g__Prevotella|s__Prevotella_nigrescens|t__SGB1561",4,0.0125,0.000119350013402507,FALSE,FALSE,FALSE,NA,"HMP1-2 taxonomy skin"
"k__Bacteria|p__Firmicutes|c__Bacilli|o__Bacillales|f__Bacillales_unclassified|g__Gemella|s__Gemella_haemolysans|t__SGB7285",23,0.071875,0.00156920009065525,FALSE,TRUE,FALSE,NA,"HMP1-2 taxonomy skin"
"k__Bacteria|p__Bacteroidetes|c__Flavobacteriia|o__Flavobacteriales|f__Flavobacteriaceae|g__Capnocytophaga|s__Capnocytophaga_leadbetteri|t__SGB2492",16,0.05,0.00166631892276257,FALSE,TRUE,FALSE,NA,"HMP1-2 taxonomy skin"
"k__Bacteria|p__Fusobacteria|c__Fusobacteriia|o__Fusobacteriales|f__Fusobacteriaceae|g__Fusobacterium|s__Fusobacterium_nucleatum|t__SGB6007",9,0.028125,0.00203852223628002,FALSE,TRUE,FALSE,NA,"HMP1-2 taxonomy skin"
"k__Bacteria|p__Candidatus_Saccharibacteria|c__Candidatus_Nanosyncoccalia|o__Candidatus_Nanogingivales|f__Candidatus_Nanogingivalaceae|g__GGB12785|s__GGB12785_SGB19823|t__SGB19823",2,0.00625,0.00660045065443507,FALSE,TRUE,FALSE,NA,"HMP1-2 taxonomy skin"
"k__Bacteria|p__Fusobacteria|c__Fusobacteriia|o__Fusobacteriales|f__Leptotrichiaceae|g__Leptotrichia|s__Leptotrichia_sp_oral_taxon_212|t__SGB6070_group",7,0.021875,0.00153187171079864,FALSE,TRUE,FALSE,NA,"HMP1-2 taxonomy skin"
"k__Bacteria|p__Firmicutes|c__Bacilli|o__Lactobacillales|f__Carnobacteriaceae|g__Granulicatella|s__Granulicatella_adiacens|t__SGB8249",13,0.040625,0.000951953841640827,FALSE,FALSE,FALSE,NA,"HMP1-2 taxonomy skin"
"k__Bacteria|p__Bacteroidetes|c__Bacteroidia|o__Bacteroidales|f__Prevotellaceae|g__Alloprevotella|s__Alloprevotella_SGB1466|t__SGB1466",17,0.053125,0.0039703412645859,FALSE,TRUE,FALSE,NA,"HMP1-2 taxonomy skin"
"k__Bacteria|p__Firmicutes|c__Bacilli|o__Lactobacillales|f__Streptococcaceae|g__Streptococcus|s__Streptococcus_peroris|t__SGB8084",1,0.003125,2.27e-05,FALSE,FALSE,FALSE,NA,"HMP1-2 taxonomy skin"
"k__Bacteria|p__Actinobacteria|c__Actinobacteria|o__Actinomycetales|f__Actinomycetaceae|g__Actinomyces|s__Actinomyces_oris|t__SGB15878",90,0.28125,0.0101472904693715,TRUE,TRUE,TRUE,0.0843585712033072,"HMP1-2 taxonomy skin"
"k__Bacteria|p__Bacteroidetes|c__Flavobacteriia|o__Flavobacteriales|f__Flavobacteriaceae|g__Capnocytophaga|s__Capnocytophaga_gingivalis|t__SGB2479",15,0.046875,0.0016555602615834,FALSE,TRUE,FALSE,NA,"HMP1-2 taxonomy skin"
"k__Bacteria|p__Fusobacteria|c__Fusobacteriia|o__Fusobacteriales|f__Fusobacteriaceae|g__Fusobacterium|s__Fusobacterium_nucleatum|t__SGB6011",6,0.01875,0.000322450001320026,FALSE,FALSE,FALSE,NA,"HMP1-2 taxonomy skin"
"k__Bacteria|p__Bacteroidetes|c__Flavobacteriia|o__Flavobacteriales|f__Flavobacteriaceae|g__Capnocytophaga|s__Capnocytophaga_sputigena|t__SGB2502_group",24,0.075,0.00076102084029881,FALSE,FALSE,FALSE,NA,"HMP1-2 taxonomy skin"
"k__Bacteria|p__Proteobacteria|c__Betaproteobacteria|o__Neisseriales|f__Neisseriaceae|g__Neisseria|s__Neisseria_sicca|t__SGB9467_group",40,0.125,0.00565180290031253,TRUE,TRUE,TRUE,0.0645469381143521,"HMP1-2 taxonomy skin"
"k__Bacteria|p__Firmicutes|c__Negativicutes|o__Selenomonadales|f__Selenomonadaceae|g__Selenomonas|s__Selenomonas_SGB5880|t__SGB5880_group",4,0.0125,0.00520920049381505,FALSE,TRUE,FALSE,NA,"HMP1-2 taxonomy skin"
"k__Bacteria|p__Proteobacteria|c__Gammaproteobacteria|o__Pasteurellales|f__Pasteurellaceae|g__Aggregatibacter|s__Aggregatibacter_sp_oral_taxon_458|t__SGB9733",5,0.015625,0.000296459962086011,FALSE,FALSE,FALSE,NA,"HMP1-2 taxonomy skin"
"k__Bacteria|p__Firmicutes|c__Bacilli|o__Lactobacillales|f__Streptococcaceae|g__Streptococcus|s__Streptococcus_cristatus|t__SGB8031",5,0.015625,0.000333080062080014,FALSE,FALSE,FALSE,NA,"HMP1-2 taxonomy skin"
"k__Bacteria|p__Actinobacteria|c__Actinobacteria|o__Micrococcales|f__Micrococcaceae|g__Rothia|s__Rothia_aeria|t__SGB16987",55,0.171875,0.00253712903712407,TRUE,TRUE,TRUE,0.0425178751424758,"HMP1-2 taxonomy skin"
"k__Bacteria|p__Firmicutes|c__Bacilli|o__Lactobacillales|f__Streptococcaceae|g__Streptococcus|s__Streptococcus_mutans|t__SGB8000",1,0.003125,0.000136500027300005,FALSE,FALSE,FALSE,NA,"HMP1-2 taxonomy skin"
"k__Bacteria|p__Bacteroidetes|c__Flavobacteriia|o__Flavobacteriales|f__Flavobacteriaceae|g__Capnocytophaga|s__Capnocytophaga_granulosa|t__SGB2483",6,0.01875,0.015933969831729,FALSE,TRUE,FALSE,NA,"HMP1-2 taxonomy skin"
"k__Bacteria|p__Proteobacteria|c__Betaproteobacteria|o__Neisseriales|f__Neisseriaceae|g__GGB6688|s__GGB6688_SGB9473|t__SGB9473",1,0.003125,3.35e-05,FALSE,FALSE,FALSE,NA,"HMP1-2 taxonomy skin"
"k__Bacteria|p__Actinobacteria|c__Actinobacteria|o__Corynebacteriales|f__Corynebacteriaceae|g__Corynebacterium|s__Corynebacterium_durum|t__SGB17008",31,0.096875,0.0017854906977827,FALSE,TRUE,FALSE,NA,"HMP1-2 taxonomy skin"
"k__Bacteria|p__Actinobacteria|c__Actinobacteria|o__Propionibacteriales|f__Propionibacteriaceae|g__GGB10022|s__GGB10022_SGB15896|t__SGB15896",32,0.1,0.00650788691107819,FALSE,TRUE,FALSE,NA,"HMP1-2 taxonomy skin"
"k__Bacteria|p__Bacteroidetes|c__Bacteroidia|o__Bacteroidales|f__Prevotellaceae|g__Prevotella|s__Prevotella_oris|t__SGB1525",4,0.0125,0.003668674995295,FALSE,TRUE,FALSE,NA,"HMP1-2 taxonomy skin"
"k__Bacteria|p__Firmicutes|c__Bacilli|o__Lactobacillales|f__Aerococcaceae|g__Abiotrophia|s__Abiotrophia_defectiva|t__SGB8235",12,0.0375,0.0029571335998476,FALSE,TRUE,FALSE,NA,"HMP1-2 taxonomy skin"
"k__Bacteria|p__Proteobacteria|c__Gammaproteobacteria|o__Pasteurellales|f__Pasteurellaceae|g__Haemophilus|s__Haemophilus_influenzae|t__SGB9648_group",10,0.03125,0.00757536039277504,FALSE,TRUE,FALSE,NA,"HMP1-2 taxonomy skin"
"k__Bacteria|p__Firmicutes|c__Bacilli|o__Lactobacillales|f__Streptococcaceae|g__Streptococcus|s__Streptococcus_intermedius|t__SGB8025",3,0.009375,0.000241733323460021,FALSE,FALSE,FALSE,NA,"HMP1-2 taxonomy skin"
"k__Bacteria|p__Proteobacteria|c__Gammaproteobacteria|o__Cardiobacteriales|f__Cardiobacteriaceae|g__Cardiobacterium|s__Cardiobacterium_hominis|t__SGB9418",23,0.071875,0.00331838680756834,FALSE,TRUE,FALSE,NA,"HMP1-2 taxonomy skin"
"k__Bacteria|p__Bacteroidetes|c__Bacteroidia|o__Bacteroidales|f__Prevotellaceae|g__Prevotella|s__Prevotella_sp_F0091|t__SGB1547",2,0.00625,1.11500009150001e-05,FALSE,FALSE,FALSE,NA,"HMP1-2 taxonomy skin"
"k__Bacteria|p__Bacteroidetes|c__Bacteroidia|o__Bacteroidales|f__Prevotellaceae|g__Alloprevotella|s__Prevotella_sp_oral_taxon_473|t__SGB1464",2,0.00625,0.00126890012689001,FALSE,TRUE,FALSE,NA,"HMP1-2 taxonomy skin"
"k__Bacteria|p__Bacteroidetes|c__CFGB524|o__OFGB524|f__FGB524|g__GGB1088|s__GGB1088_SGB1395|t__SGB1395",17,0.053125,0.0011953353175206,FALSE,TRUE,FALSE,NA,"HMP1-2 taxonomy skin"
"k__Bacteria|p__Bacteroidetes|c__Bacteroidia|o__Bacteroidales|f__Prevotellaceae|g__Prevotella|s__Prevotella_pleuritidis|t__SGB1526",2,0.00625,0.000412850119235036,FALSE,FALSE,FALSE,NA,"HMP1-2 taxonomy skin"
"k__Bacteria|p__Fusobacteria|c__Fusobacteriia|o__Fusobacteriales|f__Fusobacteriaceae|g__Fusobacterium|s__Fusobacterium_nucleatum|t__SGB6014",14,0.04375,0.0010227572271843,FALSE,TRUE,FALSE,NA,"HMP1-2 taxonomy skin"
"k__Bacteria|p__Firmicutes|c__Bacilli|o__Lactobacillales|f__Streptococcaceae|g__Streptococcus|s__Streptococcus_mitis|t__SGB8091",3,0.009375,0.0114618999414733,FALSE,TRUE,FALSE,NA,"HMP1-2 taxonomy skin"
"k__Bacteria|p__Actinobacteria|c__Coriobacteriia|o__Coriobacteriales|f__Atopobiaceae|g__Lancefieldella|s__Lancefieldella_parvula|t__SGB964",2,0.00625,1.69000049000024e-05,FALSE,FALSE,FALSE,NA,"HMP1-2 taxonomy skin"
"k__Bacteria|p__Proteobacteria|c__Betaproteobacteria|o__Burkholderiales|f__Burkholderiaceae|g__Lautropia|s__Lautropia_mirabilis|t__SGB13165",54,0.16875,0.00322165739419117,TRUE,TRUE,TRUE,0.0464215343851261,"HMP1-2 taxonomy skin"
"k__Bacteria|p__Actinobacteria|c__Actinobacteria|o__Actinomycetales|f__Actinomycetaceae|g__Actinomyces|s__Actinomyces_sp_ICM58|t__SGB17169",6,0.01875,0.00169148332629,FALSE,TRUE,FALSE,NA,"HMP1-2 taxonomy skin"
"k__Bacteria|p__Firmicutes|c__Clostridia|o__Clostridiales|f__Lachnospiraceae|g__Oribacterium|s__Oribacterium_SGB5283|t__SGB5283",1,0.003125,2.79e-05,FALSE,FALSE,FALSE,NA,"HMP1-2 taxonomy skin"
"k__Bacteria|p__Candidatus_Saccharibacteria|c__Candidatus_Saccharibacteria_unclassified|o__Candidatus_Saccharibacteria_unclassified|f__Candidatus_Saccharibacteria_unclassified|g__Candidatus_Saccharibacteria_unclassified|s__Candidatus_Saccharibacteria_unclassified_SGB19782|t__SGB19782",1,0.003125,0.0046173,FALSE,TRUE,FALSE,NA,"HMP1-2 taxonomy skin"
"k__Bacteria|p__Proteobacteria|c__Gammaproteobacteria|o__Pasteurellales|f__Pasteurellaceae|g__Haemophilus|s__Haemophilus_parahaemolyticus|t__SGB9632",6,0.01875,0.000709483345238336,FALSE,FALSE,FALSE,NA,"HMP1-2 taxonomy skin"
"k__Bacteria|p__Fusobacteria|c__Fusobacteriia|o__Fusobacteriales|f__Fusobacteriaceae|g__Fusobacterium|s__Fusobacterium_nucleatum|t__SGB6013",3,0.009375,0.000252333340280001,FALSE,FALSE,FALSE,NA,"HMP1-2 taxonomy skin"
"k__Bacteria|p__Bacteroidetes|c__Bacteroidia|o__Bacteroidales|f__Prevotellaceae|g__Prevotella|s__Prevotella_jejuni|t__SGB1545",5,0.015625,0.00447668030828203,FALSE,TRUE,FALSE,NA,"HMP1-2 taxonomy skin"
"k__Bacteria|p__Firmicutes|c__Negativicutes|o__Veillonellales|f__Veillonellaceae|g__Veillonella|s__Veillonella_tobetsuensis|t__SGB6935",2,0.00625,0.00181089987457501,FALSE,TRUE,FALSE,NA,"HMP1-2 taxonomy skin"
"k__Bacteria|p__Firmicutes|c__Bacilli|o__Lactobacillales|f__Carnobacteriaceae|g__Granulicatella|s__Granulicatella_elegans|t__SGB8245_group",21,0.065625,0.00127840953689667,FALSE,TRUE,FALSE,NA,"HMP1-2 taxonomy skin"
"k__Bacteria|p__Fusobacteria|c__Fusobacteriia|o__Fusobacteriales|f__Leptotrichiaceae|g__Leptotrichia|s__Leptotrichia_massiliensis|t__SGB6063",1,0.003125,2.11e-05,FALSE,FALSE,FALSE,NA,"HMP1-2 taxonomy skin"
"k__Bacteria|p__Firmicutes|c__Bacilli|o__Bacillales|f__Bacillales_unclassified|g__Gemella|s__Gemella_haemolysans|t__SGB7292",8,0.025,0.000947824962931267,FALSE,FALSE,FALSE,NA,"HMP1-2 taxonomy skin"
"k__Bacteria|p__Proteobacteria|c__Betaproteobacteria|o__Burkholderiales|f__Comamonadaceae|g__Curvibacter|s__Curvibacter_gracilis|t__SGB32622",0,0,NA,FALSE,FALSE,FALSE,NA,"HMP1-2 taxonomy skin"
"k__Bacteria|p__Actinobacteria|c__Actinobacteria|o__Corynebacteriales|f__Corynebacteriaceae|g__Corynebacterium|s__Corynebacterium_matruchotii|t__SGB17007",76,0.2375,0.00969501701891883,TRUE,TRUE,TRUE,0.0844873129332746,"HMP1-2 taxonomy skin"
"k__Bacteria|p__Candidatus_Gracilibacteria|c__Candidatus_Gracilibacteria_unclassified|o__Candidatus_Gracilibacteria_unclassified|f__Candidatus_Gracilibacteria_unclassified|g__Candidatus_Gracilibacteria_unclassified|s__Candidatus_Gracilibacteria_bacterium_GN02_872|t__SGB5978",2,0.00625,0.000384500113175034,FALSE,FALSE,FALSE,NA,"HMP1-2 taxonomy skin"
"k__Bacteria|p__Actinobacteria|c__Actinobacteria|o__Actinomycetales|f__Actinomycetaceae|g__Actinomyces|s__Actinomyces_naeslundii|t__SGB15888",26,0.08125,0.00139995767208928,FALSE,TRUE,FALSE,NA,"HMP1-2 taxonomy skin"
"k__Bacteria|p__Candidatus_Saccharibacteria|c__CFGB4355|o__OFGB4355|f__FGB4355|g__GGB12788|s__GGB12788_SGB19831|t__SGB19831",10,0.03125,0.0100379113780373,FALSE,TRUE,FALSE,NA,"HMP1-2 taxonomy skin"
"k__Bacteria|p__Candidatus_Absconditabacteria|c__Candidatus_Absconditabacteria_unclassified|o__Candidatus_Absconditabacteria_unclassified|f__Candidatus_Absconditabacteria_unclassified|g__Candidatus_Absconditabacteria_unclassified|s__candidate_division_SR1_bacterium_MGEHA|t__SGB6891",2,0.00625,0.00706875140798028,FALSE,TRUE,FALSE,NA,"HMP1-2 taxonomy skin"
"k__Bacteria|p__Actinobacteria|c__Actinobacteria|o__Actinomycetales|f__Actinomycetaceae|g__Actinobaculum|s__Actinobaculum_sp_oral_taxon_183|t__SGB15892",34,0.10625,0.00103603529556856,TRUE,TRUE,TRUE,0.0256407148068756,"HMP1-2 taxonomy skin"
"k__Bacteria|p__Actinobacteria|c__Actinobacteria|o__Actinomycetales|f__Actinomycetaceae|g__Actinomyces|s__Actinomyces_massiliensis|t__SGB15873",21,0.065625,0.0023798142871844,FALSE,TRUE,FALSE,NA,"HMP1-2 taxonomy skin"
"k__Bacteria|p__Bacteroidetes|c__Flavobacteriia|o__Flavobacteriales|f__Flavobacteriaceae|g__Capnocytophaga|s__Capnocytophaga_sp_oral_taxon_863|t__SGB2486",0,0,NA,FALSE,FALSE,FALSE,NA,"HMP1-2 taxonomy skin"
"k__Bacteria|p__Proteobacteria|c__Epsilonproteobacteria|o__Campylobacterales|f__Campylobacteraceae|g__Campylobacter|s__Campylobacter_gracilis|t__SGB19300",8,0.025,0.000536100063933767,FALSE,FALSE,FALSE,NA,"HMP1-2 taxonomy skin"
"k__Bacteria|p__Bacteroidetes|c__Bacteroidia|o__Bacteroidales|f__Prevotellaceae|g__Prevotella|s__Prevotella_loescheii|t__SGB1457",2,0.00625,1.37000019700004e-05,FALSE,FALSE,FALSE,NA,"HMP1-2 taxonomy skin"
"k__Bacteria|p__Actinobacteria|c__Actinobacteria|o__Propionibacteriales|f__Propionibacteriaceae|g__Arachnia|s__Arachnia_SGB15899|t__SGB15899",2,0.00625,0.011153753303646,FALSE,TRUE,FALSE,NA,"HMP1-2 taxonomy skin"
"k__Bacteria|p__Candidatus_Saccharibacteria|c__Candidatus_Saccharibacteria_unclassified|o__Candidatus_Saccharibacteria_unclassified|f__Candidatus_Saccharibacteria_unclassified|g__GGB12796|s__GGB12796_SGB19893|t__SGB19893",4,0.0125,0.00276865006178502,FALSE,TRUE,FALSE,NA,"HMP1-2 taxonomy skin"
"k__Bacteria|p__Proteobacteria|c__Betaproteobacteria|o__Neisseriales|f__Neisseriaceae|g__Eikenella|s__Eikenella_corrodens|t__SGB9434",2,0.00625,0.000146400064850032,FALSE,FALSE,FALSE,NA,"HMP1-2 taxonomy skin"
"k__Bacteria|p__Actinobacteria|c__Actinobacteria|o__Propionibacteriales|f__Propionibacteriaceae|g__Arachnia|s__Pseudopropionibacterium_massiliense|t__SGB35138",0,0,NA,FALSE,FALSE,FALSE,NA,"HMP1-2 taxonomy skin"
"k__Bacteria|p__Bacteroidetes|c__Flavobacteriia|o__Flavobacteriales|f__Flavobacteriaceae|g__GGB1832|s__GGB1832_SGB2476|t__SGB2476",0,0,NA,FALSE,FALSE,FALSE,NA,"HMP1-2 taxonomy skin"
"k__Bacteria|p__Firmicutes|c__Bacilli|o__Lactobacillales|f__Streptococcaceae|g__Streptococcus|s__Streptococcus_gordonii|t__SGB8054",2,0.00625,1.51500030500015e-05,FALSE,FALSE,FALSE,NA,"HMP1-2 taxonomy skin"
"k__Bacteria|p__Firmicutes|c__Bacilli|o__Bacillales|f__Bacillales_unclassified|g__Gemella|s__Gemella_morbillorum|t__SGB7295",4,0.0125,0.00113532521080504,FALSE,TRUE,FALSE,NA,"HMP1-2 taxonomy skin"
"k__Bacteria|p__Proteobacteria|c__Epsilonproteobacteria|o__Campylobacterales|f__Campylobacteraceae|g__Campylobacter|s__Campylobacter_SGB19317|t__SGB19317",2,0.00625,1.23000021500011e-05,FALSE,FALSE,FALSE,NA,"HMP1-2 taxonomy skin"
"k__Bacteria|p__Actinobacteria|c__Actinobacteria|o__Actinomycetales|f__Actinomycetaceae|g__Actinomyces|s__Actinomyces_timonensis|t__SGB33750",1,0.003125,3.56999964300004e-05,FALSE,FALSE,FALSE,NA,"HMP1-2 taxonomy skin"
"k__Bacteria|p__Actinobacteria|c__Actinobacteria|o__Propionibacteriales|f__Propionibacteriaceae|g__Arachnia|s__Pseudopropionibacterium_propionicum|t__SGB15897",4,0.0125,0.0026497507066677,FALSE,TRUE,FALSE,NA,"HMP1-2 taxonomy skin"
"k__Bacteria|p__Proteobacteria|c__Betaproteobacteria|o__Neisseriales|f__Neisseriaceae|g__Eikenella|s__Eikenella_halliae|t__SGB9430",1,0.003125,0.00344910068982014,FALSE,TRUE,FALSE,NA,"HMP1-2 taxonomy skin"
"k__Bacteria|p__Actinobacteria|c__Actinobacteria|o__Actinomycetales|f__Actinomycetaceae|g__Peptidiphaga|s__Peptidiphaga_gingivicola|t__SGB15894",2,0.00625,0.00758805227118068,FALSE,TRUE,FALSE,NA,"HMP1-2 taxonomy skin"
"k__Bacteria|p__Actinobacteria|c__Actinobacteria|o__Actinomycetales|f__Actinomycetaceae|g__Actinomyces|s__Actinomyces_johnsonii|t__SGB15887",2,0.00625,0.000518950117985028,FALSE,FALSE,FALSE,NA,"HMP1-2 taxonomy skin"
"k__Bacteria|p__Firmicutes|c__Clostridia|o__Clostridiales|f__Clostridiales_Family_XIII_Incertae_Sedis|g__Clostridiales_Family_XIII_Incertae_Sedis_unclassified|s__Eubacterium_brachy|t__SGB3931",4,0.0125,3.65500025750012e-05,FALSE,FALSE,FALSE,NA,"HMP1-2 taxonomy skin"
"k__Bacteria|p__Actinobacteria|c__Actinobacteria|o__Actinomycetales|f__Actinomycetaceae|g__Actinomyces|s__Actinomyces_gerencseriae|t__SGB15874",6,0.01875,0.00289839957581178,FALSE,TRUE,FALSE,NA,"HMP1-2 taxonomy skin"
"k__Bacteria|p__Firmicutes|c__Tissierellia|o__Tissierellales|f__Peptoniphilaceae|g__Parvimonas|s__Parvimonas_micra|t__SGB6653",1,0.003125,5.36e-05,FALSE,FALSE,FALSE,NA,"HMP1-2 taxonomy skin"
"k__Bacteria|p__Bacteroidetes|c__Flavobacteriia|o__Flavobacteriales|f__Flavobacteriaceae|g__Capnocytophaga|s__Capnocytophaga_ochracea|t__SGB2497",6,0.01875,0.008219384643507,FALSE,TRUE,FALSE,NA,"HMP1-2 taxonomy skin"
"k__Bacteria|p__Firmicutes|c__Negativicutes|o__Selenomonadales|f__Selenomonadaceae|g__Selenomonas|s__Selenomonas_noxia|t__SGB5884",5,0.015625,0.000841460013408007,FALSE,FALSE,FALSE,NA,"HMP1-2 taxonomy skin"
"k__Bacteria|p__Firmicutes|c__Negativicutes|o__Veillonellales|f__Veillonellaceae|g__Veillonella|s__Veillonella_sp_3627|t__SGB6934",10,0.03125,0.001641050023036,FALSE,TRUE,FALSE,NA,"HMP1-2 taxonomy skin"
"k__Bacteria|p__Firmicutes|c__Clostridia|o__Clostridiales|f__Lachnospiraceae|g__Oribacterium|s__Oribacterium_sp_oral_taxon_078|t__SGB7282",0,0,NA,FALSE,FALSE,FALSE,NA,"HMP1-2 taxonomy skin"
"k__Bacteria|p__Actinobacteria|c__Actinobacteria|o__Actinomycetales|f__Actinomycetaceae|g__Actinomyces|s__Actinomyces_sp_oral_taxon_448|t__SGB15872",6,0.01875,0.010671001615202,FALSE,TRUE,FALSE,NA,"HMP1-2 taxonomy skin"
"k__Bacteria|p__Candidatus_Saccharibacteria|c__Candidatus_Saccharimonia|o__Candidatus_Nanosynbacterales|f__Candidatus_Nanosynbacteraceae|g__Candidatus_Nanosynbacter|s__Candidatus_Nanosynbacter_lyticus|t__SGB19849",2,0.00625,1.95500018700002e-05,FALSE,FALSE,FALSE,NA,"HMP1-2 taxonomy skin"
"k__Bacteria|p__Actinobacteria|c__Actinobacteria|o__Actinomycetales|f__Actinomycetaceae|g__Schaalia|s__Schaalia_meyeri|t__SGB17150",1,0.003125,1.8e-06,FALSE,FALSE,FALSE,NA,"HMP1-2 taxonomy skin"
"k__Bacteria|p__Actinobacteria|c__Actinobacteria|o__Micrococcales|f__Kytococcaceae|g__Kytococcus|s__Kytococcus_sedentarius|t__SGB17151",3,0.009375,2.43333294666682e-06,FALSE,FALSE,FALSE,NA,"HMP1-2 taxonomy skin"
"k__Bacteria|p__Proteobacteria|c__Gammaproteobacteria|o__Pasteurellales|f__Pasteurellaceae|g__Aggregatibacter|s__Aggregatibacter_actinomycetemcomitans|t__SGB9729",0,0,NA,FALSE,FALSE,FALSE,NA,"HMP1-2 taxonomy skin"
"k__Bacteria|p__Firmicutes|c__Negativicutes|o__Selenomonadales|f__Selenomonadaceae|g__Selenomonas|s__Selenomonas_infelix|t__SGB5894",0,0,NA,FALSE,FALSE,FALSE,NA,"HMP1-2 taxonomy skin"
"k__Bacteria|p__Firmicutes|c__Bacilli|o__Lactobacillales|f__Aerococcaceae|g__Abiotrophia|s__Abiotrophia_sp_HMSC24B09|t__SGB8236",12,0.0375,0.0032013002966268,FALSE,TRUE,FALSE,NA,"HMP1-2 taxonomy skin"
"k__Bacteria|p__Proteobacteria|c__Epsilonproteobacteria|o__Campylobacterales|f__Campylobacteraceae|g__Campylobacter|s__Campylobacter_showae|t__SGB19322",1,0.003125,0.0003753,FALSE,FALSE,FALSE,NA,"HMP1-2 taxonomy skin"
"k__Bacteria|p__Candidatus_Saccharibacteria|c__Candidatus_Saccharibacteria_unclassified|o__Candidatus_Saccharibacteria_unclassified|f__Candidatus_Saccharibacteria_unclassified|g__Candidatus_Saccharibacteria_unclassified|s__Candidatus_Saccharibacteria_bacterium_oral_taxon_488|t__SGB19903",1,0.003125,5.0000010000002e-07,FALSE,FALSE,FALSE,NA,"HMP1-2 taxonomy skin"
"k__Bacteria|p__Fusobacteria|c__Fusobacteriia|o__Fusobacteriales|f__Fusobacteriaceae|g__Fusobacterium|s__Fusobacterium_hwasookii|t__SGB5997",4,0.0125,0.00151452517420502,FALSE,TRUE,FALSE,NA,"HMP1-2 taxonomy skin"
"k__Bacteria|p__Proteobacteria|c__Gammaproteobacteria|o__Cardiobacteriales|f__Cardiobacteriaceae|g__Cardiobacterium|s__Cardiobacterium_valvarum|t__SGB9416",1,0.003125,1e-06,FALSE,FALSE,FALSE,NA,"HMP1-2 taxonomy skin"
"k__Bacteria|p__Actinobacteria|c__Actinobacteria|o__Actinomycetales|f__Actinomycetaceae|g__Actinomyces|s__Actinomyces_sp_ZJ308|t__SGB86822",0,0,NA,FALSE,FALSE,FALSE,NA,"HMP1-2 taxonomy skin"
"k__Bacteria|p__Fusobacteria|c__Fusobacteriia|o__Fusobacteriales|f__Leptotrichiaceae|g__Leptotrichia|s__Leptotrichia_hongkongensis|t__SGB6059",2,0.00625,5.48000088050016e-05,FALSE,FALSE,FALSE,NA,"HMP1-2 taxonomy skin"
"k__Bacteria|p__Candidatus_Saccharibacteria|c__Candidatus_Saccharibacteria_unclassified|o__Candidatus_Saccharibacteria_unclassified|f__Candidatus_Saccharibacteria_unclassified|g__Candidatus_Saccharibacteria_unclassified|s__TM7_phylum_sp_oral_taxon_348|t__SGB19880",4,0.0125,0.00196082499263,FALSE,TRUE,FALSE,NA,"HMP1-2 taxonomy skin"
"k__Bacteria|p__Actinobacteria|c__Actinobacteria|o__Actinomycetales|f__Actinomycetaceae|g__Actinomyces|s__Actinomyces_dentalis|t__SGB15877",4,0.0125,8.43749955400008e-05,FALSE,FALSE,FALSE,NA,"HMP1-2 taxonomy skin"
"k__Bacteria|p__Firmicutes|c__Clostridia|o__Clostridiales|f__Peptostreptococcaceae|g__Peptoanaerobacter|s__Eubacterium_yurii|t__SGB6622",1,0.003125,3.49999860000056e-05,FALSE,FALSE,FALSE,NA,"HMP1-2 taxonomy skin"
"k__Bacteria|p__Proteobacteria|c__Betaproteobacteria|o__Neisseriales|f__Neisseriaceae|g__Kingella|s__Kingella_denitrificans|t__SGB9437",4,0.0125,0.00152270043151013,FALSE,TRUE,FALSE,NA,"HMP1-2 taxonomy skin"
"k__Bacteria|p__Firmicutes|c__CFGB1395|o__OFGB1395|f__FGB1395|g__GGB3388|s__GGB3388_SGB4476|t__SGB4476",1,0.003125,6e-07,FALSE,FALSE,FALSE,NA,"HMP1-2 taxonomy skin"
"k__Bacteria|p__Proteobacteria|c__Epsilonproteobacteria|o__Campylobacterales|f__Campylobacteraceae|g__Campylobacter|s__Campylobacter_rectus|t__SGB19315",1,0.003125,1.2e-05,FALSE,FALSE,FALSE,NA,"HMP1-2 taxonomy skin"
"k__Bacteria|p__Firmicutes|c__Bacilli|o__Lactobacillales|f__Streptococcaceae|g__Streptococcus|s__Streptococcus_oralis|t__SGB8121",0,0,NA,FALSE,FALSE,FALSE,NA,"HMP1-2 taxonomy skin"
"k__Bacteria|p__Firmicutes|c__Bacilli|o__Bacillales|f__Staphylococcaceae|g__Staphylococcus|s__Staphylococcus_epidermidis|t__SGB7865",264,0.825,0.0710560204663334,TRUE,TRUE,TRUE,0.153221388545737,"HMP1-2 taxonomy skin"
"k__Bacteria|p__Bacteroidetes|c__Bacteroidia|o__Bacteroidales|f__Bacteroidales_unclassified|g__Phocaeicola|s__Phocaeicola_dorei|t__SGB1815",30,0.09375,0.0154327641972185,FALSE,TRUE,FALSE,NA,"HMP1-2 taxonomy skin"
"k__Bacteria|p__Actinobacteria|c__Actinobacteria|o__Corynebacteriales|f__Corynebacteriaceae|g__Corynebacterium|s__Corynebacterium_accolens|t__SGB17097",228,0.7125,0.14284464386512,TRUE,TRUE,TRUE,0.241956483648463,"HMP1-2 taxonomy skin"
"k__Bacteria|p__Actinobacteria|c__Actinobacteria|o__Propionibacteriales|f__Propionibacteriaceae|g__Cutibacterium|s__Cutibacterium_acnes|t__SGB16955",308,0.9625,0.330569515051231,TRUE,TRUE,TRUE,0.308334253183196,"HMP1-2 taxonomy skin"
"k__Bacteria|p__Bacteroidetes|c__Bacteroidia|o__Bacteroidales|f__Rikenellaceae|g__Alistipes|s__Alistipes_onderdonkii|t__SGB2303",14,0.04375,0.00295362153841722,FALSE,TRUE,FALSE,NA,"HMP1-2 taxonomy skin"
"k__Bacteria|p__Actinobacteria|c__Actinobacteria|o__Corynebacteriales|f__Lawsonellaceae|g__GGB2722|s__GGB2722_SGB3663|t__SGB3663",242,0.75625,0.157356145684398,TRUE,TRUE,TRUE,0.231428547917022,"HMP1-2 taxonomy skin"
"k__Bacteria|p__Firmicutes|c__Clostridia|o__Clostridia_unclassified|f__Clostridia_unclassified|g__GGB9758|s__GGB9758_SGB15368|t__SGB15368",6,0.01875,0.00535439976069176,FALSE,TRUE,FALSE,NA,"HMP1-2 taxonomy skin"
"k__Bacteria|p__Firmicutes|c__Clostridia|o__Clostridiales|f__Lachnospiraceae|g__Lachnospira|s__Lachnospira_sp_NSJ_43|t__SGB5087",2,0.00625,0.000773400164320066,FALSE,FALSE,FALSE,NA,"HMP1-2 taxonomy skin"
"k__Bacteria|p__Firmicutes|c__Clostridia|o__Clostridiales|f__Lachnospiraceae|g__Lachnospiraceae_unclassified|s__Lachnospiraceae_unclassified_SGB4882|t__SGB4882",2,0.00625,0.000244050093550047,FALSE,FALSE,FALSE,NA,"HMP1-2 taxonomy skin"
"k__Bacteria|p__Firmicutes|c__Bacilli|o__Bacillales|f__Staphylococcaceae|g__Staphylococcus|s__Staphylococcus_argenteus|t__SGB7853",1,0.003125,8.62e-05,FALSE,FALSE,FALSE,NA,"HMP1-2 taxonomy skin"
"k__Bacteria|p__Firmicutes|c__Clostridia|o__Clostridiales|f__Lachnospiraceae|g__Dorea|s__Dorea_phocaeensis|t__SGB4572",1,0.003125,8.49e-05,FALSE,FALSE,FALSE,NA,"HMP1-2 taxonomy skin"
"k__Bacteria|p__Firmicutes|c__Clostridia|o__Clostridiales|f__Lachnospiraceae|g__Mediterraneibacter|s__Ruminococcus_torques|t__SGB4608",8,0.025,0.00234350041444641,FALSE,TRUE,FALSE,NA,"HMP1-2 taxonomy skin"
"k__Bacteria|p__Actinobacteria|c__Actinobacteria|o__Bifidobacteriales|f__Bifidobacteriaceae|g__Gardnerella|s__Gardnerella_vaginalis|t__SGB17307",13,0.040625,0.00109166157022694,FALSE,TRUE,FALSE,NA,"HMP1-2 taxonomy skin"
"k__Bacteria|p__Actinobacteria|c__Actinobacteria|o__Bifidobacteriales|f__Bifidobacteriaceae|g__Gardnerella|s__Gardnerella_vaginalis|t__SGB17302",10,0.03125,0.000904059951298008,FALSE,FALSE,FALSE,NA,"HMP1-2 taxonomy skin"
"k__Bacteria|p__Firmicutes|c__Bacilli|o__Lactobacillales|f__Lactobacillaceae|g__Lactobacillus|s__Lactobacillus_iners|t__SGB7025",16,0.05,0.0628822062160612,FALSE,TRUE,FALSE,NA,"HMP1-2 taxonomy skin"
"k__Bacteria|p__Actinobacteria|c__Actinobacteria|o__Actinomycetales|f__Actinomycetaceae|g__Fannyhessea|s__Fannyhessea_vaginae|t__SGB991",10,0.03125,0.000538820011109005,FALSE,FALSE,FALSE,NA,"HMP1-2 taxonomy skin"
"k__Bacteria|p__Fusobacteria|c__Fusobacteriia|o__Fusobacteriales|f__Leptotrichiaceae|g__Sneathia|s__Sneathia_amnii|t__SGB6044",1,0.003125,0.00615129938487006,FALSE,TRUE,FALSE,NA,"HMP1-2 taxonomy skin"
"k__Bacteria|p__Actinobacteria|c__Actinobacteria|o__Bifidobacteriales|f__Bifidobacteriaceae|g__Gardnerella|s__Gardnerella_vaginalis|t__SGB17305",4,0.0125,0.00101607510365752,FALSE,TRUE,FALSE,NA,"HMP1-2 taxonomy skin"
"k__Bacteria|p__Firmicutes|c__Negativicutes|o__Veillonellales|f__Veillonellaceae|g__Veillonellaceae_unclassified|s__Veillonellaceae_bacterium_DNF00626|t__SGB5831",2,0.00625,0.000210200019285002,FALSE,FALSE,FALSE,NA,"HMP1-2 taxonomy skin"
"k__Bacteria|p__Actinobacteria|c__Coriobacteriia|o__Coriobacteriales|f__Coriobacteriales_unclassified|g__Coriobacteriales_unclassified|s__Coriobacteriales_bacterium_DNF00809|t__SGB963",4,0.0125,0.000332274984137503,FALSE,FALSE,FALSE,NA,"HMP1-2 taxonomy skin"
"k__Bacteria|p__Bacteroidetes|c__Bacteroidia|o__Bacteroidales|f__Prevotellaceae|g__Prevotella|s__Prevotella_timonensis|t__SGB1507",13,0.040625,0.0113636921790555,FALSE,TRUE,FALSE,NA,"HMP1-2 taxonomy skin"
"k__Bacteria|p__Firmicutes|c__Tissierellia|o__Tissierellales|f__Peptoniphilaceae|g__Anaerococcus|s__Anaerococcus_tetradius|t__SGB6674",0,0,NA,FALSE,FALSE,FALSE,NA,"HMP1-2 taxonomy skin"
"k__Bacteria|p__Actinobacteria|c__Actinobacteria|o__Actinomycetales|f__Actinomycetaceae|g__Fannyhessea|s__Fannyhessea_vaginae|t__SGB990",0,0,NA,FALSE,FALSE,FALSE,NA,"HMP1-2 taxonomy skin"
"k__Bacteria|p__Bacteroidetes|c__Bacteroidia|o__Bacteroidales|f__Prevotellaceae|g__Prevotella|s__Prevotella_buccalis|t__SGB1517",8,0.025,0.00460513773299257,FALSE,TRUE,FALSE,NA,"HMP1-2 taxonomy skin"
"k__Bacteria|p__Firmicutes|c__Negativicutes|o__Veillonellales|f__Veillonellaceae|g__Dialister|s__Dialister_micraerophilus|t__SGB5840",1,0.003125,0.000152200015220002,FALSE,FALSE,FALSE,NA,"HMP1-2 taxonomy skin"
"k__Bacteria|p__Firmicutes|c__Tissierellia|o__Tissierellales|f__Peptoniphilaceae|g__Peptoniphilus|s__Peptoniphilus_lacrimalis|t__SGB6705",2,0.00625,0.00209400062498019,FALSE,TRUE,FALSE,NA,"HMP1-2 taxonomy skin"
"k__Bacteria|p__Bacteroidetes|c__Bacteroidia|o__Bacteroidales|f__Prevotellaceae|g__Prevotella|s__Prevotella_colorans|t__SGB1502",1,0.003125,2.16000021600002e-05,FALSE,FALSE,FALSE,NA,"HMP1-2 taxonomy skin"
"k__Bacteria|p__Firmicutes|c__Tissierellia|o__Tissierellia_unclassified|f__Tissierellia_unclassified|g__Tissierellia_unclassified|s__Tissierellia_bacterium_KA00581|t__SGB6647",0,0,NA,FALSE,FALSE,FALSE,NA,"HMP1-2 taxonomy skin"
"k__Bacteria|p__Firmicutes|c__Bacilli|o__Lactobacillales|f__Lactobacillaceae|g__Lactobacillus|s__Lactobacillus_jensenii|t__SGB7034",0,0,NA,FALSE,FALSE,FALSE,NA,"HMP1-2 taxonomy skin"
"k__Bacteria|p__Firmicutes|c__Bacilli|o__Lactobacillales|f__Aerococcaceae|g__Aerococcus|s__Aerococcus_christensenii|t__SGB7881",3,0.009375,7.56000068966674e-05,FALSE,FALSE,FALSE,NA,"HMP1-2 taxonomy skin"
"k__Bacteria|p__Bacteroidetes|c__Bacteroidia|o__Bacteroidales|f__Prevotellaceae|g__Prevotella|s__Prevotella_bivia|t__SGB1557",10,0.03125,0.00768206958075007,FALSE,TRUE,FALSE,NA,"HMP1-2 taxonomy skin"
"k__Bacteria|p__Actinobacteria|c__Actinobacteria|o__Actinomycetales|f__Actinomycetaceae|g__Mobiluncus|s__Mobiluncus_curtisii|t__SGB15487",0,0,NA,FALSE,FALSE,FALSE,NA,"HMP1-2 taxonomy skin"
"k__Bacteria|p__Bacteroidetes|c__Bacteroidia|o__Bacteroidales|f__Prevotellaceae|g__Prevotella|s__Prevotella_disiens|t__SGB1559",1,0.003125,0.00245440073632022,FALSE,TRUE,FALSE,NA,"HMP1-2 taxonomy skin"
"k__Bacteria|p__Firmicutes|c__Bacilli|o__Lactobacillales|f__Lactobacillaceae|g__Limosilactobacillus|s__Lactobacillus_coleohominis|t__SGB7100",2,0.00625,0.00116240026230508,FALSE,TRUE,FALSE,NA,"HMP1-2 taxonomy skin"
"k__Bacteria|p__Firmicutes|c__Clostridia|o__Clostridiales|f__Hungateiclostridiaceae|g__Mageeibacillus|s__Mageeibacillus_indolicus|t__SGB4002",3,0.009375,0.000517300013503339,FALSE,FALSE,FALSE,NA,"HMP1-2 taxonomy skin"
"k__Bacteria|p__Fusobacteria|c__Fusobacteriia|o__Fusobacteriales|f__Leptotrichiaceae|g__Sneathia|s__Sneathia_sanguinegens|t__SGB6045",0,0,NA,FALSE,FALSE,FALSE,NA,"HMP1-2 taxonomy skin"
"k__Bacteria|p__Bacteroidetes|c__Bacteroidia|o__Bacteroidales|f__Porphyromonadaceae|g__Porphyromonas|s__Porphyromonas_uenonis|t__SGB1973",0,0,NA,FALSE,FALSE,FALSE,NA,"HMP1-2 taxonomy skin"
"k__Bacteria|p__Tenericutes|c__Mollicutes|o__Mycoplasmatales|f__Mycoplasmataceae|g__Mycoplasma|s__Mycoplasma_hominis|t__SGB5926",0,0,NA,FALSE,FALSE,FALSE,NA,"HMP1-2 taxonomy skin"
"k__Bacteria|p__Firmicutes|c__Bacilli|o__Bacillales|f__Bacillales_unclassified|g__Gemella|s__Gemella_asaccharolytica|t__SGB7308",0,0,NA,FALSE,FALSE,FALSE,NA,"HMP1-2 taxonomy skin"
"k__Bacteria|p__Firmicutes|c__Tissierellia|o__Tissierellia_unclassified|f__Tissierellia_unclassified|g__Ezakiella|s__Ezakiella_coagulans|t__SGB6728",1,0.003125,0.000100800010080001,FALSE,FALSE,FALSE,NA,"HMP1-2 taxonomy skin"
"k__Bacteria|p__Firmicutes|c__Tissierellia|o__Tissierellales|f__Peptoniphilaceae|g__Peptoniphilus|s__Peptoniphilus_sp_BV3C26|t__SGB6713",0,0,NA,FALSE,FALSE,FALSE,NA,"HMP1-2 taxonomy skin"
"k__Bacteria|p__Firmicutes|c__Tissierellia|o__Tissierellales|f__Peptoniphilaceae|g__Peptoniphilus|s__Peptoniphilus_duerdenii|t__SGB6715",0,0,NA,FALSE,FALSE,FALSE,NA,"HMP1-2 taxonomy skin"
"k__Bacteria|p__Firmicutes|c__Clostridia|o__Clostridiales|f__Peptococcaceae|g__Peptococcus|s__Peptococcus_niger|t__SGB4050",1,0.003125,0.00011020003306001,FALSE,FALSE,FALSE,NA,"HMP1-2 taxonomy skin"
"k__Bacteria|p__Firmicutes|c__Bacilli|o__Lactobacillales|f__Lactobacillaceae|g__Lactobacillus|s__Lactobacillus_gasseri|t__SGB7038_group",2,0.00625,0.000462450017720002,FALSE,FALSE,FALSE,NA,"HMP1-2 taxonomy skin"
"k__Bacteria|p__Firmicutes|c__Clostridia|o__Clostridiales|f__Clostridiales_unclassified|g__Levyella|s__Levyella_massiliensis|t__SGB5300",1,0.003125,0.00622100186630056,FALSE,TRUE,FALSE,NA,"HMP1-2 taxonomy skin"
"k__Bacteria|p__Firmicutes|c__Tissierellia|o__Tissierellales|f__Peptoniphilaceae|g__Anaerococcus|s__Anaerococcus_vaginalis|t__SGB29499",0,0,NA,FALSE,FALSE,FALSE,NA,"HMP1-2 taxonomy skin"
"k__Bacteria|p__Firmicutes|c__Bacilli|o__Lactobacillales|f__Lactobacillaceae|g__Lactobacillus|s__Lactobacillus_jensenii|t__SGB7035",7,0.021875,0.0064265720565374,FALSE,TRUE,FALSE,NA,"HMP1-2 taxonomy skin"
"k__Bacteria|p__Actinobacteria|c__Actinobacteria|o__Actinobacteria_unclassified|f__Actinobacteria_unclassified|g__GGB39918|s__GGB39918_SGB47522|t__SGB47522",0,0,NA,FALSE,FALSE,FALSE,NA,"HMP1-2 taxonomy skin"
"k__Bacteria|p__Firmicutes|c__Tissierellia|o__Tissierellales|f__Peptoniphilaceae|g__Peptoniphilus|s__Peptoniphilus_harei|t__SGB6697",2,0.00625,0.000752900067755007,FALSE,FALSE,FALSE,NA,"HMP1-2 taxonomy skin"
"k__Bacteria|p__Firmicutes|c__Clostridia|o__Clostridiales|f__Clostridiales_unclassified|g__Fenollaria|s__Fenollaria_massiliensis|t__SGB6716",1,0.003125,0.0202790060837018,FALSE,TRUE,FALSE,NA,"HMP1-2 taxonomy skin"
"k__Bacteria|p__Bacteroidetes|c__Bacteroidia|o__Bacteroidales|f__Porphyromonadaceae|g__Porphyromonas|s__Porphyromonas_asaccharolytica|t__SGB1981",1,0.003125,0.0033813010143903,FALSE,TRUE,FALSE,NA,"HMP1-2 taxonomy skin"
"k__Bacteria|p__Actinobacteria|c__Actinobacteria|o__Actinomycetales|f__Actinomycetaceae|g__Mobiluncus|s__Mobiluncus_mulieris|t__SGB15486",0,0,NA,FALSE,FALSE,FALSE,NA,"HMP1-2 taxonomy skin"
"k__Bacteria|p__Firmicutes|c__Tissierellia|o__Tissierellales|f__Peptoniphilaceae|g__Anaerococcus|s__Anaerococcus_lactolyticus|t__SGB6669",0,0,NA,FALSE,FALSE,FALSE,NA,"HMP1-2 taxonomy skin"
"k__Bacteria|p__Actinobacteria|c__Actinobacteria|o__Actinomycetales|f__Actinomycetaceae|g__Winkia|s__Winkia_neuii|t__SGB17191",1,0.003125,0.000184500036900007,FALSE,FALSE,FALSE,NA,"HMP1-2 taxonomy skin"
"k__Bacteria|p__Tenericutes|c__Mollicutes|o__Mycoplasmatales|f__Mycoplasmataceae|g__Ureaplasma|s__Ureaplasma_parvum|t__SGB5568",0,0,NA,FALSE,FALSE,FALSE,NA,"HMP1-2 taxonomy skin"
"k__Bacteria|p__Actinobacteria|c__Actinobacteria|o__Actinomycetales|f__Actinomycetaceae|g__Varibaculum|s__Varibaculum_cambriense|t__SGB15482_group",0,0,NA,FALSE,FALSE,FALSE,NA,"HMP1-2 taxonomy skin"
"k__Bacteria|p__Bacteroidetes|c__Bacteroidia|o__Bacteroidales|f__Prevotellaceae|g__Prevotella|s__Prevotella_bergensis|t__SGB1505",1,0.003125,0.00157869952639014,FALSE,TRUE,FALSE,NA,"HMP1-2 taxonomy skin"
"k__Bacteria|p__Firmicutes|c__Tissierellia|o__Tissierellales|f__Peptoniphilaceae|g__Peptoniphilus|s__Peptoniphilus_coxii|t__SGB6734",0,0,NA,FALSE,FALSE,FALSE,NA,"HMP1-2 taxonomy skin"
"k__Bacteria|p__Actinobacteria|c__Coriobacteriia|o__Coriobacteriales|f__Coriobacteriaceae|g__Olegusella|s__Olegusella_massiliensis|t__SGB960",1,0.003125,1.44e-05,FALSE,FALSE,FALSE,NA,"HMP1-2 taxonomy skin"
"k__Bacteria|p__Actinobacteria|c__Coriobacteriia|o__Coriobacteriales|f__Atopobiaceae|g__Atopobium|s__Atopobium_deltae|t__SGB988",1,0.003125,8.92000089200009e-05,FALSE,FALSE,FALSE,NA,"HMP1-2 taxonomy skin"
"k__Bacteria|p__Candidatus_Absconditabacteria|c__Candidatus_Absconditabacteria_unclassified|o__Candidatus_Absconditabacteria_unclassified|f__Candidatus_Absconditabacteria_unclassified|g__GGB4936|s__GGB4936_SGB6889|t__SGB6889",1,0.003125,0.0003269,FALSE,FALSE,FALSE,NA,"HMP1-2 taxonomy skin"
"k__Bacteria|p__Bacteroidetes|c__Flavobacteriia|o__Flavobacteriales|f__Flavobacteriaceae|g__Capnocytophaga|s__Capnocytophaga_SGB2499|t__SGB2499",2,0.00625,0.00612599942256006,FALSE,TRUE,FALSE,NA,"HMP1-2 taxonomy skin"
"k__Bacteria|p__Firmicutes|c__Tissierellia|o__Tissierellales|f__Peptoniphilaceae|g__Parvimonas|s__Parvimonas_SGB6649|t__SGB6649",2,0.00625,0.00460149965843503,FALSE,TRUE,FALSE,NA,"HMP1-2 taxonomy skin"
"k__Bacteria|p__Firmicutes|c__Bacilli|o__Lactobacillales|f__Streptococcaceae|g__Streptococcus|s__Streptococcus_rubneri|t__SGB8056",2,0.00625,0.0122173487927801,FALSE,TRUE,FALSE,NA,"HMP1-2 taxonomy skin"
"k__Bacteria|p__Bacteroidetes|c__Bacteroidia|o__Bacteroidales|f__Prevotellaceae|g__Prevotella|s__Prevotella_shahii|t__SGB1456",4,0.0125,0.000562324981855006,FALSE,FALSE,FALSE,NA,"HMP1-2 taxonomy skin"
"k__Bacteria|p__Firmicutes|c__Clostridia|o__Clostridiales|f__Lachnospiraceae|g__GGB3394|s__GGB3394_SGB4498|t__SGB4498",2,0.00625,0.00267305010200501,FALSE,TRUE,FALSE,NA,"HMP1-2 taxonomy skin"
"k__Bacteria|p__Firmicutes|c__Clostridia|o__Clostridiales|f__Lachnospiraceae|g__Lachnospiraceae_unclassified|s__Lachnospiraceae_bacterium_oral_taxon_096|t__SGB4479",4,0.0125,0.00856700060335007,FALSE,TRUE,FALSE,NA,"HMP1-2 taxonomy skin"
"k__Bacteria|p__Firmicutes|c__CFGB1394|o__OFGB1394|f__FGB1394|g__GGB3385|s__GGB3385_SGB4471|t__SGB4471",1,0.003125,0.0003267,FALSE,FALSE,FALSE,NA,"HMP1-2 taxonomy skin"
"k__Bacteria|p__Firmicutes|c__Clostridia|o__Clostridiales|f__Clostridiales_Family_XIII_Incertae_Sedis|g__Clostridiales_Family_XIII_Incertae_Sedis_unclassified|s__Eubacterium_sulci|t__SGB3934",5,0.015625,0.001052400032074,FALSE,TRUE,FALSE,NA,"HMP1-2 taxonomy skin"
"k__Bacteria|p__Firmicutes|c__Bacilli|o__Bacilli_unclassified|f__Bacilli_unclassified|g__GGB4721|s__GGB4721_SGB6537|t__SGB6537",2,0.00625,0.000172150012935001,FALSE,FALSE,FALSE,NA,"HMP1-2 taxonomy skin"
"k__Bacteria|p__Bacteroidetes|c__CFGB497|o__OFGB497|f__FGB497|g__GGB1026|s__GGB1026_SGB1321|t__SGB1321",2,0.00625,0.000142300006725001,FALSE,FALSE,FALSE,NA,"HMP1-2 taxonomy skin"
"k__Bacteria|p__Firmicutes|c__Clostridia|o__Clostridiales|f__Lachnospiraceae|g__Oribacterium|s__Oribacterium_parvum|t__SGB5286",2,0.00625,0.00399785029906503,FALSE,TRUE,FALSE,NA,"HMP1-2 taxonomy skin"
"k__Bacteria|p__Firmicutes|c__Clostridia|o__Clostridiales|f__Peptostreptococcaceae|g__Peptostreptococcus|s__Peptostreptococcus_SGB749|t__SGB749",3,0.009375,0.000512000011330001,FALSE,FALSE,FALSE,NA,"HMP1-2 taxonomy skin"
"k__Bacteria|p__Fusobacteria|c__CFGB1781|o__OFGB1781|f__FGB1781|g__GGB4733|s__GGB4733_SGB6555|t__SGB6555",1,0.003125,0.001316,FALSE,TRUE,FALSE,NA,"HMP1-2 taxonomy skin"
"k__Bacteria|p__Firmicutes|c__Clostridia|o__Clostridiales|f__Clostridiales_Family_XIII_Incertae_Sedis|g__Mogibacterium|s__Mogibacterium_diversum|t__SGB3922",5,0.015625,0.001236140018118,FALSE,TRUE,FALSE,NA,"HMP1-2 taxonomy skin"
"k__Bacteria|p__Bacteroidetes|c__Bacteroidia|o__Bacteroidales|f__Tannerellaceae|g__Tannerella|s__Tannerella_sp_oral_taxon_HOT_286|t__SGB2048",3,0.009375,0.00204920032500673,FALSE,TRUE,FALSE,NA,"HMP1-2 taxonomy skin"
"k__Bacteria|p__Firmicutes|c__CFGB1764|o__OFGB1764|f__FGB1764|g__GGB4538|s__GGB4538_SGB6256|t__SGB6256",2,0.00625,0.000825150082080009,FALSE,FALSE,FALSE,NA,"HMP1-2 taxonomy skin"
"k__Bacteria|p__Bacteroidetes|c__Bacteroidia|o__Bacteroidales|f__Prevotellaceae|g__Prevotellaceae_unclassified|s__Prevotellaceae_bacterium_Marseille_P2826|t__SGB1465",2,0.00625,0.000102500005035001,FALSE,FALSE,FALSE,NA,"HMP1-2 taxonomy skin"
"k__Bacteria|p__Spirochaetes|c__Spirochaetia|o__Spirochaetales|f__Spirochaetaceae|g__Treponema|s__Treponema_SGB3601|t__SGB3601",1,0.003125,9.92e-05,FALSE,FALSE,FALSE,NA,"HMP1-2 taxonomy skin"
"k__Bacteria|p__Firmicutes|c__Clostridia|o__Clostridiales|f__Peptostreptococcaceae|g__GGB4783|s__GGB4783_SGB6619|t__SGB6619",1,0.003125,0.0013238,FALSE,TRUE,FALSE,NA,"HMP1-2 taxonomy skin"
"k__Bacteria|p__Firmicutes|c__CFGB1764|o__OFGB1764|f__FGB1764|g__GGB4538|s__GGB4538_SGB6253|t__SGB6253",1,0.003125,0.0020084,FALSE,TRUE,FALSE,NA,"HMP1-2 taxonomy skin"
"k__Bacteria|p__Tenericutes|c__Mollicutes|o__Mycoplasmatales|f__Mycoplasmataceae|g__Mycoplasma|s__Mycoplasma_orale|t__SGB5933",1,0.003125,7.87e-05,FALSE,FALSE,FALSE,NA,"HMP1-2 taxonomy skin"
"k__Bacteria|p__Candidatus_Absconditabacteria|c__Candidatus_Absconditabacteria_unclassified|o__Candidatus_Absconditabacteria_unclassified|f__Candidatus_Absconditabacteria_unclassified|g__Candidatus_Absconditabacteria_unclassified|s__SR1_bacterium_human_oral_taxon_HOT_345|t__SGB6893",2,0.00625,0.000874550168190034,FALSE,FALSE,FALSE,NA,"HMP1-2 taxonomy skin"
"k__Bacteria|p__Bacteroidetes|c__Bacteroidia|o__Bacteroidales|f__Prevotellaceae|g__Alloprevotella|s__Alloprevotella_tannerae|t__SGB1411",0,0,NA,FALSE,FALSE,FALSE,NA,"HMP1-2 taxonomy skin"
"k__Bacteria|p__Bacteroidetes|c__Bacteroidia|o__Bacteroidales|f__Bacteroidaceae|g__Bacteroidaceae_unclassified|s__Bacteroidaceae_bacterium|t__SGB1469",2,0.00625,0.00469019958139004,FALSE,TRUE,FALSE,NA,"HMP1-2 taxonomy skin"
"k__Bacteria|p__Proteobacteria|c__CFGB4196|o__OFGB4196|f__FGB4196|g__GGB12441|s__GGB12441_SGB19290|t__SGB19290",1,0.003125,7.67e-05,FALSE,FALSE,FALSE,NA,"HMP1-2 taxonomy skin"
"k__Bacteria|p__Bacteroidetes|c__CFGB570|o__OFGB570|f__FGB570|g__GGB1203|s__GGB1203_SGB1568|t__SGB1568",2,0.00625,0.000906600032695003,FALSE,FALSE,FALSE,NA,"HMP1-2 taxonomy skin"
"k__Bacteria|p__Spirochaetes|c__Spirochaetia|o__Spirochaetales|f__Spirochaetaceae|g__GGB2672|s__GGB2672_SGB3600|t__SGB3600",1,0.003125,0.0001104,FALSE,FALSE,FALSE,NA,"HMP1-2 taxonomy skin"
"k__Bacteria|p__Candidatus_Saccharibacteria|c__Candidatus_Saccharibacteria_unclassified|o__Candidatus_Saccharibacteria_unclassified|f__Candidatus_Saccharibacteria_unclassified|g__GGB12763|s__GGB12763_SGB19797|t__SGB19797",0,0,NA,FALSE,FALSE,FALSE,NA,"HMP1-2 taxonomy skin"
"k__Bacteria|p__Firmicutes|c__CFGB1534|o__OFGB1534|f__FGB1534|g__GGB3886|s__GGB3886_SGB5269|t__SGB5269",2,0.00625,0.00112020007703501,FALSE,TRUE,FALSE,NA,"HMP1-2 taxonomy skin"
"k__Bacteria|p__Firmicutes|c__CFGB1762|o__OFGB1762|f__FGB1762|g__GGB4533|s__GGB4533_SGB6246|t__SGB6246",6,0.01875,0.000646500112905023,FALSE,FALSE,FALSE,NA,"HMP1-2 taxonomy skin"
"k__Bacteria|p__Firmicutes|c__Clostridia|o__Clostridiales|f__Lachnospiraceae|g__Lachnoanaerobaculum|s__Lachnoanaerobaculum_umeaense|t__SGB4490",1,0.003125,0.0010803,FALSE,TRUE,FALSE,NA,"HMP1-2 taxonomy skin"
"k__Bacteria|p__Firmicutes|c__Clostridia|o__Clostridiales|f__Peptostreptococcaceae|g__GGB4786|s__GGB4786_SGB6625|t__SGB6625",1,0.003125,0.0008095,FALSE,FALSE,FALSE,NA,"HMP1-2 taxonomy skin"
"k__Bacteria|p__Bacteroidetes|c__Bacteroidia|o__Bacteroidales|f__Prevotellaceae|g__Alloprevotella|s__Alloprevotella_rava|t__SGB1485",2,0.00625,0.00101510008321501,FALSE,TRUE,FALSE,NA,"HMP1-2 taxonomy skin"
"k__Bacteria|p__Candidatus_Saccharibacteria|c__Candidatus_Nanosyncoccalia|o__Candidatus_Nanogingivales|f__Candidatus_Nanogingivalaceae|g__GGB12785|s__GGB12785_SGB19825|t__SGB19825",1,0.003125,0.000229600022960002,FALSE,FALSE,FALSE,NA,"HMP1-2 taxonomy skin"
"k__Bacteria|p__Proteobacteria|c__Betaproteobacteria|o__Neisseriales|f__Neisseriaceae|g__Neisseria|s__Neisseria_sp_oral_taxon_014|t__SGB9463",10,0.03125,0.00470340073236329,FALSE,TRUE,FALSE,NA,"HMP1-2 taxonomy skin"
"k__Bacteria|p__Proteobacteria|c__Betaproteobacteria|o__Burkholderiales|f__Burkholderiaceae|g__Lautropia|s__Lautropia_dentalis|t__SGB13164",8,0.025,0.000334337466588755,FALSE,FALSE,FALSE,NA,"HMP1-2 taxonomy skin"
"k__Bacteria|p__Candidatus_Saccharibacteria|c__Candidatus_Saccharibacteria_unclassified|o__Candidatus_Saccharibacteria_unclassified|f__Candidatus_Saccharibacteria_unclassified|g__GGB12762|s__GGB12762_SGB19792|t__SGB19792",0,0,NA,FALSE,FALSE,FALSE,NA,"HMP1-2 taxonomy skin"
"k__Bacteria|p__Bacteroidetes|c__Bacteroidia|o__Bacteroidales|f__Prevotellaceae|g__Prevotella|s__Prevotella_sp_HJM029|t__SGB1521",2,0.00625,0.00117145001432,FALSE,TRUE,FALSE,NA,"HMP1-2 taxonomy skin"
"k__Bacteria|p__Bacteroidetes|c__CFGB570|o__OFGB570|f__FGB570|g__GGB1202|s__GGB1202_SGB1567|t__SGB1567",2,0.00625,0.00210910019840002,FALSE,TRUE,FALSE,NA,"HMP1-2 taxonomy skin"
"k__Bacteria|p__Actinobacteria|c__Actinobacteria|o__Bifidobacteriales|f__Bifidobacteriaceae|g__Alloscardovia|s__Alloscardovia_omnicolens|t__SGB17300",1,0.003125,0.000440100044010005,FALSE,FALSE,FALSE,NA,"HMP1-2 taxonomy skin"
"k__Bacteria|p__Spirochaetes|c__Spirochaetia|o__Spirochaetales|f__Spirochaetaceae|g__Treponema|s__Treponema_denticola|t__SGB3613",2,0.00625,0.000146799973450005,FALSE,FALSE,FALSE,NA,"HMP1-2 taxonomy skin"
"k__Bacteria|p__Firmicutes|c__Bacilli|o__Bacillales|f__Bacillales_unclassified|g__Gemella|s__Gemella_SGB7284|t__SGB7284",2,0.00625,0.000102949989705001,FALSE,FALSE,FALSE,NA,"HMP1-2 taxonomy skin"
"k__Bacteria|p__Bacteroidetes|c__Bacteroidia|o__Bacteroidales|f__Porphyromonadaceae|g__Porphyromonas|s__Porphyromonas_endodontalis|t__SGB2016",3,0.009375,5.19666694733338e-05,FALSE,FALSE,FALSE,NA,"HMP1-2 taxonomy skin"
"k__Bacteria|p__Proteobacteria|c__Betaproteobacteria|o__Neisseriales|f__Neisseriaceae|g__Neisseria|s__Neisseria_elongata|t__SGB9447",31,0.096875,0.00242835777941331,FALSE,TRUE,FALSE,NA,"HMP1-2 taxonomy skin"
"k__Bacteria|p__Fusobacteria|c__CFGB1781|o__OFGB1781|f__FGB1781|g__GGB4733|s__GGB4733_SGB6557|t__SGB6557",0,0,NA,FALSE,FALSE,FALSE,NA,"HMP1-2 taxonomy skin"
"k__Bacteria|p__Spirochaetes|c__Spirochaetia|o__Spirochaetales|f__Spirochaetaceae|g__Treponema|s__Treponema_sp_OMZ_804|t__SGB3607",1,0.003125,2.95e-05,FALSE,FALSE,FALSE,NA,"HMP1-2 taxonomy skin"
"k__Bacteria|p__Bacteroidetes|c__Bacteroidia|o__Bacteroidales|f__Prevotellaceae|g__Prevotella|s__Prevotella_veroralis|t__SGB1541",1,0.003125,3.5e-05,FALSE,FALSE,FALSE,NA,"HMP1-2 taxonomy skin"
"k__Bacteria|p__Spirochaetes|c__Spirochaetia|o__Spirochaetales|f__Spirochaetaceae|g__Treponema|s__Treponema_socranskii|t__SGB3585",0,0,NA,FALSE,FALSE,FALSE,NA,"HMP1-2 taxonomy skin"
"k__Bacteria|p__Firmicutes|c__Clostridia|o__Clostridiales|f__Peptostreptococcaceae|g__Peptostreptococcus|s__Peptostreptococcus_stomatis|t__SGB748",1,0.003125,1.26e-05,FALSE,FALSE,FALSE,NA,"HMP1-2 taxonomy skin"
"k__Bacteria|p__Bacteroidetes|c__Bacteroidetes_unclassified|o__Bacteroidetes_unclassified|f__Bacteroidetes_unclassified|g__Bacteroidetes_unclassified|s__Bacteroidetes_oral_taxon_274|t__SGB1341",1,0.003125,5.77e-05,FALSE,FALSE,FALSE,NA,"HMP1-2 taxonomy skin"
"k__Bacteria|p__Firmicutes|c__Negativicutes|o__Selenomonadales|f__Selenomonadaceae|g__Selenomonas|s__Selenomonas_sputigena|t__SGB5898",3,0.009375,0.000306200026336669,FALSE,FALSE,FALSE,NA,"HMP1-2 taxonomy skin"
"k__Bacteria|p__Bacteroidetes|c__Flavobacteriia|o__Flavobacteriales|f__Flavobacteriaceae|g__Capnocytophaga|s__Capnocytophaga_sp_oral_taxon_332|t__SGB2489",1,0.003125,0.0370552074110415,FALSE,TRUE,FALSE,NA,"HMP1-2 taxonomy skin"
"k__Bacteria|p__Bacteroidetes|c__Bacteroidia|o__Bacteroidales|f__Porphyromonadaceae|g__Porphyromonas|s__Porphyromonas_SGB2042|t__SGB2042",3,0.009375,2.5966670283334e-05,FALSE,FALSE,FALSE,NA,"HMP1-2 taxonomy skin"
"k__Bacteria|p__Proteobacteria|c__Epsilonproteobacteria|o__Campylobacterales|f__Campylobacteraceae|g__Campylobacter|s__Campylobacter_SGB19337|t__SGB19337_group",2,0.00625,0.0109206521835004,FALSE,TRUE,FALSE,NA,"HMP1-2 taxonomy skin"
"k__Bacteria|p__Firmicutes|c__Bacilli|o__Lactobacillales|f__Streptococcaceae|g__Streptococcus|s__Streptococcus_anginosus|t__SGB8028_group",1,0.003125,8.7e-06,FALSE,FALSE,FALSE,NA,"HMP1-2 taxonomy skin"
"k__Bacteria|p__Bacteroidetes|c__Bacteroidia|o__Bacteroidales|f__Prevotellaceae|g__Prevotella|s__Prevotella_denticola|t__SGB1540",2,0.00625,1.11500047250024e-05,FALSE,FALSE,FALSE,NA,"HMP1-2 taxonomy skin"
"k__Bacteria|p__Firmicutes|c__Clostridia|o__Clostridiales|f__Clostridiales_Family_XIII_Incertae_Sedis|g__Mogibacterium|s__Mogibacterium_pumilum|t__SGB3924",0,0,NA,FALSE,FALSE,FALSE,NA,"HMP1-2 taxonomy skin"
"k__Bacteria|p__Fusobacteria|c__Fusobacteriia|o__Fusobacteriales|f__Leptotrichiaceae|g__Leptotrichia|s__Leptotrichia_buccalis|t__SGB6058",6,0.01875,0.000955633526281707,FALSE,FALSE,FALSE,NA,"HMP1-2 taxonomy skin"
"k__Bacteria|p__Candidatus_Saccharibacteria|c__Candidatus_Saccharimonia|o__Candidatus_Saccharimonales|f__Candidatus_Sacchiramonaceaea|g__Candidatus_Nanosynsacchari|s__Candidatus_Nanosynsacchari_sp_TM7_ANC_38_39_G1_1|t__SGB19882",10,0.03125,0.00120311006240403,FALSE,TRUE,FALSE,NA,"HMP1-2 taxonomy skin"
"k__Bacteria|p__Tenericutes|c__Mollicutes|o__Mycoplasmatales|f__Mycoplasmataceae|g__Mycoplasma|s__Mycoplasma_salivarium|t__SGB5934",1,0.003125,3.74e-05,FALSE,FALSE,FALSE,NA,"HMP1-2 taxonomy skin"
"k__Bacteria|p__Bacteroidetes|c__Bacteroidia|o__Bacteroidales|f__Porphyromonadaceae|g__Porphyromonas|s__Porphyromonas_catoniae|t__SGB2036",10,0.03125,0.00284108980989305,FALSE,TRUE,FALSE,NA,"HMP1-2 taxonomy skin"
"k__Bacteria|p__Bacteroidetes|c__Bacteroidetes_unclassified|o__Bacteroidetes_unclassified|f__Bacteroidetes_unclassified|g__Bacteroidetes_unclassified|s__Bacteroidetes_unclassified_SGB1343|t__SGB1343",0,0,NA,FALSE,FALSE,FALSE,NA,"HMP1-2 taxonomy skin"
"k__Bacteria|p__Proteobacteria|c__Gammaproteobacteria|o__Pasteurellales|f__Pasteurellaceae|g__Aggregatibacter|s__Aggregatibacter_segnis|t__SGB9738_group",2,0.00625,0.000344750009060001,FALSE,FALSE,FALSE,NA,"HMP1-2 taxonomy skin"
"k__Bacteria|p__Firmicutes|c__Erysipelotrichia|o__Erysipelotrichales|f__Erysipelotrichaceae|g__Bulleidia|s__Bulleidia_extructa|t__SGB6820",1,0.003125,2.1e-06,FALSE,FALSE,FALSE,NA,"HMP1-2 taxonomy skin"
"k__Bacteria|p__Bacteroidetes|c__Bacteroidia|o__Bacteroidales|f__Prevotellaceae|g__GGB1138|s__GGB1138_SGB1455|t__SGB1455",1,0.003125,1.35e-05,FALSE,FALSE,FALSE,NA,"HMP1-2 taxonomy skin"
"k__Bacteria|p__Firmicutes|c__Clostridia|o__Clostridiales|f__Lachnospiraceae|g__Lachnospiraceae_unclassified|s__Lachnospiraceae_bacterium_oral_taxon_500|t__SGB4480",1,0.003125,1.98e-05,FALSE,FALSE,FALSE,NA,"HMP1-2 taxonomy skin"
"k__Bacteria|p__Bacteroidetes|c__Bacteroidia|o__Bacteroidales|f__Porphyromonadaceae|g__Porphyromonas|s__Porphyromonas_sp_oral_taxon_278|t__SGB2041",1,0.003125,1.21e-05,FALSE,FALSE,FALSE,NA,"HMP1-2 taxonomy skin"
"k__Bacteria|p__Firmicutes|c__CFGB1394|o__OFGB1394|f__FGB1394|g__GGB3385|s__GGB3385_SGB4472|t__SGB4472_group",2,0.00625,0.00076315015073003,FALSE,FALSE,FALSE,NA,"HMP1-2 taxonomy skin"
"k__Bacteria|p__Candidatus_Saccharibacteria|c__Candidatus_Nanosyncoccalia|o__Candidatus_Nanogingivales|f__Candidatus_Nanogingivalaceae|g__GGB12785|s__GGB12785_SGB19827|t__SGB19827",4,0.0125,0.00112122515547002,FALSE,TRUE,FALSE,NA,"HMP1-2 taxonomy skin"
"k__Bacteria|p__Fusobacteria|c__Fusobacteriia|o__Fusobacteriales|f__Leptotrichiaceae|g__GGB4400|s__GGB4400_SGB6074|t__SGB6074",1,0.003125,5e-07,FALSE,FALSE,FALSE,NA,"HMP1-2 taxonomy skin"
"k__Bacteria|p__Fusobacteria|c__Fusobacteriia|o__Fusobacteriales|f__Leptotrichiaceae|g__Pseudoleptotrichia|s__Pseudoleptotrichia_goodfellowii|t__SGB6073",1,0.003125,9e-06,FALSE,FALSE,FALSE,NA,"HMP1-2 taxonomy skin"
"k__Bacteria|p__Bacteroidetes|c__CFGB494|o__OFGB494|f__FGB494|g__GGB1022|s__GGB1022_SGB1315|t__SGB1315",1,0.003125,1.57e-05,FALSE,FALSE,FALSE,NA,"HMP1-2 taxonomy skin"
"k__Bacteria|p__Actinobacteria|c__Coriobacteriia|o__Eggerthellales|f__Eggerthellaceae|g__Slackia|s__Slackia_exigua|t__SGB14784",1,0.003125,5e-07,FALSE,FALSE,FALSE,NA,"HMP1-2 taxonomy skin"
"k__Bacteria|p__Proteobacteria|c__Gammaproteobacteria|o__Pasteurellales|f__Pasteurellaceae|g__Haemophilus|s__Haemophilus_pittmaniae|t__SGB9656",1,0.003125,0.000339600033960004,FALSE,FALSE,FALSE,NA,"HMP1-2 taxonomy skin"
"k__Bacteria|p__Firmicutes|c__Bacilli|o__Lactobacillales|f__Streptococcaceae|g__Streptococcus|s__Streptococcus_constellatus|t__SGB8026",2,0.00625,0.000122699954320018,FALSE,FALSE,FALSE,NA,"HMP1-2 taxonomy skin"
"k__Bacteria|p__Actinobacteria|c__Actinobacteria|o__Actinomycetales|f__Actinomycetaceae|g__Actinomyces|s__Actinomyces_bouchesdurhonensis|t__SGB17152",3,0.009375,0.00164666703814678,FALSE,TRUE,FALSE,NA,"HMP1-2 taxonomy skin"
"k__Bacteria|p__Actinobacteria|c__Coriobacteriia|o__Coriobacteriales|f__Atopobiaceae|g__Lancefieldella|s__Lancefieldella_rimae|t__SGB985",1,0.003125,8.49000254700077e-05,FALSE,FALSE,FALSE,NA,"HMP1-2 taxonomy skin"
"k__Bacteria|p__Candidatus_Saccharibacteria|c__Candidatus_Saccharibacteria_unclassified|o__Candidatus_Saccharibacteria_unclassified|f__Candidatus_Saccharibacteria_unclassified|g__GGB12761|s__GGB12761_SGB19791|t__SGB19791",1,0.003125,4e-07,FALSE,FALSE,FALSE,NA,"HMP1-2 taxonomy skin"
"k__Bacteria|p__Firmicutes|c__Negativicutes|o__Veillonellales|f__Veillonellaceae|g__Anaeroglobus|s__Anaeroglobus_geminatus|t__SGB5870",0,0,NA,FALSE,FALSE,FALSE,NA,"HMP1-2 taxonomy skin"
"k__Bacteria|p__Firmicutes|c__Clostridia|o__Clostridiales|f__Clostridiales_Family_XIII_Incertae_Sedis|g__Clostridiales_Family_XIII_Incertae_Sedis_unclassified|s__Eubacterium_infirmum|t__SGB3936",0,0,NA,FALSE,FALSE,FALSE,NA,"HMP1-2 taxonomy skin"
"k__Bacteria|p__Bacteroidetes|c__Bacteroidia|o__Bacteroidales|f__Tannerellaceae|g__Tannerella|s__Tannerella_forsythia|t__SGB2053",2,0.00625,0.000132749976580005,FALSE,FALSE,FALSE,NA,"HMP1-2 taxonomy skin"
"k__Bacteria|p__Firmicutes|c__Clostridia|o__Clostridiales|f__Lachnospiraceae|g__Catonella|s__Catonella_morbi|t__SGB4503",1,0.003125,0.000356399857440057,FALSE,FALSE,FALSE,NA,"HMP1-2 taxonomy skin"
"k__Bacteria|p__Proteobacteria|c__Betaproteobacteria|o__Burkholderiales|f__Comamonadaceae|g__Ottowia|s__Ottowia_sp_Marseille_P4747|t__SGB12664",1,0.003125,0.00834490166898033,FALSE,TRUE,FALSE,NA,"HMP1-2 taxonomy skin"
"k__Bacteria|p__Bacteroidetes|c__Bacteroidia|o__Bacteroidales|f__Porphyromonadaceae|g__GGB1472|s__GGB1472_SGB2037|t__SGB2037",2,0.00625,0.000113050000165,FALSE,FALSE,FALSE,NA,"HMP1-2 taxonomy skin"
"k__Bacteria|p__Proteobacteria|c__Epsilonproteobacteria|o__Campylobacterales|f__Campylobacteraceae|g__GGB12443|s__GGB12443_SGB19313|t__SGB19313",0,0,NA,FALSE,FALSE,FALSE,NA,"HMP1-2 taxonomy skin"
"k__Bacteria|p__Firmicutes|c__Negativicutes|o__Selenomonadales|f__Selenomonadaceae|g__Selenomonas|s__Selenomonas_sp_oral_taxon_892|t__SGB5885",1,0.003125,9.49000189800038e-05,FALSE,FALSE,FALSE,NA,"HMP1-2 taxonomy skin"
"k__Bacteria|p__Firmicutes|c__Clostridia|o__Clostridiales|f__Peptostreptococcaceae|g__Peptoanaerobacter|s__Peptoanaerobacter_SGB6621|t__SGB6621",1,0.003125,1e-06,FALSE,FALSE,FALSE,NA,"HMP1-2 taxonomy skin"
"k__Bacteria|p__Spirochaetes|c__Spirochaetia|o__Spirochaetales|f__Spirochaetaceae|g__Treponema|s__Treponema_maltophilum|t__SGB3589",0,0,NA,FALSE,FALSE,FALSE,NA,"HMP1-2 taxonomy skin"
"k__Bacteria|p__Bacteroidetes|c__Bacteroidia|o__Bacteroidales|f__Prevotellaceae|g__Prevotella|s__Prevotella_saccharolytica|t__SGB1454",1,0.003125,8e-07,FALSE,FALSE,FALSE,NA,"HMP1-2 taxonomy skin"
"k__Bacteria|p__Proteobacteria|c__Gammaproteobacteria|o__Pasteurellales|f__Pasteurellaceae|g__Aggregatibacter|s__Aggregatibacter_aphrophilus|t__SGB9731",12,0.0375,0.0013738751951726,FALSE,TRUE,FALSE,NA,"HMP1-2 taxonomy skin"
"k__Bacteria|p__Actinobacteria|c__Coriobacteriia|o__Coriobacteriales|f__Atopobiaceae|g__Olsenella|s__Olsenella_sp_oral_taxon_807|t__SGB14348",1,0.003125,9e-07,FALSE,FALSE,FALSE,NA,"HMP1-2 taxonomy skin"
"k__Bacteria|p__Firmicutes|c__Negativicutes|o__Selenomonadales|f__Selenomonadaceae|g__Selenomonas|s__Selenomonas_artemidis|t__SGB5878",2,0.00625,8.28499856900033e-05,FALSE,FALSE,FALSE,NA,"HMP1-2 taxonomy skin"
"k__Bacteria|p__Bacteroidetes|c__Bacteroidia|o__Bacteroidales|f__Prevotellaceae|g__Alloprevotella|s__Alloprevotella_sp_Lung230|t__SGB1467",0,0,NA,FALSE,FALSE,FALSE,NA,"HMP1-2 taxonomy skin"
"k__Bacteria|p__Firmicutes|c__Clostridia|o__Clostridiales|f__Lachnospiraceae|g__Johnsonella|s__Johnsonella_ignava|t__SGB6631",1,0.003125,1.1e-06,FALSE,FALSE,FALSE,NA,"HMP1-2 taxonomy skin"
"k__Bacteria|p__Bacteroidetes|c__Bacteroidia|o__Bacteroidales|f__Prevotellaceae|g__Prevotella|s__Prevotella_oulorum|t__SGB1520",2,0.00625,0.0006511,FALSE,FALSE,FALSE,NA,"HMP1-2 taxonomy skin"
"k__Bacteria|p__Bacteroidetes|c__Bacteroidia|o__Bacteroidales|f__Prevotellaceae|g__Prevotella|s__Prevotella_micans|t__SGB1565",1,0.003125,4e-07,FALSE,FALSE,FALSE,NA,"HMP1-2 taxonomy skin"
"k__Bacteria|p__Actinobacteria|c__Actinobacteria|o__Actinomycetales|f__Actinomycetaceae|g__Pauljensenia|s__Pauljensenia_hongkongensis|t__SGB17148",2,0.00625,0.00129710038400011,FALSE,TRUE,FALSE,NA,"HMP1-2 taxonomy skin"
"k__Bacteria|p__Bacteroidetes|c__Bacteroidia|o__Bacteroidales|f__Prevotellaceae|g__Prevotella|s__Prevotella_maculosa|t__SGB1524",0,0,NA,FALSE,FALSE,FALSE,NA,"HMP1-2 taxonomy skin"
"k__Bacteria|p__Proteobacteria|c__Epsilonproteobacteria|o__Campylobacterales|f__Campylobacteraceae|g__Campylobacter|s__Campylobacter_curvus|t__SGB19334",0,0,NA,FALSE,FALSE,FALSE,NA,"HMP1-2 taxonomy skin"
"k__Bacteria|p__Bacteroidetes|c__Bacteroidia|o__Bacteroidales|f__Prevotellaceae|g__Prevotella|s__Prevotella_enoeca|t__SGB1527",0,0,NA,FALSE,FALSE,FALSE,NA,"HMP1-2 taxonomy skin"
"k__Bacteria|p__Actinobacteria|c__Actinobacteria|o__Actinomycetales|f__Actinomycetaceae|g__Schaalia|s__Schaalia_georgiae|t__SGB17149",0,0,NA,FALSE,FALSE,FALSE,NA,"HMP1-2 taxonomy skin"
"k__Bacteria|p__Firmicutes|c__Negativicutes|o__Selenomonadales|f__Selenomonadaceae|g__Centipeda|s__Centipeda_periodontii|t__SGB5887",0,0,NA,FALSE,FALSE,FALSE,NA,"HMP1-2 taxonomy skin"
"k__Bacteria|p__Firmicutes|c__Negativicutes|o__Selenomonadales|f__Selenomonadaceae|g__Selenomonas|s__Selenomonas_SGB5892|t__SGB5892",0,0,NA,FALSE,FALSE,FALSE,NA,"HMP1-2 taxonomy skin"
"k__Bacteria|p__Proteobacteria|c__Betaproteobacteria|o__Neisseriales|f__Neisseriaceae|g__Eikenella|s__Eikenella_exigua|t__SGB9429",0,0,NA,FALSE,FALSE,FALSE,NA,"HMP1-2 taxonomy skin"
"k__Bacteria|p__Fusobacteria|c__Fusobacteriia|o__Fusobacteriales|f__Leptotrichiaceae|g__Leptotrichia|s__Leptotrichia_trevisanii|t__SGB6066",0,0,NA,FALSE,FALSE,FALSE,NA,"HMP1-2 taxonomy skin"
"k__Bacteria|p__Spirochaetes|c__Spirochaetia|o__Spirochaetales|f__Spirochaetaceae|g__Treponema|s__Treponema_SGB69443|t__SGB69443",0,0,NA,FALSE,FALSE,FALSE,NA,"HMP1-2 taxonomy skin"
"k__Bacteria|p__Proteobacteria|c__Gammaproteobacteria|o__Pasteurellales|f__Pasteurellaceae|g__GGB6814|s__GGB6814_SGB9728|t__SGB9728",5,0.015625,0.00155642009597404,FALSE,TRUE,FALSE,NA,"HMP1-2 taxonomy skin"
"k__Bacteria|p__Spirochaetes|c__Spirochaetia|o__Spirochaetales|f__Spirochaetaceae|g__Treponema|s__Treponema_sp_Marseille_Q4130|t__SGB80266",0,0,NA,FALSE,FALSE,FALSE,NA,"HMP1-2 taxonomy skin"
"k__Bacteria|p__Actinobacteria|c__Actinobacteria|o__Propionibacteriales|f__Propionibacteriaceae|g__Arachnia|s__Arachnia_SGB15898|t__SGB15898",3,0.009375,0.00142076708837679,FALSE,TRUE,FALSE,NA,"HMP1-2 taxonomy skin"
"k__Bacteria|p__Proteobacteria|c__Betaproteobacteria|o__Neisseriales|f__Neisseriaceae|g__Eikenella|s__Eikenella_longinqua|t__SGB9436",0,0,NA,FALSE,FALSE,FALSE,NA,"HMP1-2 taxonomy skin"
"k__Bacteria|p__Fusobacteria|c__Fusobacteriia|o__Fusobacteriales|f__Fusobacteriaceae|g__Fusobacterium|s__Fusobacterium_canifelinum|t__SGB29027",0,0,NA,FALSE,FALSE,FALSE,NA,"HMP1-2 taxonomy skin"
"k__Bacteria|p__Actinobacteria|c__Actinobacteria|o__Corynebacteriales|f__Corynebacteriaceae|g__Corynebacterium|s__Corynebacterium_aurimucosum|t__SGB17100",215,0.671875,0.0684537259630113,TRUE,TRUE,TRUE,0.164898868042579,"HMP1-2 taxonomy skin"
"k__Bacteria|p__Firmicutes|c__Tissierellia|o__Tissierellales|f__Peptoniphilaceae|g__GGB4812|s__GGB4812_SGB6657|t__SGB6657",91,0.284375,0.019289157332464,TRUE,TRUE,TRUE,0.106525227958856,"HMP1-2 taxonomy skin"
"k__Bacteria|p__Firmicutes|c__Tissierellia|o__Tissierellales|f__Peptoniphilaceae|g__Peptoniphilus|s__Peptoniphilus_lacydonensis|t__SGB6692",131,0.409375,0.0240128419016395,TRUE,TRUE,TRUE,0.0897215194407186,"HMP1-2 taxonomy skin"
"k__Bacteria|p__Firmicutes|c__Bacilli|o__Bacilli_unclassified|f__Bacilli_unclassified|g__Bacilli_unclassified|s__Bacilli_unclassified_SGB6487|t__SGB6487",0,0,NA,FALSE,FALSE,FALSE,NA,"HMP1-2 taxonomy skin"
"k__Bacteria|p__Firmicutes|c__Clostridia|o__Clostridiales|f__Lachnospiraceae|g__Butyrivibrio|s__Butyrivibrio_crossotus|t__SGB5065",5,0.015625,0.0102688010217861,FALSE,TRUE,FALSE,NA,"HMP1-2 taxonomy skin"
"k__Bacteria|p__Bacteroidetes|c__Bacteroidia|o__Bacteroidales|f__Prevotellaceae|g__Prevotella|s__Prevotella_copri_clade_A|t__SGB1626",22,0.06875,0.0187857446273749,FALSE,TRUE,FALSE,NA,"HMP1-2 taxonomy skin"
"k__Bacteria|p__Firmicutes|c__Bacilli|o__Bacilli_unclassified|f__Bacilli_unclassified|g__GGB4700|s__GGB4700_SGB6506|t__SGB6506",0,0,NA,FALSE,FALSE,FALSE,NA,"HMP1-2 taxonomy skin"
"k__Bacteria|p__Bacteroidetes|c__Bacteroidia|o__Bacteroidales|f__Bacteroidales_unclassified|g__Phocaeicola|s__Phocaeicola_massiliensis|t__SGB1812",18,0.05625,0.00499603945945868,FALSE,TRUE,FALSE,NA,"HMP1-2 taxonomy skin"
"k__Bacteria|p__Bacteroidetes|c__Bacteroidia|o__Bacteroidales|f__Bacteroidaceae|g__Bacteroides|s__Bacteroides_uniformis|t__SGB1836_group",56,0.175,0.0147195915751454,TRUE,TRUE,TRUE,0.0909921468748056,"HMP1-2 taxonomy skin"
"k__Bacteria|p__Firmicutes|c__Clostridia|o__Clostridia_unclassified|f__Clostridia_unclassified|g__GGB9059|s__GGB9059_SGB13976|t__SGB13976",3,0.009375,0.099598236805679,FALSE,TRUE,FALSE,NA,"HMP1-2 taxonomy skin"
"k__Bacteria|p__Firmicutes|c__Bacilli|o__Bacilli_unclassified|f__Bacilli_unclassified|g__Bacilli_unclassified|s__Bacilli_bacterium|t__SGB6499",0,0,NA,FALSE,FALSE,FALSE,NA,"HMP1-2 taxonomy skin"
"k__Bacteria|p__Firmicutes|c__Bacilli|o__Bacilli_unclassified|f__Bacilli_unclassified|g__GGB4750|s__GGB4750_SGB6579|t__SGB6579",1,0.003125,7.10000284000113e-06,FALSE,FALSE,FALSE,NA,"HMP1-2 taxonomy skin"
"k__Bacteria|p__Firmicutes|c__Bacilli|o__Bacilli_unclassified|f__Bacilli_unclassified|g__Bacilli_unclassified|s__Bacilli_bacterium|t__SGB6533",0,0,NA,FALSE,FALSE,FALSE,NA,"HMP1-2 taxonomy skin"
"k__Bacteria|p__Firmicutes|c__Clostridia|o__Clostridia_unclassified|f__Clostridia_unclassified|g__Clostridia_unclassified|s__Clostridia_bacterium|t__SGB6308",2,0.00625,0.00244684975347503,FALSE,TRUE,FALSE,NA,"HMP1-2 taxonomy skin"
"k__Bacteria|p__Firmicutes|c__Bacilli|o__Bacilli_unclassified|f__Bacilli_unclassified|g__GGB4669|s__GGB4669_SGB6458|t__SGB6458",0,0,NA,FALSE,FALSE,FALSE,NA,"HMP1-2 taxonomy skin"
"k__Bacteria|p__Firmicutes|c__Bacilli|o__Bacilli_unclassified|f__Bacilli_unclassified|g__GGB4706|s__GGB4706_SGB6513|t__SGB6513",0,0,NA,FALSE,FALSE,FALSE,NA,"HMP1-2 taxonomy skin"
"k__Bacteria|p__Firmicutes|c__Bacilli|o__Bacilli_unclassified|f__Bacilli_unclassified|g__GGB4674|s__GGB4674_SGB6463|t__SGB6463",0,0,NA,FALSE,FALSE,FALSE,NA,"HMP1-2 taxonomy skin"
"k__Bacteria|p__Firmicutes|c__Negativicutes|o__Veillonellales|f__Veillonellaceae|g__GGB4266|s__GGB4266_SGB5809|t__SGB5809_group",0,0,NA,FALSE,FALSE,FALSE,NA,"HMP1-2 taxonomy skin"
"k__Bacteria|p__Firmicutes|c__Clostridia|o__Clostridiales|f__Lachnospiraceae|g__Lachnospiraceae_unclassified|s__Lachnospiraceae_unclassified_SGB4894|t__SGB4894",0,0,NA,FALSE,FALSE,FALSE,NA,"HMP1-2 taxonomy skin"
"k__Bacteria|p__Bacteroidetes|c__Bacteroidia|o__Bacteroidales|f__Bacteroidaceae|g__Bacteroides|s__Bacteroides_finegoldii|t__SGB1862",8,0.025,0.000323675043305012,FALSE,FALSE,FALSE,NA,"HMP1-2 taxonomy skin"
"k__Bacteria|p__Bacteroidetes|c__Bacteroidia|o__Bacteroidales|f__Bacteroidaceae|g__Bacteroides|s__Bacteroides_thetaiotaomicron|t__SGB1861",12,0.0375,0.00399989987169288,FALSE,TRUE,FALSE,NA,"HMP1-2 taxonomy skin"
"k__Bacteria|p__Firmicutes|c__Clostridia|o__Clostridiales|f__Ruminococcaceae|g__GGB9634|s__GGB9634_SGB15097|t__SGB15097",0,0,NA,FALSE,FALSE,FALSE,NA,"HMP1-2 taxonomy skin"
"k__Bacteria|p__Firmicutes|c__Clostridia|o__Clostridia_unclassified|f__Clostridia_unclassified|g__GGB3293|s__GGB3293_SGB4348|t__SGB4348",0,0,NA,FALSE,FALSE,FALSE,NA,"HMP1-2 taxonomy skin"
"k__Bacteria|p__Firmicutes|c__Clostridia|o__Clostridia_unclassified|f__Clostridia_unclassified|g__GGB9288|s__GGB9288_SGB14243|t__SGB14243",0,0,NA,FALSE,FALSE,FALSE,NA,"HMP1-2 taxonomy skin"
"k__Bacteria|p__Firmicutes|c__Clostridia|o__Clostridia_unclassified|f__Clostridia_unclassified|g__GGB4550|s__GGB4550_SGB6272|t__SGB6272",0,0,NA,FALSE,FALSE,FALSE,NA,"HMP1-2 taxonomy skin"
"k__Bacteria|p__Firmicutes|c__Bacilli|o__Bacilli_unclassified|f__Bacilli_unclassified|g__Bacilli_unclassified|s__Bacilli_unclassified_SGB6478|t__SGB6478",3,0.009375,0.000129366674036668,FALSE,FALSE,FALSE,NA,"HMP1-2 taxonomy skin"
"k__Bacteria|p__Bacteroidetes|c__Bacteroidia|o__Bacteroidales|f__Bacteroidaceae|g__Bacteroides|s__Bacteroides_xylanisolvens|t__SGB1867",20,0.0625,0.00788219632183697,FALSE,TRUE,FALSE,NA,"HMP1-2 taxonomy skin"
"k__Bacteria|p__Firmicutes|c__Clostridia|o__Clostridia_unclassified|f__Clostridia_unclassified|g__GGB4584|s__GGB4584_SGB6338|t__SGB6338",0,0,NA,FALSE,FALSE,FALSE,NA,"HMP1-2 taxonomy skin"
"k__Bacteria|p__Firmicutes|c__Clostridia|o__Clostridia_unclassified|f__Clostridia_unclassified|g__Clostridia_unclassified|s__Clostridia_bacterium|t__SGB14110",0,0,NA,FALSE,FALSE,FALSE,NA,"HMP1-2 taxonomy skin"
"k__Bacteria|p__Firmicutes|c__CFGB1798|o__OFGB1798|f__FGB1798|g__GGB4768|s__GGB4768_SGB6601|t__SGB6601",1,0.003125,0.0254428923671323,FALSE,TRUE,FALSE,NA,"HMP1-2 taxonomy skin"
"k__Bacteria|p__Bacteroidetes|c__Bacteroidia|o__Bacteroidales|f__Bacteroidales_unclassified|g__Bacteroidales_unclassified|s__Bacteroidales_bacterium|t__SGB2138",0,0,NA,FALSE,FALSE,FALSE,NA,"HMP1-2 taxonomy skin"
"k__Bacteria|p__Bacteroidetes|c__Bacteroidia|o__Bacteroidales|f__Bacteroidales_unclassified|g__Bacteroidales_unclassified|s__Bacteroidales_bacterium|t__SGB2171",0,0,NA,FALSE,FALSE,FALSE,NA,"HMP1-2 taxonomy skin"
"k__Bacteria|p__Firmicutes|c__Clostridia|o__Clostridiales|f__Ruminococcaceae|g__Ruminococcaceae_unclassified|s__Eubacterium_siraeum|t__SGB4198_group",4,0.0125,0.00558352386566039,FALSE,TRUE,FALSE,NA,"HMP1-2 taxonomy skin"
"k__Bacteria|p__Firmicutes|c__Clostridia|o__Clostridiales|f__Clostridiaceae|g__Clostridium|s__Clostridium_sp_AF15_49|t__SGB5111",2,0.00625,0.00433390172015068,FALSE,TRUE,FALSE,NA,"HMP1-2 taxonomy skin"
"k__Bacteria|p__Firmicutes|c__Clostridia|o__Clostridiales|f__Lachnospiraceae|g__Roseburia|s__Roseburia_faecis|t__SGB4925",9,0.028125,0.00564766764411038,FALSE,TRUE,FALSE,NA,"HMP1-2 taxonomy skin"
"k__Bacteria|p__Proteobacteria|c__Betaproteobacteria|o__Burkholderiales|f__Sutterellaceae|g__Parasutterella|s__Parasutterella_SGB9260|t__SGB9260",3,0.009375,0.000168200027260009,FALSE,FALSE,FALSE,NA,"HMP1-2 taxonomy skin"
"k__Bacteria|p__Bacteroidetes|c__Bacteroidia|o__Bacteroidales|f__Bacteroidaceae|g__Bacteroides|s__Bacteroides_eggerthii|t__SGB1829",3,0.009375,7.02666901933437e-05,FALSE,FALSE,FALSE,NA,"HMP1-2 taxonomy skin"
"k__Bacteria|p__Firmicutes|c__Clostridia|o__Clostridia_unclassified|f__Clostridia_unclassified|g__Clostridia_unclassified|s__Clostridia_bacterium|t__SGB4395",0,0,NA,FALSE,FALSE,FALSE,NA,"HMP1-2 taxonomy skin"
"k__Bacteria|p__Lentisphaerae|c__Lentisphaeria|o__Lentisphaeria_unclassified|f__Lentisphaeria_unclassified|g__Lentisphaeria_unclassified|s__Lentisphaeria_bacterium|t__SGB9208",0,0,NA,FALSE,FALSE,FALSE,NA,"HMP1-2 taxonomy skin"
"k__Bacteria|p__Firmicutes|c__CFGB3035|o__OFGB3035|f__FGB3035|g__GGB9524|s__GGB9524_SGB14923|t__SGB14923",0,0,NA,FALSE,FALSE,FALSE,NA,"HMP1-2 taxonomy skin"
"k__Bacteria|p__Firmicutes|c__Clostridia|o__Clostridia_unclassified|f__Clostridia_unclassified|g__Clostridia_unclassified|s__Clostridia_bacterium|t__SGB14250",0,0,NA,FALSE,FALSE,FALSE,NA,"HMP1-2 taxonomy skin"
"k__Bacteria|p__Firmicutes|c__Clostridia|o__Clostridiales|f__Ruminococcaceae|g__GGB9631|s__GGB9631_SGB15086|t__SGB15086",0,0,NA,FALSE,FALSE,FALSE,NA,"HMP1-2 taxonomy skin"
"k__Bacteria|p__Bacteroidetes|c__Bacteroidia|o__Bacteroidales|f__Rikenellaceae|g__Alistipes|s__Alistipes_senegalensis|t__SGB2296",3,0.009375,0.000558400049486672,FALSE,FALSE,FALSE,NA,"HMP1-2 taxonomy skin"
"k__Bacteria|p__Firmicutes|c__Clostridia|o__Clostridia_unclassified|f__Clostridia_unclassified|g__Clostridia_unclassified|s__Clostridia_bacterium|t__SGB13987",0,0,NA,FALSE,FALSE,FALSE,NA,"HMP1-2 taxonomy skin"
"k__Bacteria|p__Candidatus_Melainabacteria|c__Candidatus_Melainabacteria_unclassified|o__Candidatus_Gastranaerophilales|f__Candidatus_Gastranaerophilales_unclassified|g__GGB6021|s__GGB6021_SGB8655|t__SGB8655",0,0,NA,FALSE,FALSE,FALSE,NA,"HMP1-2 taxonomy skin"
"k__Bacteria|p__Bacteroidetes|c__Bacteroidia|o__Bacteroidales|f__Bacteroidaceae|g__Bacteroides|s__Bacteroides_bouchesdurhonensis|t__SGB3321",0,0,NA,FALSE,FALSE,FALSE,NA,"HMP1-2 taxonomy skin"
"k__Bacteria|p__Proteobacteria|c__Betaproteobacteria|o__Burkholderiales|f__Sutterellaceae|g__Sutterella|s__Sutterella_wadsworthensis|t__SGB9283",3,0.009375,0.00340773476147727,FALSE,TRUE,FALSE,NA,"HMP1-2 taxonomy skin"
"k__Bacteria|p__Firmicutes|c__Clostridia|o__Clostridiales|f__Ruminococcaceae|g__GGB9697|s__GGB9697_SGB15213|t__SGB15213",0,0,NA,FALSE,FALSE,FALSE,NA,"HMP1-2 taxonomy skin"
"k__Bacteria|p__Firmicutes|c__Clostridia|o__Clostridia_unclassified|f__Clostridia_unclassified|g__Clostridia_unclassified|s__Clostridia_bacterium|t__SGB14215",0,0,NA,FALSE,FALSE,FALSE,NA,"HMP1-2 taxonomy skin"
"k__Bacteria|p__Bacteroidetes|c__Bacteroidia|o__Bacteroidales|f__Bacteroidales_unclassified|g__Bacteroidales_unclassified|s__Bacteroidales_unclassified_SGB2135|t__SGB2135",0,0,NA,FALSE,FALSE,FALSE,NA,"HMP1-2 taxonomy skin"
"k__Bacteria|p__Firmicutes|c__Clostridia|o__Clostridia_unclassified|f__Clostridia_unclassified|g__Clostridia_unclassified|s__Clostridia_bacterium|t__SGB6331",0,0,NA,FALSE,FALSE,FALSE,NA,"HMP1-2 taxonomy skin"
"k__Bacteria|p__Firmicutes|c__Clostridia|o__Clostridia_unclassified|f__Clostridia_unclassified|g__Clostridia_unclassified|s__Clostridia_bacterium|t__SGB14861",8,0.025,0.00120447523883385,FALSE,TRUE,FALSE,NA,"HMP1-2 taxonomy skin"
"k__Bacteria|p__Firmicutes|c__Bacilli|o__Bacilli_unclassified|f__Bacilli_unclassified|g__Bacilli_unclassified|s__Bacilli_bacterium|t__SGB6609",0,0,NA,FALSE,FALSE,FALSE,NA,"HMP1-2 taxonomy skin"
"k__Bacteria|p__Firmicutes|c__Clostridia|o__Clostridia_unclassified|f__Clostridia_unclassified|g__GGB4566|s__GGB4566_SGB6305|t__SGB6305",0,0,NA,FALSE,FALSE,FALSE,NA,"HMP1-2 taxonomy skin"
"k__Bacteria|p__Firmicutes|c__Clostridia|o__Clostridia_unclassified|f__Clostridia_unclassified|g__Clostridia_unclassified|s__Clostridia_bacterium|t__SGB4365",1,0.003125,0.00457959862612041,FALSE,TRUE,FALSE,NA,"HMP1-2 taxonomy skin"
"k__Bacteria|p__Firmicutes|c__Clostridia|o__Clostridia_unclassified|f__Clostridia_unclassified|g__Clostridia_unclassified|s__Clostridia_unclassified_SGB4121|t__SGB4121",2,0.00625,0.000955450361405169,FALSE,FALSE,FALSE,NA,"HMP1-2 taxonomy skin"
"k__Bacteria|p__Firmicutes|c__Clostridia|o__Clostridiales|f__Lachnospiraceae|g__Mediterraneibacter|s__Ruminococcus_torques|t__SGB4563_group",6,0.01875,0.000772633557476779,FALSE,FALSE,FALSE,NA,"HMP1-2 taxonomy skin"
"k__Bacteria|p__Firmicutes|c__Clostridia|o__Clostridiales|f__Eubacteriaceae|g__Eubacterium|s__Eubacterium_sp_AF15_50|t__SGB5042",1,0.003125,0.000949400094940009,FALSE,FALSE,FALSE,NA,"HMP1-2 taxonomy skin"
"k__Bacteria|p__Firmicutes|c__Clostridia|o__Clostridiales|f__Lachnospiraceae|g__Lachnospiraceae_unclassified|s__Lachnospiraceae_bacterium|t__SGB5062",3,0.009375,4.73333282000023e-06,FALSE,FALSE,FALSE,NA,"HMP1-2 taxonomy skin"
"k__Bacteria|p__Firmicutes|c__Clostridia|o__Clostridia_unclassified|f__Clostridia_unclassified|g__Clostridia_unclassified|s__Clostridia_bacterium|t__SGB4342",0,0,NA,FALSE,FALSE,FALSE,NA,"HMP1-2 taxonomy skin"
"k__Bacteria|p__Firmicutes|c__Clostridia|o__Clostridiales|f__Lachnospiraceae|g__Dorea|s__Dorea_longicatena|t__SGB4582_group",1,0.003125,6.50999869800025e-05,FALSE,FALSE,FALSE,NA,"HMP1-2 taxonomy skin"
"k__Bacteria|p__Firmicutes|c__Clostridia|o__Clostridia_unclassified|f__Clostridia_unclassified|g__Clostridia_unclassified|s__Clostridia_bacterium|t__SGB3940",0,0,NA,FALSE,FALSE,FALSE,NA,"HMP1-2 taxonomy skin"
"k__Bacteria|p__Firmicutes|c__Clostridia|o__Clostridia_unclassified|f__Clostridia_unclassified|g__Clostridia_unclassified|s__Clostridia_bacterium|t__SGB14223",0,0,NA,FALSE,FALSE,FALSE,NA,"HMP1-2 taxonomy skin"
"k__Bacteria|p__Firmicutes|c__Clostridia|o__Clostridia_unclassified|f__Clostridia_unclassified|g__GGB4603|s__GGB4603_SGB6367|t__SGB6367",0,0,NA,FALSE,FALSE,FALSE,NA,"HMP1-2 taxonomy skin"
"k__Bacteria|p__Firmicutes|c__Firmicutes_unclassified|o__Firmicutes_unclassified|f__Firmicutes_unclassified|g__Firmicutes_unclassified|s__Firmicutes_bacterium|t__SGB4063",0,0,NA,FALSE,FALSE,FALSE,NA,"HMP1-2 taxonomy skin"
"k__Bacteria|p__Proteobacteria|c__Alphaproteobacteria|o__Alphaproteobacteria_unclassified|f__Alphaproteobacteria_unclassified|g__Alphaproteobacteria_unclassified|s__Alphaproteobacteria_bacterium|t__SGB9344",0,0,NA,FALSE,FALSE,FALSE,NA,"HMP1-2 taxonomy skin"
"k__Bacteria|p__Firmicutes|c__Clostridia|o__Clostridia_unclassified|f__Clostridia_unclassified|g__Clostridia_unclassified|s__Clostridia_bacterium|t__SGB14209",0,0,NA,FALSE,FALSE,FALSE,NA,"HMP1-2 taxonomy skin"
"k__Bacteria|p__Firmicutes|c__Bacilli|o__Bacilli_unclassified|f__Bacilli_unclassified|g__Bacilli_unclassified|s__Bacilli_bacterium|t__SGB6510",0,0,NA,FALSE,FALSE,FALSE,NA,"HMP1-2 taxonomy skin"
"k__Bacteria|p__Firmicutes|c__Clostridia|o__Clostridiales|f__Ruminococcaceae|g__GGB9677|s__GGB9677_SGB15180|t__SGB15180",0,0,NA,FALSE,FALSE,FALSE,NA,"HMP1-2 taxonomy skin"
"k__Bacteria|p__Tenericutes|c__Mollicutes|o__Acholeplasmatales|f__Acholeplasmatales_unclassified|g__Acholeplasmatales_unclassified|s__Acholeplasmatales_bacterium|t__SGB6583",0,0,NA,FALSE,FALSE,FALSE,NA,"HMP1-2 taxonomy skin"
"k__Bacteria|p__Bacteroidetes|c__Bacteroidia|o__Bacteroidales|f__Bacteroidaceae|g__Bacteroides|s__Bacteroides_nordii|t__SGB1858",1,0.003125,0.000189700018970002,FALSE,FALSE,FALSE,NA,"HMP1-2 taxonomy skin"
"k__Bacteria|p__Bacteroidetes|c__Bacteroidia|o__Bacteroidales|f__Bacteroidales_unclassified|g__GGB1582|s__GGB1582_SGB2173|t__SGB2173",0,0,NA,FALSE,FALSE,FALSE,NA,"HMP1-2 taxonomy skin"
"k__Bacteria|p__Firmicutes|c__Bacilli|o__Bacilli_unclassified|f__Bacilli_unclassified|g__GGB4711|s__GGB4711_SGB6524|t__SGB6524",0,0,NA,FALSE,FALSE,FALSE,NA,"HMP1-2 taxonomy skin"
"k__Bacteria|p__Bacteroidetes|c__Bacteroidia|o__Bacteroidales|f__Bacteroidales_unclassified|g__Bacteroidales_unclassified|s__Bacteroidales_bacterium|t__SGB2155",0,0,NA,FALSE,FALSE,FALSE,NA,"HMP1-2 taxonomy skin"
"k__Bacteria|p__Firmicutes|c__Clostridia|o__Clostridiales|f__Clostridiaceae|g__Clostridiaceae_unclassified|s__Clostridiaceae_unclassified_SGB4769|t__SGB4769",1,0.003125,0.000122500061250031,FALSE,FALSE,FALSE,NA,"HMP1-2 taxonomy skin"
"k__Bacteria|p__Firmicutes|c__Clostridia|o__Clostridia_unclassified|f__Clostridia_unclassified|g__GGB4588|s__GGB4588_SGB6347|t__SGB6347",0,0,NA,FALSE,FALSE,FALSE,NA,"HMP1-2 taxonomy skin"
"k__Bacteria|p__Firmicutes|c__Clostridia|o__Clostridiales|f__Lachnospiraceae|g__Blautia|s__Blautia_sp_AF19_10LB|t__SGB4810",0,0,NA,FALSE,FALSE,FALSE,NA,"HMP1-2 taxonomy skin"
"k__Bacteria|p__Bacteroidetes|c__Bacteroidia|o__Bacteroidales|f__Bacteroidales_unclassified|g__Bacteroidales_unclassified|s__Bacteroidales_bacterium|t__SGB2104",0,0,NA,FALSE,FALSE,FALSE,NA,"HMP1-2 taxonomy skin"
"k__Bacteria|p__Bacteroidetes|c__Bacteroidia|o__Bacteroidales|f__Barnesiellaceae|g__Coprobacter|s__Coprobacter_fastidiosus|t__SGB1963",1,0.003125,3.89999922000015e-06,FALSE,FALSE,FALSE,NA,"HMP1-2 taxonomy skin"
"k__Bacteria|p__Firmicutes|c__Clostridia|o__Clostridia_unclassified|f__Clostridia_unclassified|g__Clostridia_unclassified|s__Clostridia_bacterium|t__SGB58517",0,0,NA,FALSE,FALSE,FALSE,NA,"HMP1-2 taxonomy skin"
"k__Bacteria|p__Proteobacteria|c__Deltaproteobacteria|o__Desulfovibrionales|f__Desulfovibrionaceae|g__Desulfovibrionaceae_unclassified|s__Desulfovibrionaceae_bacterium|t__SGB15460",0,0,NA,FALSE,FALSE,FALSE,NA,"HMP1-2 taxonomy skin"
"k__Bacteria|p__Firmicutes|c__Clostridia|o__Clostridia_unclassified|f__Clostridia_unclassified|g__Clostridia_unclassified|s__Clostridia_bacterium|t__SGB13979",0,0,NA,FALSE,FALSE,FALSE,NA,"HMP1-2 taxonomy skin"
"k__Bacteria|p__Firmicutes|c__Clostridia|o__Clostridiales|f__Ruminococcaceae|g__Faecalibacterium|s__Faecalibacterium_prausnitzii|t__SGB15317",5,0.015625,0.00209716023008803,FALSE,TRUE,FALSE,NA,"HMP1-2 taxonomy skin"
"k__Bacteria|p__Firmicutes|c__Erysipelotrichia|o__Erysipelotrichales|f__Erysipelotrichaceae|g__Faecalibacillus|s__Faecalibacillus_intestinalis|t__SGB6754",3,0.009375,0.000215466679213338,FALSE,FALSE,FALSE,NA,"HMP1-2 taxonomy skin"
"k__Bacteria|p__Firmicutes|c__Clostridia|o__Clostridiales|f__Ruminococcaceae|g__GGB9593|s__GGB9593_SGB15015|t__SGB15015",0,0,NA,FALSE,FALSE,FALSE,NA,"HMP1-2 taxonomy skin"
"k__Bacteria|p__Proteobacteria|c__Alphaproteobacteria|o__Alphaproteobacteria_unclassified|f__Alphaproteobacteria_unclassified|g__Alphaproteobacteria_unclassified|s__Alphaproteobacteria_bacterium|t__SGB9343",0,0,NA,FALSE,FALSE,FALSE,NA,"HMP1-2 taxonomy skin"
"k__Bacteria|p__Bacteroidetes|c__Bacteroidia|o__Bacteroidales|f__Muribaculaceae|g__GGB1503|s__GGB1503_SGB2083|t__SGB2083",0,0,NA,FALSE,FALSE,FALSE,NA,"HMP1-2 taxonomy skin"
"k__Bacteria|p__Firmicutes|c__Clostridia|o__Clostridiales|f__Lachnospiraceae|g__Lachnospiraceae_unclassified|s__Lachnospiraceae_bacterium|t__SGB4771",1,0.003125,0.000236500094600038,FALSE,FALSE,FALSE,NA,"HMP1-2 taxonomy skin"
"k__Bacteria|p__Bacteroidetes|c__Bacteroidia|o__Bacteroidales|f__Bacteroidaceae|g__Bacteroides|s__Bacteroides_salyersiae|t__SGB1857",5,0.015625,0.0038915791745183,FALSE,TRUE,FALSE,NA,"HMP1-2 taxonomy skin"
"k__Bacteria|p__Firmicutes|c__Clostridia|o__Clostridiales|f__Lachnospiraceae|g__Lacrimispora|s__Lacrimispora_celerecrescens|t__SGB4868",3,0.009375,0.00018456669769335,FALSE,FALSE,FALSE,NA,"HMP1-2 taxonomy skin"
"k__Bacteria|p__Firmicutes|c__Clostridia|o__Clostridiales|f__Ruminococcaceae|g__GGB9705|s__GGB9705_SGB15225|t__SGB15225",0,0,NA,FALSE,FALSE,FALSE,NA,"HMP1-2 taxonomy skin"
"k__Bacteria|p__Firmicutes|c__Clostridia|o__Clostridia_unclassified|f__Clostridia_unclassified|g__Clostridia_unclassified|s__Clostridia_bacterium|t__SGB3989",0,0,NA,FALSE,FALSE,FALSE,NA,"HMP1-2 taxonomy skin"
"k__Bacteria|p__Firmicutes|c__Clostridia|o__Clostridia_unclassified|f__Clostridia_unclassified|g__Clostridia_unclassified|s__Clostridia_bacterium|t__SGB14198",0,0,NA,FALSE,FALSE,FALSE,NA,"HMP1-2 taxonomy skin"
"k__Bacteria|p__Firmicutes|c__Clostridia|o__Clostridia_unclassified|f__Clostridia_unclassified|g__Clostridia_unclassified|s__Clostridia_bacterium|t__SGB15370",1,0.003125,0.0012645005058002,FALSE,TRUE,FALSE,NA,"HMP1-2 taxonomy skin"
"k__Bacteria|p__Bacteroidetes|c__Bacteroidia|o__Bacteroidales|f__Odoribacteraceae|g__Butyricimonas|s__Butyricimonas_faecihominis|t__SGB1786",1,0.003125,0.00694690347345174,FALSE,TRUE,FALSE,NA,"HMP1-2 taxonomy skin"
"k__Bacteria|p__Firmicutes|c__Clostridia|o__Clostridiales|f__Lachnospiraceae|g__Mediterraneibacter|s__Ruminococcus_lactaris|t__SGB4557",2,0.00625,0.00228010099898544,FALSE,TRUE,FALSE,NA,"HMP1-2 taxonomy skin"
"k__Bacteria|p__Firmicutes|c__Clostridia|o__Clostridiales|f__Ruminococcaceae|g__Ruminococcus|s__Ruminococcus_bromii|t__SGB4285_group",13,0.040625,0.00514883031262335,FALSE,TRUE,FALSE,NA,"HMP1-2 taxonomy skin"
"k__Bacteria|p__Firmicutes|c__Clostridia|o__Clostridiales|f__Lachnospiraceae|g__Lachnospiraceae_unclassified|s__Lachnospiraceae_bacterium|t__SGB4964",2,0.00625,6.40500112800031e-05,FALSE,FALSE,FALSE,NA,"HMP1-2 taxonomy skin"
"k__Bacteria|p__Firmicutes|c__Clostridia|o__Clostridiales|f__Lachnospiraceae|g__Faecalicatena|s__Faecalicatena_fissicatena|t__SGB4871_group",4,0.0125,0.000397950126450049,FALSE,FALSE,FALSE,NA,"HMP1-2 taxonomy skin"
"k__Bacteria|p__Firmicutes|c__Clostridia|o__Clostridia_unclassified|f__Clostridia_unclassified|g__Clostridia_unclassified|s__Clostridia_bacterium|t__SGB5180",0,0,NA,FALSE,FALSE,FALSE,NA,"HMP1-2 taxonomy skin"
"k__Archaea|p__Euryarchaeota|c__Methanobacteria|o__Methanobacteriales|f__Methanobacteriaceae|g__Methanobrevibacter|s__Methanobrevibacter_smithii|t__SGB714_group",1,0.003125,2.5399994920001e-05,FALSE,FALSE,FALSE,NA,"HMP1-2 taxonomy skin"
"k__Bacteria|p__Firmicutes|c__Clostridia|o__Clostridiales|f__Ruminococcaceae|g__Phocea|s__Phocea_massiliensis|t__SGB14837",2,0.00625,0.000354250118945054,FALSE,FALSE,FALSE,NA,"HMP1-2 taxonomy skin"
"k__Bacteria|p__Firmicutes|c__Clostridia|o__Clostridiales|f__Lachnospiraceae|g__Blautia|s__Blautia_faecicola|t__SGB4867",0,0,NA,FALSE,FALSE,FALSE,NA,"HMP1-2 taxonomy skin"
"k__Bacteria|p__Firmicutes|c__Clostridia|o__Clostridiales|f__Lachnospiraceae|g__Lachnospiraceae_unclassified|s__Lachnospiraceae_bacterium_OM04_12BH|t__SGB4893",3,0.009375,8.90000115533359e-05,FALSE,FALSE,FALSE,NA,"HMP1-2 taxonomy skin"
"k__Bacteria|p__Firmicutes|c__Clostridia|o__Clostridia_unclassified|f__Clostridia_unclassified|g__Clostridia_unclassified|s__Clostridia_unclassified_SGB6302|t__SGB6302",2,0.00625,0.000116200008500001,FALSE,FALSE,FALSE,NA,"HMP1-2 taxonomy skin"
"k__Bacteria|p__Firmicutes|c__Clostridia|o__Clostridiales|f__Ruminococcaceae|g__GGB9615|s__GGB9615_SGB15051|t__SGB15051",1,0.003125,0.00307520123008049,FALSE,TRUE,FALSE,NA,"HMP1-2 taxonomy skin"
"k__Bacteria|p__Bacteroidetes|c__Bacteroidia|o__Bacteroidales|f__Odoribacteraceae|g__Butyricimonas|s__Butyricimonas_synergistica|t__SGB27742",0,0,NA,FALSE,FALSE,FALSE,NA,"HMP1-2 taxonomy skin"
"k__Bacteria|p__Firmicutes|c__Clostridia|o__Clostridiales|f__Ruminococcaceae|g__GGB9614|s__GGB9614_SGB15049|t__SGB15049",1,0.003125,0.000215200086080034,FALSE,FALSE,FALSE,NA,"HMP1-2 taxonomy skin"
"k__Bacteria|p__Firmicutes|c__Clostridia|o__Clostridia_unclassified|f__Clostridia_unclassified|g__Clostridia_unclassified|s__Clostridia_bacterium|t__SGB14007",0,0,NA,FALSE,FALSE,FALSE,NA,"HMP1-2 taxonomy skin"
"k__Bacteria|p__Firmicutes|c__Clostridia|o__Clostridiales|f__Ruminococcaceae|g__GGB9705|s__GGB9705_SGB15224|t__SGB15224",0,0,NA,FALSE,FALSE,FALSE,NA,"HMP1-2 taxonomy skin"
"k__Bacteria|p__Firmicutes|c__Clostridia|o__Clostridia_unclassified|f__Clostridia_unclassified|g__Clostridia_unclassified|s__Clostridia_bacterium|t__SGB4394",1,0.003125,0.000160000064000026,FALSE,FALSE,FALSE,NA,"HMP1-2 taxonomy skin"
"k__Bacteria|p__Firmicutes|c__Clostridia|o__Clostridia_unclassified|f__Clostridia_unclassified|g__Clostridia_unclassified|s__Clostridia_bacterium|t__SGB53517",0,0,NA,FALSE,FALSE,FALSE,NA,"HMP1-2 taxonomy skin"
"k__Bacteria|p__Firmicutes|c__Clostridia|o__Clostridiales|f__Lachnospiraceae|g__Roseburia|s__Roseburia_inulinivorans|t__SGB4940",6,0.01875,0.0017814172878153,FALSE,TRUE,FALSE,NA,"HMP1-2 taxonomy skin"
"k__Bacteria|p__Firmicutes|c__Clostridia|o__Clostridiales|f__Ruminococcaceae|g__GGB58485|s__GGB58485_SGB80143|t__SGB80143",1,0.003125,0.000607500243000097,FALSE,FALSE,FALSE,NA,"HMP1-2 taxonomy skin"
"k__Bacteria|p__Bacteroidetes|c__Bacteroidia|o__Bacteroidales|f__Tannerellaceae|g__Parabacteroides|s__Parabacteroides_goldsteinii|t__SGB1941",0,0,NA,FALSE,FALSE,FALSE,NA,"HMP1-2 taxonomy skin"
"k__Bacteria|p__Firmicutes|c__Clostridia|o__Clostridiales|f__Ruminococcaceae|g__Ruminococcaceae_unclassified|s__Ruminococcaceae_bacterium|t__SGB4393",0,0,NA,FALSE,FALSE,FALSE,NA,"HMP1-2 taxonomy skin"
"k__Bacteria|p__Firmicutes|c__Clostridia|o__Clostridia_unclassified|f__Clostridia_unclassified|g__Clostridia_unclassified|s__Clostridia_bacterium|t__SGB15374",0,0,NA,FALSE,FALSE,FALSE,NA,"HMP1-2 taxonomy skin"
"k__Bacteria|p__Firmicutes|c__Clostridia|o__Clostridia_unclassified|f__Clostridia_unclassified|g__Candidatus_Neoclostridium|s__Candidatus_Neoclostridium_roslinense|t__SGB14018",0,0,NA,FALSE,FALSE,FALSE,NA,"HMP1-2 taxonomy skin"
"k__Bacteria|p__Bacteroidetes|c__Bacteroidia|o__Bacteroidales|f__Bacteroidales_unclassified|g__Bacteroidales_unclassified|s__Bacteroidales_bacterium|t__SGB2168",0,0,NA,FALSE,FALSE,FALSE,NA,"HMP1-2 taxonomy skin"
"k__Bacteria|p__Firmicutes|c__Clostridia|o__Clostridia_unclassified|f__Clostridia_unclassified|g__Clostridia_unclassified|s__Clostridia_bacterium|t__SGB4402",0,0,NA,FALSE,FALSE,FALSE,NA,"HMP1-2 taxonomy skin"
"k__Bacteria|p__Firmicutes|c__Clostridia|o__Clostridiales|f__Lachnospiraceae|g__Lachnospiraceae_unclassified|s__Lachnospiraceae_bacterium|t__SGB4905",0,0,NA,FALSE,FALSE,FALSE,NA,"HMP1-2 taxonomy skin"
"k__Bacteria|p__Firmicutes|c__Clostridia|o__Clostridia_unclassified|f__Clostridia_unclassified|g__Candidatus_Pararuminococcus|s__Candidatus_Pararuminococcus_gallinarum|t__SGB63327",1,0.003125,8.88000444000222e-05,FALSE,FALSE,FALSE,NA,"HMP1-2 taxonomy skin"
"k__Bacteria|p__Firmicutes|c__Clostridia|o__Clostridia_unclassified|f__Clostridia_unclassified|g__Clostridia_unclassified|s__Clostridia_bacterium|t__SGB14185",0,0,NA,FALSE,FALSE,FALSE,NA,"HMP1-2 taxonomy skin"
"k__Bacteria|p__Firmicutes|c__Clostridia|o__Clostridiales|f__Clostridiaceae|g__GGB3478|s__GGB3478_SGB4643|t__SGB4643",3,0.009375,2.06333331166671e-05,FALSE,FALSE,FALSE,NA,"HMP1-2 taxonomy skin"
"k__Bacteria|p__Firmicutes|c__Clostridia|o__Clostridia_unclassified|f__Clostridia_unclassified|g__GGB9347|s__GGB9347_SGB14313|t__SGB14313",1,0.003125,0.0141104957668513,FALSE,TRUE,FALSE,NA,"HMP1-2 taxonomy skin"
"k__Bacteria|p__Firmicutes|c__Clostridia|o__Clostridiales|f__Lachnospiraceae|g__Lachnospiraceae_unclassified|s__Lachnospiraceae_bacterium|t__SGB4906",0,0,NA,FALSE,FALSE,FALSE,NA,"HMP1-2 taxonomy skin"
"k__Bacteria|p__Bacteroidetes|c__Bacteroidia|o__Bacteroidales|f__Bacteroidales_unclassified|g__GGB1543|s__GGB1543_SGB2126|t__SGB2126",3,0.009375,0.00116906683857337,FALSE,TRUE,FALSE,NA,"HMP1-2 taxonomy skin"
"k__Bacteria|p__Firmicutes|c__Clostridia|o__Clostridia_unclassified|f__Clostridia_unclassified|g__Clostridia_unclassified|s__Clostridia_bacterium|t__SGB14205",0,0,NA,FALSE,FALSE,FALSE,NA,"HMP1-2 taxonomy skin"
"k__Bacteria|p__Candidatus_Melainabacteria|c__Candidatus_Melainabacteria_unclassified|o__Candidatus_Gastranaerophilales|f__Candidatus_Gastranaerophilales_unclassified|g__Candidatus_Gastranaerophilales_unclassified|s__Candidatus_Gastranaerophilales_bacterium|t__SGB8601",1,0.003125,6.1e-06,FALSE,FALSE,FALSE,NA,"HMP1-2 taxonomy skin"
"k__Bacteria|p__Firmicutes|c__Clostridia|o__Clostridiales|f__Clostridiales_unclassified|g__Lawsonibacter|s__Lawsonibacter_sp_NSJ_51|t__SGB15131",0,0,NA,FALSE,FALSE,FALSE,NA,"HMP1-2 taxonomy skin"
"k__Bacteria|p__Firmicutes|c__Clostridia|o__Clostridiales|f__Lachnospiraceae|g__Blautia|s__Blautia_massiliensis|t__SGB4826_group",4,0.0125,0.00014995000782501,FALSE,FALSE,FALSE,NA,"HMP1-2 taxonomy skin"
"k__Bacteria|p__Firmicutes|c__Clostridia|o__Clostridiales|f__Ruminococcaceae|g__GGB9694|s__GGB9694_SGB15207|t__SGB15207",0,0,NA,FALSE,FALSE,FALSE,NA,"HMP1-2 taxonomy skin"
"k__Bacteria|p__Firmicutes|c__Bacilli|o__Bacilli_unclassified|f__Bacilli_unclassified|g__GGB4773|s__GGB4773_SGB6607|t__SGB6607",0,0,NA,FALSE,FALSE,FALSE,NA,"HMP1-2 taxonomy skin"
"k__Bacteria|p__Firmicutes|c__Clostridia|o__Clostridiales|f__Lachnospiraceae|g__Lachnospiraceae_unclassified|s__Lachnospiraceae_bacterium_NSJ_46|t__SGB47656",0,0,NA,FALSE,FALSE,FALSE,NA,"HMP1-2 taxonomy skin"
"k__Bacteria|p__Firmicutes|c__Clostridia|o__Clostridia_unclassified|f__Clostridia_unclassified|g__Clostridia_unclassified|s__Clostridia_bacterium|t__SGB3957",3,0.009375,0.000110300022560008,FALSE,FALSE,FALSE,NA,"HMP1-2 taxonomy skin"
"k__Bacteria|p__Firmicutes|c__Clostridia|o__Clostridia_unclassified|f__Clostridia_unclassified|g__Clostridia_unclassified|s__Clostridia_bacterium|t__SGB14136",0,0,NA,FALSE,FALSE,FALSE,NA,"HMP1-2 taxonomy skin"
"k__Bacteria|p__Firmicutes|c__Clostridia|o__Clostridiales|f__Lachnospiraceae|g__Dorea|s__Dorea_longicatena|t__SGB4581",4,0.0125,0.000914700365032662,FALSE,FALSE,FALSE,NA,"HMP1-2 taxonomy skin"
"k__Bacteria|p__Firmicutes|c__Clostridia|o__Clostridia_unclassified|f__Clostridia_unclassified|g__GGB9551|s__GGB9551_SGB14958|t__SGB14958",0,0,NA,FALSE,FALSE,FALSE,NA,"HMP1-2 taxonomy skin"
"k__Bacteria|p__Firmicutes|c__Clostridia|o__Clostridia_unclassified|f__Clostridia_unclassified|g__Candidatus_Allochristensenella|s__Candidatus_Allochristensenella_caecavium|t__SGB63369",1,0.003125,1.84000092000046e-05,FALSE,FALSE,FALSE,NA,"HMP1-2 taxonomy skin"
"k__Bacteria|p__Firmicutes|c__Clostridia|o__Clostridiales|f__Ruminococcaceae|g__GGB3344|s__GGB3344_SGB4424|t__SGB4424",0,0,NA,FALSE,FALSE,FALSE,NA,"HMP1-2 taxonomy skin"
"k__Bacteria|p__Firmicutes|c__Clostridia|o__Clostridiales|f__Lachnospiraceae|g__Lachnospiraceae_unclassified|s__Lachnospiraceae_bacterium|t__SGB4957",0,0,NA,FALSE,FALSE,FALSE,NA,"HMP1-2 taxonomy skin"
"k__Bacteria|p__Firmicutes|c__Clostridia|o__Clostridiales|f__Clostridiaceae|g__Clostridium|s__Clostridium_fessum|t__SGB4705",2,0.00625,0.000499600114460037,FALSE,FALSE,FALSE,NA,"HMP1-2 taxonomy skin"
"k__Bacteria|p__Firmicutes|c__Clostridia|o__Clostridiales|f__Lachnospiraceae|g__Coprococcus|s__Coprococcus_comes|t__SGB4577_group",4,0.0125,0.00158952525849507,FALSE,TRUE,FALSE,NA,"HMP1-2 taxonomy skin"
"k__Bacteria|p__Firmicutes|c__Clostridia|o__Clostridiales|f__Clostridiaceae|g__Clostridiaceae_unclassified|s__Clostridiaceae_bacterium_OM08_6BH|t__SGB4768",3,0.009375,0.00145666732067365,FALSE,TRUE,FALSE,NA,"HMP1-2 taxonomy skin"
"k__Bacteria|p__Firmicutes|c__Bacilli|o__Bacilli_unclassified|f__Bacilli_unclassified|g__GGB4651|s__GGB4651_SGB6438|t__SGB6438",0,0,NA,FALSE,FALSE,FALSE,NA,"HMP1-2 taxonomy skin"
"k__Bacteria|p__Actinobacteria|c__Coriobacteriia|o__Coriobacteriales|f__Coriobacteriaceae|g__Collinsella|s__Collinsella_aerofaciens|t__SGB14546_group",6,0.01875,0.000724333551673433,FALSE,FALSE,FALSE,NA,"HMP1-2 taxonomy skin"
"k__Bacteria|p__Firmicutes|c__Clostridia|o__Clostridiales|f__Lachnospiraceae|g__Lachnospiraceae_unclassified|s__Lachnospiraceae_bacterium|t__SGB4669",2,0.00625,0.000204300058170028,FALSE,FALSE,FALSE,NA,"HMP1-2 taxonomy skin"
"k__Bacteria|p__Firmicutes|c__Clostridia|o__Clostridia_unclassified|f__Clostridia_unclassified|g__Clostridia_unclassified|s__Clostridia_bacterium|t__SGB15377",0,0,NA,FALSE,FALSE,FALSE,NA,"HMP1-2 taxonomy skin"
"k__Bacteria|p__Bacteroidetes|c__Bacteroidia|o__Bacteroidales|f__Bacteroidaceae|g__Bacteroides|s__Bacteroides_stercoris|t__SGB1830_group",29,0.090625,0.0106859197747679,FALSE,TRUE,FALSE,NA,"HMP1-2 taxonomy skin"
"k__Bacteria|p__Lentisphaerae|c__Lentisphaeria|o__Lentisphaeria_unclassified|f__Lentisphaeria_unclassified|g__Lentisphaeria_unclassified|s__Lentisphaeria_bacterium|t__SGB9203",0,0,NA,FALSE,FALSE,FALSE,NA,"HMP1-2 taxonomy skin"
"k__Bacteria|p__Firmicutes|c__Clostridia|o__Clostridiales|f__Ruminococcaceae|g__Gemmiger|s__Gemmiger_SGB15299|t__SGB15299",1,0.003125,0.000367000146800059,FALSE,FALSE,FALSE,NA,"HMP1-2 taxonomy skin"
"k__Bacteria|p__Firmicutes|c__Clostridia|o__Clostridia_unclassified|f__Clostridia_unclassified|g__Clostridia_unclassified|s__Clostridia_bacterium|t__SGB3988",0,0,NA,FALSE,FALSE,FALSE,NA,"HMP1-2 taxonomy skin"
"k__Bacteria|p__Firmicutes|c__Clostridia|o__Clostridia_unclassified|f__Clostridia_unclassified|g__Clostridia_unclassified|s__Clostridia_bacterium|t__SGB14932",0,0,NA,FALSE,FALSE,FALSE,NA,"HMP1-2 taxonomy skin"
"k__Bacteria|p__Firmicutes|c__Clostridia|o__Clostridiales|f__Ruminococcaceae|g__Ruminococcaceae_unclassified|s__Ruminococcaceae_unclassified_SGB15257|t__SGB15257",0,0,NA,FALSE,FALSE,FALSE,NA,"HMP1-2 taxonomy skin"
"k__Bacteria|p__Firmicutes|c__Clostridia|o__Clostridiales|f__Lachnospiraceae|g__Anaerobutyricum|s__Anaerobutyricum_hallii|t__SGB4532",2,0.00625,0.000138700038770019,FALSE,FALSE,FALSE,NA,"HMP1-2 taxonomy skin"
"k__Bacteria|p__Firmicutes|c__Clostridia|o__Clostridia_unclassified|f__Clostridia_unclassified|g__GGB9239|s__GGB9239_SGB14181|t__SGB14181",0,0,NA,FALSE,FALSE,FALSE,NA,"HMP1-2 taxonomy skin"
"k__Bacteria|p__Firmicutes|c__Clostridia|o__Clostridia_unclassified|f__Clostridia_unclassified|g__Candidatus_Avimicrobium|s__Candidatus_Avimicrobium_caecorum|t__SGB15350",2,0.00625,0.00263160043196013,FALSE,TRUE,FALSE,NA,"HMP1-2 taxonomy skin"
"k__Bacteria|p__Actinobacteria|c__Actinobacteria|o__Bifidobacteriales|f__Bifidobacteriaceae|g__Bifidobacterium|s__Bifidobacterium_adolescentis|t__SGB17244",5,0.015625,0.000551320042998007,FALSE,FALSE,FALSE,NA,"HMP1-2 taxonomy skin"
"k__Bacteria|p__Firmicutes|c__Clostridia|o__Clostridiales|f__Ruminococcaceae|g__GGB9602|s__GGB9602_SGB15031|t__SGB15031",3,0.009375,0.000148600051066689,FALSE,FALSE,FALSE,NA,"HMP1-2 taxonomy skin"
"k__Bacteria|p__Firmicutes|c__Clostridia|o__Clostridia_unclassified|f__Clostridia_unclassified|g__Clostridia_unclassified|s__Clostridia_bacterium|t__SGB15373",3,0.009375,0.000124166691513342,FALSE,FALSE,FALSE,NA,"HMP1-2 taxonomy skin"
"k__Bacteria|p__Firmicutes|c__Clostridia|o__Clostridia_unclassified|f__Clostridia_unclassified|g__Clostridia_unclassified|s__Clostridia_bacterium|t__SGB3986",0,0,NA,FALSE,FALSE,FALSE,NA,"HMP1-2 taxonomy skin"
"k__Bacteria|p__Firmicutes|c__Clostridia|o__Clostridia_unclassified|f__Clostridia_unclassified|g__GGB9537|s__GGB9537_SGB14940|t__SGB14940",0,0,NA,FALSE,FALSE,FALSE,NA,"HMP1-2 taxonomy skin"
"k__Bacteria|p__Firmicutes|c__CFGB11737|o__OFGB11737|f__FGB11737|g__GGB34228|s__GGB34228_SGB72916|t__SGB72916",0,0,NA,FALSE,FALSE,FALSE,NA,"HMP1-2 taxonomy skin"
"k__Bacteria|p__Firmicutes|c__Clostridia|o__Clostridia_unclassified|f__Clostridia_unclassified|g__Candidatus_Neoruminococcus|s__Candidatus_Neoruminococcus_faecicola|t__SGB63342",0,0,NA,FALSE,FALSE,FALSE,NA,"HMP1-2 taxonomy skin"
"k__Bacteria|p__Firmicutes|c__Clostridia|o__Clostridia_unclassified|f__Clostridia_unclassified|g__Clostridia_unclassified|s__Clostridia_bacterium|t__SGB4435",0,0,NA,FALSE,FALSE,FALSE,NA,"HMP1-2 taxonomy skin"
"k__Bacteria|p__Proteobacteria|c__Gammaproteobacteria|o__Enterobacterales|f__Enterobacteriaceae|g__Escherichia|s__Escherichia_coli|t__SGB10068",35,0.109375,0.0449147578971011,TRUE,TRUE,TRUE,0.222215701528477,"HMP1-2 taxonomy skin"
"k__Bacteria|p__Firmicutes|c__Clostridia|o__Clostridia_unclassified|f__Clostridia_unclassified|g__Clostridia_unclassified|s__Clostridia_bacterium|t__SGB4155",0,0,NA,FALSE,FALSE,FALSE,NA,"HMP1-2 taxonomy skin"
"k__Bacteria|p__Firmicutes|c__Clostridia|o__Clostridia_unclassified|f__Clostridia_unclassified|g__Clostridia_unclassified|s__Clostridia_unclassified_SGB6371|t__SGB6371",1,0.003125,0.000657999868400026,FALSE,FALSE,FALSE,NA,"HMP1-2 taxonomy skin"
"k__Bacteria|p__Firmicutes|c__Erysipelotrichia|o__Erysipelotrichales|f__Erysipelotrichaceae|g__Erysipelatoclostridium|s__Clostridium_spiroforme|t__SGB6747",2,0.00625,0.000408700040705004,FALSE,FALSE,FALSE,NA,"HMP1-2 taxonomy skin"
"k__Bacteria|p__Firmicutes|c__Bacilli|o__Bacilli_unclassified|f__Bacilli_unclassified|g__Bacilli_unclassified|s__Bacilli_bacterium|t__SGB6503",0,0,NA,FALSE,FALSE,FALSE,NA,"HMP1-2 taxonomy skin"
"k__Bacteria|p__Firmicutes|c__Clostridia|o__Clostridia_unclassified|f__Clostridia_unclassified|g__Candidatus_Alloruminococcus|s__Candidatus_Alloruminococcus_vanvlietii|t__SGB63325",0,0,NA,FALSE,FALSE,FALSE,NA,"HMP1-2 taxonomy skin"
"k__Bacteria|p__Firmicutes|c__Clostridia|o__Clostridiales|f__Ruminococcaceae|g__GGB9694|s__GGB9694_SGB15201|t__SGB15201",0,0,NA,FALSE,FALSE,FALSE,NA,"HMP1-2 taxonomy skin"
"k__Bacteria|p__Firmicutes|c__Clostridia|o__Clostridia_unclassified|f__Clostridia_unclassified|g__Clostridia_unclassified|s__Clostridia_bacterium|t__SGB14307",0,0,NA,FALSE,FALSE,FALSE,NA,"HMP1-2 taxonomy skin"
"k__Bacteria|p__Firmicutes|c__Clostridia|o__Clostridiales|f__Lachnospiraceae|g__Blautia|s__Blautia_sp_OF03_15BH|t__SGB4779",2,0.00625,0.000219750083940033,FALSE,FALSE,FALSE,NA,"HMP1-2 taxonomy skin"
"k__Bacteria|p__Firmicutes|c__Clostridia|o__Clostridiales|f__Lachnospiraceae|g__Blautia|s__Blautia_obeum|t__SGB4809",2,0.00625,6.34999907750028e-05,FALSE,FALSE,FALSE,NA,"HMP1-2 taxonomy skin"
"k__Bacteria|p__Firmicutes|c__Clostridia|o__Clostridiales|f__Lachnospiraceae|g__Lachnospiraceae_unclassified|s__Lachnospiraceae_bacterium|t__SGB4953",0,0,NA,FALSE,FALSE,FALSE,NA,"HMP1-2 taxonomy skin"
"k__Bacteria|p__Firmicutes|c__Clostridia|o__Clostridiales|f__Ruminococcaceae|g__Ruminococcaceae_unclassified|s__Ruminococcaceae_unclassified_SGB15234|t__SGB15234",5,0.015625,0.00710427793747663,FALSE,TRUE,FALSE,NA,"HMP1-2 taxonomy skin"
"k__Bacteria|p__Firmicutes|c__Negativicutes|o__Acidaminococcales|f__Acidaminococcaceae|g__Phascolarctobacterium|s__Phascolarctobacterium_faecium|t__SGB5792",7,0.021875,0.00198629993812156,FALSE,TRUE,FALSE,NA,"HMP1-2 taxonomy skin"
"k__Bacteria|p__Firmicutes|c__Clostridia|o__Clostridiales|f__Clostridiales_unclassified|g__Clostridiales_unclassified|s__Clostridiales_unclassified_SGB15145|t__SGB15145",2,0.00625,0.00207225103077551,FALSE,TRUE,FALSE,NA,"HMP1-2 taxonomy skin"
"k__Bacteria|p__Firmicutes|c__Clostridia|o__Clostridiales|f__Lachnospiraceae|g__Roseburia|s__Roseburia_sp_AF02_12|t__SGB4938",9,0.028125,0.0018847338454547,FALSE,TRUE,FALSE,NA,"HMP1-2 taxonomy skin"
"k__Bacteria|p__Firmicutes|c__Clostridia|o__Clostridiales|f__Ruminococcaceae|g__GGB9512|s__GGB9512_SGB14909|t__SGB14909",1,0.003125,0.000240100096040038,FALSE,FALSE,FALSE,NA,"HMP1-2 taxonomy skin"
"k__Bacteria|p__Firmicutes|c__Clostridia|o__Clostridia_unclassified|f__Clostridia_unclassified|g__Clostridia_unclassified|s__Clostridia_unclassified_SGB14951|t__SGB14951",0,0,NA,FALSE,FALSE,FALSE,NA,"HMP1-2 taxonomy skin"
"k__Bacteria|p__Firmicutes|c__Clostridia|o__Clostridiales|f__Ruminococcaceae|g__GGB9634|s__GGB9634_SGB15093|t__SGB15093",0,0,NA,FALSE,FALSE,FALSE,NA,"HMP1-2 taxonomy skin"
"k__Bacteria|p__Firmicutes|c__Clostridia|o__Clostridiales|f__Ruminococcaceae|g__Faecalibacterium|s__Faecalibacterium_SGB15346|t__SGB15346",6,0.01875,0.00355620160733243,FALSE,TRUE,FALSE,NA,"HMP1-2 taxonomy skin"
"k__Bacteria|p__Firmicutes|c__Clostridia|o__Clostridiales|f__Christensenellaceae|g__Christensenellaceae_unclassified|s__Christensenellaceae_bacterium|t__SGB14127",0,0,NA,FALSE,FALSE,FALSE,NA,"HMP1-2 taxonomy skin"
"k__Bacteria|p__Firmicutes|c__Clostridia|o__Clostridiales|f__Ruminococcaceae|g__Faecalibacterium|s__Faecalibacterium_SGB15345|t__SGB15345",0,0,NA,FALSE,FALSE,FALSE,NA,"HMP1-2 taxonomy skin"
"k__Bacteria|p__Firmicutes|c__Clostridia|o__Clostridiales|f__Eubacteriaceae|g__Eubacteriaceae_unclassified|s__Eubacteriaceae_bacterium|t__SGB3958",2,0.00625,5.0650014470007e-05,FALSE,FALSE,FALSE,NA,"HMP1-2 taxonomy skin"
"k__Bacteria|p__Firmicutes|c__Clostridia|o__Clostridiales|f__Ruminococcaceae|g__Anaerotruncus|s__Anaerotruncus_massiliensis|t__SGB14965",0,0,NA,FALSE,FALSE,FALSE,NA,"HMP1-2 taxonomy skin"
"k__Bacteria|p__Firmicutes|c__Clostridia|o__Clostridiales|f__Ruminococcaceae|g__Ruminococcaceae_unclassified|s__Ruminococcaceae_unclassified_SGB15260|t__SGB15260",1,0.003125,0.0063980031990016,FALSE,TRUE,FALSE,NA,"HMP1-2 taxonomy skin"
"k__Bacteria|p__Firmicutes|c__Clostridia|o__Clostridiales|f__Ruminococcaceae|g__Ruminococcaceae_unclassified|s__Ruminococcaceae_bacterium_AM07_15|t__SGB14974",0,0,NA,FALSE,FALSE,FALSE,NA,"HMP1-2 taxonomy skin"
"k__Bacteria|p__Bacteroidetes|c__Bacteroidia|o__Bacteroidales|f__Barnesiellaceae|g__Coprobacter|s__Coprobacter_secundus|t__SGB1962",1,0.003125,0.00616620308310154,FALSE,TRUE,FALSE,NA,"HMP1-2 taxonomy skin"
"k__Bacteria|p__Proteobacteria|c__Deltaproteobacteria|o__Desulfovibrionales|f__Desulfovibrionaceae|g__Desulfovibrio|s__Desulfovibrio_desulfuricans|t__SGB15463",0,0,NA,FALSE,FALSE,FALSE,NA,"HMP1-2 taxonomy skin"
"k__Bacteria|p__Firmicutes|c__Clostridia|o__Clostridiales|f__Lachnospiraceae|g__Anaerosacchariphilus|s__Anaerosacchariphilus_sp_NSJ_68|t__SGB4772",0,0,NA,FALSE,FALSE,FALSE,NA,"HMP1-2 taxonomy skin"
"k__Bacteria|p__Firmicutes|c__Clostridia|o__Clostridia_unclassified|f__Clostridia_unclassified|g__Clostridia_unclassified|s__Clostridia_bacterium|t__SGB6328",0,0,NA,FALSE,FALSE,FALSE,NA,"HMP1-2 taxonomy skin"
"k__Bacteria|p__Firmicutes|c__Clostridia|o__Clostridia_unclassified|f__Clostridia_unclassified|g__Candidatus_Schneewindia|s__Candidatus_Schneewindia_gallinarum|t__SGB63326",0,0,NA,FALSE,FALSE,FALSE,NA,"HMP1-2 taxonomy skin"
"k__Bacteria|p__Firmicutes|c__Clostridia|o__Clostridiales|f__Ruminococcaceae|g__GGB9699|s__GGB9699_SGB15216|t__SGB15216",2,0.00625,0.000605700240525096,FALSE,FALSE,FALSE,NA,"HMP1-2 taxonomy skin"
"k__Bacteria|p__Firmicutes|c__Clostridia|o__Clostridia_unclassified|f__Clostridia_unclassified|g__Clostridia_unclassified|s__Clostridia_bacterium|t__SGB3573",1,0.003125,2.38000095200038e-05,FALSE,FALSE,FALSE,NA,"HMP1-2 taxonomy skin"
"k__Bacteria|p__Firmicutes|c__Clostridia|o__Clostridiales|f__Ruminococcaceae|g__Ruminococcaceae_unclassified|s__Ruminococcaceae_bacterium_D5|t__SGB14960",0,0,NA,FALSE,FALSE,FALSE,NA,"HMP1-2 taxonomy skin"
"k__Bacteria|p__Firmicutes|c__Clostridia|o__Clostridia_unclassified|f__Clostridia_unclassified|g__Clostridia_unclassified|s__Clostridia_bacterium|t__SGB5197",0,0,NA,FALSE,FALSE,FALSE,NA,"HMP1-2 taxonomy skin"
"k__Bacteria|p__Firmicutes|c__CFGB1287|o__OFGB1287|f__FGB1287|g__GGB3103|s__GGB3103_SGB4112|t__SGB4112",0,0,NA,FALSE,FALSE,FALSE,NA,"HMP1-2 taxonomy skin"
"k__Bacteria|p__Firmicutes|c__Clostridia|o__Clostridiales|f__Ruminococcaceae|g__GGB9619|s__GGB9619_SGB15067|t__SGB15067",1,0.003125,0.000526200263100132,FALSE,FALSE,FALSE,NA,"HMP1-2 taxonomy skin"
"k__Bacteria|p__Bacteroidetes|c__Bacteroidia|o__Bacteroidales|f__Rikenellaceae|g__Rikenellaceae_unclassified|s__Rikenellaceae_bacterium|t__SGB48104",0,0,NA,FALSE,FALSE,FALSE,NA,"HMP1-2 taxonomy skin"
"k__Bacteria|p__Firmicutes|c__Clostridia|o__Clostridia_unclassified|f__Clostridia_unclassified|g__Clostridia_unclassified|s__Clostridia_bacterium|t__SGB15395",0,0,NA,FALSE,FALSE,FALSE,NA,"HMP1-2 taxonomy skin"
"k__Bacteria|p__Firmicutes|c__Clostridia|o__Clostridiales|f__Ruminococcaceae|g__GGB9591|s__GGB9591_SGB15013|t__SGB15013",0,0,NA,FALSE,FALSE,FALSE,NA,"HMP1-2 taxonomy skin"
"k__Bacteria|p__Firmicutes|c__Clostridia|o__Clostridia_unclassified|f__Clostridia_unclassified|g__GGB9342|s__GGB9342_SGB14306|t__SGB14306",1,0.003125,0.0639648808105358,FALSE,TRUE,FALSE,NA,"HMP1-2 taxonomy skin"
"k__Bacteria|p__Firmicutes|c__Clostridia|o__Clostridiales|f__Ruminococcaceae|g__Ruminococcaceae_unclassified|s__Clostridium_leptum|t__SGB14853",5,0.015625,0.000511400228826111,FALSE,FALSE,FALSE,NA,"HMP1-2 taxonomy skin"
"k__Bacteria|p__Firmicutes|c__Clostridia|o__Clostridiales|f__Lachnospiraceae|g__Blautia|s__Blautia_glucerasea|t__SGB4816",0,0,NA,FALSE,FALSE,FALSE,NA,"HMP1-2 taxonomy skin"
"k__Bacteria|p__Firmicutes|c__Erysipelotrichia|o__Erysipelotrichales|f__Erysipelotrichaceae|g__Holdemania|s__Holdemania_filiformis|t__SGB4046",1,0.003125,0.000203200101600051,FALSE,FALSE,FALSE,NA,"HMP1-2 taxonomy skin"
"k__Bacteria|p__Firmicutes|c__Clostridia|o__Clostridiales|f__Ruminococcaceae|g__Ruminococcaceae_unclassified|s__Ruminococcaceae_bacterium|t__SGB15272",0,0,NA,FALSE,FALSE,FALSE,NA,"HMP1-2 taxonomy skin"
"k__Bacteria|p__Firmicutes|c__Clostridia|o__Clostridiales|f__Ruminococcaceae|g__GGB9590|s__GGB9590_SGB15012|t__SGB15012",0,0,NA,FALSE,FALSE,FALSE,NA,"HMP1-2 taxonomy skin"
"k__Bacteria|p__Firmicutes|c__Clostridia|o__Clostridia_unclassified|f__Clostridia_unclassified|g__Clostridia_unclassified|s__Clostridia_bacterium|t__SGB15413",0,0,NA,FALSE,FALSE,FALSE,NA,"HMP1-2 taxonomy skin"
"k__Bacteria|p__Firmicutes|c__Clostridia|o__Clostridiales|f__Lachnospiraceae|g__Blautia|s__Blautia_sp_MSK_21_1|t__SGB4829",1,0.003125,0.000156599968680006,FALSE,FALSE,FALSE,NA,"HMP1-2 taxonomy skin"
"k__Bacteria|p__Firmicutes|c__Clostridia|o__Clostridia_unclassified|f__Clostridia_unclassified|g__Clostridia_unclassified|s__Clostridia_bacterium|t__SGB14929",0,0,NA,FALSE,FALSE,FALSE,NA,"HMP1-2 taxonomy skin"
"k__Bacteria|p__Firmicutes|c__Clostridia|o__Clostridia_unclassified|f__Clostridia_unclassified|g__Clostridia_unclassified|s__Clostridia_bacterium|t__SGB3580",0,0,NA,FALSE,FALSE,FALSE,NA,"HMP1-2 taxonomy skin"
"k__Bacteria|p__Firmicutes|c__Clostridia|o__Clostridia_unclassified|f__Clostridia_unclassified|g__Clostridia_unclassified|s__Clostridia_bacterium|t__SGB14255",0,0,NA,FALSE,FALSE,FALSE,NA,"HMP1-2 taxonomy skin"
"k__Bacteria|p__Actinobacteria|c__Coriobacteriia|o__Coriobacteriia_unclassified|f__Coriobacteriia_unclassified|g__Coriobacteriia_unclassified|s__Coriobacteriia_bacterium|t__SGB14770",0,0,NA,FALSE,FALSE,FALSE,NA,"HMP1-2 taxonomy skin"
"k__Bacteria|p__Firmicutes|c__Clostridia|o__Clostridiales|f__Ruminococcaceae|g__Ruminococcaceae_unclassified|s__Ruminococcaceae_unclassified_SGB15233|t__SGB15233",0,0,NA,FALSE,FALSE,FALSE,NA,"HMP1-2 taxonomy skin"
"k__Bacteria|p__Firmicutes|c__Clostridia|o__Clostridia_unclassified|f__Clostridia_unclassified|g__Clostridia_unclassified|s__Clostridia_bacterium|t__SGB4136",0,0,NA,FALSE,FALSE,FALSE,NA,"HMP1-2 taxonomy skin"
"k__Bacteria|p__Firmicutes|c__Clostridia|o__Clostridia_unclassified|f__Clostridia_unclassified|g__Clostridia_unclassified|s__Clostridia_bacterium|t__SGB15390",0,0,NA,FALSE,FALSE,FALSE,NA,"HMP1-2 taxonomy skin"
"k__Bacteria|p__Firmicutes|c__CFGB42691|o__OFGB42691|f__FGB42691|g__GGB51441|s__GGB51441_SGB71759|t__SGB71759",1,0.003125,3.57000142800057e-05,FALSE,FALSE,FALSE,NA,"HMP1-2 taxonomy skin"
"k__Bacteria|p__Firmicutes|c__Clostridia|o__Clostridiales|f__Lachnospiraceae|g__Mediterraneibacter|s__Mediterraneibacter_sp_gm002|t__SGB4553",0,0,NA,FALSE,FALSE,FALSE,NA,"HMP1-2 taxonomy skin"
"k__Bacteria|p__Firmicutes|c__Clostridia|o__Clostridiales|f__Clostridiaceae|g__Clostridium|s__Clostridium_sp_AM33_3|t__SGB4711",1,0.003125,0.000133400053360021,FALSE,FALSE,FALSE,NA,"HMP1-2 taxonomy skin"
"k__Bacteria|p__Firmicutes|c__Clostridia|o__Clostridiales|f__Lachnospiraceae|g__Catenibacillus|s__Catenibacillus_scindens|t__SGB59869",1,0.003125,9.10000091000009e-06,FALSE,FALSE,FALSE,NA,"HMP1-2 taxonomy skin"
"k__Bacteria|p__Firmicutes|c__Erysipelotrichia|o__Erysipelotrichales|f__Erysipelotrichaceae|g__Turicibacter|s__Turicibacter_sanguinis|t__SGB6847",2,0.00625,0.000299000069950023,FALSE,FALSE,FALSE,NA,"HMP1-2 taxonomy skin"
"k__Bacteria|p__Bacteroidetes|c__Bacteroidia|o__Bacteroidales|f__Rikenellaceae|g__Alistipes|s__Alistipes_provencensis|t__SGB2298",0,0,NA,FALSE,FALSE,FALSE,NA,"HMP1-2 taxonomy skin"
"k__Bacteria|p__Firmicutes|c__Clostridia|o__Clostridia_unclassified|f__Clostridia_unclassified|g__Clostridia_unclassified|s__Clostridia_bacterium|t__SGB14253",1,0.003125,4.9999990000002e-07,FALSE,FALSE,FALSE,NA,"HMP1-2 taxonomy skin"
"k__Bacteria|p__Firmicutes|c__Clostridia|o__Clostridiales|f__Lachnospiraceae|g__GGB3614|s__GGB3614_SGB4886|t__SGB4886",2,0.00625,0.000114000010190001,FALSE,FALSE,FALSE,NA,"HMP1-2 taxonomy skin"
"k__Bacteria|p__Firmicutes|c__CFGB2916|o__OFGB2916|f__FGB2916|g__GGB9237|s__GGB9237_SGB14179|t__SGB14179",0,0,NA,FALSE,FALSE,FALSE,NA,"HMP1-2 taxonomy skin"
"k__Bacteria|p__Lentisphaerae|c__Lentisphaeria|o__Lentisphaeria_unclassified|f__Lentisphaeria_unclassified|g__Lentisphaeria_unclassified|s__Lentisphaeria_bacterium|t__SGB9205",2,0.00625,0.000137549971350006,FALSE,FALSE,FALSE,NA,"HMP1-2 taxonomy skin"
"k__Bacteria|p__Firmicutes|c__Clostridia|o__Clostridiales|f__Lachnospiraceae|g__Lachnospiraceae_unclassified|s__Lachnospiraceae_bacterium|t__SGB4781",3,0.009375,4.3600005700002e-05,FALSE,FALSE,FALSE,NA,"HMP1-2 taxonomy skin"
"k__Bacteria|p__Proteobacteria|c__Betaproteobacteria|o__Neisseriales|f__Neisseriaceae|g__Neisseria|s__Neisseria_sicca|t__SGB9465_group",20,0.0625,0.000837749959901551,FALSE,FALSE,FALSE,NA,"HMP1-2 taxonomy skin"
"k__Bacteria|p__Bacteroidetes|c__Bacteroidia|o__Bacteroidales|f__Prevotellaceae|g__Prevotella|s__Prevotella_sp_A2879|t__SGB1542",3,0.009375,0.0175546017278168,FALSE,TRUE,FALSE,NA,"HMP1-2 taxonomy skin"
"k__Bacteria|p__Bacteroidetes|c__Flavobacteriia|o__Flavobacteriales|f__Weeksellaceae|g__GGB1844|s__GGB1844_SGB2532|t__SGB2532",15,0.046875,0.000862260099820683,FALSE,FALSE,FALSE,NA,"HMP1-2 taxonomy skin"
"k__Bacteria|p__Bacteroidetes|c__Bacteroidia|o__Bacteroidales|f__Prevotellaceae|g__Alloprevotella|s__Alloprevotella_SGB1463|t__SGB1463",7,0.021875,0.000169399996297144,FALSE,FALSE,FALSE,NA,"HMP1-2 taxonomy skin"
"k__Bacteria|p__Bacteroidetes|c__Bacteroidia|o__Bacteroidales|f__Prevotellaceae|g__Prevotella|s__Prevotella_scopos|t__SGB1544",1,0.003125,0.00290110029011003,FALSE,TRUE,FALSE,NA,"HMP1-2 taxonomy skin"
"k__Bacteria|p__Proteobacteria|c__Epsilonproteobacteria|o__Campylobacterales|f__Campylobacteraceae|g__Campylobacter|s__Campylobacter_SGB19314|t__SGB19314",0,0,NA,FALSE,FALSE,FALSE,NA,"HMP1-2 taxonomy skin"
"k__Bacteria|p__Proteobacteria|c__Gammaproteobacteria|o__Pasteurellales|f__Pasteurellaceae|g__Haemophilus|s__Haemophilus_paraphrohaemolyticus|t__SGB9634",6,0.01875,0.000124300008980002,FALSE,FALSE,FALSE,NA,"HMP1-2 taxonomy skin"
"k__Bacteria|p__Firmicutes|c__Negativicutes|o__Selenomonadales|f__Selenomonadaceae|g__GGB4308|s__GGB4308_SGB5895|t__SGB5895",0,0,NA,FALSE,FALSE,FALSE,NA,"HMP1-2 taxonomy skin"
"k__Bacteria|p__Bacteroidetes|c__Flavobacteriia|o__Flavobacteriales|f__Flavobacteriaceae|g__Capnocytophaga|s__Capnocytophaga_sp_oral_taxon_338|t__SGB2478",0,0,NA,FALSE,FALSE,FALSE,NA,"HMP1-2 taxonomy skin"
"k__Bacteria|p__Fusobacteria|c__Fusobacteriia|o__Fusobacteriales|f__Leptotrichiaceae|g__Leptotrichia|s__Leptotrichia_sp_oral_taxon_498|t__SGB6053",1,0.003125,0.000177700017770002,FALSE,FALSE,FALSE,NA,"HMP1-2 taxonomy skin"
"k__Bacteria|p__Proteobacteria|c__Betaproteobacteria|o__Neisseriales|f__Neisseriaceae|g__Neisseria|s__Neisseria_cinerea|t__SGB9460",6,0.01875,0.000908699922455009,FALSE,FALSE,FALSE,NA,"HMP1-2 taxonomy skin"
"k__Bacteria|p__Fusobacteria|c__Fusobacteriia|o__Fusobacteriales|f__Leptotrichiaceae|g__Leptotrichia|s__Leptotrichia_hofstadii|t__SGB6062",1,0.003125,2.86e-05,FALSE,FALSE,FALSE,NA,"HMP1-2 taxonomy skin"
"k__Bacteria|p__Firmicutes|c__Bacilli|o__Lactobacillales|f__Streptococcaceae|g__Streptococcus|s__Streptococcus_pneumoniae|t__SGB8138",9,0.028125,0.0387995965270326,FALSE,TRUE,FALSE,NA,"HMP1-2 taxonomy skin"
"k__Bacteria|p__Bacteroidetes|c__Bacteroidia|o__Bacteroidales|f__Prevotellaceae|g__GGB1186|s__GGB1186_SGB1534|t__SGB1534",0,0,NA,FALSE,FALSE,FALSE,NA,"HMP1-2 taxonomy skin"
"k__Bacteria|p__Bacteroidetes|c__Bacteroidia|o__Bacteroidales|f__Prevotellaceae|g__Prevotella|s__Prevotella_conceptionensis|t__SGB1458_group",3,0.009375,0.000589866617366714,FALSE,FALSE,FALSE,NA,"HMP1-2 taxonomy skin"
"k__Bacteria|p__Bacteroidetes|c__Flavobacteriia|o__Flavobacteriales|f__Flavobacteriaceae|g__GGB1833|s__GGB1833_SGB2477|t__SGB2477",2,0.00625,0.00048835009704002,FALSE,FALSE,FALSE,NA,"HMP1-2 taxonomy skin"
"k__Bacteria|p__Candidatus_Saccharibacteria|c__Candidatus_Nanosyncoccalia|o__Candidatus_Nanogingivales|f__Candidatus_Nanogingivalaceae|g__GGB12783|s__GGB12783_SGB19821|t__SGB19821",0,0,NA,FALSE,FALSE,FALSE,NA,"HMP1-2 taxonomy skin"
"k__Bacteria|p__Candidatus_Absconditabacteria|c__Candidatus_Absconditabacteria_unclassified|o__Candidatus_Absconditabacteria_unclassified|f__Candidatus_Absconditabacteria_unclassified|g__Candidatus_Absconditabacteria_unclassified|s__Candidatus_Absconditabacteria_unclassified_SGB6894|t__SGB6894",2,0.00625,0.000950750033885004,FALSE,FALSE,FALSE,NA,"HMP1-2 taxonomy skin"
"k__Bacteria|p__Bacteroidetes|c__Bacteroidia|o__Bacteroidales|f__Tannerellaceae|g__Tannerella|s__Tannerella_sp_oral_taxon_808|t__SGB2047",0,0,NA,FALSE,FALSE,FALSE,NA,"HMP1-2 taxonomy skin"
"k__Bacteria|p__Candidatus_Saccharibacteria|c__Candidatus_Nanosyncoccalia|o__Candidatus_Nanogingivales|f__Candidatus_Nanogingivalaceae|g__Candidatus_Nanogingivalis|s__Candidatus_Nanogingivalis_gingivitcus|t__SGB19822",2,0.00625,1.14000021650004e-05,FALSE,FALSE,FALSE,NA,"HMP1-2 taxonomy skin"
"k__Bacteria|p__Candidatus_Saccharibacteria|c__Candidatus_Saccharibacteria_unclassified|o__Candidatus_Saccharibacteria_unclassified|f__Candidatus_Saccharibacteria_unclassified|g__Candidatus_Saccharibacteria_unclassified|s__Candidatus_Saccharibacteria_bacterium_oral_taxon_955|t__SGB19921",1,0.003125,0.000281900084570025,FALSE,FALSE,FALSE,NA,"HMP1-2 taxonomy skin"
"k__Bacteria|p__Candidatus_Gracilibacteria|c__Candidatus_Gracilibacteria_unclassified|o__Candidatus_Gracilibacteria_unclassified|f__Candidatus_Gracilibacteria_unclassified|g__Candidatus_Gracilibacteria_unclassified|s__Candidatus_Gracilibacteria_bacterium_GN02_873|t__SGB3516",0,0,NA,FALSE,FALSE,FALSE,NA,"HMP1-2 taxonomy skin"
"k__Bacteria|p__Firmicutes|c__Negativicutes|o__Selenomonadales|f__Selenomonadaceae|g__Selenomonas|s__Selenomonas_SGB5891|t__SGB5891",0,0,NA,FALSE,FALSE,FALSE,NA,"HMP1-2 taxonomy skin"
"k__Bacteria|p__Bacteroidetes|c__CFGB570|o__OFGB570|f__FGB570|g__GGB1201|s__GGB1201_SGB1566|t__SGB1566",0,0,NA,FALSE,FALSE,FALSE,NA,"HMP1-2 taxonomy skin"
"k__Bacteria|p__Firmicutes|c__Bacilli|o__Lactobacillales|f__Enterococcaceae|g__Enterococcus|s__Enterococcus_faecalis|t__SGB7962",3,0.009375,0.00548910071526346,FALSE,TRUE,FALSE,NA,"HMP1-2 taxonomy skin"
"k__Bacteria|p__Firmicutes|c__Clostridia|o__Clostridiales|f__Lachnospiraceae|g__Lachnoanaerobaculum|s__Lachnoanaerobaculum_saburreum|t__SGB4481",1,0.003125,2e-06,FALSE,FALSE,FALSE,NA,"HMP1-2 taxonomy skin"
"k__Eukaryota|p__Ascomycota|c__Saccharomycetes|o__Saccharomycetales|f__Debaryomycetaceae|g__Candida|s__Candida_albicans|t__EUK5476",0,0,NA,FALSE,FALSE,FALSE,NA,"HMP1-2 taxonomy skin"
"k__Bacteria|p__Firmicutes|c__Clostridia|o__Clostridia_unclassified|f__Clostridia_unclassified|g__Clostridia_unclassified|s__Clostridia_unclassified_SGB13972|t__SGB13972",1,0.003125,0.0593157822052654,FALSE,TRUE,FALSE,NA,"HMP1-2 taxonomy skin"
"k__Bacteria|p__Bacteroidetes|c__Bacteroidia|o__Bacteroidales|f__Prevotellaceae|g__Prevotella|s__Prevotella_sp_oral_taxon_299|t__SGB1535",1,0.003125,3.47000034700003e-05,FALSE,FALSE,FALSE,NA,"HMP1-2 taxonomy skin"
"k__Bacteria|p__Firmicutes|c__Bacilli|o__Bacilli_unclassified|f__Bacilli_unclassified|g__Bacilli_unclassified|s__Bacilli_unclassified_SGB6571|t__SGB6571",1,0.003125,0.0242662927201122,FALSE,TRUE,FALSE,NA,"HMP1-2 taxonomy skin"
"k__Bacteria|p__Bacteroidetes|c__Bacteroidia|o__Bacteroidales|f__Odoribacteraceae|g__Odoribacter|s__Odoribacter_laneus|t__SGB1792",1,0.003125,0.0097907990209201,FALSE,TRUE,FALSE,NA,"HMP1-2 taxonomy skin"
"k__Bacteria|p__Proteobacteria|c__CFGB1021|o__OFGB1021|f__FGB1021|g__GGB2670|s__GGB2670_SGB3597|t__SGB3597",1,0.003125,3.23e-05,FALSE,FALSE,FALSE,NA,"HMP1-2 taxonomy skin"
"k__Bacteria|p__Firmicutes|c__Negativicutes|o__Selenomonadales|f__Selenomonadaceae|g__Selenomonas|s__Selenomonas_massiliensis|t__SGB5886",0,0,NA,FALSE,FALSE,FALSE,NA,"HMP1-2 taxonomy skin"
"k__Bacteria|p__Proteobacteria|c__Betaproteobacteria|o__Neisseriales|f__Neisseriaceae|g__Neisseria|s__Neisseria_bacilliformis|t__SGB9426",1,0.003125,0.0023899004779801,FALSE,TRUE,FALSE,NA,"HMP1-2 taxonomy skin"
"k__Bacteria|p__Firmicutes|c__Negativicutes|o__Selenomonadales|f__Selenomonadaceae|g__Selenomonas|s__Selenomonas_sp_oral_taxon_126|t__SGB5888",0,0,NA,FALSE,FALSE,FALSE,NA,"HMP1-2 taxonomy skin"
"k__Bacteria|p__Spirochaetes|c__Spirochaetia|o__Spirochaetales|f__Spirochaetaceae|g__Treponema|s__Treponema_vincentii|t__SGB3602",0,0,NA,FALSE,FALSE,FALSE,NA,"HMP1-2 taxonomy skin"
"k__Bacteria|p__Firmicutes|c__Negativicutes|o__Selenomonadales|f__Selenomonadaceae|g__Selenomonas|s__Selenomonas_sp_FOBRC6|t__SGB5889",0,0,NA,FALSE,FALSE,FALSE,NA,"HMP1-2 taxonomy skin"
"k__Bacteria|p__Bacteroidetes|c__Bacteroidia|o__Bacteroidales|f__Porphyromonadaceae|g__GGB1474|s__GGB1474_SGB2040|t__SGB2040",0,0,NA,FALSE,FALSE,FALSE,NA,"HMP1-2 taxonomy skin"
"k__Bacteria|p__Firmicutes|c__Negativicutes|o__Selenomonadales|f__Selenomonadaceae|g__Selenomonas|s__Selenomonas_sp_oral_taxon_920|t__SGB25061",0,0,NA,FALSE,FALSE,FALSE,NA,"HMP1-2 taxonomy skin"
"k__Bacteria|p__Fusobacteria|c__Fusobacteriia|o__Fusobacteriales|f__Leptotrichiaceae|g__Leptotrichia|s__Leptotrichia_sp_oral_taxon_223|t__SGB77498",0,0,NA,FALSE,FALSE,FALSE,NA,"HMP1-2 taxonomy skin"
"k__Bacteria|p__Bacteroidetes|c__Bacteroidia|o__Bacteroidales|f__Bacteroidales_unclassified|g__Phocaeicola|s__Phocaeicola_coprocola|t__SGB1891_group",3,0.009375,0.000515100132990042,FALSE,FALSE,FALSE,NA,"HMP1-2 taxonomy skin"
"k__Bacteria|p__Firmicutes|c__Clostridia|o__Clostridia_unclassified|f__Clostridia_unclassified|g__GGB4569|s__GGB4569_SGB6312|t__SGB6312",0,0,NA,FALSE,FALSE,FALSE,NA,"HMP1-2 taxonomy skin"
"k__Bacteria|p__Verrucomicrobia|c__Verrucomicrobiae|o__Verrucomicrobiales|f__Akkermansiaceae|g__Akkermansia|s__Akkermansia_sp_KLE1605|t__SGB9224",2,0.00625,0.00119734986150504,FALSE,TRUE,FALSE,NA,"HMP1-2 taxonomy skin"
"k__Bacteria|p__Bacteroidetes|c__Bacteroidia|o__Bacteroidales|f__Rikenellaceae|g__Rikenellaceae_unclassified|s__Rikenellaceae_bacterium|t__SGB2317",5,0.015625,0.0277587593967442,FALSE,TRUE,FALSE,NA,"HMP1-2 taxonomy skin"
"k__Bacteria|p__Firmicutes|c__Clostridia|o__Clostridia_unclassified|f__Clostridia_unclassified|g__GGB3278|s__GGB3278_SGB4328|t__SGB4328",5,0.015625,0.026738699957706,FALSE,TRUE,FALSE,NA,"HMP1-2 taxonomy skin"
"k__Bacteria|p__Firmicutes|c__Clostridia|o__Clostridia_unclassified|f__Clostridia_unclassified|g__GGB4599|s__GGB4599_SGB6362|t__SGB6362",0,0,NA,FALSE,FALSE,FALSE,NA,"HMP1-2 taxonomy skin"
"k__Bacteria|p__Firmicutes|c__Clostridia|o__Clostridia_unclassified|f__Clostridia_unclassified|g__Clostridia_unclassified|s__Clostridia_bacterium|t__SGB14151",1,0.003125,2.30999953800009e-05,FALSE,FALSE,FALSE,NA,"HMP1-2 taxonomy skin"
"k__Bacteria|p__Bacteroidetes|c__Bacteroidia|o__Bacteroidales|f__Odoribacteraceae|g__Butyricimonas|s__Butyricimonas_virosa|t__SGB1784",3,0.009375,0.000854100282033428,FALSE,FALSE,FALSE,NA,"HMP1-2 taxonomy skin"
"k__Bacteria|p__Firmicutes|c__Negativicutes|o__Acidaminococcales|f__Acidaminococcaceae|g__Acidaminococcus|s__Acidaminococcus_intestini|t__SGB5736",1,0.003125,0.0112900056450028,FALSE,TRUE,FALSE,NA,"HMP1-2 taxonomy skin"
"k__Bacteria|p__Firmicutes|c__Clostridia|o__Clostridia_unclassified|f__Clostridia_unclassified|g__Clostridia_unclassified|s__Clostridia_bacterium|t__SGB14022",0,0,NA,FALSE,FALSE,FALSE,NA,"HMP1-2 taxonomy skin"
"k__Bacteria|p__Firmicutes|c__Clostridia|o__Clostridia_unclassified|f__Clostridia_unclassified|g__Clostridia_unclassified|s__Clostridia_bacterium|t__SGB6378",0,0,NA,FALSE,FALSE,FALSE,NA,"HMP1-2 taxonomy skin"
"k__Bacteria|p__Bacteroidetes|c__Bacteroidia|o__Bacteroidales|f__Rikenellaceae|g__Alistipes|s__Alistipes_sp_AF17_16|t__SGB2326",1,0.003125,0.0127040961887711,FALSE,TRUE,FALSE,NA,"HMP1-2 taxonomy skin"
"k__Bacteria|p__Firmicutes|c__Clostridia|o__Clostridia_unclassified|f__Clostridia_unclassified|g__Clostridia_unclassified|s__Clostridia_bacterium|t__SGB14892",0,0,NA,FALSE,FALSE,FALSE,NA,"HMP1-2 taxonomy skin"
"k__Bacteria|p__Firmicutes|c__Clostridia|o__Clostridia_unclassified|f__Clostridia_unclassified|g__Clostridia_unclassified|s__Clostridia_bacterium|t__SGB14954",0,0,NA,FALSE,FALSE,FALSE,NA,"HMP1-2 taxonomy skin"
"k__Bacteria|p__Firmicutes|c__Clostridia|o__Clostridiales|f__Lachnospiraceae|g__Coprococcus|s__Coprococcus_eutactus|t__SGB5121",1,0.003125,3.45999930800013e-05,FALSE,FALSE,FALSE,NA,"HMP1-2 taxonomy skin"
"k__Bacteria|p__Firmicutes|c__Clostridia|o__Clostridiales|f__Ruminococcaceae|g__GGB9631|s__GGB9631_SGB15087|t__SGB15087",0,0,NA,FALSE,FALSE,FALSE,NA,"HMP1-2 taxonomy skin"
"k__Bacteria|p__Firmicutes|c__Clostridia|o__Clostridia_unclassified|f__Clostridia_unclassified|g__Clostridia_unclassified|s__Clostridia_bacterium|t__SGB14137",0,0,NA,FALSE,FALSE,FALSE,NA,"HMP1-2 taxonomy skin"
"k__Bacteria|p__Firmicutes|c__Clostridia|o__Clostridia_unclassified|f__Clostridia_unclassified|g__Clostridia_unclassified|s__Clostridia_bacterium|t__SGB14263",0,0,NA,FALSE,FALSE,FALSE,NA,"HMP1-2 taxonomy skin"
"k__Bacteria|p__Firmicutes|c__Clostridia|o__Clostridiales|f__Ruminococcaceae|g__GGB3341|s__GGB3341_SGB4420|t__SGB4420",1,0.003125,2.5399994920001e-05,FALSE,FALSE,FALSE,NA,"HMP1-2 taxonomy skin"
"k__Bacteria|p__Firmicutes|c__Clostridia|o__Clostridia_unclassified|f__Clostridia_unclassified|g__Clostridia_unclassified|s__Clostridia_bacterium|t__SGB13982",4,0.0125,0.00509829855785044,FALSE,TRUE,FALSE,NA,"HMP1-2 taxonomy skin"
"k__Bacteria|p__Proteobacteria|c__Deltaproteobacteria|o__Desulfovibrionales|f__Desulfovibrionaceae|g__Bilophila|s__Bilophila_wadsworthia|t__SGB15452",1,0.003125,5.56000222400089e-05,FALSE,FALSE,FALSE,NA,"HMP1-2 taxonomy skin"
"k__Bacteria|p__Firmicutes|c__Clostridia|o__Clostridiales|f__Ruminococcaceae|g__GGB9632|s__GGB9632_SGB15089|t__SGB15089",3,0.009375,0.00071370023548009,FALSE,FALSE,FALSE,NA,"HMP1-2 taxonomy skin"
"k__Bacteria|p__Firmicutes|c__Clostridia|o__Clostridiales|f__Clostridiales_unclassified|g__Monoglobus|s__Monoglobus_pectinilyticus|t__SGB4166",1,0.003125,0.000542500271250136,FALSE,FALSE,FALSE,NA,"HMP1-2 taxonomy skin"
"k__Bacteria|p__Firmicutes|c__Clostridia|o__Clostridiales|f__Ruminococcaceae|g__Ruminococcaceae_unclassified|s__Ruminococcaceae_bacterium|t__SGB14177",0,0,NA,FALSE,FALSE,FALSE,NA,"HMP1-2 taxonomy skin"
"k__Bacteria|p__Firmicutes|c__Clostridia|o__Clostridia_unclassified|f__Clostridia_unclassified|g__Clostridia_unclassified|s__Clostridia_bacterium|t__SGB13983",1,0.003125,0.00510280204112082,FALSE,TRUE,FALSE,NA,"HMP1-2 taxonomy skin"
"k__Bacteria|p__Actinobacteria|c__Coriobacteriia|o__Eggerthellales|f__Eggerthellaceae|g__Eggerthellaceae_unclassified|s__Eggerthellaceae_unclassified_SGB14341|t__SGB14341",0,0,NA,FALSE,FALSE,FALSE,NA,"HMP1-2 taxonomy skin"
"k__Bacteria|p__Actinobacteria|c__Actinobacteria|o__Bifidobacteriales|f__Bifidobacteriaceae|g__Bifidobacterium|s__Bifidobacterium_longum|t__SGB17248",4,0.0125,0.000124675024842517,FALSE,FALSE,FALSE,NA,"HMP1-2 taxonomy skin"
"k__Bacteria|p__Firmicutes|c__Clostridia|o__Clostridiales|f__Ruminococcaceae|g__GGB9623|s__GGB9623_SGB15076|t__SGB15076",0,0,NA,FALSE,FALSE,FALSE,NA,"HMP1-2 taxonomy skin"
"k__Bacteria|p__Firmicutes|c__Clostridia|o__Clostridiales|f__Ruminococcaceae|g__Gemmiger|s__Gemmiger_SGB15295|t__SGB15295_group",3,0.009375,0.000380033437750033,FALSE,FALSE,FALSE,NA,"HMP1-2 taxonomy skin"
"k__Bacteria|p__Firmicutes|c__Clostridia|o__Clostridiales|f__Lachnospiraceae|g__Coprococcus|s__Coprococcus_catus|t__SGB4670",3,0.009375,0.000184200076560033,FALSE,FALSE,FALSE,NA,"HMP1-2 taxonomy skin"
"k__Bacteria|p__Proteobacteria|c__Deltaproteobacteria|o__Desulfovibrionales|f__Desulfovibrionaceae|g__GGB9818|s__GGB9818_SGB15459|t__SGB15459",0,0,NA,FALSE,FALSE,FALSE,NA,"HMP1-2 taxonomy skin"
"k__Bacteria|p__Firmicutes|c__CFGB3035|o__OFGB3035|f__FGB3035|g__GGB9524|s__GGB9524_SGB14924|t__SGB14924",0,0,NA,FALSE,FALSE,FALSE,NA,"HMP1-2 taxonomy skin"
"k__Bacteria|p__Firmicutes|c__Clostridia|o__Clostridiales|f__Ruminococcaceae|g__GGB9694|s__GGB9694_SGB15203|t__SGB15203",0,0,NA,FALSE,FALSE,FALSE,NA,"HMP1-2 taxonomy skin"
"k__Bacteria|p__Firmicutes|c__Clostridia|o__Clostridiales|f__Clostridiaceae|g__Clostridium|s__Clostridium_phoceensis|t__SGB15154",3,0.009375,0.000741900235316769,FALSE,FALSE,FALSE,NA,"HMP1-2 taxonomy skin"
"k__Bacteria|p__Firmicutes|c__Clostridia|o__Clostridiales|f__Eubacteriaceae|g__Eubacteriaceae_unclassified|s__Eubacteriaceae_bacterium|t__SGB5043",2,0.00625,0.000449350044860004,FALSE,FALSE,FALSE,NA,"HMP1-2 taxonomy skin"
"k__Bacteria|p__Firmicutes|c__Clostridia|o__Clostridia_unclassified|f__Clostridia_unclassified|g__Clostridia_unclassified|s__Clostridia_bacterium|t__SGB14957",0,0,NA,FALSE,FALSE,FALSE,NA,"HMP1-2 taxonomy skin"
"k__Bacteria|p__Firmicutes|c__CFGB40382|o__OFGB40382|f__FGB40382|g__GGB45491|s__GGB45491_SGB63163|t__SGB63163",0,0,NA,FALSE,FALSE,FALSE,NA,"HMP1-2 taxonomy skin"
"k__Bacteria|p__Firmicutes|c__Clostridia|o__Clostridiales|f__Lachnospiraceae|g__Blautia|s__Blautia_SGB4831|t__SGB4831_group",1,0.003125,8.79000351600141e-05,FALSE,FALSE,FALSE,NA,"HMP1-2 taxonomy skin"
"k__Bacteria|p__Firmicutes|c__Clostridia|o__Clostridiales|f__Clostridiaceae|g__Clostridium|s__Clostridium_sp_NSJ_42|t__SGB6174_group",0,0,NA,FALSE,FALSE,FALSE,NA,"HMP1-2 taxonomy skin"
"k__Bacteria|p__Firmicutes|c__Clostridia|o__Clostridiales|f__Lachnospiraceae|g__Blautia|s__Blautia_SGB4805|t__SGB4805",0,0,NA,FALSE,FALSE,FALSE,NA,"HMP1-2 taxonomy skin"
"k__Bacteria|p__Firmicutes|c__Clostridia|o__Clostridiales|f__Ruminococcaceae|g__Ruminococcaceae_unclassified|s__Ruminococcaceae_bacterium|t__SGB14899",1,0.003125,0.00024800009920004,FALSE,FALSE,FALSE,NA,"HMP1-2 taxonomy skin"
"k__Bacteria|p__Firmicutes|c__Erysipelotrichia|o__Erysipelotrichales|f__Erysipelotrichaceae|g__GGB3034|s__GGB3034_SGB4030|t__SGB4030",0,0,NA,FALSE,FALSE,FALSE,NA,"HMP1-2 taxonomy skin"
"k__Bacteria|p__Firmicutes|c__Clostridia|o__Clostridiales|f__Ruminococcaceae|g__Anaeromassilibacillus|s__Anaeromassilibacillus_sp_An250|t__SGB14894",0,0,NA,FALSE,FALSE,FALSE,NA,"HMP1-2 taxonomy skin"
"k__Bacteria|p__Firmicutes|c__Clostridia|o__Clostridiales|f__Eubacteriaceae|g__Eubacterium|s__Eubacterium_sp_AF34_35BH|t__SGB5051",1,0.003125,0.000170699965860007,FALSE,FALSE,FALSE,NA,"HMP1-2 taxonomy skin"
"k__Bacteria|p__Firmicutes|c__Clostridia|o__Clostridiales|f__Ruminococcaceae|g__GGB9627|s__GGB9627_SGB15081|t__SGB15081",0,0,NA,FALSE,FALSE,FALSE,NA,"HMP1-2 taxonomy skin"
"k__Bacteria|p__Firmicutes|c__Erysipelotrichia|o__Erysipelotrichales|f__Erysipelotrichaceae|g__Erysipelotrichaceae_unclassified|s__Erysipelotrichaceae_bacterium|t__SGB4029",0,0,NA,FALSE,FALSE,FALSE,NA,"HMP1-2 taxonomy skin"
"k__Bacteria|p__Firmicutes|c__Erysipelotrichia|o__Erysipelotrichales|f__Erysipelotrichaceae|g__Longicatena|s__Longicatena_caecimuris|t__SGB4041",1,0.003125,0.0209967041993408,FALSE,TRUE,FALSE,NA,"HMP1-2 taxonomy skin"
"k__Bacteria|p__Firmicutes|c__Clostridia|o__Clostridiales|f__Lachnospiraceae|g__Anaerobutyricum|s__Anaerobutyricum_hallii|t__SGB4537",1,0.003125,4.41000176400071e-05,FALSE,FALSE,FALSE,NA,"HMP1-2 taxonomy skin"
"k__Bacteria|p__Actinobacteria|c__Coriobacteriia|o__Coriobacteriales|f__Coriobacteriaceae|g__Senegalimassilia|s__Senegalimassilia_anaerobia|t__SGB14824_group",0,0,NA,FALSE,FALSE,FALSE,NA,"HMP1-2 taxonomy skin"
"k__Bacteria|p__Firmicutes|c__CFGB3053|o__OFGB3053|f__FGB3053|g__GGB9581|s__GGB9581_SGB14999|t__SGB14999",3,0.009375,0.000483500143616724,FALSE,FALSE,FALSE,NA,"HMP1-2 taxonomy skin"
"k__Bacteria|p__Firmicutes|c__Clostridia|o__Clostridiales|f__Ruminococcaceae|g__GGB9667|s__GGB9667_SGB15164|t__SGB15164",0,0,NA,FALSE,FALSE,FALSE,NA,"HMP1-2 taxonomy skin"
"k__Bacteria|p__Firmicutes|c__Clostridia|o__Clostridiales|f__Lachnospiraceae|g__Dorea|s__Dorea_sp_AF36_15AT|t__SGB4552_group",1,0.003125,4.49999910000017e-05,FALSE,FALSE,FALSE,NA,"HMP1-2 taxonomy skin"
"k__Bacteria|p__Firmicutes|c__Clostridia|o__Clostridiales|f__Ruminococcaceae|g__Ruminococcaceae_unclassified|s__Ruminococcaceae_bacterium|t__SGB14906",1,0.003125,2.58000025800002e-05,FALSE,FALSE,FALSE,NA,"HMP1-2 taxonomy skin"
"k__Bacteria|p__Firmicutes|c__Clostridia|o__Clostridiales|f__Clostridiaceae|g__Butyricicoccus|s__Butyricicoccus_sp_AM29_23AC|t__SGB14991",1,0.003125,2.69999946000011e-06,FALSE,FALSE,FALSE,NA,"HMP1-2 taxonomy skin"
"k__Bacteria|p__Actinobacteria|c__Coriobacteriia|o__Eggerthellales|f__Eggerthellaceae|g__Adlercreutzia|s__Adlercreutzia_equolifaciens|t__SGB14797_group",2,0.00625,0.000436400205280101,FALSE,FALSE,FALSE,NA,"HMP1-2 taxonomy skin"
"k__Bacteria|p__Firmicutes|c__Clostridia|o__Clostridiales|f__Clostridiaceae|g__Clostridiaceae_unclassified|s__Clostridiaceae_bacterium|t__SGB4721",1,0.003125,0.00155730015573001,FALSE,TRUE,FALSE,NA,"HMP1-2 taxonomy skin"
"k__Bacteria|p__Firmicutes|c__Clostridia|o__Clostridiales|f__Lachnospiraceae|g__Blautia|s__Blautia_stercoris|t__SGB4788_group",0,0,NA,FALSE,FALSE,FALSE,NA,"HMP1-2 taxonomy skin"
"k__Bacteria|p__Firmicutes|c__Clostridia|o__Clostridiales|f__Clostridiaceae|g__Clostridium|s__Clostridium_sp_Marseille_P3244|t__SGB29302",0,0,NA,FALSE,FALSE,FALSE,NA,"HMP1-2 taxonomy skin"
"k__Bacteria|p__Firmicutes|c__Clostridia|o__Clostridia_unclassified|f__Clostridia_unclassified|g__Clostridia_unclassified|s__Clostridia_bacterium|t__SGB14050",0,0,NA,FALSE,FALSE,FALSE,NA,"HMP1-2 taxonomy skin"
"k__Bacteria|p__Firmicutes|c__Clostridia|o__Clostridiales|f__Christensenellaceae|g__Christensenellaceae_unclassified|s__Christensenellaceae_bacterium|t__SGB14128",0,0,NA,FALSE,FALSE,FALSE,NA,"HMP1-2 taxonomy skin"
"k__Bacteria|p__Actinobacteria|c__Actinobacteria|o__Micrococcales|f__Microbacteriaceae|g__Microbacterium|s__Microbacterium_SGB53518|t__SGB53518",1,0.003125,0.00441149911770018,FALSE,TRUE,FALSE,NA,"HMP1-2 taxonomy skin"
"k__Bacteria|p__Firmicutes|c__Clostridia|o__Clostridiales|f__Lachnospiraceae|g__Lachnoclostridium|s__Lachnoclostridium_sp_An138|t__SGB4774",0,0,NA,FALSE,FALSE,FALSE,NA,"HMP1-2 taxonomy skin"
"k__Bacteria|p__Firmicutes|c__Erysipelotrichia|o__Erysipelotrichales|f__Erysipelotrichaceae|g__Massilimicrobiota|s__Massilimicrobiota_timonensis|t__SGB6767",0,0,NA,FALSE,FALSE,FALSE,NA,"HMP1-2 taxonomy skin"
"k__Bacteria|p__Verrucomicrobia|c__CFGB6128|o__OFGB6128|f__FGB6128|g__GGB52930|s__GGB52930_SGB73859|t__SGB73859",0,0,NA,FALSE,FALSE,FALSE,NA,"HMP1-2 taxonomy skin"
"k__Bacteria|p__Firmicutes|c__Clostridia|o__Clostridia_unclassified|f__Clostridia_unclassified|g__GGB9494|s__GGB9494_SGB14891|t__SGB14891",0,0,NA,FALSE,FALSE,FALSE,NA,"HMP1-2 taxonomy skin"
"k__Bacteria|p__Firmicutes|c__Clostridia|o__Candidatus_Borkfalkiales|f__Candidatus_Borkfalkiaceae|g__Candidatus_Borkfalkia|s__Candidatus_Borkfalkia_ceftriaxoniphila|t__SGB14027",1,0.003125,0.000342400171200086,FALSE,FALSE,FALSE,NA,"HMP1-2 taxonomy skin"
"k__Bacteria|p__Firmicutes|c__Clostridia|o__Clostridiales|f__Lachnospiraceae|g__Mediterraneibacter|s__Mediterraneibacter_glycyrrhizinilyticus|t__SGB4606",0,0,NA,FALSE,FALSE,FALSE,NA,"HMP1-2 taxonomy skin"
"k__Bacteria|p__Firmicutes|c__Clostridia|o__Clostridiales|f__Lachnospiraceae|g__Lachnospiraceae_unclassified|s__Lachnospiraceae_unclassified_SGB4924|t__SGB4924_group",0,0,NA,FALSE,FALSE,FALSE,NA,"HMP1-2 taxonomy skin"
"k__Bacteria|p__Firmicutes|c__Clostridia|o__Clostridiales|f__Ruminococcaceae|g__Ruminococcaceae_unclassified|s__Ruminococcaceae_bacterium|t__SGB15278",0,0,NA,FALSE,FALSE,FALSE,NA,"HMP1-2 taxonomy skin"
"k__Bacteria|p__Firmicutes|c__Clostridia|o__Clostridia_unclassified|f__Clostridia_unclassified|g__Clostridia_unclassified|s__Clostridia_bacterium|t__SGB3991",0,0,NA,FALSE,FALSE,FALSE,NA,"HMP1-2 taxonomy skin"
"k__Bacteria|p__Firmicutes|c__Clostridia|o__Clostridiales|f__Lachnospiraceae|g__Lachnospira|s__Lachnospira_SGB5077|t__SGB5077",4,0.0125,0.00363742589826036,FALSE,TRUE,FALSE,NA,"HMP1-2 taxonomy skin"
"k__Bacteria|p__Firmicutes|c__Clostridia|o__Clostridiales|f__Ruminococcaceae|g__Ruminococcaceae_unclassified|s__Ruminococcaceae_bacterium|t__SGB15273",1,0.003125,7.69000384500192e-05,FALSE,FALSE,FALSE,NA,"HMP1-2 taxonomy skin"
"k__Bacteria|p__Firmicutes|c__Clostridia|o__Clostridiales|f__Ruminococcaceae|g__GGB9610|s__GGB9610_SGB15045|t__SGB15045",0,0,NA,FALSE,FALSE,FALSE,NA,"HMP1-2 taxonomy skin"
"k__Bacteria|p__Firmicutes|c__Clostridia|o__Clostridiales|f__Lachnospiraceae|g__Lachnospiraceae_unclassified|s__Lachnospiraceae_bacterium|t__SGB4718",0,0,NA,FALSE,FALSE,FALSE,NA,"HMP1-2 taxonomy skin"
"k__Bacteria|p__Firmicutes|c__Clostridia|o__Clostridiales|f__Lachnospiraceae|g__Blautia|s__Blautia_SGB4815|t__SGB4815_group",1,0.003125,1.80999963800007e-05,FALSE,FALSE,FALSE,NA,"HMP1-2 taxonomy skin"
"k__Bacteria|p__Firmicutes|c__Clostridia|o__Clostridiales|f__Clostridiaceae|g__Massilioclostridium|s__Massilioclostridium_coli|t__SGB29305",1,0.003125,0.000285300142650071,FALSE,FALSE,FALSE,NA,"HMP1-2 taxonomy skin"
"k__Bacteria|p__Firmicutes|c__Clostridia|o__Clostridia_unclassified|f__Clostridia_unclassified|g__Clostridia_unclassified|s__Clostridia_unclassified_SGB71281|t__SGB71281",0,0,NA,FALSE,FALSE,FALSE,NA,"HMP1-2 taxonomy skin"
"k__Bacteria|p__Firmicutes|c__Clostridia|o__Clostridiales|f__Lachnospiraceae|g__GGB3571|s__GGB3571_SGB4778|t__SGB4778",1,0.003125,4.87000194800078e-05,FALSE,FALSE,FALSE,NA,"HMP1-2 taxonomy skin"
"k__Bacteria|p__Firmicutes|c__Clostridia|o__Clostridiales|f__Ruminococcaceae|g__Anaerotruncus|s__Anaerotruncus_rubiinfantis|t__SGB25416",0,0,NA,FALSE,FALSE,FALSE,NA,"HMP1-2 taxonomy skin"
"k__Bacteria|p__Firmicutes|c__Clostridia|o__Clostridia_unclassified|f__Clostridia_unclassified|g__Candidatus_Parachristensenella|s__Candidatus_Parachristensenella_avicola|t__SGB58519",0,0,NA,FALSE,FALSE,FALSE,NA,"HMP1-2 taxonomy skin"
"k__Bacteria|p__Firmicutes|c__Clostridia|o__Clostridiales|f__Ruminococcaceae|g__Anaerotruncus|s__Anaerotruncus_colihominis|t__SGB14963",0,0,NA,FALSE,FALSE,FALSE,NA,"HMP1-2 taxonomy skin"
"k__Bacteria|p__Firmicutes|c__Clostridia|o__Clostridiales|f__Ruminococcaceae|g__Flavonifractor|s__Flavonifractor_plautii|t__SGB15132",3,0.009375,0.00452546787728716,FALSE,TRUE,FALSE,NA,"HMP1-2 taxonomy skin"
"k__Bacteria|p__Firmicutes|c__Clostridia|o__Clostridiales|f__Ruminococcaceae|g__Harryflintia|s__Harryflintia_acetispora|t__SGB14838",0,0,NA,FALSE,FALSE,FALSE,NA,"HMP1-2 taxonomy skin"
"k__Bacteria|p__Firmicutes|c__Clostridia|o__Clostridia_unclassified|f__Clostridia_unclassified|g__Clostridia_unclassified|s__Clostridia_bacterium_12CBH8|t__SGB7259",0,0,NA,FALSE,FALSE,FALSE,NA,"HMP1-2 taxonomy skin"
"k__Bacteria|p__Actinobacteria|c__Coriobacteriia|o__Eggerthellales|f__Eggerthellaceae|g__Eggerthellaceae_unclassified|s__Eggerthellaceae_bacterium|t__SGB14344",0,0,NA,FALSE,FALSE,FALSE,NA,"HMP1-2 taxonomy skin"
"k__Bacteria|p__Firmicutes|c__Clostridia|o__Clostridiales|f__Ruminococcaceae|g__GGB9622|s__GGB9622_SGB15074|t__SGB15074",0,0,NA,FALSE,FALSE,FALSE,NA,"HMP1-2 taxonomy skin"
"k__Bacteria|p__Firmicutes|c__Clostridia|o__Clostridiales|f__Lachnospiraceae|g__Mediterraneibacter|s__Mediterraneibacter_butyricigenes|t__SGB25493",1,0.003125,2.69999946000011e-06,FALSE,FALSE,FALSE,NA,"HMP1-2 taxonomy skin"
"k__Bacteria|p__Firmicutes|c__Clostridia|o__Clostridiales|f__Lachnospiraceae|g__Lachnospiraceae_unclassified|s__Lachnospiraceae_bacterium|t__SGB4597",1,0.003125,0.00172580017258002,FALSE,TRUE,FALSE,NA,"HMP1-2 taxonomy skin"
"k__Bacteria|p__Firmicutes|c__Clostridia|o__Clostridia_unclassified|f__Clostridia_unclassified|g__Candidatus_Pseudoruminococcus|s__Candidatus_Pseudoruminococcus_merdavium|t__SGB59562",0,0,NA,FALSE,FALSE,FALSE,NA,"HMP1-2 taxonomy skin"
"k__Bacteria|p__Firmicutes|c__Clostridia|o__Clostridia_unclassified|f__Clostridia_unclassified|g__Clostridia_unclassified|s__Clostridia_unclassified_SGB15402|t__SGB15402",0,0,NA,FALSE,FALSE,FALSE,NA,"HMP1-2 taxonomy skin"
"k__Bacteria|p__Firmicutes|c__Clostridia|o__Clostridia_unclassified|f__Clostridia_unclassified|g__GGB9522|s__GGB9522_SGB14921|t__SGB14921",0,0,NA,FALSE,FALSE,FALSE,NA,"HMP1-2 taxonomy skin"
"k__Bacteria|p__Firmicutes|c__Clostridia|o__Clostridia_unclassified|f__Clostridia_unclassified|g__Candidatus_Pseudobutyricicoccus|s__Candidatus_Pseudobutyricicoccus_lothianensis|t__SGB14975",1,0.003125,5.88000294000147e-05,FALSE,FALSE,FALSE,NA,"HMP1-2 taxonomy skin"
"k__Bacteria|p__Firmicutes|c__CFGB3048|o__OFGB3048|f__FGB3048|g__GGB9559|s__GGB9559_SGB14969|t__SGB14969",0,0,NA,FALSE,FALSE,FALSE,NA,"HMP1-2 taxonomy skin"
"k__Bacteria|p__Firmicutes|c__Clostridia|o__Clostridiales|f__Ruminococcaceae|g__Neglecta|s__Neglecta_timonensis|t__SGB14851",0,0,NA,FALSE,FALSE,FALSE,NA,"HMP1-2 taxonomy skin"
"k__Bacteria|p__Firmicutes|c__Clostridia|o__Clostridiales|f__Clostridiaceae|g__Hungatella|s__Hungatella_hathewayi|t__SGB4741",0,0,NA,FALSE,FALSE,FALSE,NA,"HMP1-2 taxonomy skin"
"k__Bacteria|p__Firmicutes|c__Clostridia|o__Clostridiales|f__Oscillospiraceae|g__Oscillibacter|s__Oscillibacter_sp_PC13|t__SGB7258",0,0,NA,FALSE,FALSE,FALSE,NA,"HMP1-2 taxonomy skin"
"k__Bacteria|p__Firmicutes|c__Clostridia|o__Clostridiales|f__Ruminococcaceae|g__Pseudoflavonifractor|s__Pseudoflavonifractor_SGB15156|t__SGB15156_group",1,0.003125,0.000392900039290004,FALSE,FALSE,FALSE,NA,"HMP1-2 taxonomy skin"
"k__Bacteria|p__Firmicutes|c__Clostridia|o__Clostridiales|f__Ruminococcaceae|g__Ruminococcaceae_unclassified|s__Ruminococcaceae_bacterium|t__SGB15275",0,0,NA,FALSE,FALSE,FALSE,NA,"HMP1-2 taxonomy skin"
"k__Bacteria|p__Bacteroidetes|c__Bacteroidia|o__Marinilabiliales|f__Marinilabiliaceae|g__GGB58233|s__GGB58233_SGB79883|t__SGB79883",1,0.003125,8.4000042000021e-06,FALSE,FALSE,FALSE,NA,"HMP1-2 taxonomy skin"
"k__Bacteria|p__Firmicutes|c__Clostridia|o__Clostridiales|f__Eubacteriaceae|g__Eubacteriaceae_unclassified|s__Eubacteriaceae_bacterium|t__SGB4546",0,0,NA,FALSE,FALSE,FALSE,NA,"HMP1-2 taxonomy skin"
"k__Bacteria|p__Firmicutes|c__Clostridia|o__Clostridia_unclassified|f__Clostridia_unclassified|g__Clostridia_unclassified|s__Clostridia_bacterium_UC5_1_1D1|t__SGB14995",1,0.003125,1.04000010400001e-05,FALSE,FALSE,FALSE,NA,"HMP1-2 taxonomy skin"
"k__Bacteria|p__Firmicutes|c__Clostridia|o__Clostridia_unclassified|f__Clostridia_unclassified|g__Clostridia_unclassified|s__Clostridia_unclassified_SGB14844|t__SGB14844",1,0.003125,3.36000168000084e-05,FALSE,FALSE,FALSE,NA,"HMP1-2 taxonomy skin"
"k__Bacteria|p__Firmicutes|c__Clostridia|o__Clostridiales|f__Oscillospiraceae|g__Oscillospiraceae_unclassified|s__Oscillospiraceae_bacterium_NSJ_64|t__SGB82503",0,0,NA,FALSE,FALSE,FALSE,NA,"HMP1-2 taxonomy skin"
"k__Bacteria|p__Firmicutes|c__Clostridia|o__Clostridia_unclassified|f__Clostridia_unclassified|g__Candidatus_Paralachnospira|s__Candidatus_Paralachnospira_caecorum|t__SGB59817",0,0,NA,FALSE,FALSE,FALSE,NA,"HMP1-2 taxonomy skin"
"k__Bacteria|p__Firmicutes|c__Clostridia|o__Clostridiales|f__Ruminococcaceae|g__GGB9642|s__GGB9642_SGB15119|t__SGB15119",0,0,NA,FALSE,FALSE,FALSE,NA,"HMP1-2 taxonomy skin"
"k__Bacteria|p__Firmicutes|c__Clostridia|o__Clostridiales|f__Ruminococcaceae|g__GGB9646|s__GGB9646_SGB15123|t__SGB15123",0,0,NA,FALSE,FALSE,FALSE,NA,"HMP1-2 taxonomy skin"
"k__Bacteria|p__Actinobacteria|c__Coriobacteriia|o__Eggerthellales|f__Eggerthellaceae|g__GGB45432|s__GGB45432_SGB63101|t__SGB63101",0,0,NA,FALSE,FALSE,FALSE,NA,"HMP1-2 taxonomy skin"
"k__Bacteria|p__Firmicutes|c__Clostridia|o__Clostridiales|f__Clostridiales_unclassified|g__Clostridiales_unclassified|s__Clostridiales_bacterium_UBA1390|t__SGB4436",1,0.003125,2.79000027900003e-05,FALSE,FALSE,FALSE,NA,"HMP1-2 taxonomy skin"
"k__Bacteria|p__Bacteroidetes|c__CFGB496|o__OFGB496|f__FGB496|g__GGB1025|s__GGB1025_SGB1319|t__SGB1319_group",0,0,NA,FALSE,FALSE,FALSE,NA,"HMP1-2 taxonomy skin"
"k__Bacteria|p__Proteobacteria|c__Betaproteobacteria|o__Neisseriales|f__Neisseriaceae|g__GGB6675|s__GGB6675_SGB9425|t__SGB9425",0,0,NA,FALSE,FALSE,FALSE,NA,"HMP1-2 taxonomy skin"
"k__Bacteria|p__Actinobacteria|c__Actinobacteria|o__Actinomycetales|f__Actinomycetaceae|g__Actinomyces|s__Actinomyces_israelii|t__SGB15875",0,0,NA,FALSE,FALSE,FALSE,NA,"HMP1-2 taxonomy skin"
"k__Bacteria|p__Candidatus_Saccharibacteria|c__CFGB4356|o__OFGB4356|f__FGB4356|g__GGB12790|s__GGB12790_SGB19845|t__SGB19845",0,0,NA,FALSE,FALSE,FALSE,NA,"HMP1-2 taxonomy skin"
"k__Bacteria|p__Bacteroidetes|c__Bacteroidia|o__Bacteroidales|f__Prevotellaceae|g__Prevotella|s__Prevotella_oralis|t__SGB1528",0,0,NA,FALSE,FALSE,FALSE,NA,"HMP1-2 taxonomy skin"
"k__Bacteria|p__Synergistetes|c__Synergistia|o__Synergistales|f__Synergistaceae|g__GGB10852|s__GGB10852_SGB17523|t__SGB17523",0,0,NA,FALSE,FALSE,FALSE,NA,"HMP1-2 taxonomy skin"
"k__Bacteria|p__Firmicutes|c__Clostridia|o__Clostridiales|f__Peptostreptococcaceae|g__Filifactor|s__Filifactor_alocis|t__SGB6629",2,0.00625,6.90499877100025e-05,FALSE,FALSE,FALSE,NA,"HMP1-2 taxonomy skin"
"k__Bacteria|p__Firmicutes|c__Negativicutes|o__Veillonellales|f__Veillonellaceae|g__Colibacter|s__Colibacter_massiliensis|t__SGB5869",0,0,NA,FALSE,FALSE,FALSE,NA,"HMP1-2 taxonomy skin"
"k__Bacteria|p__Actinobacteria|c__Actinobacteria|o__Actinomycetales|f__Actinomycetaceae|g__Actinomyces|s__Actinomyces_sp_oral_taxon_897|t__SGB15876",0,0,NA,FALSE,FALSE,FALSE,NA,"HMP1-2 taxonomy skin"
"k__Bacteria|p__Bacteroidetes|c__Bacteroidia|o__Bacteroidales|f__Prevotellaceae|g__Prevotella|s__Prevotella_buccae|t__SGB1531",0,0,NA,FALSE,FALSE,FALSE,NA,"HMP1-2 taxonomy skin"
"k__Bacteria|p__Bacteroidetes|c__Bacteroidia|o__Bacteroidales|f__Porphyromonadaceae|g__GGB1472|s__GGB1472_SGB2038|t__SGB2038",0,0,NA,FALSE,FALSE,FALSE,NA,"HMP1-2 taxonomy skin"
"k__Bacteria|p__Firmicutes|c__Clostridia|o__Clostridiales|f__Lachnospiraceae|g__Shuttleworthia|s__Shuttleworthia_satelles|t__SGB7281",0,0,NA,FALSE,FALSE,FALSE,NA,"HMP1-2 taxonomy skin"
"k__Bacteria|p__Actinobacteria|c__Coriobacteriia|o__Eggerthellales|f__Eggerthellaceae|g__Cryptobacterium|s__Cryptobacterium_curtum|t__SGB962",0,0,NA,FALSE,FALSE,FALSE,NA,"HMP1-2 taxonomy skin"
"k__Bacteria|p__Firmicutes|c__Negativicutes|o__Selenomonadales|f__Selenomonadaceae|g__Selenomonas|s__Selenomonas_sp_F0473|t__SGB5877",0,0,NA,FALSE,FALSE,FALSE,NA,"HMP1-2 taxonomy skin"
"k__Bacteria|p__Bacteroidetes|c__CFGB651|o__OFGB651|f__FGB651|g__GGB1611|s__GGB1611_SGB2208|t__SGB2208",2,0.00625,4.23000027000003e-05,FALSE,FALSE,FALSE,NA,"HMP1-2 taxonomy skin"
"k__Bacteria|p__Actinobacteria|c__Actinobacteria|o__Corynebacteriales|f__Corynebacteriaceae|g__Corynebacterium|s__Corynebacterium_pseudodiphtheriticum|t__SGB17013",56,0.175,0.111418674949744,TRUE,TRUE,TRUE,0.23870610660202,"HMP1-2 taxonomy skin"
"k__Bacteria|p__Firmicutes|c__Tissierellia|o__Tissierellales|f__Peptoniphilaceae|g__Anaerococcus|s__Anaerococcus_octavius|t__SGB6655",97,0.303125,0.0113329011951179,TRUE,TRUE,TRUE,0.0630846592211683,"HMP1-2 taxonomy skin"
"k__Bacteria|p__Firmicutes|c__Bacilli|o__Lactobacillales|f__Lactobacillaceae|g__Limosilactobacillus|s__Lactobacillus_vaginalis|t__SGB7098",0,0,NA,FALSE,FALSE,FALSE,NA,"HMP1-2 taxonomy skin"
"k__Bacteria|p__Firmicutes|c__Tissierellia|o__Tissierellales|f__Peptoniphilaceae|g__Finegoldia|s__Finegoldia_magna|t__SGB6683",10,0.03125,0.00216543048405716,FALSE,TRUE,FALSE,NA,"HMP1-2 taxonomy skin"
"k__Bacteria|p__Proteobacteria|c__Epsilonproteobacteria|o__Campylobacterales|f__Campylobacteraceae|g__Campylobacter|s__Campylobacter_ureolyticus|t__SGB19431",16,0.05,0.0205369249669928,FALSE,TRUE,FALSE,NA,"HMP1-2 taxonomy skin"
"k__Bacteria|p__Firmicutes|c__Negativicutes|o__Veillonellales|f__Veillonellaceae|g__GGB4277|s__GGB4277_SGB5832|t__SGB5832",14,0.04375,0.00562178547723229,FALSE,TRUE,FALSE,NA,"HMP1-2 taxonomy skin"
"k__Bacteria|p__Bacteroidetes|c__Bacteroidia|o__Bacteroidales|f__Prevotellaceae|g__Prevotella|s__Prevotella_copri_clade_C|t__SGB1644",2,0.00625,0.000140500047540019,FALSE,FALSE,FALSE,NA,"HMP1-2 taxonomy skin"
"k__Bacteria|p__Verrucomicrobia|c__Opitutae|o__Opitutales|f__Opitutales_unclassified|g__Opitutales_unclassified|s__Opitutales_bacterium|t__SGB8772",0,0,NA,FALSE,FALSE,FALSE,NA,"HMP1-2 taxonomy skin"
"k__Bacteria|p__Proteobacteria|c__Alphaproteobacteria|o__Alphaproteobacteria_unclassified|f__Alphaproteobacteria_unclassified|g__GGB6612|s__GGB6612_SGB9346|t__SGB9346",3,0.009375,0.00350373298872712,FALSE,TRUE,FALSE,NA,"HMP1-2 taxonomy skin"
"k__Bacteria|p__Firmicutes|c__Clostridia|o__Clostridia_unclassified|f__Clostridia_unclassified|g__Clostridia_unclassified|s__Clostridia_unclassified_SGB6376|t__SGB6376",0,0,NA,FALSE,FALSE,FALSE,NA,"HMP1-2 taxonomy skin"
"k__Bacteria|p__Firmicutes|c__Clostridia|o__Clostridiales|f__Clostridiaceae|g__GGB4491|s__GGB4491_SGB6188|t__SGB6188",0,0,NA,FALSE,FALSE,FALSE,NA,"HMP1-2 taxonomy skin"
"k__Bacteria|p__Planctomycetes|c__Planctomycetia|o__Pirellulales|f__Pirellulaceae|g__GGB6601|s__GGB6601_SGB9333|t__SGB9333",1,0.003125,0.0325533032553303,FALSE,TRUE,FALSE,NA,"HMP1-2 taxonomy skin"
"k__Bacteria|p__Firmicutes|c__Clostridia|o__Clostridia_unclassified|f__Clostridia_unclassified|g__GGB4546|s__GGB4546_SGB6267|t__SGB6267",0,0,NA,FALSE,FALSE,FALSE,NA,"HMP1-2 taxonomy skin"
"k__Bacteria|p__Bacteroidetes|c__Bacteroidia|o__Bacteroidales|f__Tannerellaceae|g__Parabacteroides|s__Parabacteroides_faecis|t__SGB1940",0,0,NA,FALSE,FALSE,FALSE,NA,"HMP1-2 taxonomy skin"
"k__Bacteria|p__Bacteroidetes|c__Bacteroidia|o__Bacteroidales|f__Bacteroidaceae|g__Bacteroides|s__Bacteroides_clarus|t__SGB1832",0,0,NA,FALSE,FALSE,FALSE,NA,"HMP1-2 taxonomy skin"
"k__Bacteria|p__Firmicutes|c__Clostridia|o__Clostridiales|f__Ruminococcaceae|g__Ruminococcaceae_unclassified|s__Ruminococcaceae_bacterium|t__SGB4419",0,0,NA,FALSE,FALSE,FALSE,NA,"HMP1-2 taxonomy skin"
"k__Bacteria|p__Proteobacteria|c__Betaproteobacteria|o__Burkholderiales|f__Sutterellaceae|g__Mesosutterella|s__Mesosutterella_multiformis|t__SGB9272_group",0,0,NA,FALSE,FALSE,FALSE,NA,"HMP1-2 taxonomy skin"
"k__Bacteria|p__Firmicutes|c__Clostridia|o__Clostridia_unclassified|f__Clostridia_unclassified|g__Clostridia_unclassified|s__Clostridia_bacterium|t__SGB4133",0,0,NA,FALSE,FALSE,FALSE,NA,"HMP1-2 taxonomy skin"
"k__Bacteria|p__Lentisphaerae|c__Lentisphaeria|o__Lentisphaeria_unclassified|f__Lentisphaeria_unclassified|g__Lentisphaeria_unclassified|s__Lentisphaeria_unclassified_SGB9206|t__SGB9206",0,0,NA,FALSE,FALSE,FALSE,NA,"HMP1-2 taxonomy skin"
"k__Bacteria|p__Firmicutes|c__Clostridia|o__Clostridiales|f__Ruminococcaceae|g__GGB9633|s__GGB9633_SGB15090|t__SGB15090",2,0.00625,0.00942204740434073,FALSE,TRUE,FALSE,NA,"HMP1-2 taxonomy skin"
"k__Bacteria|p__Firmicutes|c__Erysipelotrichia|o__Erysipelotrichales|f__Erysipelotrichaceae|g__Faecalitalea|s__Faecalitalea_cylindroides|t__SGB6790",1,0.003125,0.000295300118120047,FALSE,FALSE,FALSE,NA,"HMP1-2 taxonomy skin"
"k__Bacteria|p__Firmicutes|c__Clostridia|o__Clostridiales|f__Clostridiaceae|g__Clostridium|s__Clostridium_sp_AF20_17LB|t__SGB4714",2,0.00625,0.00547935273104636,FALSE,TRUE,FALSE,NA,"HMP1-2 taxonomy skin"
"k__Bacteria|p__Firmicutes|c__Clostridia|o__Clostridia_unclassified|f__Clostridia_unclassified|g__Clostridia_unclassified|s__Clostridia_bacterium|t__SGB3574",2,0.00625,7.39000073900007e-05,FALSE,FALSE,FALSE,NA,"HMP1-2 taxonomy skin"
"k__Bacteria|p__Firmicutes|c__Clostridia|o__Clostridiales|f__Clostridiales_unclassified|g__Evtepia|s__Evtepia_gabavorous|t__SGB15120",3,0.009375,0.000140033397940031,FALSE,FALSE,FALSE,NA,"HMP1-2 taxonomy skin"
"k__Bacteria|p__Verrucomicrobia|c__Verrucomicrobiae|o__Verrucomicrobiales|f__Akkermansiaceae|g__Akkermansia|s__Akkermansia_muciniphila|t__SGB9228",3,0.009375,0.000800600101920021,FALSE,FALSE,FALSE,NA,"HMP1-2 taxonomy skin"
"k__Bacteria|p__Firmicutes|c__Clostridia|o__Clostridiales|f__Clostridiaceae|g__Clostridium|s__Clostridium_sp_AT4|t__SGB4753",1,0.003125,0.000272900027290003,FALSE,FALSE,FALSE,NA,"HMP1-2 taxonomy skin"
"k__Bacteria|p__Firmicutes|c__Clostridia|o__Clostridiales|f__Clostridiales_unclassified|g__Clostridiales_unclassified|s__Clostridiales_bacterium|t__SGB15158",2,0.00625,0.00441675216121608,FALSE,TRUE,FALSE,NA,"HMP1-2 taxonomy skin"
"k__Bacteria|p__Firmicutes|c__Erysipelotrichia|o__Erysipelotrichales|f__Erysipelotrichaceae|g__Amedibacillus|s__Amedibacillus_dolichus|t__SGB4035",2,0.00625,0.000151450070930036,FALSE,FALSE,FALSE,NA,"HMP1-2 taxonomy skin"
"k__Bacteria|p__Firmicutes|c__Clostridia|o__Clostridiales|f__Lachnospiraceae|g__Lachnospiraceae_unclassified|s__Lachnospiraceae_bacterium|t__SGB4750",2,0.00625,0.0015961507963254,FALSE,TRUE,FALSE,NA,"HMP1-2 taxonomy skin"
"k__Bacteria|p__Proteobacteria|c__Betaproteobacteria|o__Burkholderiales|f__Sutterellaceae|g__Turicimonas|s__Turicimonas_muris|t__SGB9258_group",0,0,NA,FALSE,FALSE,FALSE,NA,"HMP1-2 taxonomy skin"
"k__Bacteria|p__Firmicutes|c__CFGB1217|o__OFGB1217|f__FGB1217|g__GGB2982|s__GGB2982_SGB3964|t__SGB3964",1,0.003125,7.31000073100007e-05,FALSE,FALSE,FALSE,NA,"HMP1-2 taxonomy skin"
"k__Bacteria|p__Firmicutes|c__Clostridia|o__Clostridiales|f__Ruminococcaceae|g__Ruminococcaceae_unclassified|s__Ruminococcaceae_bacterium|t__SGB53821",0,0,NA,FALSE,FALSE,FALSE,NA,"HMP1-2 taxonomy skin"
"k__Bacteria|p__Firmicutes|c__Clostridia|o__Clostridiales|f__Ruminococcaceae|g__GGB9608|s__GGB9608_SGB15041|t__SGB15041",0,0,NA,FALSE,FALSE,FALSE,NA,"HMP1-2 taxonomy skin"
"k__Bacteria|p__Proteobacteria|c__Deltaproteobacteria|o__Desulfovibrionales|f__Desulfovibrionaceae|g__Desulfovibrio|s__Desulfovibrio_fairfieldensis|t__SGB15470",0,0,NA,FALSE,FALSE,FALSE,NA,"HMP1-2 taxonomy skin"
"k__Bacteria|p__Firmicutes|c__Clostridia|o__Clostridiales|f__Lachnospiraceae|g__Enterocloster|s__Enterocloster_bolteae|t__SGB4758_group",1,0.003125,0.00035910017955009,FALSE,FALSE,FALSE,NA,"HMP1-2 taxonomy skin"
"k__Bacteria|p__Firmicutes|c__Clostridia|o__Clostridiales|f__Lachnospiraceae|g__Blautia|s__Blautia_caecimuris|t__SGB4862",2,0.00625,0.000163900016315002,FALSE,FALSE,FALSE,NA,"HMP1-2 taxonomy skin"
"k__Bacteria|p__Firmicutes|c__Clostridia|o__Clostridiales|f__Lachnospiraceae|g__Enterocloster|s__Enterocloster_citroniae|t__SGB4761",1,0.003125,2.3900011950006e-05,FALSE,FALSE,FALSE,NA,"HMP1-2 taxonomy skin"
"k__Bacteria|p__Firmicutes|c__Clostridia|o__Clostridia_unclassified|f__Clostridia_unclassified|g__Candidatus_Neochristensenella|s__Candidatus_Neochristensenella_gallicola|t__SGB14138",0,0,NA,FALSE,FALSE,FALSE,NA,"HMP1-2 taxonomy skin"
"k__Bacteria|p__Firmicutes|c__Clostridia|o__Clostridiales|f__Lachnospiraceae|g__Lachnospiraceae_unclassified|s__Lachnospiraceae_bacterium|t__SGB4746",1,0.003125,0.000188900094450047,FALSE,FALSE,FALSE,NA,"HMP1-2 taxonomy skin"
"k__Bacteria|p__Firmicutes|c__CFGB1425|o__OFGB1425|f__FGB1425|g__GGB3491|s__GGB3491_SGB4665|t__SGB4665",0,0,NA,FALSE,FALSE,FALSE,NA,"HMP1-2 taxonomy skin"
"k__Bacteria|p__Verrucomicrobia|c__CFGB2165|o__OFGB2165|f__FGB2165|g__GGB6133|s__GGB6133_SGB8780|t__SGB8780",0,0,NA,FALSE,FALSE,FALSE,NA,"HMP1-2 taxonomy skin"
"k__Bacteria|p__Firmicutes|c__Clostridia|o__Clostridiales|f__Lachnospiraceae|g__Coprococcus|s__Coprococcus_sp_AF21_14LB|t__SGB25437",0,0,NA,FALSE,FALSE,FALSE,NA,"HMP1-2 taxonomy skin"
"k__Bacteria|p__Firmicutes|c__Clostridia|o__Clostridiales|f__Clostridiaceae|g__Clostridiaceae_unclassified|s__Clostridiaceae_bacterium_NSJ_33|t__SGB25547",0,0,NA,FALSE,FALSE,FALSE,NA,"HMP1-2 taxonomy skin"
"k__Bacteria|p__Firmicutes|c__Clostridia|o__Clostridiales|f__Christensenellaceae|g__Christensenella|s__Christensenella_massiliensis|t__SGB29339",0,0,NA,FALSE,FALSE,FALSE,NA,"HMP1-2 taxonomy skin"
"k__Bacteria|p__Bacteroidetes|c__Bacteroidia|o__Bacteroidales|f__Bacteroidaceae|g__Bacteroides|s__Bacteroides_faecis|t__SGB1860",2,0.00625,0.00653745257961103,FALSE,TRUE,FALSE,NA,"HMP1-2 taxonomy skin"
"k__Bacteria|p__Bacteroidetes|c__Bacteroidia|o__Bacteroidales|f__Tannerellaceae|g__Parabacteroides|s__Parabacteroides_distasonis|t__SGB27780",0,0,NA,FALSE,FALSE,FALSE,NA,"HMP1-2 taxonomy skin"
"k__Bacteria|p__Firmicutes|c__Clostridia|o__Clostridiales|f__Clostridiaceae|g__Clostridium|s__Clostridium_neonatale|t__SGB6169",0,0,NA,FALSE,FALSE,FALSE,NA,"HMP1-2 taxonomy skin"
"k__Bacteria|p__Bacteroidetes|c__Bacteroidia|o__Bacteroidales|f__Odoribacteraceae|g__Odoribacter|s__Odoribacter_sp_AF15_53|t__SGB1781",0,0,NA,FALSE,FALSE,FALSE,NA,"HMP1-2 taxonomy skin"
"k__Bacteria|p__Firmicutes|c__Clostridia|o__Clostridiales|f__Lachnospiraceae|g__Enterocloster|s__Enterocloster_aldensis|t__SGB4762",1,0.003125,0.000938400469200235,FALSE,FALSE,FALSE,NA,"HMP1-2 taxonomy skin"
"k__Bacteria|p__Firmicutes|c__Clostridia|o__Clostridiales|f__Lachnospiraceae|g__GGB3537|s__GGB3537_SGB4727|t__SGB4727",0,0,NA,FALSE,FALSE,FALSE,NA,"HMP1-2 taxonomy skin"
"k__Bacteria|p__Firmicutes|c__Clostridia|o__Clostridia_unclassified|f__Clostridia_unclassified|g__Clostridia_unclassified|s__Clostridia_bacterium|t__SGB14252",0,0,NA,FALSE,FALSE,FALSE,NA,"HMP1-2 taxonomy skin"
"k__Bacteria|p__Firmicutes|c__Clostridia|o__Clostridiales|f__Clostridiales_unclassified|g__Clostridiales_unclassified|s__Clostridiales_bacterium_Choco116|t__SGB15149",0,0,NA,FALSE,FALSE,FALSE,NA,"HMP1-2 taxonomy skin"
"k__Bacteria|p__Firmicutes|c__Clostridia|o__Clostridiales|f__Ruminococcaceae|g__GGB9615|s__GGB9615_SGB15052|t__SGB15052",0,0,NA,FALSE,FALSE,FALSE,NA,"HMP1-2 taxonomy skin"
"k__Bacteria|p__Firmicutes|c__Clostridia|o__Clostridiales|f__Clostridiales_Family_XIII_Incertae_Sedis|g__Emergencia|s__Emergencia_sp_1XD21_50|t__SGB82512",0,0,NA,FALSE,FALSE,FALSE,NA,"HMP1-2 taxonomy skin"
"k__Bacteria|p__Firmicutes|c__Clostridia|o__Clostridiales|f__Ruminococcaceae|g__Ruminococcaceae_unclassified|s__Ruminococcaceae_bacterium_Marseille_P2935|t__SGB29346",0,0,NA,FALSE,FALSE,FALSE,NA,"HMP1-2 taxonomy skin"
"k__Bacteria|p__Bacteroidetes|c__Bacteroidia|o__Bacteroidales|f__Odoribacteraceae|g__Butyricimonas|s__Butyricimonas_sp_Marseille_P3923|t__SGB1778",0,0,NA,FALSE,FALSE,FALSE,NA,"HMP1-2 taxonomy skin"
"k__Bacteria|p__Bacteroidetes|c__Bacteroidia|o__Bacteroidales|f__Prevotellaceae|g__Prevotella|s__Prevotella_copri_clade_D|t__SGB1636_group",0,0,NA,FALSE,FALSE,FALSE,NA,"HMP1-2 taxonomy skin"
"k__Bacteria|p__Firmicutes|c__Clostridia|o__Clostridiales|f__Clostridiaceae|g__Clostridium|s__Clostridium_sp_SN20|t__SGB29328",1,0.003125,2.28000022800002e-05,FALSE,FALSE,FALSE,NA,"HMP1-2 taxonomy skin"
"k__Bacteria|p__Firmicutes|c__Clostridia|o__Clostridiales|f__Lachnospiraceae|g__Lacrimispora|s__Lacrimispora_saccharolytica|t__SGB4701",1,0.003125,0.000567700283850142,FALSE,FALSE,FALSE,NA,"HMP1-2 taxonomy skin"
"k__Bacteria|p__Firmicutes|c__Clostridia|o__Clostridiales|f__Eubacteriaceae|g__Anaerofustis|s__Anaerofustis_stercorihominis|t__SGB49059",0,0,NA,FALSE,FALSE,FALSE,NA,"HMP1-2 taxonomy skin"
"k__Bacteria|p__Firmicutes|c__Clostridia|o__Clostridiales|f__Ruminococcaceae|g__Ruminococcaceae_unclassified|s__Ruminococcaceae_bacterium|t__SGB4173",0,0,NA,FALSE,FALSE,FALSE,NA,"HMP1-2 taxonomy skin"
"k__Bacteria|p__Firmicutes|c__Clostridia|o__Clostridiales|f__Ruminococcaceae|g__Ruminococcaceae_unclassified|s__Ruminococcaceae_bacterium|t__SGB43319",0,0,NA,FALSE,FALSE,FALSE,NA,"HMP1-2 taxonomy skin"
"k__Bacteria|p__Firmicutes|c__Clostridia|o__Clostridiales|f__Lachnospiraceae|g__Faecalicatena|s__Faecalicatena_contorta|t__SGB4613",0,0,NA,FALSE,FALSE,FALSE,NA,"HMP1-2 taxonomy skin"
"k__Bacteria|p__Firmicutes|c__Clostridia|o__Clostridiales|f__Lachnospiraceae|g__Enterocloster|s__Enterocloster_clostridioformis|t__SGB4760",1,0.003125,4.25000212500106e-05,FALSE,FALSE,FALSE,NA,"HMP1-2 taxonomy skin"
"k__Bacteria|p__Firmicutes|c__Clostridia|o__Clostridiales|f__Lachnospiraceae|g__Lachnospiraceae_unclassified|s__Lachnospiraceae_bacterium_NSJ_29|t__SGB25431",0,0,NA,FALSE,FALSE,FALSE,NA,"HMP1-2 taxonomy skin"
"k__Bacteria|p__Firmicutes|c__Clostridia|o__Clostridia_unclassified|f__Clostridia_unclassified|g__Clostridia_unclassified|s__Clostridia_bacterium|t__SGB14942",0,0,NA,FALSE,FALSE,FALSE,NA,"HMP1-2 taxonomy skin"
"k__Bacteria|p__Firmicutes|c__Negativicutes|o__Acidaminococcales|f__Acidaminococcaceae|g__Acidaminococcaceae_unclassified|s__Acidaminococcaceae_bacterium|t__SGB5790",0,0,NA,FALSE,FALSE,FALSE,NA,"HMP1-2 taxonomy skin"
"k__Bacteria|p__Bacteroidetes|c__Bacteroidia|o__Bacteroidales|f__Bacteroidales_unclassified|g__Phocaeicola|s__Phocaeicola_plebeius|t__SGB1903_group",9,0.028125,0.0327185946989648,FALSE,TRUE,FALSE,NA,"HMP1-2 taxonomy skin"
"k__Bacteria|p__Firmicutes|c__Clostridia|o__Clostridiales|f__Ruminococcaceae|g__GGB9635|s__GGB9635_SGB15106|t__SGB15106",3,0.009375,0.00455546802699041,FALSE,TRUE,FALSE,NA,"HMP1-2 taxonomy skin"
"k__Bacteria|p__Bacteroidetes|c__Bacteroidia|o__Bacteroidales|f__Barnesiellaceae|g__Barnesiella|s__Barnesiella_intestinihominis|t__SGB1965",13,0.040625,0.00285567773533805,FALSE,TRUE,FALSE,NA,"HMP1-2 taxonomy skin"
"k__Bacteria|p__Firmicutes|c__Clostridia|o__Clostridiales|f__Lachnospiraceae|g__Lachnospiraceae_unclassified|s__Lachnospiraceae_bacterium|t__SGB5054",0,0,NA,FALSE,FALSE,FALSE,NA,"HMP1-2 taxonomy skin"
"k__Bacteria|p__Firmicutes|c__Clostridia|o__Clostridiales|f__Ruminococcaceae|g__GGB9597|s__GGB9597_SGB15022|t__SGB15022",0,0,NA,FALSE,FALSE,FALSE,NA,"HMP1-2 taxonomy skin"
"k__Bacteria|p__Firmicutes|c__Clostridia|o__Clostridia_unclassified|f__Clostridia_unclassified|g__Clostridia_unclassified|s__Clostridia_bacterium|t__SGB5291",0,0,NA,FALSE,FALSE,FALSE,NA,"HMP1-2 taxonomy skin"
"k__Bacteria|p__Firmicutes|c__Negativicutes|o__Veillonellales|f__Veillonellaceae|g__Megasphaera|s__Megasphaera_hominis|t__SGB5851",0,0,NA,FALSE,FALSE,FALSE,NA,"HMP1-2 taxonomy skin"
"k__Bacteria|p__Firmicutes|c__Clostridia|o__Clostridia_unclassified|f__Clostridia_unclassified|g__Candidatus_Avispirillum|s__Candidatus_Avispirillum_faecium|t__SGB14194",0,0,NA,FALSE,FALSE,FALSE,NA,"HMP1-2 taxonomy skin"
"k__Bacteria|p__Firmicutes|c__Clostridia|o__Clostridiales|f__Ruminococcaceae|g__GGB9631|s__GGB9631_SGB15085|t__SGB15085",0,0,NA,FALSE,FALSE,FALSE,NA,"HMP1-2 taxonomy skin"
"k__Bacteria|p__Proteobacteria|c__Betaproteobacteria|o__Burkholderiales|f__Oxalobacteraceae|g__Oxalobacter|s__Oxalobacter_formigenes|t__SGB9387",0,0,NA,FALSE,FALSE,FALSE,NA,"HMP1-2 taxonomy skin"
"k__Bacteria|p__Firmicutes|c__Clostridia|o__Clostridiales|f__Clostridiaceae|g__GGB4482|s__GGB4482_SGB6177|t__SGB6177",0,0,NA,FALSE,FALSE,FALSE,NA,"HMP1-2 taxonomy skin"
"k__Bacteria|p__Firmicutes|c__Clostridia|o__Clostridia_unclassified|f__Clostridia_unclassified|g__Clostridia_unclassified|s__Clostridia_bacterium|t__SGB17347",0,0,NA,FALSE,FALSE,FALSE,NA,"HMP1-2 taxonomy skin"
"k__Bacteria|p__Firmicutes|c__Clostridia|o__Clostridia_unclassified|f__Clostridia_unclassified|g__Clostridia_unclassified|s__Clostridia_bacterium|t__SGB955",0,0,NA,FALSE,FALSE,FALSE,NA,"HMP1-2 taxonomy skin"
"k__Bacteria|p__Actinobacteria|c__Coriobacteriia|o__Coriobacteriales|f__Coriobacteriaceae|g__Collinsella|s__Collinsella_intestinalis|t__SGB14741",0,0,NA,FALSE,FALSE,FALSE,NA,"HMP1-2 taxonomy skin"
"k__Bacteria|p__Firmicutes|c__Clostridia|o__Clostridia_unclassified|f__Clostridia_unclassified|g__Candidatus_Avimonas|s__Candidatus_Avimonas_narfia|t__SGB14941",0,0,NA,FALSE,FALSE,FALSE,NA,"HMP1-2 taxonomy skin"
"k__Bacteria|p__Firmicutes|c__Erysipelotrichia|o__Erysipelotrichales|f__Erysipelotrichaceae|g__Faecalibacillus|s__Faecalibacillus_faecis|t__SGB6750",2,0.00625,0.000197100080490044,FALSE,FALSE,FALSE,NA,"HMP1-2 taxonomy skin"
"k__Bacteria|p__Firmicutes|c__Erysipelotrichia|o__Erysipelotrichales|f__Erysipelotrichaceae|g__Traorella|s__Traorella_massiliensis|t__SGB28999",0,0,NA,FALSE,FALSE,FALSE,NA,"HMP1-2 taxonomy skin"
"k__Bacteria|p__Firmicutes|c__Clostridia|o__Clostridiales|f__Ruminococcaceae|g__Ruminococcaceae_unclassified|s__Ruminococcaceae_unclassified_SGB4425|t__SGB4425_group",0,0,NA,FALSE,FALSE,FALSE,NA,"HMP1-2 taxonomy skin"
"k__Bacteria|p__Firmicutes|c__Clostridia|o__Clostridiales|f__Lachnospiraceae|g__Lachnospiraceae_unclassified|s__Lachnospiraceae_bacterium|t__SGB4648",2,0.00625,3.60499927900014e-05,FALSE,FALSE,FALSE,NA,"HMP1-2 taxonomy skin"
"k__Bacteria|p__Firmicutes|c__Clostridia|o__Clostridiales|f__Clostridiaceae|g__Clostridium|s__Clostridium_sp_AM22_11AC|t__SGB4749",2,0.00625,0.000628300082060016,FALSE,FALSE,FALSE,NA,"HMP1-2 taxonomy skin"
"k__Bacteria|p__Firmicutes|c__Clostridia|o__Clostridiales|f__Lachnospiraceae|g__Blautia|s__Blautia_sp_MSK_20_85|t__SGB4828_group",2,0.00625,0.000194150036920023,FALSE,FALSE,FALSE,NA,"HMP1-2 taxonomy skin"
"k__Bacteria|p__Firmicutes|c__Clostridia|o__Clostridiales|f__Ruminococcaceae|g__Ruminococcaceae_unclassified|s__Ruminococcaceae_bacterium|t__SGB14869",0,0,NA,FALSE,FALSE,FALSE,NA,"HMP1-2 taxonomy skin"
"k__Bacteria|p__Firmicutes|c__Clostridia|o__Clostridia_unclassified|f__Clostridia_unclassified|g__Clostridia_unclassified|s__Clostridia_bacterium|t__SGB3990",0,0,NA,FALSE,FALSE,FALSE,NA,"HMP1-2 taxonomy skin"
"k__Bacteria|p__Proteobacteria|c__Deltaproteobacteria|o__Desulfovibrionales|f__Desulfovibrionaceae|g__Desulfovibrio|s__Desulfovibrio_sp_PG_178_WT_4|t__SGB15471",0,0,NA,FALSE,FALSE,FALSE,NA,"HMP1-2 taxonomy skin"
"k__Bacteria|p__Firmicutes|c__Clostridia|o__Clostridiales|f__Peptostreptococcaceae|g__Romboutsia|s__Romboutsia_timonensis|t__SGB6148",1,0.003125,0.00131170013117001,FALSE,TRUE,FALSE,NA,"HMP1-2 taxonomy skin"
"k__Bacteria|p__Firmicutes|c__Clostridia|o__Clostridia_unclassified|f__Clostridia_unclassified|g__GGB9350|s__GGB9350_SGB14317|t__SGB14317",0,0,NA,FALSE,FALSE,FALSE,NA,"HMP1-2 taxonomy skin"
"k__Bacteria|p__Firmicutes|c__Clostridia|o__Clostridiales|f__Lachnospiraceae|g__Lachnospiraceae_unclassified|s__Lachnospiraceae_bacterium|t__SGB48424",0,0,NA,FALSE,FALSE,FALSE,NA,"HMP1-2 taxonomy skin"
"k__Bacteria|p__Firmicutes|c__Clostridia|o__Clostridiales|f__Lachnospiraceae|g__Lachnospiraceae_unclassified|s__Lachnospiraceae_bacterium|t__SGB4803",1,0.003125,0.00291079912676026,FALSE,TRUE,FALSE,NA,"HMP1-2 taxonomy skin"
"k__Bacteria|p__Firmicutes|c__Clostridia|o__Clostridia_unclassified|f__Clostridia_unclassified|g__Candidatus_Allobutyricicoccus|s__Candidatus_Allobutyricicoccus_pentlandensis|t__SGB14180",0,0,NA,FALSE,FALSE,FALSE,NA,"HMP1-2 taxonomy skin"
"k__Bacteria|p__Firmicutes|c__Erysipelotrichia|o__Erysipelotrichales|f__Erysipelotrichaceae|g__Massilimicrobiota|s__Massilimicrobiota_sp_An134|t__SGB6768",1,0.003125,1.51000015100001e-05,FALSE,FALSE,FALSE,NA,"HMP1-2 taxonomy skin"
"k__Bacteria|p__Proteobacteria|c__CFGB2397|o__OFGB2397|f__FGB2397|g__GGB6561|s__GGB6561_SGB9269|t__SGB9269",0,0,NA,FALSE,FALSE,FALSE,NA,"HMP1-2 taxonomy skin"
"k__Bacteria|p__Proteobacteria|c__Alphaproteobacteria|o__Alphaproteobacteria_unclassified|f__Alphaproteobacteria_unclassified|g__GGB6606|s__GGB6606_SGB9340|t__SGB9340",2,0.00625,3.85999926400014e-05,FALSE,FALSE,FALSE,NA,"HMP1-2 taxonomy skin"
"k__Bacteria|p__Firmicutes|c__Clostridia|o__Clostridiales|f__Lachnospiraceae|g__Mediterraneibacter|s__Ruminococcus_gnavus|t__SGB4584",4,0.0125,0.000688500143342539,FALSE,FALSE,FALSE,NA,"HMP1-2 taxonomy skin"
"k__Bacteria|p__Firmicutes|c__Bacilli|o__Lactobacillales|f__Streptococcaceae|g__Lactococcus|s__Lactococcus_lactis|t__SGB7985",8,0.025,0.00333436246301752,FALSE,TRUE,FALSE,NA,"HMP1-2 taxonomy skin"
"k__Bacteria|p__Firmicutes|c__Clostridia|o__Clostridiales|f__Ruminococcaceae|g__GGB3343|s__GGB3343_SGB4423|t__SGB4423",0,0,NA,FALSE,FALSE,FALSE,NA,"HMP1-2 taxonomy skin"
"k__Bacteria|p__Firmicutes|c__Clostridia|o__Clostridiales|f__Clostridiales_unclassified|g__Clostridiales_unclassified|s__Clostridiales_bacterium_BX7|t__SGB72833",0,0,NA,FALSE,FALSE,FALSE,NA,"HMP1-2 taxonomy skin"
"k__Bacteria|p__Firmicutes|c__Clostridia|o__Clostridia_unclassified|f__Clostridia_unclassified|g__GGB2980|s__GGB2980_SGB3962|t__SGB3962",0,0,NA,FALSE,FALSE,FALSE,NA,"HMP1-2 taxonomy skin"
"k__Bacteria|p__Firmicutes|c__CFGB1434|o__OFGB1434|f__FGB1434|g__GGB3510|s__GGB3510_SGB4687|t__SGB4687",0,0,NA,FALSE,FALSE,FALSE,NA,"HMP1-2 taxonomy skin"
"k__Bacteria|p__Firmicutes|c__Clostridia|o__Clostridiales|f__Oscillospiraceae|g__Oscillibacter|s__Oscillibacter_sp_NSJ_62|t__SGB79833",0,0,NA,FALSE,FALSE,FALSE,NA,"HMP1-2 taxonomy skin"
"k__Bacteria|p__Firmicutes|c__Clostridia|o__Clostridia_unclassified|f__Clostridia_unclassified|g__Clostridia_unclassified|s__Clostridia_bacterium|t__SGB3993",0,0,NA,FALSE,FALSE,FALSE,NA,"HMP1-2 taxonomy skin"
"k__Bacteria|p__Firmicutes|c__Clostridia|o__Clostridia_unclassified|f__Clostridia_unclassified|g__Clostridia_unclassified|s__Clostridia_bacterium|t__SGB15403",0,0,NA,FALSE,FALSE,FALSE,NA,"HMP1-2 taxonomy skin"
"k__Bacteria|p__Firmicutes|c__Erysipelotrichia|o__Erysipelotrichales|f__Erysipelotrichaceae|g__Holdemania|s__Holdemania_sp_Marseille_P2844|t__SGB4045",1,0.003125,0.00190690095345048,FALSE,TRUE,FALSE,NA,"HMP1-2 taxonomy skin"
"k__Bacteria|p__Firmicutes|c__Clostridia|o__Clostridia_unclassified|f__Clostridia_unclassified|g__Clostridia_unclassified|s__Clostridia_bacterium|t__SGB14863",0,0,NA,FALSE,FALSE,FALSE,NA,"HMP1-2 taxonomy skin"
"k__Bacteria|p__Firmicutes|c__Clostridia|o__Clostridiales|f__Lachnospiraceae|g__Blautia|s__Blautia_hydrogenotrophica|t__SGB4677",0,0,NA,FALSE,FALSE,FALSE,NA,"HMP1-2 taxonomy skin"
"k__Bacteria|p__Actinobacteria|c__Coriobacteriia|o__Eggerthellales|f__Eggerthellaceae|g__Gordonibacter|s__Gordonibacter_pamelaeae|t__SGB14807",1,0.003125,1.75000017500002e-05,FALSE,FALSE,FALSE,NA,"HMP1-2 taxonomy skin"
"k__Bacteria|p__Firmicutes|c__Clostridia|o__Clostridiales|f__Lachnospiraceae|g__Dorea|s__Dorea_sp_AF24_7LB|t__SGB4571",0,0,NA,FALSE,FALSE,FALSE,NA,"HMP1-2 taxonomy skin"
"k__Bacteria|p__Firmicutes|c__Clostridia|o__Clostridia_unclassified|f__Clostridia_unclassified|g__Clostridia_unclassified|s__Clostridia_bacterium|t__SGB3578",0,0,NA,FALSE,FALSE,FALSE,NA,"HMP1-2 taxonomy skin"
"k__Bacteria|p__Firmicutes|c__Bacilli|o__Lactobacillales|f__Enterococcaceae|g__GGB33516|s__GGB33516_SGB54347|t__SGB54347",0,0,NA,FALSE,FALSE,FALSE,NA,"HMP1-2 taxonomy skin"
"k__Bacteria|p__Firmicutes|c__Clostridia|o__Clostridiales|f__Lachnospiraceae|g__Merdimonas|s__Merdimonas_faecis|t__SGB4626",0,0,NA,FALSE,FALSE,FALSE,NA,"HMP1-2 taxonomy skin"
"k__Bacteria|p__Firmicutes|c__Clostridia|o__Clostridiales|f__Ruminococcaceae|g__GGB9644|s__GGB9644_SGB15121|t__SGB15121",0,0,NA,FALSE,FALSE,FALSE,NA,"HMP1-2 taxonomy skin"
"k__Bacteria|p__Bacteroidetes|c__Bacteroidia|o__Bacteroidales|f__Prevotellaceae|g__GGB1215|s__GGB1215_SGB1581|t__SGB1581",0,0,NA,FALSE,FALSE,FALSE,NA,"HMP1-2 taxonomy skin"
"k__Bacteria|p__Firmicutes|c__Clostridia|o__Clostridia_unclassified|f__Clostridia_unclassified|g__Candidatus_Metaruminococcus|s__Candidatus_Metaruminococcus_caecorum|t__SGB63353",0,0,NA,FALSE,FALSE,FALSE,NA,"HMP1-2 taxonomy skin"
"k__Bacteria|p__Firmicutes|c__Clostridia|o__Clostridiales|f__Lachnospiraceae|g__Lachnospiraceae_unclassified|s__Lachnospiraceae_bacterium|t__SGB4722",1,0.003125,0.000117200011720001,FALSE,FALSE,FALSE,NA,"HMP1-2 taxonomy skin"
"k__Bacteria|p__Fusobacteria|c__Fusobacteriia|o__Fusobacteriales|f__Fusobacteriaceae|g__Fusobacterium|s__Fusobacterium_mortiferum|t__SGB6031",0,0,NA,FALSE,FALSE,FALSE,NA,"HMP1-2 taxonomy skin"
"k__Bacteria|p__Firmicutes|c__CFGB40183|o__OFGB40183|f__FGB40183|g__GGB42389|s__GGB42389_SGB59559|t__SGB59559",0,0,NA,FALSE,FALSE,FALSE,NA,"HMP1-2 taxonomy skin"
"k__Bacteria|p__Firmicutes|c__Erysipelotrichia|o__Erysipelotrichales|f__Erysipelotrichaceae|g__Massilicoli|s__Massilicoli_timonensis|t__SGB4026",0,0,NA,FALSE,FALSE,FALSE,NA,"HMP1-2 taxonomy skin"
"k__Bacteria|p__Firmicutes|c__Clostridia|o__Clostridiales|f__Ruminococcaceae|g__Ruminococcaceae_unclassified|s__Ruminococcaceae_bacterium|t__SGB4263",0,0,NA,FALSE,FALSE,FALSE,NA,"HMP1-2 taxonomy skin"
"k__Bacteria|p__Firmicutes|c__Clostridia|o__Clostridiales|f__Ruminococcaceae|g__Ruminococcaceae_unclassified|s__Ruminococcaceae_bacterium|t__SGB53515",0,0,NA,FALSE,FALSE,FALSE,NA,"HMP1-2 taxonomy skin"
"k__Bacteria|p__Firmicutes|c__CFGB1230|o__OFGB1230|f__FGB1230|g__GGB3008|s__GGB3008_SGB3999|t__SGB3999",0,0,NA,FALSE,FALSE,FALSE,NA,"HMP1-2 taxonomy skin"
"k__Bacteria|p__Firmicutes|c__Clostridia|o__Clostridiales|f__Lachnospiraceae|g__GGB3394|s__GGB3394_SGB4501|t__SGB4501",1,0.003125,8.67e-05,FALSE,FALSE,FALSE,NA,"HMP1-2 taxonomy skin"
"k__Bacteria|p__Bacteroidetes|c__Bacteroidia|o__Bacteroidales|f__Prevotellaceae|g__Prevotella|s__Prevotella_fusca|t__SGB1556",2,0.00625,0.00171875048178016,FALSE,TRUE,FALSE,NA,"HMP1-2 taxonomy skin"
"k__Bacteria|p__Firmicutes|c__Clostridia|o__Clostridiales|f__Peptostreptococcaceae|g__Peptoanaerobacter|s__Peptoanaerobacter_stomatis|t__SGB6624",1,0.003125,2.11e-05,FALSE,FALSE,FALSE,NA,"HMP1-2 taxonomy skin"
"k__Bacteria|p__Spirochaetes|c__Spirochaetia|o__Spirochaetales|f__Spirochaetaceae|g__Treponema|s__Treponema_lecithinolyticum|t__SGB3587",1,0.003125,6.1e-06,FALSE,FALSE,FALSE,NA,"HMP1-2 taxonomy skin"
"k__Bacteria|p__Bacteroidetes|c__CFGB35479|o__OFGB35479|f__FGB35479|g__GGB49219|s__GGB49219_SGB69048|t__SGB69048",0,0,NA,FALSE,FALSE,FALSE,NA,"HMP1-2 taxonomy skin"
"k__Bacteria|p__Spirochaetes|c__Spirochaetia|o__Spirochaetales|f__Spirochaetaceae|g__GGB2674|s__GGB2674_SGB3609|t__SGB3609",0,0,NA,FALSE,FALSE,FALSE,NA,"HMP1-2 taxonomy skin"
"k__Bacteria|p__Spirochaetes|c__Spirochaetia|o__Spirochaetales|f__Spirochaetaceae|g__Treponema|s__Treponema_SGB69452|t__SGB69452",0,0,NA,FALSE,FALSE,FALSE,NA,"HMP1-2 taxonomy skin"
"k__Bacteria|p__Bacteroidetes|c__Bacteroidia|o__Bacteroidales|f__Prevotellaceae|g__Prevotella|s__Prevotella_marshii|t__SGB3323",0,0,NA,FALSE,FALSE,FALSE,NA,"HMP1-2 taxonomy skin"
"k__Bacteria|p__Spirochaetes|c__Spirochaetia|o__Spirochaetales|f__Spirochaetaceae|g__Treponema|s__Treponema_pectinovorum|t__SGB80245",0,0,NA,FALSE,FALSE,FALSE,NA,"HMP1-2 taxonomy skin"
"k__Bacteria|p__Proteobacteria|c__Deltaproteobacteria|o__Desulfovibrionales|f__Desulfovibrionaceae|g__Desulfovibrio|s__Desulfovibrio_sp_OH1186_COT_070|t__SGB29646",0,0,NA,FALSE,FALSE,FALSE,NA,"HMP1-2 taxonomy skin"
"k__Bacteria|p__Firmicutes|c__Bacilli|o__Lactobacillales|f__Lactobacillaceae|g__Lactobacillus|s__Lactobacillus_crispatus|t__SGB7045",44,0.1375,0.00596196386996843,TRUE,TRUE,TRUE,0.0662438964625163,"HMP1-2 taxonomy skin"
"k__Bacteria|p__Firmicutes|c__Clostridia|o__Clostridiales|f__Clostridiaceae|g__Clostridium|s__Clostridium_massiliamazoniense|t__SGB29082",0,0,NA,FALSE,FALSE,FALSE,NA,"HMP1-2 taxonomy skin"
"k__Bacteria|p__Actinobacteria|c__Actinobacteria|o__Bifidobacteriales|f__Bifidobacteriaceae|g__Gardnerella|s__Gardnerella_vaginalis|t__SGB7097",1,0.003125,0.0002555,FALSE,FALSE,FALSE,NA,"HMP1-2 taxonomy skin"
"k__Bacteria|p__Proteobacteria|c__Gammaproteobacteria|o__Pseudomonadales|f__Moraxellaceae|g__Moraxella|s__Moraxella_nonliquefaciens|t__SGB10426",31,0.096875,0.293501880977127,FALSE,TRUE,FALSE,NA,"HMP1-2 taxonomy skin"
"k__Bacteria|p__Firmicutes|c__Bacilli|o__Lactobacillales|f__Carnobacteriaceae|g__Dolosigranulum|s__Dolosigranulum_pigrum|t__SGB7017",107,0.334375,0.157688300353274,TRUE,TRUE,TRUE,0.254974512709783,"HMP1-2 taxonomy skin"
"k__Bacteria|p__Actinobacteria|c__Actinobacteria|o__Propionibacteriales|f__Propionibacteriaceae|g__Cutibacterium|s__Cutibacterium_granulosum|t__SGB16958",202,0.63125,0.0328254791036577,TRUE,TRUE,TRUE,0.141017551165386,"HMP1-2 taxonomy skin"
"k__Bacteria|p__Bacteroidetes|c__Flavobacteriia|o__Flavobacteriales|f__Weeksellaceae|g__Cloacibacterium|s__Cloacibacterium_normanense|t__SGB2534",24,0.075,0.00109776667065251,FALSE,TRUE,FALSE,NA,"HMP1-2 taxonomy skin"
"k__Bacteria|p__Actinobacteria|c__Actinobacteria|o__Propionibacteriales|f__Propionibacteriaceae|g__Cutibacterium|s__Cutibacterium_avidum|t__SGB16953",91,0.284375,0.0039320946915316,TRUE,TRUE,TRUE,0.0445097420277852,"HMP1-2 taxonomy skin"
"k__Bacteria|p__Bacteroidetes|c__Bacteroidia|o__Bacteroidales|f__Bacteroidales_unclassified|g__Bacteroidales_unclassified|s__Bacteroidales_bacterium|t__SGB1969",0,0,NA,FALSE,FALSE,FALSE,NA,"HMP1-2 taxonomy skin"
"k__Bacteria|p__Firmicutes|c__Clostridia|o__Clostridiales|f__Ruminococcaceae|g__GGB9603|s__GGB9603_SGB15035|t__SGB15035",0,0,NA,FALSE,FALSE,FALSE,NA,"HMP1-2 taxonomy skin"
"k__Bacteria|p__Firmicutes|c__Clostridia|o__Clostridia_unclassified|f__Clostridia_unclassified|g__Clostridia_unclassified|s__Clostridia_bacterium|t__SGB4159",0,0,NA,FALSE,FALSE,FALSE,NA,"HMP1-2 taxonomy skin"
"k__Bacteria|p__Firmicutes|c__Clostridia|o__Clostridia_unclassified|f__Clostridia_unclassified|g__GGB3817|s__GGB3817_SGB5182|t__SGB5182",1,0.003125,0.000930600093060009,FALSE,FALSE,FALSE,NA,"HMP1-2 taxonomy skin"
"k__Bacteria|p__Firmicutes|c__Clostridia|o__Clostridia_unclassified|f__Clostridia_unclassified|g__Candidatus_Protoclostridium|s__Candidatus_Protoclostridium_gallicola|t__SGB14049",0,0,NA,FALSE,FALSE,FALSE,NA,"HMP1-2 taxonomy skin"
"k__Bacteria|p__Firmicutes|c__Clostridia|o__Clostridiales|f__Lachnospiraceae|g__Lachnoclostridium|s__Lachnoclostridium_sp_An14|t__SGB4729",0,0,NA,FALSE,FALSE,FALSE,NA,"HMP1-2 taxonomy skin"
"k__Bacteria|p__Firmicutes|c__Clostridia|o__Clostridiales|f__Lachnospiraceae|g__Frisingicoccus|s__Frisingicoccus_SGB4674|t__SGB4674",1,0.003125,2.13000021300002e-05,FALSE,FALSE,FALSE,NA,"HMP1-2 taxonomy skin"
"k__Bacteria|p__Firmicutes|c__Clostridia|o__Clostridiales|f__Peptostreptococcaceae|g__Intestinibacter|s__Intestinibacter_bartlettii|t__SGB6140",0,0,NA,FALSE,FALSE,FALSE,NA,"HMP1-2 taxonomy skin"
"k__Bacteria|p__Firmicutes|c__Erysipelotrichia|o__Erysipelotrichales|f__Erysipelotrichaceae|g__Erysipelatoclostridium|s__Erysipelatoclostridium_ramosum|t__SGB6744",0,0,NA,FALSE,FALSE,FALSE,NA,"HMP1-2 taxonomy skin"
"k__Bacteria|p__Firmicutes|c__Clostridia|o__Clostridiales|f__Lachnospiraceae|g__Anaerotignum|s__Anaerotignum_lactatifermentans|t__SGB5193",2,0.00625,0.0068237034012517,FALSE,TRUE,FALSE,NA,"HMP1-2 taxonomy skin"
"k__Bacteria|p__Firmicutes|c__Clostridia|o__Clostridia_unclassified|f__Clostridia_unclassified|g__Candidatus_Gallimonas|s__Candidatus_Gallimonas_merdae|t__SGB54319",0,0,NA,FALSE,FALSE,FALSE,NA,"HMP1-2 taxonomy skin"
"k__Bacteria|p__Firmicutes|c__Clostridia|o__Clostridia_unclassified|f__Clostridia_unclassified|g__Clostridia_unclassified|s__Clostridia_unclassified_SGB4447|t__SGB4447",0,0,NA,FALSE,FALSE,FALSE,NA,"HMP1-2 taxonomy skin"
"k__Bacteria|p__Firmicutes|c__Clostridia|o__Clostridia_unclassified|f__Clostridia_unclassified|g__GGB9104|s__GGB9104_SGB14037|t__SGB14037",0,0,NA,FALSE,FALSE,FALSE,NA,"HMP1-2 taxonomy skin"
"k__Bacteria|p__Firmicutes|c__Clostridia|o__Clostridiales|f__Lachnospiraceae|g__Eisenbergiella|s__Eisenbergiella_tayi|t__SGB4988",0,0,NA,FALSE,FALSE,FALSE,NA,"HMP1-2 taxonomy skin"
"k__Bacteria|p__Firmicutes|c__Clostridia|o__Clostridiales|f__Ruminococcaceae|g__GGB9501|s__GGB9501_SGB14898|t__SGB14898",0,0,NA,FALSE,FALSE,FALSE,NA,"HMP1-2 taxonomy skin"
"k__Bacteria|p__Firmicutes|c__Clostridia|o__Clostridia_unclassified|f__Clostridia_unclassified|g__Clostridia_unclassified|s__Clostridia_bacterium|t__SGB14874",0,0,NA,FALSE,FALSE,FALSE,NA,"HMP1-2 taxonomy skin"
"k__Bacteria|p__Firmicutes|c__CFGB10719|o__OFGB10719|f__FGB10719|g__GGB32463|s__GGB32463_SGB47515|t__SGB47515",1,0.003125,1.06000010600001e-05,FALSE,FALSE,FALSE,NA,"HMP1-2 taxonomy skin"
"k__Bacteria|p__Firmicutes|c__Clostridia|o__Clostridiales|f__Lachnospiraceae|g__Anaerostipes|s__Anaerostipes_caccae|t__SGB4529",0,0,NA,FALSE,FALSE,FALSE,NA,"HMP1-2 taxonomy skin"
"k__Bacteria|p__Firmicutes|c__Clostridia|o__Clostridia_unclassified|f__Clostridia_unclassified|g__Candidatus_Gallimonas|s__Candidatus_Gallimonas_faecium|t__SGB54320",0,0,NA,FALSE,FALSE,FALSE,NA,"HMP1-2 taxonomy skin"
"k__Bacteria|p__Firmicutes|c__Clostridia|o__Clostridiales|f__Lachnospiraceae|g__Blautia|s__Blautia_sp_An249|t__SGB7262",0,0,NA,FALSE,FALSE,FALSE,NA,"HMP1-2 taxonomy skin"
"k__Bacteria|p__Firmicutes|c__Clostridia|o__Clostridiales|f__Lachnospiraceae|g__GGB3677|s__GGB3677_SGB4990|t__SGB4990",0,0,NA,FALSE,FALSE,FALSE,NA,"HMP1-2 taxonomy skin"
"k__Bacteria|p__Firmicutes|c__CFGB2882|o__OFGB2882|f__FGB2882|g__GGB9186|s__GGB9186_SGB14125|t__SGB14125",0,0,NA,FALSE,FALSE,FALSE,NA,"HMP1-2 taxonomy skin"
"k__Bacteria|p__Firmicutes|c__Clostridia|o__Clostridiales|f__Lachnospiraceae|g__GGB3570|s__GGB3570_SGB4777|t__SGB4777",0,0,NA,FALSE,FALSE,FALSE,NA,"HMP1-2 taxonomy skin"
"k__Bacteria|p__Firmicutes|c__Clostridia|o__Clostridia_unclassified|f__Clostridia_unclassified|g__Candidatus_Timburyella|s__Candidatus_Timburyella_stercoris|t__SGB14167",0,0,NA,FALSE,FALSE,FALSE,NA,"HMP1-2 taxonomy skin"
"k__Bacteria|p__Firmicutes|c__Clostridia|o__Clostridiales|f__Clostridiales_unclassified|g__Clostridiales_unclassified|s__Clostridiales_bacterium_1_7_47FAA|t__SGB4763",0,0,NA,FALSE,FALSE,FALSE,NA,"HMP1-2 taxonomy skin"
"k__Bacteria|p__Firmicutes|c__Clostridia|o__Clostridiales|f__Lachnospiraceae|g__Lachnospiraceae_unclassified|s__Lachnospiraceae_bacterium|t__SGB4765",0,0,NA,FALSE,FALSE,FALSE,NA,"HMP1-2 taxonomy skin"
"k__Bacteria|p__Firmicutes|c__Clostridia|o__Clostridia_unclassified|f__Clostridia_unclassified|g__Clostridia_unclassified|s__Clostridia_bacterium|t__SGB47381",0,0,NA,FALSE,FALSE,FALSE,NA,"HMP1-2 taxonomy skin"
"k__Bacteria|p__Firmicutes|c__Clostridia|o__Clostridiales|f__Ruminococcaceae|g__GGB9623|s__GGB9623_SGB15075|t__SGB15075",0,0,NA,FALSE,FALSE,FALSE,NA,"HMP1-2 taxonomy skin"
"k__Bacteria|p__Firmicutes|c__Clostridia|o__Clostridia_unclassified|f__Clostridia_unclassified|g__GGB3004|s__GGB3004_SGB3995|t__SGB3995",0,0,NA,FALSE,FALSE,FALSE,NA,"HMP1-2 taxonomy skin"
"k__Bacteria|p__Firmicutes|c__Clostridia|o__Clostridia_unclassified|f__Clostridia_unclassified|g__GGB9086|s__GGB9086_SGB14014|t__SGB14014",1,0.003125,0.00363409890977033,FALSE,TRUE,FALSE,NA,"HMP1-2 taxonomy skin"
"k__Bacteria|p__Firmicutes|c__Clostridia|o__Clostridia_unclassified|f__Clostridia_unclassified|g__Candidatus_Alloscillospira|s__Candidatus_Alloscillospira_gallinarum|t__SGB59576",0,0,NA,FALSE,FALSE,FALSE,NA,"HMP1-2 taxonomy skin"
"k__Bacteria|p__Firmicutes|c__Clostridia|o__Clostridiales|f__Lachnospiraceae|g__Lachnoclostridium|s__Lachnoclostridium_edouardi|t__SGB29433",0,0,NA,FALSE,FALSE,FALSE,NA,"HMP1-2 taxonomy skin"
"k__Bacteria|p__Proteobacteria|c__Betaproteobacteria|o__Burkholderiales|f__Sutterellaceae|g__Sutterella|s__Sutterella_wadsworthensis|t__SGB9286",5,0.015625,0.020967265088292,FALSE,TRUE,FALSE,NA,"HMP1-2 taxonomy skin"
"k__Bacteria|p__Firmicutes|c__CFGB3053|o__OFGB3053|f__FGB3053|g__GGB9581|s__GGB9581_SGB79823|t__SGB79823",0,0,NA,FALSE,FALSE,FALSE,NA,"HMP1-2 taxonomy skin"
"k__Bacteria|p__Firmicutes|c__CFGB3047|o__OFGB3047|f__FGB3047|g__GGB9557|s__GGB9557_SGB14966|t__SGB14966",1,0.003125,5.34000213600086e-05,FALSE,FALSE,FALSE,NA,"HMP1-2 taxonomy skin"
"k__Bacteria|p__Firmicutes|c__Clostridia|o__Clostridiales|f__Lachnospiraceae|g__Lachnospiraceae_unclassified|s__Lachnospiraceae_bacterium|t__SGB4744",0,0,NA,FALSE,FALSE,FALSE,NA,"HMP1-2 taxonomy skin"
"k__Bacteria|p__Firmicutes|c__Clostridia|o__Clostridiales|f__Lachnospiraceae|g__GGB3433|s__GGB3433_SGB4573|t__SGB4573_group",2,0.00625,0.000198100018790002,FALSE,FALSE,FALSE,NA,"HMP1-2 taxonomy skin"
"k__Bacteria|p__Firmicutes|c__Clostridia|o__Clostridiales|f__Clostridiaceae|g__GGB9574|s__GGB9574_SGB14987|t__SGB14987",0,0,NA,FALSE,FALSE,FALSE,NA,"HMP1-2 taxonomy skin"
"k__Bacteria|p__Firmicutes|c__Clostridia|o__Clostridiales|f__Lachnospiraceae|g__Faecalimonas|s__Faecalimonas_umbilicata|t__SGB4583",0,0,NA,FALSE,FALSE,FALSE,NA,"HMP1-2 taxonomy skin"
"k__Bacteria|p__Firmicutes|c__Clostridia|o__Clostridiales|f__Lachnospiraceae|g__Lachnoclostridium|s__Clostridium_scindens|t__SGB4630_group",0,0,NA,FALSE,FALSE,FALSE,NA,"HMP1-2 taxonomy skin"
"k__Bacteria|p__Bacteroidetes|c__Bacteroidia|o__Bacteroidales|f__Prevotellaceae|g__Prevotella|s__Prevotella_stercorea|t__SGB1679",1,0.003125,0.000437099912580017,FALSE,FALSE,FALSE,NA,"HMP1-2 taxonomy skin"
"k__Bacteria|p__Bacteroidetes|c__Bacteroidia|o__Bacteroidales|f__Bacteroidales_unclassified|g__GGB1495|s__GGB1495_SGB2071|t__SGB2071",4,0.0125,0.00155095013346002,FALSE,TRUE,FALSE,NA,"HMP1-2 taxonomy skin"
"k__Bacteria|p__Bacteroidetes|c__Bacteroidia|o__Bacteroidales|f__Bacteroidaceae|g__Bacteroidaceae_unclassified|s__Bacteroidaceae_bacterium|t__SGB1478",1,0.003125,8.21999835600032e-05,FALSE,FALSE,FALSE,NA,"HMP1-2 taxonomy skin"
"k__Bacteria|p__Bacteroidetes|c__Bacteroidia|o__Bacteroidales|f__Bacteroidales_unclassified|g__Bacteroidales_unclassified|s__Bacteroidales_bacterium_Oil_RF_744_WCA_WT_10|t__SGB2025",1,0.003125,8.41999831600033e-05,FALSE,FALSE,FALSE,NA,"HMP1-2 taxonomy skin"
"k__Bacteria|p__Bacteroidetes|c__Bacteroidia|o__Bacteroidales|f__Prevotellaceae|g__Paraprevotella|s__Paraprevotella_clara|t__SGB1798",4,0.0125,0.000890575310550129,FALSE,FALSE,FALSE,NA,"HMP1-2 taxonomy skin"
"k__Bacteria|p__Firmicutes|c__Clostridia|o__Clostridia_unclassified|f__Clostridia_unclassified|g__Clostridia_unclassified|s__Clostridia_bacterium|t__SGB6289",0,0,NA,FALSE,FALSE,FALSE,NA,"HMP1-2 taxonomy skin"
"k__Bacteria|p__Bacteroidetes|c__Bacteroidia|o__Bacteroidales|f__Bacteroidales_unclassified|g__Phocaeicola|s__Phocaeicola_coprophilus|t__SGB1888",1,0.003125,0.0364272927145415,FALSE,TRUE,FALSE,NA,"HMP1-2 taxonomy skin"
"k__Bacteria|p__Firmicutes|c__Clostridia|o__Clostridia_unclassified|f__Clostridia_unclassified|g__Clostridia_unclassified|s__Clostridia_bacterium|t__SGB4153",0,0,NA,FALSE,FALSE,FALSE,NA,"HMP1-2 taxonomy skin"
"k__Bacteria|p__Proteobacteria|c__Betaproteobacteria|o__Burkholderiales|f__Sutterellaceae|g__Duodenibacillus|s__Duodenibacillus_massiliensis|t__SGB9273",0,0,NA,FALSE,FALSE,FALSE,NA,"HMP1-2 taxonomy skin"
"k__Bacteria|p__Firmicutes|c__Clostridia|o__Clostridia_unclassified|f__Clostridia_unclassified|g__GGB4579|s__GGB4579_SGB6329|t__SGB6329",0,0,NA,FALSE,FALSE,FALSE,NA,"HMP1-2 taxonomy skin"
"k__Bacteria|p__Firmicutes|c__Clostridia|o__Clostridiales|f__Clostridiales_unclassified|g__Clostridiales_unclassified|s__Bacteroides_pectinophilus|t__SGB5068",0,0,NA,FALSE,FALSE,FALSE,NA,"HMP1-2 taxonomy skin"
"k__Bacteria|p__Firmicutes|c__Clostridia|o__Clostridia_unclassified|f__Clostridia_unclassified|g__GGB3277|s__GGB3277_SGB4327|t__SGB4327_group",2,0.00625,0.000819850309100128,FALSE,FALSE,FALSE,NA,"HMP1-2 taxonomy skin"
"k__Bacteria|p__Proteobacteria|c__Betaproteobacteria|o__Burkholderiales|f__Oxalobacteraceae|g__GGB6649|s__GGB6649_SGB9391|t__SGB9391",0,0,NA,FALSE,FALSE,FALSE,NA,"HMP1-2 taxonomy skin"
"k__Bacteria|p__Firmicutes|c__Clostridia|o__Clostridiales|f__Lachnospiraceae|g__Roseburia|s__Roseburia_sp_AM59_24XD|t__SGB4654",0,0,NA,FALSE,FALSE,FALSE,NA,"HMP1-2 taxonomy skin"
"k__Bacteria|p__Firmicutes|c__Clostridia|o__Clostridiales|f__Clostridiaceae|g__GGB3486|s__GGB3486_SGB4658|t__SGB4658",2,0.00625,1.64999972000005e-06,FALSE,FALSE,FALSE,NA,"HMP1-2 taxonomy skin"
"k__Bacteria|p__Firmicutes|c__Bacilli|o__Bacilli_unclassified|f__Bacilli_unclassified|g__GGB4710|s__GGB4710_SGB6522|t__SGB6522",0,0,NA,FALSE,FALSE,FALSE,NA,"HMP1-2 taxonomy skin"
"k__Bacteria|p__Firmicutes|c__Erysipelotrichia|o__Erysipelotrichales|f__Erysipelotrichaceae|g__Erysipelotrichaceae_unclassified|s__Erysipelotrichaceae_bacterium|t__SGB6836_group",2,0.00625,0.000120450046290019,FALSE,FALSE,FALSE,NA,"HMP1-2 taxonomy skin"
"k__Bacteria|p__Bacteroidetes|c__CFGB602|o__OFGB602|f__FGB602|g__GGB1420|s__GGB1420_SGB1957|t__SGB1957",0,0,NA,FALSE,FALSE,FALSE,NA,"HMP1-2 taxonomy skin"
"k__Bacteria|p__Firmicutes|c__Clostridia|o__Clostridia_unclassified|f__Clostridia_unclassified|g__GGB9774|s__GGB9774_SGB15394|t__SGB15394",2,0.00625,0.000517599845670046,FALSE,FALSE,FALSE,NA,"HMP1-2 taxonomy skin"
"k__Bacteria|p__Firmicutes|c__Clostridia|o__Clostridiales|f__Ruminococcaceae|g__Ruminococcaceae_unclassified|s__Ruminococcaceae_bacterium|t__SGB4183",0,0,NA,FALSE,FALSE,FALSE,NA,"HMP1-2 taxonomy skin"
"k__Bacteria|p__Firmicutes|c__Bacilli|o__Bacilli_unclassified|f__Bacilli_unclassified|g__Bacilli_unclassified|s__Bacilli_bacterium|t__SGB6430",0,0,NA,FALSE,FALSE,FALSE,NA,"HMP1-2 taxonomy skin"
"k__Bacteria|p__Proteobacteria|c__Betaproteobacteria|o__Burkholderiales|f__Sutterellaceae|g__Sutterella|s__Sutterella_seckii|t__SGB9297_group",0,0,NA,FALSE,FALSE,FALSE,NA,"HMP1-2 taxonomy skin"
"k__Bacteria|p__Firmicutes|c__Clostridia|o__Clostridia_unclassified|f__Clostridia_unclassified|g__Clostridia_unclassified|s__Clostridia_unclassified_SGB4372|t__SGB4372",0,0,NA,FALSE,FALSE,FALSE,NA,"HMP1-2 taxonomy skin"
"k__Bacteria|p__Firmicutes|c__CFGB1340|o__OFGB1340|f__FGB1340|g__GGB3256|s__GGB3256_SGB4303|t__SGB4303",6,0.01875,0.00100448323794004,FALSE,TRUE,FALSE,NA,"HMP1-2 taxonomy skin"
"k__Bacteria|p__Firmicutes|c__Clostridia|o__Clostridia_unclassified|f__Clostridia_unclassified|g__Clostridia_unclassified|s__Clostridia_bacterium|t__SGB14210",0,0,NA,FALSE,FALSE,FALSE,NA,"HMP1-2 taxonomy skin"
"k__Bacteria|p__Firmicutes|c__Clostridia|o__Clostridiales|f__Ruminococcaceae|g__Ruminococcus|s__Ruminococcus_callidus|t__SGB4422",2,0.00625,0.000378000113310042,FALSE,FALSE,FALSE,NA,"HMP1-2 taxonomy skin"
"k__Bacteria|p__Firmicutes|c__Bacilli|o__Lactobacillales|f__Lactobacillaceae|g__Ligilactobacillus|s__Ligilactobacillus_ruminis|t__SGB7061",1,0.003125,0.000144600057840023,FALSE,FALSE,FALSE,NA,"HMP1-2 taxonomy skin"
"k__Bacteria|p__Lentisphaerae|c__Lentisphaeria|o__Lentisphaeria_unclassified|f__Lentisphaeria_unclassified|g__Lentisphaeria_unclassified|s__Lentisphaeria_unclassified_SGB9198|t__SGB9198",0,0,NA,FALSE,FALSE,FALSE,NA,"HMP1-2 taxonomy skin"
"k__Bacteria|p__Firmicutes|c__Clostridia|o__Clostridiales|f__Clostridiaceae|g__Clostridium|s__Clostridium_disporicum|t__SGB6178",0,0,NA,FALSE,FALSE,FALSE,NA,"HMP1-2 taxonomy skin"
"k__Bacteria|p__Firmicutes|c__Clostridia|o__Clostridiales|f__Clostridiaceae|g__Clostridium|s__Clostridium_perfringens|t__SGB6191",0,0,NA,FALSE,FALSE,FALSE,NA,"HMP1-2 taxonomy skin"
"k__Bacteria|p__Firmicutes|c__Clostridia|o__Clostridiales|f__Ruminococcaceae|g__GGB9636|s__GGB9636_SGB15107|t__SGB15107",1,0.003125,0.00021919993424002,FALSE,FALSE,FALSE,NA,"HMP1-2 taxonomy skin"
"k__Bacteria|p__Firmicutes|c__Clostridia|o__Clostridia_unclassified|f__Clostridia_unclassified|g__Clostridia_unclassified|s__Clostridia_bacterium|t__SGB14026",1,0.003125,0.00198699940390018,FALSE,TRUE,FALSE,NA,"HMP1-2 taxonomy skin"
"k__Bacteria|p__Firmicutes|c__Clostridia|o__Clostridiales|f__Peptostreptococcaceae|g__Intestinibacter|s__Intestinibacter_SGB6139|t__SGB6139",1,0.003125,5.6100022440009e-05,FALSE,FALSE,FALSE,NA,"HMP1-2 taxonomy skin"
"k__Bacteria|p__Firmicutes|c__Clostridia|o__Clostridia_unclassified|f__Clostridia_unclassified|g__Clostridia_unclassified|s__Clostridia_unclassified_SGB3983|t__SGB3983",0,0,NA,FALSE,FALSE,FALSE,NA,"HMP1-2 taxonomy skin"
"k__Bacteria|p__Firmicutes|c__Clostridia|o__Clostridiales|f__Peptococcaceae|g__Peptococcaceae_unclassified|s__Peptococcaceae_bacterium|t__SGB49168",0,0,NA,FALSE,FALSE,FALSE,NA,"HMP1-2 taxonomy skin"
"k__Bacteria|p__Firmicutes|c__Clostridia|o__Clostridia_unclassified|f__Clostridia_unclassified|g__GGB3303|s__GGB3303_SGB4364|t__SGB4364",0,0,NA,FALSE,FALSE,FALSE,NA,"HMP1-2 taxonomy skin"
"k__Bacteria|p__Proteobacteria|c__Deltaproteobacteria|o__Desulfovibrionales|f__Desulfovibrionaceae|g__Desulfovibrionaceae_unclassified|s__Desulfovibrionaceae_bacterium|t__SGB15447",0,0,NA,FALSE,FALSE,FALSE,NA,"HMP1-2 taxonomy skin"
"k__Bacteria|p__Firmicutes|c__Clostridia|o__Clostridiales|f__Peptostreptococcaceae|g__GGB4456|s__GGB4456_SGB6141|t__SGB6141",1,0.003125,1.50000060000024e-05,FALSE,FALSE,FALSE,NA,"HMP1-2 taxonomy skin"
"k__Bacteria|p__Firmicutes|c__Clostridia|o__Clostridiales|f__Clostridiales_Family_XIII_Incertae_Sedis|g__Clostridiales_Family_XIII_Incertae_Sedis_unclassified|s__Clostridiales_Family_XIII_bacterium_RF_744_FAT_WT_3|t__SGB3928",0,0,NA,FALSE,FALSE,FALSE,NA,"HMP1-2 taxonomy skin"
"k__Bacteria|p__Firmicutes|c__Clostridia|o__Clostridiales|f__Ruminococcaceae|g__GGB9712|s__GGB9712_SGB15244|t__SGB15244",0,0,NA,FALSE,FALSE,FALSE,NA,"HMP1-2 taxonomy skin"
"k__Bacteria|p__Firmicutes|c__Bacilli|o__Bacilli_unclassified|f__Bacilli_unclassified|g__GGB4662|s__GGB4662_SGB6450|t__SGB6450",0,0,NA,FALSE,FALSE,FALSE,NA,"HMP1-2 taxonomy skin"
"k__Bacteria|p__Firmicutes|c__Bacilli|o__Bacilli_unclassified|f__Bacilli_unclassified|g__Bacilli_unclassified|s__Bacilli_bacterium|t__SGB6421",0,0,NA,FALSE,FALSE,FALSE,NA,"HMP1-2 taxonomy skin"
"k__Bacteria|p__Actinobacteria|c__Coriobacteriia|o__Eggerthellales|f__Eggerthellaceae|g__GGB9361|s__GGB9361_SGB14336|t__SGB14336",0,0,NA,FALSE,FALSE,FALSE,NA,"HMP1-2 taxonomy skin"
"k__Bacteria|p__Firmicutes|c__Clostridia|o__Clostridiales|f__Clostridiaceae|g__Clostridium|s__Clostridium_paraputrificum|t__SGB6187",0,0,NA,FALSE,FALSE,FALSE,NA,"HMP1-2 taxonomy skin"
"k__Bacteria|p__Firmicutes|c__CFGB1298|o__OFGB1298|f__FGB1298|g__GGB3118|s__GGB3118_SGB4130|t__SGB4130",1,0.003125,0.000356200142480057,FALSE,FALSE,FALSE,NA,"HMP1-2 taxonomy skin"
"k__Bacteria|p__Firmicutes|c__Clostridia|o__Clostridiales|f__Ruminococcaceae|g__Ruminococcus|s__Ruminococcus_champanellensis|t__SGB4418",0,0,NA,FALSE,FALSE,FALSE,NA,"HMP1-2 taxonomy skin"
"k__Bacteria|p__Firmicutes|c__Clostridia|o__Clostridiales|f__Ruminococcaceae|g__Massilimaliae|s__Massilimaliae_massiliensis|t__SGB29347",0,0,NA,FALSE,FALSE,FALSE,NA,"HMP1-2 taxonomy skin"
"k__Bacteria|p__Firmicutes|c__Clostridia|o__Clostridiales|f__Lachnospiraceae|g__Lachnospiraceae_unclassified|s__Lachnospiraceae_bacterium|t__SGB4909",0,0,NA,FALSE,FALSE,FALSE,NA,"HMP1-2 taxonomy skin"
"k__Bacteria|p__Actinobacteria|c__Coriobacteriia|o__Coriobacteriales|f__Coriobacteriaceae|g__Collinsella|s__Collinsella_bouchesdurhonensis|t__SGB14397",0,0,NA,FALSE,FALSE,FALSE,NA,"HMP1-2 taxonomy skin"
"k__Bacteria|p__Firmicutes|c__Clostridia|o__Clostridiales|f__Ruminococcaceae|g__GGB9709|s__GGB9709_SGB15238|t__SGB15238",0,0,NA,FALSE,FALSE,FALSE,NA,"HMP1-2 taxonomy skin"
"k__Bacteria|p__Firmicutes|c__Clostridia|o__Clostridiales|f__Lachnospiraceae|g__Blautia|s__Blautia_schinkii|t__SGB4825",1,0.003125,4.35999912800017e-05,FALSE,FALSE,FALSE,NA,"HMP1-2 taxonomy skin"
"k__Bacteria|p__Firmicutes|c__Clostridia|o__Clostridiales|f__Eubacteriaceae|g__Eubacterium|s__Eubacterium_ramulus|t__SGB4960",0,0,NA,FALSE,FALSE,FALSE,NA,"HMP1-2 taxonomy skin"
"k__Bacteria|p__Firmicutes|c__Clostridia|o__Clostridia_unclassified|f__Clostridia_unclassified|g__Clostridia_unclassified|s__Clostridia_bacterium|t__SGB14247",0,0,NA,FALSE,FALSE,FALSE,NA,"HMP1-2 taxonomy skin"
"k__Bacteria|p__Firmicutes|c__Clostridia|o__Clostridiales|f__Clostridiales_unclassified|g__Clostridiales_unclassified|s__Clostridiales_bacterium_NSJ_40|t__SGB72336",0,0,NA,FALSE,FALSE,FALSE,NA,"HMP1-2 taxonomy skin"
"k__Bacteria|p__Firmicutes|c__Clostridia|o__Clostridia_unclassified|f__Clostridia_unclassified|g__Clostridia_unclassified|s__Clostridia_bacterium|t__SGB4139",0,0,NA,FALSE,FALSE,FALSE,NA,"HMP1-2 taxonomy skin"
"k__Bacteria|p__Firmicutes|c__Clostridia|o__Clostridiales|f__Christensenellaceae|g__Christensenella|s__Christensenella_minuta|t__SGB14142",0,0,NA,FALSE,FALSE,FALSE,NA,"HMP1-2 taxonomy skin"
"k__Bacteria|p__Firmicutes|c__Clostridia|o__Clostridiales|f__Ruminococcaceae|g__GGB9618|s__GGB9618_SGB15064|t__SGB15064",0,0,NA,FALSE,FALSE,FALSE,NA,"HMP1-2 taxonomy skin"
"k__Bacteria|p__Firmicutes|c__CFGB16911|o__OFGB16911|f__FGB16911|g__GGB49418|s__GGB49418_SGB69331|t__SGB69331",0,0,NA,FALSE,FALSE,FALSE,NA,"HMP1-2 taxonomy skin"
"k__Bacteria|p__Firmicutes|c__Clostridia|o__Clostridiales|f__Ruminococcaceae|g__Ruminococcaceae_unclassified|s__Ruminococcaceae_bacterium|t__SGB14834",0,0,NA,FALSE,FALSE,FALSE,NA,"HMP1-2 taxonomy skin"
"k__Bacteria|p__Actinobacteria|c__Coriobacteriia|o__Eggerthellales|f__Eggerthellaceae|g__Eggerthellaceae_unclassified|s__Eggerthellaceae_unclassified_SGB14322|t__SGB14322_group",0,0,NA,FALSE,FALSE,FALSE,NA,"HMP1-2 taxonomy skin"
"k__Bacteria|p__Firmicutes|c__Clostridia|o__Clostridiales|f__Lachnospiraceae|g__Lachnospiraceae_unclassified|s__Lachnospiraceae_bacterium|t__SGB4817",0,0,NA,FALSE,FALSE,FALSE,NA,"HMP1-2 taxonomy skin"
"k__Bacteria|p__Firmicutes|c__Clostridia|o__Clostridiales|f__Ruminococcaceae|g__GGB3236|s__GGB3236_SGB4274|t__SGB4274",0,0,NA,FALSE,FALSE,FALSE,NA,"HMP1-2 taxonomy skin"
"k__Bacteria|p__Firmicutes|c__Clostridia|o__Clostridiales|f__Christensenellaceae|g__Christensenella|s__Christensenella_sp_NSJ_35|t__SGB82546",0,0,NA,FALSE,FALSE,FALSE,NA,"HMP1-2 taxonomy skin"
"k__Bacteria|p__Firmicutes|c__Bacilli|o__Bacilli_unclassified|f__Bacilli_unclassified|g__Bacilli_unclassified|s__Bacilli_bacterium|t__SGB6452",0,0,NA,FALSE,FALSE,FALSE,NA,"HMP1-2 taxonomy skin"
"k__Bacteria|p__Firmicutes|c__Clostridia|o__Clostridia_unclassified|f__Clostridia_unclassified|g__Clostridia_unclassified|s__Clostridia_bacterium|t__SGB47427",0,0,NA,FALSE,FALSE,FALSE,NA,"HMP1-2 taxonomy skin"
"k__Bacteria|p__Firmicutes|c__Clostridia|o__Clostridia_unclassified|f__Clostridia_unclassified|g__Clostridia_unclassified|s__Clostridia_bacterium|t__SGB6359",0,0,NA,FALSE,FALSE,FALSE,NA,"HMP1-2 taxonomy skin"
"k__Bacteria|p__Firmicutes|c__Bacilli|o__Bacilli_unclassified|f__Bacilli_unclassified|g__Bacilli_unclassified|s__Bacilli_bacterium|t__SGB6432",0,0,NA,FALSE,FALSE,FALSE,NA,"HMP1-2 taxonomy skin"
"k__Bacteria|p__Firmicutes|c__Bacilli|o__Bacilli_unclassified|f__Bacilli_unclassified|g__GGB4727|s__GGB4727_SGB6548|t__SGB6548",0,0,NA,FALSE,FALSE,FALSE,NA,"HMP1-2 taxonomy skin"
"k__Bacteria|p__Bacteroidetes|c__Bacteroidia|o__Bacteroidales|f__Bacteroidaceae|g__Bacteroides|s__Bacteroides_fragilis|t__SGB1853",0,0,NA,FALSE,FALSE,FALSE,NA,"HMP1-2 taxonomy skin"
"k__Bacteria|p__Bacteroidetes|c__Bacteroidia|o__Bacteroidales|f__Tannerellaceae|g__Parabacteroides|s__Parabacteroides_johnsonii|t__SGB1948",0,0,NA,FALSE,FALSE,FALSE,NA,"HMP1-2 taxonomy skin"
"k__Bacteria|p__Firmicutes|c__Clostridia|o__Clostridia_unclassified|f__Clostridia_unclassified|g__Clostridia_unclassified|s__Clostridia_unclassified_SGB6385|t__SGB6385",0,0,NA,FALSE,FALSE,FALSE,NA,"HMP1-2 taxonomy skin"
"k__Bacteria|p__Firmicutes|c__Erysipelotrichia|o__Erysipelotrichales|f__Erysipelotrichaceae|g__Coprobacillus|s__Coprobacillus_cateniformis|t__SGB6771",0,0,NA,FALSE,FALSE,FALSE,NA,"HMP1-2 taxonomy skin"
"k__Bacteria|p__Firmicutes|c__Clostridia|o__Clostridia_unclassified|f__Clostridia_unclassified|g__Clostridia_unclassified|s__Clostridia_bacterium|t__SGB54300",0,0,NA,FALSE,FALSE,FALSE,NA,"HMP1-2 taxonomy skin"
"k__Bacteria|p__Firmicutes|c__Clostridia|o__Clostridiales|f__Peptococcaceae|g__Peptococcaceae_unclassified|s__Peptococcaceae_bacterium|t__SGB4052",0,0,NA,FALSE,FALSE,FALSE,NA,"HMP1-2 taxonomy skin"
"k__Bacteria|p__Firmicutes|c__Clostridia|o__Clostridiales|f__Clostridiaceae|g__Clostridiaceae_unclassified|s__Clostridiaceae_bacterium|t__SGB4629",0,0,NA,FALSE,FALSE,FALSE,NA,"HMP1-2 taxonomy skin"
"k__Bacteria|p__Firmicutes|c__Clostridia|o__Clostridia_unclassified|f__Clostridia_unclassified|g__Clostridia_unclassified|s__Clostridia_bacterium|t__SGB15389",0,0,NA,FALSE,FALSE,FALSE,NA,"HMP1-2 taxonomy skin"
"k__Bacteria|p__Firmicutes|c__Bacilli|o__Lactobacillales|f__Streptococcaceae|g__Lactococcus|s__Lactococcus_lactis|t__SGB7984",2,0.00625,7.72500025050018e-05,FALSE,FALSE,FALSE,NA,"HMP1-2 taxonomy skin"
"k__Bacteria|p__Firmicutes|c__Clostridia|o__Clostridiales|f__Lachnospiraceae|g__Lachnospiraceae_unclassified|s__Lachnospiraceae_bacterium|t__SGB4832",0,0,NA,FALSE,FALSE,FALSE,NA,"HMP1-2 taxonomy skin"
"k__Bacteria|p__Firmicutes|c__Clostridia|o__Clostridiales|f__Clostridiales_Family_XIII_Incertae_Sedis|g__Emergencia|s__Emergencia_timonensis|t__SGB3970",0,0,NA,FALSE,FALSE,FALSE,NA,"HMP1-2 taxonomy skin"
"k__Bacteria|p__Firmicutes|c__Clostridia|o__Clostridiales|f__Lachnospiraceae|g__Eisenbergiella|s__Eisenbergiella_massiliensis|t__SGB4987",1,0.003125,7.91000079100008e-05,FALSE,FALSE,FALSE,NA,"HMP1-2 taxonomy skin"
"k__Bacteria|p__Firmicutes|c__Erysipelotrichia|o__Erysipelotrichales|f__Erysipelotrichaceae|g__Holdemania|s__Holdemania_massiliensis|t__SGB4044",1,0.003125,0.000167200016720002,FALSE,FALSE,FALSE,NA,"HMP1-2 taxonomy skin"
"k__Bacteria|p__Firmicutes|c__Clostridia|o__Clostridiales|f__Ruminococcaceae|g__GGB9694|s__GGB9694_SGB15204|t__SGB15204",0,0,NA,FALSE,FALSE,FALSE,NA,"HMP1-2 taxonomy skin"
"k__Bacteria|p__Firmicutes|c__Clostridia|o__Clostridiales|f__Clostridiaceae|g__GGB3532|s__GGB3532_SGB4720|t__SGB4720",0,0,NA,FALSE,FALSE,FALSE,NA,"HMP1-2 taxonomy skin"
"k__Bacteria|p__Firmicutes|c__Clostridia|o__Clostridia_unclassified|f__Clostridia_unclassified|g__GGB9787|s__GGB9787_SGB15410|t__SGB15410",0,0,NA,FALSE,FALSE,FALSE,NA,"HMP1-2 taxonomy skin"
"k__Bacteria|p__Actinobacteria|c__Actinobacteria|o__Bifidobacteriales|f__Bifidobacteriaceae|g__Bifidobacterium|s__Bifidobacterium_pseudocatenulatum|t__SGB17237",1,0.003125,9.23000461500231e-05,FALSE,FALSE,FALSE,NA,"HMP1-2 taxonomy skin"
"k__Bacteria|p__Firmicutes|c__Clostridia|o__Clostridiales|f__Ruminococcaceae|g__Ruminococcaceae_unclassified|s__Ruminococcaceae_bacterium|t__SGB15349",0,0,NA,FALSE,FALSE,FALSE,NA,"HMP1-2 taxonomy skin"
"k__Bacteria|p__Firmicutes|c__Clostridia|o__Clostridia_unclassified|f__Clostridia_unclassified|g__Clostridia_unclassified|s__Clostridia_unclassified_SGB6317|t__SGB6317",2,0.00625,0.000289000022830003,FALSE,FALSE,FALSE,NA,"HMP1-2 taxonomy skin"
"k__Bacteria|p__Firmicutes|c__Clostridia|o__Clostridiales|f__Ruminococcaceae|g__Hydrogeniiclostidium|s__Hydrogeniiclostidium_mannosilyticum|t__SGB14890",0,0,NA,FALSE,FALSE,FALSE,NA,"HMP1-2 taxonomy skin"
"k__Bacteria|p__Firmicutes|c__Clostridia|o__Clostridiales|f__Ruminococcaceae|g__Pseudoflavonifractor|s__Pseudoflavonifractor_capillosus|t__SGB15140",0,0,NA,FALSE,FALSE,FALSE,NA,"HMP1-2 taxonomy skin"
"k__Bacteria|p__Bacteroidetes|c__Bacteroidia|o__Bacteroidales|f__Porphyromonadaceae|g__Porphyromonas|s__Porphyromonas_SGB1977|t__SGB1977",1,0.003125,7.39000295600118e-05,FALSE,FALSE,FALSE,NA,"HMP1-2 taxonomy skin"
"k__Bacteria|p__Firmicutes|c__Erysipelotrichia|o__Erysipelotrichales|f__Erysipelotrichaceae|g__Erysipelatoclostridium|s__Clostridium_innocuum|t__SGB4037_group",0,0,NA,FALSE,FALSE,FALSE,NA,"HMP1-2 taxonomy skin"
"k__Bacteria|p__Firmicutes|c__Clostridia|o__Clostridiales|f__Lachnospiraceae|g__Lachnospiraceae_unclassified|s__Lachnospiraceae_bacterium|t__SGB5200",0,0,NA,FALSE,FALSE,FALSE,NA,"HMP1-2 taxonomy skin"
"k__Bacteria|p__Firmicutes|c__CFGB1456|o__OFGB1456|f__FGB1456|g__GGB3654|s__GGB3654_SGB4965|t__SGB4965",0,0,NA,FALSE,FALSE,FALSE,NA,"HMP1-2 taxonomy skin"
"k__Bacteria|p__Firmicutes|c__CFGB3048|o__OFGB3048|f__FGB3048|g__GGB9559|s__GGB9559_SGB14968|t__SGB14968",0,0,NA,FALSE,FALSE,FALSE,NA,"HMP1-2 taxonomy skin"
"k__Bacteria|p__Firmicutes|c__Clostridia|o__Clostridiales|f__Eubacteriaceae|g__Eubacterium|s__Eubacterium_callanderi|t__SGB4080",0,0,NA,FALSE,FALSE,FALSE,NA,"HMP1-2 taxonomy skin"
"k__Bacteria|p__Firmicutes|c__Clostridia|o__Clostridiales|f__Lachnospiraceae|g__Lachnoclostridium|s__Clostridium_symbiosum|t__SGB4699",1,0.003125,1.06000010600001e-05,FALSE,FALSE,FALSE,NA,"HMP1-2 taxonomy skin"
"k__Bacteria|p__Firmicutes|c__Clostridia|o__Clostridiales|f__Ruminococcaceae|g__Anaerofilum|s__Anaerofilum_sp_BX8|t__SGB79822",0,0,NA,FALSE,FALSE,FALSE,NA,"HMP1-2 taxonomy skin"
"k__Bacteria|p__Actinobacteria|c__Coriobacteriia|o__Eggerthellales|f__Eggerthellaceae|g__Eggerthella|s__Eggerthella_lenta|t__SGB14809",2,0.00625,7.1000013100011e-06,FALSE,FALSE,FALSE,NA,"HMP1-2 taxonomy skin"
"k__Bacteria|p__Firmicutes|c__Clostridia|o__Clostridiales|f__Clostridiaceae|g__Hungatella|s__Hungatella_hathewayi|t__SGB4742",0,0,NA,FALSE,FALSE,FALSE,NA,"HMP1-2 taxonomy skin"
"k__Bacteria|p__Firmicutes|c__CFGB3608|o__OFGB3608|f__FGB3608|g__GGB58158|s__GGB58158_SGB79798|t__SGB79798",0,0,NA,FALSE,FALSE,FALSE,NA,"HMP1-2 taxonomy skin"
"k__Bacteria|p__Firmicutes|c__Clostridia|o__Clostridiales|f__Clostridiaceae|g__GGB4487|s__GGB4487_SGB6184|t__SGB6184",0,0,NA,FALSE,FALSE,FALSE,NA,"HMP1-2 taxonomy skin"
"k__Bacteria|p__Firmicutes|c__Bacilli|o__Bacilli_unclassified|f__Bacilli_unclassified|g__Bacilli_unclassified|s__Bacilli_bacterium|t__SGB6531",0,0,NA,FALSE,FALSE,FALSE,NA,"HMP1-2 taxonomy skin"
"k__Bacteria|p__Bacteroidetes|c__Bacteroidia|o__Bacteroidales|f__Bacteroidales_unclassified|g__GGB1538|s__GGB1538_SGB2121|t__SGB2121",0,0,NA,FALSE,FALSE,FALSE,NA,"HMP1-2 taxonomy skin"
"k__Bacteria|p__Firmicutes|c__Clostridia|o__Clostridia_unclassified|f__Clostridia_unclassified|g__Clostridia_unclassified|s__Clostridia_bacterium|t__SGB14845",0,0,NA,FALSE,FALSE,FALSE,NA,"HMP1-2 taxonomy skin"
"k__Bacteria|p__Proteobacteria|c__Alphaproteobacteria|o__Alphaproteobacteria_unclassified|f__Alphaproteobacteria_unclassified|g__GGB6613|s__GGB6613_SGB9347|t__SGB9347",2,0.00625,5.28999936950025e-05,FALSE,FALSE,FALSE,NA,"HMP1-2 taxonomy skin"
"k__Bacteria|p__Firmicutes|c__Clostridia|o__Clostridia_unclassified|f__Clostridia_unclassified|g__Clostridia_unclassified|s__Clostridia_bacterium|t__SGB14952",0,0,NA,FALSE,FALSE,FALSE,NA,"HMP1-2 taxonomy skin"
"k__Bacteria|p__Firmicutes|c__Bacilli|o__Bacilli_unclassified|f__Bacilli_unclassified|g__Bacilli_unclassified|s__Bacilli_bacterium|t__SGB6541",0,0,NA,FALSE,FALSE,FALSE,NA,"HMP1-2 taxonomy skin"
"k__Bacteria|p__Firmicutes|c__Clostridia|o__Clostridiales|f__Lachnospiraceae|g__Lachnospiraceae_unclassified|s__Lachnospiraceae_bacterium|t__SGB4671",0,0,NA,FALSE,FALSE,FALSE,NA,"HMP1-2 taxonomy skin"
"k__Bacteria|p__Firmicutes|c__Erysipelotrichia|o__Erysipelotrichales|f__Erysipelotrichaceae|g__Erysipelotrichaceae_unclassified|s__Erysipelotrichaceae_bacterium|t__SGB4027",0,0,NA,FALSE,FALSE,FALSE,NA,"HMP1-2 taxonomy skin"
"k__Bacteria|p__Proteobacteria|c__Deltaproteobacteria|o__Desulfovibrionales|f__Desulfovibrionaceae|g__Desulfovibrio|s__Desulfovibrio_piger|t__SGB15467_group",0,0,NA,FALSE,FALSE,FALSE,NA,"HMP1-2 taxonomy skin"
"k__Bacteria|p__Firmicutes|c__Clostridia|o__Clostridiales|f__Lachnospiraceae|g__Enterocloster|s__Enterocloster_lavalensis|t__SGB4725",1,0.003125,0.000416300208150104,FALSE,FALSE,FALSE,NA,"HMP1-2 taxonomy skin"
"k__Bacteria|p__Firmicutes|c__Clostridia|o__Clostridiales|f__Clostridiales_unclassified|g__Clostridiales_unclassified|s__Clostridiales_unclassified_SGB15150|t__SGB15150",0,0,NA,FALSE,FALSE,FALSE,NA,"HMP1-2 taxonomy skin"
"k__Bacteria|p__Proteobacteria|c__Alphaproteobacteria|o__Alphaproteobacteria_unclassified|f__Alphaproteobacteria_unclassified|g__GGB6608|s__GGB6608_SGB9342|t__SGB9342_group",2,0.00625,0.000188650004670012,FALSE,FALSE,FALSE,NA,"HMP1-2 taxonomy skin"
"k__Bacteria|p__Proteobacteria|c__Epsilonproteobacteria|o__Campylobacterales|f__Campylobacteraceae|g__Campylobacter|s__Campylobacter_hominis|t__SGB19429",1,0.003125,0.00189840056952017,FALSE,TRUE,FALSE,NA,"HMP1-2 taxonomy skin"
"k__Bacteria|p__Firmicutes|c__Clostridia|o__Clostridiales|f__Clostridiales_unclassified|g__Fenollaria|s__Fenollaria_timonensis|t__SGB6719",0,0,NA,FALSE,FALSE,FALSE,NA,"HMP1-2 taxonomy skin"
"k__Bacteria|p__Bacteroidetes|c__Bacteroidia|o__Bacteroidales|f__Prevotellaceae|g__Prevotella|s__Prevotella_corporis|t__SGB1504",4,0.0125,0.000280699993647504,FALSE,FALSE,FALSE,NA,"HMP1-2 taxonomy skin"
"k__Bacteria|p__Firmicutes|c__Clostridia|o__Clostridiales|f__Ruminococcaceae|g__Subdoligranulum|s__Subdoligranulum_SGB15305|t__SGB15305",0,0,NA,FALSE,FALSE,FALSE,NA,"HMP1-2 taxonomy skin"
"k__Bacteria|p__Actinobacteria|c__Coriobacteriia|o__Eggerthellales|f__Eggerthellaceae|g__Gordonibacter|s__Gordonibacter_urolithinfaciens|t__SGB14808",0,0,NA,FALSE,FALSE,FALSE,NA,"HMP1-2 taxonomy skin"
"k__Bacteria|p__Firmicutes|c__Clostridia|o__Clostridiales|f__Lachnospiraceae|g__Lachnospiraceae_unclassified|s__Lachnospiraceae_bacterium|t__SGB4594",0,0,NA,FALSE,FALSE,FALSE,NA,"HMP1-2 taxonomy skin"
"k__Bacteria|p__Bacteroidetes|c__Bacteroidia|o__Bacteroidales|f__Rikenellaceae|g__Alistipes|s__Alistipes_timonensis|t__SGB2299",0,0,NA,FALSE,FALSE,FALSE,NA,"HMP1-2 taxonomy skin"
"k__Bacteria|p__Firmicutes|c__Clostridia|o__Clostridiales|f__Clostridiales_Family_XIII_Incertae_Sedis|g__Clostridiales_Family_XIII_Incertae_Sedis_unclassified|s__Clostridiales_Family_XIII_Incertae_Sedis_unclassified_SGB3978|t__SGB3978",0,0,NA,FALSE,FALSE,FALSE,NA,"HMP1-2 taxonomy skin"
"k__Bacteria|p__Firmicutes|c__Clostridia|o__Clostridia_unclassified|f__Clostridia_unclassified|g__GGB3139|s__GGB3139_SGB4152|t__SGB4152",0,0,NA,FALSE,FALSE,FALSE,NA,"HMP1-2 taxonomy skin"
"k__Bacteria|p__Firmicutes|c__Bacilli|o__Bacilli_unclassified|f__Bacilli_unclassified|g__Bacilli_unclassified|s__Bacilli_bacterium|t__SGB6440",0,0,NA,FALSE,FALSE,FALSE,NA,"HMP1-2 taxonomy skin"
"k__Bacteria|p__Proteobacteria|c__Gammaproteobacteria|o__Enterobacterales|f__Enterobacteriaceae|g__Enterobacter|s__Enterobacter_hormaechei|t__SGB10130_group",2,0.00625,0.00010575000191,FALSE,FALSE,FALSE,NA,"HMP1-2 taxonomy skin"
"k__Bacteria|p__Firmicutes|c__Clostridia|o__Clostridiales|f__Oscillospiraceae|g__Oscillibacter|s__Oscillibacter_SGB15077|t__SGB15077",0,0,NA,FALSE,FALSE,FALSE,NA,"HMP1-2 taxonomy skin"
"k__Bacteria|p__Firmicutes|c__Clostridia|o__Clostridiales|f__Lachnospiraceae|g__Lachnoclostridium|s__Lachnoclostridium_sp_An131|t__SGB4775",0,0,NA,FALSE,FALSE,FALSE,NA,"HMP1-2 taxonomy skin"
"k__Bacteria|p__Bacteroidetes|c__Bacteroidia|o__Bacteroidales|f__Porphyromonadaceae|g__Porphyromonas|s__Porphyromonas_bennonis|t__SGB1985",5,0.015625,0.0198582573493951,FALSE,TRUE,FALSE,NA,"HMP1-2 taxonomy skin"
"k__Bacteria|p__Firmicutes|c__Clostridia|o__Clostridiales|f__Ruminococcaceae|g__Angelakisella|s__Angelakisella_massiliensis|t__SGB29321",0,0,NA,FALSE,FALSE,FALSE,NA,"HMP1-2 taxonomy skin"
"k__Bacteria|p__Firmicutes|c__CFGB9612|o__OFGB9612|f__FGB9612|g__GGB45495|s__GGB45495_SGB63167|t__SGB63167",0,0,NA,FALSE,FALSE,FALSE,NA,"HMP1-2 taxonomy skin"
"k__Bacteria|p__Firmicutes|c__Clostridia|o__Clostridiales|f__Lachnospiraceae|g__Lachnospiraceae_unclassified|s__Lachnospiraceae_bacterium|t__SGB4773",0,0,NA,FALSE,FALSE,FALSE,NA,"HMP1-2 taxonomy skin"
"k__Bacteria|p__Firmicutes|c__Clostridia|o__Clostridiales|f__Clostridiaceae|g__Clostridiaceae_unclassified|s__Clostridiaceae_bacterium|t__SGB7256",0,0,NA,FALSE,FALSE,FALSE,NA,"HMP1-2 taxonomy skin"
"k__Bacteria|p__Firmicutes|c__Clostridia|o__Clostridiales|f__Lachnospiraceae|g__Lachnoclostridium|s__Lachnoclostridium_phocaeense|t__SGB4622",0,0,NA,FALSE,FALSE,FALSE,NA,"HMP1-2 taxonomy skin"
"k__Bacteria|p__Firmicutes|c__Clostridia|o__Clostridiales|f__Clostridiales_unclassified|g__Massilistercora|s__Massilistercora_timonensis|t__SGB4628",0,0,NA,FALSE,FALSE,FALSE,NA,"HMP1-2 taxonomy skin"
"k__Bacteria|p__Firmicutes|c__Clostridia|o__Clostridiales|f__Lachnospiraceae|g__Sellimonas|s__Sellimonas_intestinalis|t__SGB4617",1,0.003125,2.04000020400002e-05,FALSE,FALSE,FALSE,NA,"HMP1-2 taxonomy skin"
"k__Bacteria|p__Firmicutes|c__Clostridia|o__Clostridiales|f__Lachnospiraceae|g__GGB3463|s__GGB3463_SGB4621|t__SGB4621",0,0,NA,FALSE,FALSE,FALSE,NA,"HMP1-2 taxonomy skin"
"k__Bacteria|p__Firmicutes|c__Clostridia|o__Clostridiales|f__Ruminococcaceae|g__GGB9695|s__GGB9695_SGB15209|t__SGB15209",0,0,NA,FALSE,FALSE,FALSE,NA,"HMP1-2 taxonomy skin"
"k__Bacteria|p__Firmicutes|c__Clostridia|o__Clostridia_unclassified|f__Clostridia_unclassified|g__Candidatus_Roslinia|s__Candidatus_Roslinia_caecavium|t__SGB4165",0,0,NA,FALSE,FALSE,FALSE,NA,"HMP1-2 taxonomy skin"
"k__Bacteria|p__Firmicutes|c__Clostridia|o__Clostridia_unclassified|f__Clostridia_unclassified|g__Clostridia_unclassified|s__Clostridia_bacterium|t__SGB14854",0,0,NA,FALSE,FALSE,FALSE,NA,"HMP1-2 taxonomy skin"
"k__Bacteria|p__Firmicutes|c__CFGB1192|o__OFGB1192|f__FGB1192|g__GGB2945|s__GGB2945_SGB3918|t__SGB3918",0,0,NA,FALSE,FALSE,FALSE,NA,"HMP1-2 taxonomy skin"
"k__Bacteria|p__Firmicutes|c__Clostridia|o__Clostridia_unclassified|f__Clostridia_unclassified|g__Clostridia_unclassified|s__Clostridia_unclassified_SGB66170|t__SGB66170",0,0,NA,FALSE,FALSE,FALSE,NA,"HMP1-2 taxonomy skin"
"k__Bacteria|p__Firmicutes|c__Tissierellia|o__Tissierellales|f__Tissierellaceae|g__Urmitella|s__Urmitella_timonensis|t__SGB15478",0,0,NA,FALSE,FALSE,FALSE,NA,"HMP1-2 taxonomy skin"
"k__Bacteria|p__Bacteroidetes|c__Bacteroidia|o__Bacteroidales|f__Porphyromonadaceae|g__Porphyromonas|s__Porphyromonas_somerae|t__SGB1991",1,0.003125,0.00463390139017042,FALSE,TRUE,FALSE,NA,"HMP1-2 taxonomy skin"
"k__Bacteria|p__Firmicutes|c__Clostridia|o__Clostridiales|f__Eubacteriaceae|g__Anaerofustis|s__Anaerofustis_stercorihominis|t__SGB4116",0,0,NA,FALSE,FALSE,FALSE,NA,"HMP1-2 taxonomy skin"
"k__Bacteria|p__Bacteroidetes|c__Bacteroidia|o__Bacteroidales|f__Bacteroidales_unclassified|g__GGB1460|s__GGB1460_SGB2023|t__SGB2023",0,0,NA,FALSE,FALSE,FALSE,NA,"HMP1-2 taxonomy skin"
"k__Bacteria|p__Firmicutes|c__Clostridia|o__Clostridia_unclassified|f__Clostridia_unclassified|g__Clostridia_unclassified|s__Clostridia_bacterium|t__SGB53497",0,0,NA,FALSE,FALSE,FALSE,NA,"HMP1-2 taxonomy skin"
"k__Bacteria|p__Bacteroidetes|c__CFGB618|o__OFGB618|f__FGB618|g__GGB1456|s__GGB1456_SGB2019|t__SGB2019",1,0.003125,4.46000178400072e-05,FALSE,FALSE,FALSE,NA,"HMP1-2 taxonomy skin"
"k__Bacteria|p__Firmicutes|c__Clostridia|o__Clostridiales|f__Ruminococcaceae|g__GGB9620|s__GGB9620_SGB15068|t__SGB15068",1,0.003125,0.00012020006010003,FALSE,FALSE,FALSE,NA,"HMP1-2 taxonomy skin"
"k__Bacteria|p__Firmicutes|c__Clostridia|o__Clostridiales|f__Ruminococcaceae|g__GGB9621|s__GGB9621_SGB15073|t__SGB15073",1,0.003125,6.50000260000104e-06,FALSE,FALSE,FALSE,NA,"HMP1-2 taxonomy skin"
"k__Bacteria|p__Firmicutes|c__Clostridia|o__Clostridia_unclassified|f__Clostridia_unclassified|g__Clostridia_unclassified|s__Clostridia_bacterium|t__SGB6353",0,0,NA,FALSE,FALSE,FALSE,NA,"HMP1-2 taxonomy skin"
"k__Bacteria|p__Firmicutes|c__Tissierellia|o__Tissierellales|f__Peptoniphilaceae|g__Anaerococcus|s__Anaerococcus_obesiensis|t__SGB6661",1,0.003125,0.0205774061732219,FALSE,TRUE,FALSE,NA,"HMP1-2 taxonomy skin"
"k__Bacteria|p__Firmicutes|c__Clostridia|o__Clostridiales|f__Clostridiales_Family_XIII_Incertae_Sedis|g__Alterileibacterium|s__Alterileibacterium_massiliense|t__SGB3980",0,0,NA,FALSE,FALSE,FALSE,NA,"HMP1-2 taxonomy skin"
"k__Bacteria|p__Firmicutes|c__Clostridia|o__Clostridiales|f__Ruminococcaceae|g__Massilimaliae|s__Massilimaliae_timonensis|t__SGB7253",0,0,NA,FALSE,FALSE,FALSE,NA,"HMP1-2 taxonomy skin"
"k__Bacteria|p__Firmicutes|c__Clostridia|o__Clostridiales|f__Lachnospiraceae|g__Lachnospiraceae_unclassified|s__Lachnospiraceae_bacterium|t__SGB4784",0,0,NA,FALSE,FALSE,FALSE,NA,"HMP1-2 taxonomy skin"
"k__Bacteria|p__Firmicutes|c__Clostridia|o__Clostridiales|f__Clostridiales_unclassified|g__Lawsonibacter|s__Lawsonibacter_sp_NSJ_52|t__SGB15125",0,0,NA,FALSE,FALSE,FALSE,NA,"HMP1-2 taxonomy skin"
"k__Bacteria|p__Firmicutes|c__Clostridia|o__Clostridiales|f__Ruminococcaceae|g__Ruminococcaceae_unclassified|s__Clostridium_methylpentosum|t__SGB14962",0,0,NA,FALSE,FALSE,FALSE,NA,"HMP1-2 taxonomy skin"
"k__Bacteria|p__Firmicutes|c__Clostridia|o__Clostridiales|f__Clostridiales_unclassified|g__Clostridiales_unclassified|s__Clostridiales_bacterium_Marseille_P2846|t__SGB29342",0,0,NA,FALSE,FALSE,FALSE,NA,"HMP1-2 taxonomy skin"
"k__Bacteria|p__Firmicutes|c__Clostridia|o__Clostridiales|f__Christensenellaceae|g__Christensenellaceae_unclassified|s__Christensenellaceae_bacterium_NSJ_44|t__SGB7265",0,0,NA,FALSE,FALSE,FALSE,NA,"HMP1-2 taxonomy skin"
"k__Bacteria|p__Firmicutes|c__Clostridia|o__Clostridia_unclassified|f__Clostridia_unclassified|g__Clostridia_unclassified|s__Clostridia_bacterium|t__SGB3961",0,0,NA,FALSE,FALSE,FALSE,NA,"HMP1-2 taxonomy skin"
"k__Bacteria|p__Proteobacteria|c__Gammaproteobacteria|o__Enterobacterales|f__Enterobacteriaceae|g__Klebsiella|s__Klebsiella_pneumoniae|t__SGB10115",10,0.03125,0.0149726907588441,FALSE,TRUE,FALSE,NA,"HMP1-2 taxonomy skin"
"k__Bacteria|p__Firmicutes|c__Clostridia|o__Clostridia_unclassified|f__Clostridia_unclassified|g__Clostridia_unclassified|s__Clostridia_bacterium|t__SGB4531",0,0,NA,FALSE,FALSE,FALSE,NA,"HMP1-2 taxonomy skin"
"k__Bacteria|p__Firmicutes|c__Clostridia|o__Clostridia_unclassified|f__Clostridia_unclassified|g__Clostridia_unclassified|s__Clostridia_bacterium|t__SGB3969",0,0,NA,FALSE,FALSE,FALSE,NA,"HMP1-2 taxonomy skin"
"k__Bacteria|p__Firmicutes|c__Clostridia|o__Clostridiales|f__Lachnospiraceae|g__GGB3583|s__GGB3583_SGB4799|t__SGB4799",0,0,NA,FALSE,FALSE,FALSE,NA,"HMP1-2 taxonomy skin"
"k__Bacteria|p__Firmicutes|c__Clostridia|o__Clostridiales|f__Clostridiaceae|g__Clostridium|s__Clostridium_transplantifaecale|t__SGB29435",0,0,NA,FALSE,FALSE,FALSE,NA,"HMP1-2 taxonomy skin"
"k__Bacteria|p__Firmicutes|c__Clostridia|o__Clostridiales|f__Christensenellaceae|g__Christensenella|s__Christensenella_sp_Marseille_P3954|t__SGB29301",0,0,NA,FALSE,FALSE,FALSE,NA,"HMP1-2 taxonomy skin"
"k__Bacteria|p__Firmicutes|c__Clostridia|o__Clostridiales|f__Clostridiaceae|g__Clostridiaceae_unclassified|s__Clostridiaceae_bacterium|t__SGB82499",0,0,NA,FALSE,FALSE,FALSE,NA,"HMP1-2 taxonomy skin"
"k__Bacteria|p__Firmicutes|c__Bacilli|o__Bacilli_unclassified|f__Bacilli_unclassified|g__Bacilli_unclassified|s__Bacilli_bacterium|t__SGB6542",0,0,NA,FALSE,FALSE,FALSE,NA,"HMP1-2 taxonomy skin"
"k__Bacteria|p__Firmicutes|c__Clostridia|o__Clostridiales|f__Clostridiaceae|g__Clostridium|s__Clostridium_sp_AF34_13|t__SGB4659",2,0.00625,0.000322800128220052,FALSE,FALSE,FALSE,NA,"HMP1-2 taxonomy skin"
"k__Bacteria|p__Firmicutes|c__Tissierellia|o__Tissierellia_unclassified|f__Tissierellia_unclassified|g__Ezakiella|s__Ezakiella_SGB6726|t__SGB6726",1,0.003125,0.000306799969320003,FALSE,FALSE,FALSE,NA,"HMP1-2 taxonomy skin"
"k__Bacteria|p__Firmicutes|c__Clostridia|o__Clostridiales|f__Lachnospiraceae|g__Lachnoclostridium|s__Lachnoclostridium_SGB4598|t__SGB4598",0,0,NA,FALSE,FALSE,FALSE,NA,"HMP1-2 taxonomy skin"
"k__Bacteria|p__Firmicutes|c__Clostridia|o__Clostridiales|f__Lachnospiraceae|g__Eisenbergiella|s__Eisenbergiella_sp_OF01_20|t__SGB4989",0,0,NA,FALSE,FALSE,FALSE,NA,"HMP1-2 taxonomy skin"
"k__Bacteria|p__Fusobacteria|c__Fusobacteriia|o__Fusobacteriales|f__Leptotrichiaceae|g__Leptotrichia|s__Leptotrichia_shahii|t__SGB29045",1,0.003125,5.3e-06,FALSE,FALSE,FALSE,NA,"HMP1-2 taxonomy skin"
"k__Bacteria|p__Candidatus_Saccharibacteria|c__CFGB4356|o__OFGB4356|f__FGB4356|g__GGB12790|s__GGB12790_SGB19844|t__SGB19844",1,0.003125,7.00000140000028e-07,FALSE,FALSE,FALSE,NA,"HMP1-2 taxonomy skin"
"k__Bacteria|p__Proteobacteria|c__CFGB4196|o__OFGB4196|f__FGB4196|g__GGB12440|s__GGB12440_SGB19288|t__SGB19288",0,0,NA,FALSE,FALSE,FALSE,NA,"HMP1-2 taxonomy skin"
"k__Bacteria|p__Firmicutes|c__Negativicutes|o__Selenomonadales|f__Selenomonadaceae|g__Selenomonas|s__Selenomonas_flueggei|t__SGB5882",0,0,NA,FALSE,FALSE,FALSE,NA,"HMP1-2 taxonomy skin"
"k__Bacteria|p__Firmicutes|c__Bacilli|o__Lactobacillales|f__Streptococcaceae|g__Streptococcus|s__Streptococcus_massiliensis|t__SGB25278",0,0,NA,FALSE,FALSE,FALSE,NA,"HMP1-2 taxonomy skin"
"k__Bacteria|p__Firmicutes|c__Negativicutes|o__Veillonellales|f__Veillonellaceae|g__Dialister|s__Dialister_pneumosintes|t__SGB5842",1,0.003125,3.4e-05,FALSE,FALSE,FALSE,NA,"HMP1-2 taxonomy skin"
"k__Bacteria|p__Actinobacteria|c__Actinobacteria|o__Propionibacteriales|f__Propionibacteriaceae|g__Cutibacterium|s__Cutibacterium_namnetense|t__SGB16956",109,0.340625,0.0031572881746554,TRUE,TRUE,TRUE,0.0388799501913578,"HMP1-2 taxonomy skin"
"k__Eukaryota|p__Basidiomycota|c__Malasseziomycetes|o__Malasseziales|f__Malasseziaceae|g__Malassezia|s__Malassezia_restricta|t__EUK76775",198,0.61875,0.0366501125136296,TRUE,TRUE,TRUE,0.118571156979502,"HMP1-2 taxonomy skin"
"k__Bacteria|p__Firmicutes|c__Bacilli|o__Bacillales|f__Staphylococcaceae|g__Staphylococcus|s__Staphylococcus_capitis|t__SGB7863",93,0.290625,0.00897207471304844,TRUE,TRUE,TRUE,0.0639473487217791,"HMP1-2 taxonomy skin"
"k__Bacteria|p__Actinobacteria|c__Actinobacteria|o__Corynebacteriales|f__Corynebacteriaceae|g__Corynebacterium|s__Corynebacterium_aurimucosum|t__SGB17102_group",72,0.225,0.00488472370616747,TRUE,TRUE,TRUE,0.0519936995817081,"HMP1-2 taxonomy skin"
"k__Bacteria|p__Bacteroidetes|c__Bacteroidia|o__Bacteroidales|f__Rikenellaceae|g__GGB1632|s__GGB1632_SGB2240|t__SGB2240",0,0,NA,FALSE,FALSE,FALSE,NA,"HMP1-2 taxonomy skin"
"k__Bacteria|p__Bacteroidetes|c__Bacteroidia|o__Bacteroidales|f__Prevotellaceae|g__Prevotella|s__Prevotella_hominis|t__SGB1617_group",0,0,NA,FALSE,FALSE,FALSE,NA,"HMP1-2 taxonomy skin"
"k__Bacteria|p__Bacteroidetes|c__Bacteroidia|o__Bacteroidales|f__Prevotellaceae|g__Prevotellamassilia|s__Prevotellamassilia_timonensis|t__SGB1477_group",1,0.003125,0.00377470037747004,FALSE,TRUE,FALSE,NA,"HMP1-2 taxonomy skin"
"k__Bacteria|p__Bacteroidetes|c__Bacteroidia|o__Bacteroidales|f__Rikenellaceae|g__Rikenellaceae_unclassified|s__Rikenellaceae_bacterium|t__SGB2279",0,0,NA,FALSE,FALSE,FALSE,NA,"HMP1-2 taxonomy skin"
"k__Bacteria|p__Firmicutes|c__Clostridia|o__Clostridiales|f__Ruminococcaceae|g__GGB9710|s__GGB9710_SGB15239|t__SGB15239",0,0,NA,FALSE,FALSE,FALSE,NA,"HMP1-2 taxonomy skin"
"k__Bacteria|p__Bacteroidetes|c__Bacteroidia|o__Bacteroidales|f__Tannerellaceae|g__GGB1407|s__GGB1407_SGB1931|t__SGB1931",0,0,NA,FALSE,FALSE,FALSE,NA,"HMP1-2 taxonomy skin"
"k__Bacteria|p__Bacteroidetes|c__Bacteroidia|o__Bacteroidales|f__Tannerellaceae|g__Parabacteroides|s__Parabacteroides_massiliensis|t__SGB1945",0,0,NA,FALSE,FALSE,FALSE,NA,"HMP1-2 taxonomy skin"
"k__Bacteria|p__Bacteroidetes|c__Bacteroidia|o__Bacteroidales|f__Odoribacteraceae|g__Butyricimonas|s__Butyricimonas_faecalis|t__SGB1782",0,0,NA,FALSE,FALSE,FALSE,NA,"HMP1-2 taxonomy skin"
"k__Bacteria|p__Bacteroidetes|c__Bacteroidia|o__Bacteroidales|f__Bacteroidaceae|g__GGB1387|s__GGB1387_SGB1895|t__SGB1895",0,0,NA,FALSE,FALSE,FALSE,NA,"HMP1-2 taxonomy skin"
"k__Bacteria|p__Firmicutes|c__Clostridia|o__Clostridiales|f__Ruminococcaceae|g__GGB9618|s__GGB9618_SGB15065|t__SGB15065",0,0,NA,FALSE,FALSE,FALSE,NA,"HMP1-2 taxonomy skin"
"k__Archaea|p__Euryarchaeota|c__CFGB343|o__OFGB343|f__FGB343|g__GGB781|s__GGB781_SGB1024|t__SGB1024",0,0,NA,FALSE,FALSE,FALSE,NA,"HMP1-2 taxonomy skin"
"k__Bacteria|p__Verrucomicrobia|c__Opitutae|o__Opitutales|f__Opitutales_unclassified|g__GGB6127|s__GGB6127_SGB8773|t__SGB8773",0,0,NA,FALSE,FALSE,FALSE,NA,"HMP1-2 taxonomy skin"
"k__Bacteria|p__Bacteroidetes|c__Flavobacteriia|o__Flavobacteriales|f__Flavobacteriales_unclassified|g__GGB1662|s__GGB1662_SGB2276|t__SGB2276",0,0,NA,FALSE,FALSE,FALSE,NA,"HMP1-2 taxonomy skin"
"k__Bacteria|p__Proteobacteria|c__Deltaproteobacteria|o__Desulfovibrionales|f__Desulfovibrionaceae|g__Desulfovibrio|s__Desulfovibrio_legallii|t__SGB15469",0,0,NA,FALSE,FALSE,FALSE,NA,"HMP1-2 taxonomy skin"
"k__Bacteria|p__Firmicutes|c__Clostridia|o__Clostridiales|f__Lachnospiraceae|g__Lachnoclostridium|s__Lachnoclostridium_sp_An118|t__SGB4623",0,0,NA,FALSE,FALSE,FALSE,NA,"HMP1-2 taxonomy skin"
"k__Bacteria|p__Proteobacteria|c__Oligoflexia|o__Bdellovibrionales|f__Bdellovibrionales_unclassified|g__Bdellovibrionales_unclassified|s__Bdellovibrionales_bacterium|t__SGB55025",1,0.003125,0.1055906,FALSE,TRUE,FALSE,NA,"HMP1-2 taxonomy skin"
"k__Bacteria|p__Firmicutes|c__Clostridia|o__Clostridia_unclassified|f__Clostridia_unclassified|g__Clostridia_unclassified|s__Clostridia_bacterium|t__SGB13994",0,0,NA,FALSE,FALSE,FALSE,NA,"HMP1-2 taxonomy skin"
"k__Bacteria|p__Bacteria_unclassified|c__Bacteria_unclassified|o__Bacteria_unclassified|f__Bacteria_unclassified|g__Bacteria_unclassified|s__bacterium_OL_1|t__SGB14389_group",0,0,NA,FALSE,FALSE,FALSE,NA,"HMP1-2 taxonomy skin"
"k__Bacteria|p__Actinobacteria|c__Coriobacteriia|o__Eggerthellales|f__Eggerthellaceae|g__Raoultibacter|s__Raoultibacter_timonensis|t__SGB33550",0,0,NA,FALSE,FALSE,FALSE,NA,"HMP1-2 taxonomy skin"
"k__Bacteria|p__Firmicutes|c__Clostridia|o__Clostridiales|f__Catabacteriaceae|g__Catabacter|s__Catabacter_hongkongensis|t__SGB14143",0,0,NA,FALSE,FALSE,FALSE,NA,"HMP1-2 taxonomy skin"
"k__Bacteria|p__Firmicutes|c__Clostridia|o__Clostridiales|f__Lachnospiraceae|g__Lachnospiraceae_unclassified|s__Lachnospiraceae_bacterium|t__SGB4747",0,0,NA,FALSE,FALSE,FALSE,NA,"HMP1-2 taxonomy skin"
"k__Bacteria|p__Firmicutes|c__Clostridia|o__Clostridiales|f__Ruminococcaceae|g__Neobittarella|s__Neobittarella_massiliensis|t__SGB7264",0,0,NA,FALSE,FALSE,FALSE,NA,"HMP1-2 taxonomy skin"
"k__Bacteria|p__Actinobacteria|c__Coriobacteriia|o__Coriobacteriales|f__Atopobiaceae|g__Olsenella|s__Olsenella_provencensis|t__SGB14367",0,0,NA,FALSE,FALSE,FALSE,NA,"HMP1-2 taxonomy skin"
"k__Bacteria|p__Proteobacteria|c__Betaproteobacteria|o__Burkholderiales|f__Oxalobacteraceae|g__GGB6648|s__GGB6648_SGB9389|t__SGB9389",0,0,NA,FALSE,FALSE,FALSE,NA,"HMP1-2 taxonomy skin"
"k__Bacteria|p__Firmicutes|c__Clostridia|o__Clostridiales|f__Clostridiales_unclassified|g__Clostridiales_unclassified|s__Clostridiales_unclassified_SGB15148|t__SGB15148",0,0,NA,FALSE,FALSE,FALSE,NA,"HMP1-2 taxonomy skin"
"k__Bacteria|p__Firmicutes|c__Negativicutes|o__Selenomonadales|f__Selenomonadaceae|g__Megamonas|s__Megamonas_funiformis|t__SGB6962_group",1,0.003125,0.000318199968180003,FALSE,FALSE,FALSE,NA,"HMP1-2 taxonomy skin"
"k__Bacteria|p__Firmicutes|c__Clostridia|o__Clostridiales|f__Lachnospiraceae|g__Tyzzerella|s__Tyzzerella_nexilis|t__SGB4588_group",2,0.00625,0.000706750124430028,FALSE,FALSE,FALSE,NA,"HMP1-2 taxonomy skin"
"k__Bacteria|p__Firmicutes|c__Clostridia|o__Clostridiales|f__Lachnospiraceae|g__GGB3523|s__GGB3523_SGB4703|t__SGB4703",0,0,NA,FALSE,FALSE,FALSE,NA,"HMP1-2 taxonomy skin"
"k__Bacteria|p__Firmicutes|c__Clostridia|o__Clostridiales|f__Clostridiaceae|g__Clostridium|s__Clostridium_sp_C5_48|t__SGB4752",0,0,NA,FALSE,FALSE,FALSE,NA,"HMP1-2 taxonomy skin"
"k__Bacteria|p__Firmicutes|c__CFGB42358|o__OFGB42358|f__FGB42358|g__GGB51510|s__GGB51510_SGB71883|t__SGB71883",0,0,NA,FALSE,FALSE,FALSE,NA,"HMP1-2 taxonomy skin"
"k__Bacteria|p__Firmicutes|c__Clostridia|o__Clostridiales|f__Lachnospiraceae|g__Blautia|s__Blautia_hansenii|t__SGB4794_group",0,0,NA,FALSE,FALSE,FALSE,NA,"HMP1-2 taxonomy skin"
"k__Bacteria|p__Firmicutes|c__Clostridia|o__Clostridiales|f__Lachnospiraceae|g__Blautia|s__Blautia_hansenii|t__SGB4798",0,0,NA,FALSE,FALSE,FALSE,NA,"HMP1-2 taxonomy skin"
"k__Bacteria|p__Firmicutes|c__Erysipelotrichia|o__Erysipelotrichales|f__Erysipelotrichaceae|g__Turicibacter|s__Turicibacter_sanguinis|t__SGB6846",1,0.003125,2.12000021200002e-05,FALSE,FALSE,FALSE,NA,"HMP1-2 taxonomy skin"
"k__Bacteria|p__Firmicutes|c__Clostridia|o__Clostridiales|f__Lachnospiraceae|g__Lachnospiraceae_unclassified|s__Lachnospiraceae_bacterium|t__SGB4861",0,0,NA,FALSE,FALSE,FALSE,NA,"HMP1-2 taxonomy skin"
"k__Bacteria|p__Firmicutes|c__Erysipelotrichia|o__Erysipelotrichales|f__Erysipelotrichaceae|g__Amedibacterium|s__Amedibacterium_intestinale|t__SGB4042",0,0,NA,FALSE,FALSE,FALSE,NA,"HMP1-2 taxonomy skin"
"k__Bacteria|p__Actinobacteria|c__Actinobacteria|o__Micrococcales|f__Micrococcaceae|g__Rothia|s__Rothia_mucilaginosa|t__SGB16986",8,0.025,0.00116033745379626,FALSE,TRUE,FALSE,NA,"HMP1-2 taxonomy skin"
"k__Bacteria|p__Actinobacteria|c__Actinobacteria|o__Bifidobacteriales|f__Bifidobacteriaceae|g__Gardnerella|s__Gardnerella_vaginalis|t__SGB21500",7,0.021875,0.00305081427460004,FALSE,TRUE,FALSE,NA,"HMP1-2 taxonomy skin"
"k__Bacteria|p__Firmicutes|c__Bacilli|o__Bacillales|f__Staphylococcaceae|g__Staphylococcus|s__Staphylococcus_saccharolyticus|t__SGB7864",39,0.121875,0.0103020165549637,TRUE,TRUE,TRUE,0.0747825514867552,"HMP1-2 taxonomy skin"
"k__Bacteria|p__Firmicutes|c__Bacilli|o__Bacillales|f__Staphylococcaceae|g__Staphylococcus|s__Staphylococcus_hominis|t__SGB7858",35,0.109375,0.000703428652887752,TRUE,FALSE,FALSE,NA,"HMP1-2 taxonomy skin"
"k__Bacteria|p__Actinobacteria|c__Actinobacteria|o__Bifidobacteriales|f__Bifidobacteriaceae|g__Bifidobacterium|s__Bifidobacterium_scardovii|t__SGB17257",0,0,NA,FALSE,FALSE,FALSE,NA,"HMP1-2 taxonomy skin"
"k__Bacteria|p__Actinobacteria|c__Actinobacteria|o__Bifidobacteriales|f__Bifidobacteriaceae|g__Bifidobacterium|s__Bifidobacterium_dentium|t__SGB17234",0,0,NA,FALSE,FALSE,FALSE,NA,"HMP1-2 taxonomy skin"
"k__Bacteria|p__Firmicutes|c__Bacilli|o__Lactobacillales|f__Streptococcaceae|g__Streptococcus|s__Streptococcus_agalactiae|t__SGB8216",0,0,NA,FALSE,FALSE,FALSE,NA,"HMP1-2 taxonomy skin"
"k__Bacteria|p__Firmicutes|c__Bacilli|o__Lactobacillales|f__Lactobacillaceae|g__Limosilactobacillus|s__Lactobacillus_panis|t__SGB7094",0,0,NA,FALSE,FALSE,FALSE,NA,"HMP1-2 taxonomy skin"
"k__Bacteria|p__Firmicutes|c__Bacilli|o__Lactobacillales|f__Lactobacillaceae|g__Limosilactobacillus|s__Limosilactobacillus_fermentum|t__SGB7106",0,0,NA,FALSE,FALSE,FALSE,NA,"HMP1-2 taxonomy skin"
"k__Bacteria|p__Firmicutes|c__Bacilli|o__Lactobacillales|f__Lactobacillaceae|g__Lacticaseibacillus|s__Lacticaseibacillus_rhamnosus|t__SGB7144",0,0,NA,FALSE,FALSE,FALSE,NA,"HMP1-2 taxonomy skin"
"k__Bacteria|p__Firmicutes|c__Clostridia|o__Clostridia_unclassified|f__Clostridia_unclassified|g__Clostridia_unclassified|s__Clostridia_bacterium|t__SGB15411",0,0,NA,FALSE,FALSE,FALSE,NA,"HMP1-2 taxonomy skin"
"k__Bacteria|p__Firmicutes|c__Clostridia|o__Clostridiales|f__Ruminococcaceae|g__Bittarella|s__Bittarella_massiliensis|t__SGB7263",1,0.003125,8.60000430000215e-06,FALSE,FALSE,FALSE,NA,"HMP1-2 taxonomy skin"
"k__Bacteria|p__Firmicutes|c__Clostridia|o__Clostridiales|f__Clostridiales_unclassified|g__Intestinimonas|s__Intestinimonas_timonensis|t__SGB29334",0,0,NA,FALSE,FALSE,FALSE,NA,"HMP1-2 taxonomy skin"
"k__Bacteria|p__Chloroflexi|c__Anaerolineae|o__Anaerolineales|f__Anaerolineaceae|g__Anaerolineaceae_unclassified|s__Anaerolineaceae_bacterium_oral_taxon_439|t__SGB17621",0,0,NA,FALSE,FALSE,FALSE,NA,"HMP1-2 taxonomy skin"
"k__Bacteria|p__Actinobacteria|c__Actinobacteria|o__Micrococcales|f__Microbacteriaceae|g__Microbacterium|s__Microbacterium_aurum|t__SGB16914",0,0,NA,FALSE,FALSE,FALSE,NA,"HMP1-2 taxonomy skin"
"k__Bacteria|p__Proteobacteria|c__CFGB2428|o__OFGB2428|f__FGB2428|g__GGB6646|s__GGB6646_SGB9384|t__SGB9384",59,0.184375,0.0830305685402773,TRUE,TRUE,TRUE,0.268961256967306,"HMP1-2 taxonomy skin"
"k__Bacteria|p__Actinobacteria|c__Actinobacteria|o__Corynebacteriales|f__Corynebacteriaceae|g__Corynebacterium|s__Corynebacterium_macginleyi|t__SGB33689",45,0.140625,0.000684313338304902,TRUE,FALSE,FALSE,NA,"HMP1-2 taxonomy skin"
"k__Bacteria|p__Firmicutes|c__Tissierellia|o__Tissierellales|f__Peptoniphilaceae|g__Finegoldia|s__Finegoldia_magna|t__SGB6686_group",59,0.184375,0.00756443751601317,TRUE,TRUE,TRUE,0.0605938831187032,"HMP1-2 taxonomy skin"
"k__Bacteria|p__Bacteroidetes|c__Bacteroidia|o__Bacteroidales|f__Bacteroidales_unclassified|g__Bacteroidales_unclassified|s__Bacteroidales_bacterium|t__SGB2092",1,0.003125,0.000638600191580057,FALSE,FALSE,FALSE,NA,"HMP1-2 taxonomy skin"
"k__Bacteria|p__Firmicutes|c__Clostridia|o__Clostridia_unclassified|f__Clostridia_unclassified|g__Clostridia_unclassified|s__Clostridia_bacterium|t__SGB4141",0,0,NA,FALSE,FALSE,FALSE,NA,"HMP1-2 taxonomy skin"
"k__Bacteria|p__Firmicutes|c__Clostridia|o__Clostridia_unclassified|f__Clostridia_unclassified|g__Clostridia_unclassified|s__Clostridia_bacterium|t__SGB14199",0,0,NA,FALSE,FALSE,FALSE,NA,"HMP1-2 taxonomy skin"
"k__Bacteria|p__Firmicutes|c__Clostridia|o__Clostridiales|f__Clostridiaceae|g__Clostridium|s__Clostridium_sp_OM07_10AC|t__SGB4655",0,0,NA,FALSE,FALSE,FALSE,NA,"HMP1-2 taxonomy skin"
"k__Bacteria|p__Firmicutes|c__Clostridia|o__Clostridia_unclassified|f__Clostridia_unclassified|g__Clostridia_unclassified|s__Clostridia_bacterium|t__SGB4335",0,0,NA,FALSE,FALSE,FALSE,NA,"HMP1-2 taxonomy skin"
"k__Bacteria|p__Firmicutes|c__Bacilli|o__Lactobacillales|f__Streptococcaceae|g__Streptococcus|s__Streptococcus_gallolyticus|t__SGB8018",0,0,NA,FALSE,FALSE,FALSE,NA,"HMP1-2 taxonomy skin"
"k__Bacteria|p__Bacteroidetes|c__Bacteroidia|o__Bacteroidales|f__Bacteroidales_unclassified|g__Bacteroidales_unclassified|s__Bacteroidales_bacterium|t__SGB2090",3,0.009375,0.00184806699170008,FALSE,TRUE,FALSE,NA,"HMP1-2 taxonomy skin"
"k__Bacteria|p__Firmicutes|c__Clostridia|o__Clostridiales|f__Lachnospiraceae|g__Lachnospiraceae_unclassified|s__Lachnospiraceae_bacterium|t__SGB53493",0,0,NA,FALSE,FALSE,FALSE,NA,"HMP1-2 taxonomy skin"
"k__Bacteria|p__Firmicutes|c__Clostridia|o__Clostridia_unclassified|f__Clostridia_unclassified|g__Clostridia_unclassified|s__Clostridia_bacterium|t__SGB14043",1,0.003125,0.0148630955410713,FALSE,TRUE,FALSE,NA,"HMP1-2 taxonomy skin"
"k__Bacteria|p__Actinobacteria|c__Coriobacteriia|o__Eggerthellales|f__Eggerthellaceae|g__Eggerthellaceae_unclassified|s__Eggerthellaceae_bacterium|t__SGB14339",0,0,NA,FALSE,FALSE,FALSE,NA,"HMP1-2 taxonomy skin"
"k__Bacteria|p__Actinobacteria|c__Coriobacteriia|o__Coriobacteriia_unclassified|f__Coriobacteriia_unclassified|g__Coriobacteriia_unclassified|s__Coriobacteriia_bacterium|t__SGB14768",0,0,NA,FALSE,FALSE,FALSE,NA,"HMP1-2 taxonomy skin"
"k__Bacteria|p__Firmicutes|c__Clostridia|o__Clostridia_unclassified|f__Clostridia_unclassified|g__Candidatus_Heteroruminococcus|s__Candidatus_Heteroruminococcus_faecigallinarum|t__SGB63341",0,0,NA,FALSE,FALSE,FALSE,NA,"HMP1-2 taxonomy skin"
"k__Bacteria|p__Firmicutes|c__Clostridia|o__Clostridia_unclassified|f__Clostridia_unclassified|g__Candidatus_Pseudolachnospira|s__Candidatus_Pseudolachnospira_avium|t__SGB59819",0,0,NA,FALSE,FALSE,FALSE,NA,"HMP1-2 taxonomy skin"
"k__Bacteria|p__Firmicutes|c__Clostridia|o__Clostridiales|f__Ruminococcaceae|g__Flavonifractor|s__Flavonifractor_sp_An10|t__SGB15134",0,0,NA,FALSE,FALSE,FALSE,NA,"HMP1-2 taxonomy skin"
"k__Bacteria|p__Firmicutes|c__Clostridia|o__Clostridiales|f__Lachnospiraceae|g__Coprococcus|s__Coprococcus_eutactus|t__SGB5118",0,0,NA,FALSE,FALSE,FALSE,NA,"HMP1-2 taxonomy skin"
"k__Bacteria|p__Firmicutes|c__Clostridia|o__Clostridia_unclassified|f__Clostridia_unclassified|g__Clostridia_unclassified|s__Clostridia_unclassified_SGB13993|t__SGB13993",0,0,NA,FALSE,FALSE,FALSE,NA,"HMP1-2 taxonomy skin"
"k__Bacteria|p__Firmicutes|c__Bacilli|o__Bacilli_unclassified|f__Bacilli_unclassified|g__Bacilli_unclassified|s__Bacilli_bacterium|t__SGB6606",0,0,NA,FALSE,FALSE,FALSE,NA,"HMP1-2 taxonomy skin"
"k__Bacteria|p__Firmicutes|c__Clostridia|o__Clostridiales|f__Ruminococcaceae|g__Ruminococcaceae_unclassified|s__Ruminococcaceae_unclassified_SGB15309|t__SGB15309",1,0.003125,5.05000202000081e-05,FALSE,FALSE,FALSE,NA,"HMP1-2 taxonomy skin"
"k__Bacteria|p__Firmicutes|c__Clostridia|o__Clostridia_unclassified|f__Clostridia_unclassified|g__Clostridia_unclassified|s__Clostridia_bacterium|t__SGB14939",0,0,NA,FALSE,FALSE,FALSE,NA,"HMP1-2 taxonomy skin"
"k__Bacteria|p__Bacteroidetes|c__Bacteroidia|o__Bacteroidales|f__Tannerellaceae|g__Parabacteroides|s__Parabacteroides_sp_TM07_1AC|t__SGB1939",0,0,NA,FALSE,FALSE,FALSE,NA,"HMP1-2 taxonomy skin"
"k__Bacteria|p__Firmicutes|c__Clostridia|o__Clostridiales|f__Clostridiaceae|g__Hungatella|s__Hungatella_hathewayi|t__SGB4739",0,0,NA,FALSE,FALSE,FALSE,NA,"HMP1-2 taxonomy skin"
"k__Bacteria|p__Firmicutes|c__Clostridia|o__Clostridiales|f__Ruminococcaceae|g__Pseudoflavonifractor|s__Pseudoflavonifractor_sp_AF19_9AC|t__SGB23477",0,0,NA,FALSE,FALSE,FALSE,NA,"HMP1-2 taxonomy skin"
"k__Bacteria|p__Firmicutes|c__CFGB9612|o__OFGB9612|f__FGB9612|g__GGB45540|s__GGB45540_SGB63220|t__SGB63220",0,0,NA,FALSE,FALSE,FALSE,NA,"HMP1-2 taxonomy skin"
"k__Bacteria|p__Firmicutes|c__Clostridia|o__Clostridia_unclassified|f__Clostridia_unclassified|g__Clostridia_unclassified|s__Clostridia_bacterium|t__SGB4343",0,0,NA,FALSE,FALSE,FALSE,NA,"HMP1-2 taxonomy skin"
"k__Bacteria|p__Firmicutes|c__CFGB1538|o__OFGB1538|f__FGB1538|g__GGB3892|s__GGB3892_SGB5290|t__SGB5290",0,0,NA,FALSE,FALSE,FALSE,NA,"HMP1-2 taxonomy skin"
"k__Bacteria|p__Bacteroidetes|c__Bacteroidia|o__Bacteroidales|f__Rikenellaceae|g__GGB27774|s__GGB27774_SGB40188|t__SGB40188",0,0,NA,FALSE,FALSE,FALSE,NA,"HMP1-2 taxonomy skin"
"k__Bacteria|p__Firmicutes|c__Clostridia|o__Clostridiales|f__Ruminococcaceae|g__Flavonifractor|s__Flavonifractor_sp_An100|t__SGB15160",0,0,NA,FALSE,FALSE,FALSE,NA,"HMP1-2 taxonomy skin"
"k__Bacteria|p__Firmicutes|c__Clostridia|o__Clostridia_unclassified|f__Clostridia_unclassified|g__Clostridia_unclassified|s__Clostridia_bacterium|t__SGB4437",0,0,NA,FALSE,FALSE,FALSE,NA,"HMP1-2 taxonomy skin"
"k__Bacteria|p__Synergistetes|c__Synergistia|o__Synergistales|f__Synergistaceae|g__Cloacibacillus|s__Cloacibacillus_evryensis|t__SGB15506",0,0,NA,FALSE,FALSE,FALSE,NA,"HMP1-2 taxonomy skin"
"k__Bacteria|p__Firmicutes|c__Clostridia|o__Clostridiales|f__Lachnospiraceae|g__Cuneatibacter|s__Cuneatibacter_caecimuris|t__SGB29380",1,0.003125,5.62000281000141e-05,FALSE,FALSE,FALSE,NA,"HMP1-2 taxonomy skin"
"k__Bacteria|p__Firmicutes|c__Erysipelotrichia|o__Erysipelotrichales|f__Erysipelotrichaceae|g__Merdibacter|s__Merdibacter_massiliensis|t__SGB29307",0,0,NA,FALSE,FALSE,FALSE,NA,"HMP1-2 taxonomy skin"
"k__Bacteria|p__Firmicutes|c__Clostridia|o__Clostridia_unclassified|f__Clostridia_unclassified|g__Clostridia_unclassified|s__Clostridia_bacterium|t__SGB14857",0,0,NA,FALSE,FALSE,FALSE,NA,"HMP1-2 taxonomy skin"
"k__Bacteria|p__Firmicutes|c__Clostridia|o__Clostridiales|f__Ruminococcaceae|g__GGB9739|s__GGB9739_SGB15313|t__SGB15313",0,0,NA,FALSE,FALSE,FALSE,NA,"HMP1-2 taxonomy skin"
"k__Bacteria|p__Firmicutes|c__Clostridia|o__Clostridiales|f__Clostridiaceae|g__GGB9568|s__GGB9568_SGB14980|t__SGB14980_group",0,0,NA,FALSE,FALSE,FALSE,NA,"HMP1-2 taxonomy skin"
"k__Bacteria|p__Firmicutes|c__Bacilli|o__Bacillales|f__Staphylococcaceae|g__Staphylococcus|s__Staphylococcus_lugdunensis|t__SGB7850",15,0.046875,0.00756463354323338,FALSE,TRUE,FALSE,NA,"HMP1-2 taxonomy skin"
"k__Bacteria|p__Firmicutes|c__Tissierellia|o__Tissierellales|f__Peptoniphilaceae|g__Anaerococcus|s__Anaerococcus_provencensis|t__SGB29509",13,0.040625,0.00217612301836775,FALSE,TRUE,FALSE,NA,"HMP1-2 taxonomy skin"
"k__Bacteria|p__Firmicutes|c__Erysipelotrichia|o__Erysipelotrichales|f__Erysipelotrichaceae|g__Longibaculum|s__Longibaculum_muris|t__SGB6769",0,0,NA,FALSE,FALSE,FALSE,NA,"HMP1-2 taxonomy skin"
"k__Bacteria|p__Firmicutes|c__Clostridia|o__Clostridiales|f__Clostridiaceae|g__Clostridium|s__Clostridium_sp_WCA_389_WT_23D1|t__SGB4756",0,0,NA,FALSE,FALSE,FALSE,NA,"HMP1-2 taxonomy skin"
"k__Bacteria|p__Actinobacteria|c__Actinobacteria|o__Bifidobacteriales|f__Bifidobacteriaceae|g__Bifidobacterium|s__Bifidobacterium_bifidum|t__SGB17256",1,0.003125,0.000127300012730001,FALSE,FALSE,FALSE,NA,"HMP1-2 taxonomy skin"
"k__Bacteria|p__Actinobacteria|c__Actinobacteria|o__Bifidobacteriales|f__Bifidobacteriaceae|g__Bifidobacterium|s__Bifidobacterium_breve|t__SGB17247",0,0,NA,FALSE,FALSE,FALSE,NA,"HMP1-2 taxonomy skin"
"k__Bacteria|p__Firmicutes|c__CFGB4549|o__OFGB4549|f__FGB4549|g__GGB55957|s__GGB55957_SGB77276|t__SGB77276",0,0,NA,FALSE,FALSE,FALSE,NA,"HMP1-2 taxonomy skin"
"k__Bacteria|p__Firmicutes|c__Clostridia|o__Clostridiales|f__Lachnospiraceae|g__Roseburia|s__Roseburia_sp_AM23_20|t__SGB4950",0,0,NA,FALSE,FALSE,FALSE,NA,"HMP1-2 taxonomy skin"
"k__Bacteria|p__Bacteroidetes|c__Bacteroidia|o__Bacteroidales|f__Prevotellaceae|g__Prevotella|s__Prevotella_aurantiaca|t__SGB1563",2,0.00625,0.00208479983006002,FALSE,TRUE,FALSE,NA,"HMP1-2 taxonomy skin"
"k__Bacteria|p__Actinobacteria|c__Actinobacteria|o__Bifidobacteriales|f__Bifidobacteriaceae|g__Scardovia|s__Scardovia_wiggsiae|t__SGB15494",0,0,NA,FALSE,FALSE,FALSE,NA,"HMP1-2 taxonomy skin"
"k__Bacteria|p__Candidatus_Saccharibacteria|c__Candidatus_Nanoperiomorbia|o__Candidatus_Nanoperiomorbales|f__Candidatus_Nanoperiomorbaceae|g__Candidatus_Nanoperiomorbus|s__Candidatus_Nanoperiomorbus_periodonticus|t__SGB19800",1,0.003125,0.000544800163440049,FALSE,FALSE,FALSE,NA,"HMP1-2 taxonomy skin"
"k__Bacteria|p__Bacteroidetes|c__CFGB494|o__OFGB494|f__FGB494|g__GGB1022|s__GGB1022_SGB1316|t__SGB1316",0,0,NA,FALSE,FALSE,FALSE,NA,"HMP1-2 taxonomy skin"
"k__Bacteria|p__Actinobacteria|c__Actinobacteria|o__Actinomycetales|f__Actinomycetaceae|g__Schaalia|s__Schaalia_odontolytica|t__SGB23982",0,0,NA,FALSE,FALSE,FALSE,NA,"HMP1-2 taxonomy skin"
"k__Bacteria|p__Synergistetes|c__Synergistia|o__Synergistales|f__Synergistaceae|g__Fretibacterium|s__Fretibacterium_fastidiosum|t__SGB17525",0,0,NA,FALSE,FALSE,FALSE,NA,"HMP1-2 taxonomy skin"
"k__Bacteria|p__Cyanobacteria|c__Cyanobacteria_unclassified|o__Synechococcales|f__Leptolyngbyaceae|g__GGB49499|s__GGB49499_SGB69440|t__SGB69440",0,0,NA,FALSE,FALSE,FALSE,NA,"HMP1-2 taxonomy skin"
"k__Bacteria|p__Spirochaetes|c__Spirochaetia|o__Spirochaetales|f__Spirochaetaceae|g__Treponema|s__Treponema_medium|t__SGB3606",0,0,NA,FALSE,FALSE,FALSE,NA,"HMP1-2 taxonomy skin"
"k__Bacteria|p__Bacteroidetes|c__Flavobacteriia|o__Flavobacteriales|f__Flavobacteriaceae|g__Capnocytophaga|s__Capnocytophaga_sp_oral_taxon_878|t__SGB21909",0,0,NA,FALSE,FALSE,FALSE,NA,"HMP1-2 taxonomy skin"
"k__Bacteria|p__Spirochaetes|c__Spirochaetia|o__Spirochaetales|f__Spirochaetaceae|g__Treponema|s__Treponema_SGB3604|t__SGB3604",0,0,NA,FALSE,FALSE,FALSE,NA,"HMP1-2 taxonomy skin"
"k__Bacteria|p__Firmicutes|c__Clostridia|o__Clostridiales|f__Lachnospiraceae|g__GGB3424|s__GGB3424_SGB4551|t__SGB4551",0,0,NA,FALSE,FALSE,FALSE,NA,"HMP1-2 taxonomy skin"
"k__Bacteria|p__Firmicutes|c__Negativicutes|o__Selenomonadales|f__Selenomonadales_unclassified|g__Selenomonadales_unclassified|s__Selenomonadales_bacterium|t__SGB6961",0,0,NA,FALSE,FALSE,FALSE,NA,"HMP1-2 taxonomy skin"
"k__Bacteria|p__Firmicutes|c__Clostridia|o__Clostridiales|f__Lachnospiraceae|g__Blautia|s__Blautia_argi|t__SGB4797",0,0,NA,FALSE,FALSE,FALSE,NA,"HMP1-2 taxonomy skin"
"k__Bacteria|p__Proteobacteria|c__Betaproteobacteria|o__Neisseriales|f__Neisseriaceae|g__Neisseria|s__Neisseria_sp_KEM232|t__SGB9427",0,0,NA,FALSE,FALSE,FALSE,NA,"HMP1-2 taxonomy skin"
"k__Eukaryota|p__Basidiomycota|c__Malasseziomycetes|o__Malasseziales|f__Malasseziaceae|g__Malassezia|s__Malassezia_globosa|t__EUK76773",66,0.20625,0.00863352251464364,TRUE,TRUE,TRUE,0.0686291213981583,"HMP1-2 taxonomy skin"
"k__Bacteria|p__Actinobacteria|c__Actinobacteria|o__Propionibacteriales|f__Propionibacteriaceae|g__Cutibacterium|s__Propionibacterium_humerusii|t__SGB16954",53,0.165625,0.000493232106421707,TRUE,FALSE,FALSE,NA,"HMP1-2 taxonomy skin"
"k__Bacteria|p__Actinobacteria|c__Actinobacteria|o__Propionibacteriales|f__Propionibacteriaceae|g__Cutibacterium|s__Cutibacterium_sp_WCA_380_WT_3A|t__SGB87725",49,0.153125,7.13000000302072e-05,TRUE,FALSE,FALSE,NA,"HMP1-2 taxonomy skin"
"k__Bacteria|p__Actinobacteria|c__Actinobacteria|o__Micrococcales|f__Micrococcaceae|g__Micrococcus|s__Micrococcus_luteus|t__SGB16676",23,0.071875,0.000812078426403519,FALSE,FALSE,FALSE,NA,"HMP1-2 taxonomy skin"
"k__Bacteria|p__Proteobacteria|c__Gammaproteobacteria|o__Pseudomonadales|f__Moraxellaceae|g__Moraxella|s__Moraxella_osloensis|t__SGB10439",37,0.115625,0.000789986620130586,TRUE,FALSE,FALSE,NA,"HMP1-2 taxonomy skin"
"k__Bacteria|p__Actinobacteria|c__Actinobacteria|o__Micrococcales|f__Dermabacteraceae|g__Brachybacterium|s__Brachybacterium_paraconglomeratum|t__SGB16648",3,0.009375,0.000444633421826685,FALSE,FALSE,FALSE,NA,"HMP1-2 taxonomy skin"
"k__Bacteria|p__Proteobacteria|c__Gammaproteobacteria|o__Pseudomonadales|f__Moraxellaceae|g__Acinetobacter|s__Acinetobacter_radioresistens|t__SGB10375",4,0.0125,1.26500013125003e-05,FALSE,FALSE,FALSE,NA,"HMP1-2 taxonomy skin"
"k__Bacteria|p__Actinobacteria|c__Actinobacteria|o__Micrococcales|f__Micrococcaceae|g__Kocuria|s__Kocuria_palustris|t__SGB16663",5,0.015625,0.000395400057830014,FALSE,FALSE,FALSE,NA,"HMP1-2 taxonomy skin"
"k__Bacteria|p__Firmicutes|c__Clostridia|o__Clostridia_unclassified|f__Clostridia_unclassified|g__Clostridia_unclassified|s__Clostridia_bacterium|t__SGB6290",0,0,NA,FALSE,FALSE,FALSE,NA,"HMP1-2 taxonomy skin"
"k__Bacteria|p__Firmicutes|c__Clostridia|o__Clostridia_unclassified|f__Clostridia_unclassified|g__Clostridia_unclassified|s__Clostridia_bacterium|t__SGB6350",0,0,NA,FALSE,FALSE,FALSE,NA,"HMP1-2 taxonomy skin"
"k__Bacteria|p__Firmicutes|c__Bacilli|o__Bacilli_unclassified|f__Bacilli_unclassified|g__GGB4676|s__GGB4676_SGB6465|t__SGB6465",0,0,NA,FALSE,FALSE,FALSE,NA,"HMP1-2 taxonomy skin"
"k__Bacteria|p__Firmicutes|c__Clostridia|o__Clostridia_unclassified|f__Clostridia_unclassified|g__GGB4549|s__GGB4549_SGB6271|t__SGB6271",1,0.003125,2.23000089200036e-05,FALSE,FALSE,FALSE,NA,"HMP1-2 taxonomy skin"
"k__Bacteria|p__Firmicutes|c__Clostridia|o__Clostridia_unclassified|f__Clostridia_unclassified|g__Clostridia_unclassified|s__Clostridia_bacterium|t__SGB54297",0,0,NA,FALSE,FALSE,FALSE,NA,"HMP1-2 taxonomy skin"
"k__Archaea|p__Candidatus_Thermoplasmatota|c__Thermoplasmata|o__Methanomassiliicoccales|f__Methanomassiliicoccaceae|g__Methanomassiliicoccus|s__Candidatus_Methanomassiliicoccus_intestinalis|t__SGB363",0,0,NA,FALSE,FALSE,FALSE,NA,"HMP1-2 taxonomy skin"
"k__Bacteria|p__Bacteroidetes|c__Bacteroidia|o__Bacteroidales|f__Bacteroidales_unclassified|g__GGB1551|s__GGB1551_SGB2136|t__SGB2136",0,0,NA,FALSE,FALSE,FALSE,NA,"HMP1-2 taxonomy skin"
"k__Bacteria|p__Firmicutes|c__Clostridia|o__Clostridia_unclassified|f__Clostridia_unclassified|g__GGB4602|s__GGB4602_SGB6365|t__SGB6365",0,0,NA,FALSE,FALSE,FALSE,NA,"HMP1-2 taxonomy skin"
"k__Bacteria|p__Firmicutes|c__Bacilli|o__Bacilli_unclassified|f__Bacilli_unclassified|g__GGB4698|s__GGB4698_SGB6498|t__SGB6498",0,0,NA,FALSE,FALSE,FALSE,NA,"HMP1-2 taxonomy skin"
"k__Bacteria|p__Firmicutes|c__Clostridia|o__Clostridia_unclassified|f__Clostridia_unclassified|g__Clostridia_unclassified|s__Clostridia_bacterium|t__SGB6343",0,0,NA,FALSE,FALSE,FALSE,NA,"HMP1-2 taxonomy skin"
"k__Bacteria|p__Firmicutes|c__Clostridia|o__Clostridia_unclassified|f__Clostridia_unclassified|g__GGB4598|s__GGB4598_SGB6360|t__SGB6360",0,0,NA,FALSE,FALSE,FALSE,NA,"HMP1-2 taxonomy skin"
"k__Bacteria|p__Firmicutes|c__CFGB1424|o__OFGB1424|f__FGB1424|g__GGB3490|s__GGB3490_SGB4664|t__SGB4664",0,0,NA,FALSE,FALSE,FALSE,NA,"HMP1-2 taxonomy skin"
"k__Bacteria|p__Firmicutes|c__Clostridia|o__Clostridia_unclassified|f__Clostridia_unclassified|g__Clostridia_unclassified|s__Clostridia_bacterium|t__SGB4142",0,0,NA,FALSE,FALSE,FALSE,NA,"HMP1-2 taxonomy skin"
"k__Bacteria|p__Firmicutes|c__Clostridia|o__Clostridia_unclassified|f__Clostridia_unclassified|g__Clostridia_unclassified|s__Clostridia_bacterium|t__SGB4158",0,0,NA,FALSE,FALSE,FALSE,NA,"HMP1-2 taxonomy skin"
"k__Bacteria|p__Firmicutes|c__Clostridia|o__Clostridia_unclassified|f__Clostridia_unclassified|g__Clostridia_unclassified|s__Clostridia_bacterium|t__SGB14165",0,0,NA,FALSE,FALSE,FALSE,NA,"HMP1-2 taxonomy skin"
"k__Bacteria|p__Firmicutes|c__Clostridia|o__Clostridiales|f__Ruminococcaceae|g__Ruminococcus|s__Ruminococcus_SGB4421|t__SGB4421",0,0,NA,FALSE,FALSE,FALSE,NA,"HMP1-2 taxonomy skin"
"k__Bacteria|p__Firmicutes|c__Firmicutes_unclassified|o__Firmicutes_unclassified|f__Firmicutes_unclassified|g__Firmicutes_unclassified|s__Firmicutes_bacterium|t__SGB4062",0,0,NA,FALSE,FALSE,FALSE,NA,"HMP1-2 taxonomy skin"
"k__Bacteria|p__Firmicutes|c__Clostridia|o__Clostridiales|f__Ruminococcaceae|g__GGB3185|s__GGB3185_SGB4208|t__SGB4208",0,0,NA,FALSE,FALSE,FALSE,NA,"HMP1-2 taxonomy skin"
"k__Bacteria|p__Firmicutes|c__Bacilli|o__Bacilli_unclassified|f__Bacilli_unclassified|g__Bacilli_unclassified|s__Bacilli_bacterium|t__SGB6472",0,0,NA,FALSE,FALSE,FALSE,NA,"HMP1-2 taxonomy skin"
"k__Bacteria|p__Firmicutes|c__Clostridia|o__Clostridiales|f__Ruminococcaceae|g__Faecalibacterium|s__Faecalibacterium_prausnitzii|t__SGB15323",0,0,NA,FALSE,FALSE,FALSE,NA,"HMP1-2 taxonomy skin"
"k__Bacteria|p__Firmicutes|c__Clostridia|o__Clostridia_unclassified|f__Clostridia_unclassified|g__Clostridia_unclassified|s__Clostridia_bacterium|t__SGB14190",0,0,NA,FALSE,FALSE,FALSE,NA,"HMP1-2 taxonomy skin"
"k__Bacteria|p__Firmicutes|c__Clostridia|o__Clostridiales|f__Ruminococcaceae|g__GGB9640|s__GGB9640_SGB15115|t__SGB15115",1,0.003125,1.8400007360003e-05,FALSE,FALSE,FALSE,NA,"HMP1-2 taxonomy skin"
"k__Bacteria|p__Firmicutes|c__Clostridia|o__Clostridiales|f__Clostridiaceae|g__Clostridium|s__Clostridium_sp_AF27_2AA|t__SGB4712",0,0,NA,FALSE,FALSE,FALSE,NA,"HMP1-2 taxonomy skin"
"k__Bacteria|p__Firmicutes|c__Clostridia|o__Clostridia_unclassified|f__Clostridia_unclassified|g__Clostridia_unclassified|s__Clostridia_unclassified_SGB6369|t__SGB6369",0,0,NA,FALSE,FALSE,FALSE,NA,"HMP1-2 taxonomy skin"
"k__Bacteria|p__Firmicutes|c__CFGB4621|o__OFGB4621|f__FGB4621|g__GGB13431|s__GGB13431_SGB20700|t__SGB20700",0,0,NA,FALSE,FALSE,FALSE,NA,"HMP1-2 taxonomy skin"
"k__Bacteria|p__Firmicutes|c__Clostridia|o__Clostridiales|f__Lachnospiraceae|g__GGB3640|s__GGB3640_SGB4937|t__SGB4937",0,0,NA,FALSE,FALSE,FALSE,NA,"HMP1-2 taxonomy skin"
"k__Bacteria|p__Firmicutes|c__Clostridia|o__Clostridia_unclassified|f__Clostridia_unclassified|g__Clostridia_unclassified|s__Clostridia_bacterium|t__SGB15383",0,0,NA,FALSE,FALSE,FALSE,NA,"HMP1-2 taxonomy skin"
"k__Bacteria|p__Firmicutes|c__Clostridia|o__Clostridia_unclassified|f__Clostridia_unclassified|g__Clostridia_unclassified|s__Clostridia_bacterium|t__SGB4341",0,0,NA,FALSE,FALSE,FALSE,NA,"HMP1-2 taxonomy skin"
"k__Bacteria|p__Firmicutes|c__Negativicutes|o__Veillonellales|f__Veillonellaceae|g__Allisonella|s__Allisonella_histaminiformans|t__SGB5843",0,0,NA,FALSE,FALSE,FALSE,NA,"HMP1-2 taxonomy skin"
"k__Bacteria|p__Firmicutes|c__Clostridia|o__Clostridiales|f__Ruminococcaceae|g__Ruminococcaceae_unclassified|s__Ruminococcaceae_bacterium|t__SGB4301",0,0,NA,FALSE,FALSE,FALSE,NA,"HMP1-2 taxonomy skin"
"k__Bacteria|p__Firmicutes|c__Clostridia|o__Clostridiales|f__Ruminococcaceae|g__Ruminococcaceae_unclassified|s__Ruminococcaceae_bacterium|t__SGB4174",0,0,NA,FALSE,FALSE,FALSE,NA,"HMP1-2 taxonomy skin"
"k__Bacteria|p__Firmicutes|c__Clostridia|o__Clostridia_unclassified|f__Clostridia_unclassified|g__GGB9332|s__GGB9332_SGB14295|t__SGB14295",0,0,NA,FALSE,FALSE,FALSE,NA,"HMP1-2 taxonomy skin"
"k__Bacteria|p__Firmicutes|c__Clostridia|o__Clostridia_unclassified|f__Clostridia_unclassified|g__Clostridia_unclassified|s__Clostridia_bacterium|t__SGB14218",0,0,NA,FALSE,FALSE,FALSE,NA,"HMP1-2 taxonomy skin"
"k__Bacteria|p__Firmicutes|c__Clostridia|o__Clostridia_unclassified|f__Clostridia_unclassified|g__Clostridia_unclassified|s__Clostridia_bacterium|t__SGB15388",0,0,NA,FALSE,FALSE,FALSE,NA,"HMP1-2 taxonomy skin"
"k__Bacteria|p__Firmicutes|c__Clostridia|o__Clostridia_unclassified|f__Clostridia_unclassified|g__Clostridia_unclassified|s__Clostridia_bacterium|t__SGB53490",0,0,NA,FALSE,FALSE,FALSE,NA,"HMP1-2 taxonomy skin"
"k__Bacteria|p__Firmicutes|c__Firmicutes_unclassified|o__Firmicutes_unclassified|f__Firmicutes_unclassified|g__Firmicutes_unclassified|s__Firmicutes_bacterium|t__SGB49163",0,0,NA,FALSE,FALSE,FALSE,NA,"HMP1-2 taxonomy skin"
"k__Bacteria|p__Firmicutes|c__Bacilli|o__Lactobacillales|f__Lactobacillaceae|g__Lactobacillus|s__Lactobacillus_acidophilus|t__SGB7044",0,0,NA,FALSE,FALSE,FALSE,NA,"HMP1-2 taxonomy skin"
"k__Bacteria|p__Firmicutes|c__CFGB11481|o__OFGB11481|f__FGB11481|g__GGB33665|s__GGB33665_SGB47358|t__SGB47358",0,0,NA,FALSE,FALSE,FALSE,NA,"HMP1-2 taxonomy skin"
"k__Bacteria|p__Firmicutes|c__Clostridia|o__Clostridia_unclassified|f__Clostridia_unclassified|g__Clostridia_unclassified|s__Clostridia_unclassified_SGB14024|t__SGB14024",0,0,NA,FALSE,FALSE,FALSE,NA,"HMP1-2 taxonomy skin"
"k__Bacteria|p__Firmicutes|c__Clostridia|o__Clostridia_unclassified|f__Clostridia_unclassified|g__GGB9101|s__GGB9101_SGB14033|t__SGB14033",0,0,NA,FALSE,FALSE,FALSE,NA,"HMP1-2 taxonomy skin"
"k__Bacteria|p__Firmicutes|c__Clostridia|o__Clostridia_unclassified|f__Clostridia_unclassified|g__GGB2977|s__GGB2977_SGB3959|t__SGB3959",0,0,NA,FALSE,FALSE,FALSE,NA,"HMP1-2 taxonomy skin"
"k__Bacteria|p__Firmicutes|c__Clostridia|o__Clostridiales|f__Ruminococcaceae|g__Ruminococcus|s__Ruminococcus_sp_AF41_9|t__SGB25497",0,0,NA,FALSE,FALSE,FALSE,NA,"HMP1-2 taxonomy skin"
"k__Bacteria|p__Bacteroidetes|c__Bacteroidia|o__Bacteroidales|f__Bacteroidaceae|g__Bacteroides|s__Bacteroides_sp_GM023|t__SGB69998",0,0,NA,FALSE,FALSE,FALSE,NA,"HMP1-2 taxonomy skin"
"k__Bacteria|p__Fusobacteria|c__Fusobacteriia|o__Fusobacteriales|f__Fusobacteriaceae|g__Fusobacterium|s__Fusobacterium_massiliense|t__SGB5987",1,0.003125,9.47000094700009e-05,FALSE,FALSE,FALSE,NA,"HMP1-2 taxonomy skin"
"k__Bacteria|p__Firmicutes|c__Negativicutes|o__Veillonellales|f__Veillonellaceae|g__Veillonella|s__Veillonella_sp_CHU110|t__SGB30370",0,0,NA,FALSE,FALSE,FALSE,NA,"HMP1-2 taxonomy skin"
"k__Eukaryota|p__Ascomycota|c__Saccharomycetes|o__Saccharomycetales|f__Debaryomycetaceae|g__Candida|s__Candida_tropicalis|t__EUK5482",2,0.00625,3.26000025900003e-05,FALSE,FALSE,FALSE,NA,"HMP1-2 taxonomy skin"
"k__Bacteria|p__Bacteroidetes|c__Bacteroidia|o__Bacteroidales|f__Prevotellaceae|g__Prevotella|s__Prevotella_copri_clade_B|t__SGB1613",0,0,NA,FALSE,FALSE,FALSE,NA,"HMP1-2 taxonomy skin"
"k__Bacteria|p__Firmicutes|c__Negativicutes|o__Veillonellales|f__Veillonellaceae|g__Dialister|s__Dialister_hominis|t__SGB5803",0,0,NA,FALSE,FALSE,FALSE,NA,"HMP1-2 taxonomy skin"
"k__Bacteria|p__Firmicutes|c__Clostridia|o__Clostridia_unclassified|f__Clostridia_unclassified|g__Clostridia_unclassified|s__Clostridia_bacterium|t__SGB4339",0,0,NA,FALSE,FALSE,FALSE,NA,"HMP1-2 taxonomy skin"
"k__Bacteria|p__Firmicutes|c__Bacilli|o__Bacilli_unclassified|f__Bacilli_unclassified|g__Bacilli_unclassified|s__Bacilli_unclassified_SGB6422|t__SGB6422",0,0,NA,FALSE,FALSE,FALSE,NA,"HMP1-2 taxonomy skin"
"k__Bacteria|p__Firmicutes|c__Bacilli|o__Lactobacillales|f__Enterococcaceae|g__Enterococcus|s__Enterococcus_faecium|t__SGB7967",0,0,NA,FALSE,FALSE,FALSE,NA,"HMP1-2 taxonomy skin"
"k__Bacteria|p__Lentisphaerae|c__Lentisphaeria|o__Victivallales|f__Victivallaceae|g__Victivallis|s__Victivallis_vadensis|t__SGB9202",0,0,NA,FALSE,FALSE,FALSE,NA,"HMP1-2 taxonomy skin"
"k__Bacteria|p__Actinobacteria|c__Coriobacteriia|o__Eggerthellales|f__Eggerthellaceae|g__Slackia|s__Slackia_isoflavoniconvertens|t__SGB14773_group",0,0,NA,FALSE,FALSE,FALSE,NA,"HMP1-2 taxonomy skin"
"k__Bacteria|p__Firmicutes|c__CFGB3048|o__OFGB3048|f__FGB3048|g__GGB9561|s__GGB9561_SGB14972|t__SGB14972",0,0,NA,FALSE,FALSE,FALSE,NA,"HMP1-2 taxonomy skin"
"k__Bacteria|p__Firmicutes|c__CFGB1394|o__OFGB1394|f__FGB1394|g__GGB3386|s__GGB3386_SGB4474|t__SGB4474",0,0,NA,FALSE,FALSE,FALSE,NA,"HMP1-2 taxonomy skin"
"k__Bacteria|p__Spirochaetes|c__Spirochaetia|o__Spirochaetales|f__Spirochaetaceae|g__Treponema|s__Treponema_sp_Marseille_Q3903|t__SGB3552",0,0,NA,FALSE,FALSE,FALSE,NA,"HMP1-2 taxonomy skin"
"k__Bacteria|p__Bacteroidetes|c__CFGB47554|o__OFGB47554|f__FGB47554|g__GGB49229|s__GGB49229_SGB69060|t__SGB69060",0,0,NA,FALSE,FALSE,FALSE,NA,"HMP1-2 taxonomy skin"
"k__Bacteria|p__Tenericutes|c__Mollicutes|o__Mycoplasmatales|f__Mycoplasmataceae|g__GGB4333|s__GGB4333_SGB5935|t__SGB5935",0,0,NA,FALSE,FALSE,FALSE,NA,"HMP1-2 taxonomy skin"
"k__Bacteria|p__Bacteroidetes|c__Flavobacteriia|o__Flavobacteriales|f__Flavobacteriaceae|g__GGB1838|s__GGB1838_SGB2488|t__SGB2488",0,0,NA,FALSE,FALSE,FALSE,NA,"HMP1-2 taxonomy skin"
"k__Bacteria|p__Firmicutes|c__Clostridia|o__Clostridiales|f__Clostridiales_Family_XIII_Incertae_Sedis|g__Clostridiales_Family_XIII_Incertae_Sedis_unclassified|s__Eubacterium_saphenum|t__SGB3945",0,0,NA,FALSE,FALSE,FALSE,NA,"HMP1-2 taxonomy skin"
"k__Bacteria|p__Bacteroidetes|c__Bacteroidia|o__Bacteroidales|f__Bacteroidales_unclassified|g__Phocaeicola|s__Phocaeicola_abscessus|t__SGB2052",0,0,NA,FALSE,FALSE,FALSE,NA,"HMP1-2 taxonomy skin"
"k__Bacteria|p__Bacteroidetes|c__Bacteroidia|o__Bacteroidales|f__Prevotellaceae|g__Prevotella|s__Prevotella_koreensis|t__SGB1580",0,0,NA,FALSE,FALSE,FALSE,NA,"HMP1-2 taxonomy skin"
"k__Bacteria|p__Proteobacteria|c__Deltaproteobacteria|o__Desulfovibrionales|f__Desulfovibrionaceae|g__Desulfovibrio|s__Desulfovibrio_sp_Dsv1|t__SGB57328",0,0,NA,FALSE,FALSE,FALSE,NA,"HMP1-2 taxonomy skin"
"k__Bacteria|p__Bacteroidetes|c__Bacteroidia|o__Bacteroidales|f__Prevotellaceae|g__Prevotella|s__Prevotella_dentalis|t__SGB1532",0,0,NA,FALSE,FALSE,FALSE,NA,"HMP1-2 taxonomy skin"
"k__Bacteria|p__Bacteroidetes|c__Flavobacteriia|o__Flavobacteriales|f__Flavobacteriaceae|g__Capnocytophaga|s__Capnocytophaga_haemolytica|t__SGB2487",0,0,NA,FALSE,FALSE,FALSE,NA,"HMP1-2 taxonomy skin"
"k__Bacteria|p__Firmicutes|c__Clostridia|o__Clostridiales|f__Lachnospiraceae|g__Lachnospiraceae_unclassified|s__Lachnospiraceae_bacterium_oral_taxon_500|t__SGB24947",0,0,NA,FALSE,FALSE,FALSE,NA,"HMP1-2 taxonomy skin"
"k__Bacteria|p__Bacteroidetes|c__Bacteroidia|o__Bacteroidales|f__Prevotellaceae|g__Prevotella|s__Prevotella_intermedia|t__SGB1560",5,0.015625,0.000468740041106018,FALSE,FALSE,FALSE,NA,"HMP1-2 taxonomy skin"
"k__Bacteria|p__Bacteroidetes|c__Bacteroidia|o__Bacteroidales|f__Prevotellaceae|g__Prevotella|s__Prevotella_sp_oral_taxon_820|t__SGB21553",1,0.003125,1.2e-06,FALSE,FALSE,FALSE,NA,"HMP1-2 taxonomy skin"
"k__Bacteria|p__Firmicutes|c__Clostridia|o__Clostridiales|f__Eubacteriaceae|g__Pseudoramibacter|s__Pseudoramibacter_alactolyticus|t__SGB4082",0,0,NA,FALSE,FALSE,FALSE,NA,"HMP1-2 taxonomy skin"
"k__Bacteria|p__Spirochaetes|c__Spirochaetia|o__Spirochaetales|f__Spirochaetaceae|g__Treponema|s__Treponema_putidum|t__SGB3616",0,0,NA,FALSE,FALSE,FALSE,NA,"HMP1-2 taxonomy skin"
"k__Bacteria|p__Candidatus_Saccharibacteria|c__Candidatus_Saccharibacteria_unclassified|o__Candidatus_Saccharibacteria_unclassified|f__Candidatus_Saccharibacteria_unclassified|g__Candidatus_Saccharibacteria_unclassified|s__TM7_phylum_sp_oral_taxon_350|t__SGB19820",0,0,NA,FALSE,FALSE,FALSE,NA,"HMP1-2 taxonomy skin"
"k__Bacteria|p__Actinobacteria|c__Actinobacteria|o__Bifidobacteriales|f__Bifidobacteriaceae|g__Gardnerella|s__Gardnerella_vaginalis|t__SGB17309",3,0.009375,0.00394469986272335,FALSE,TRUE,FALSE,NA,"HMP1-2 taxonomy skin"
"k__Bacteria|p__Bacteroidetes|c__Bacteroidia|o__Bacteroidales|f__Prevotellaceae|g__Prevotella|s__Prevotella_amnii|t__SGB1558",8,0.025,0.000779699936590007,FALSE,FALSE,FALSE,NA,"HMP1-2 taxonomy skin"
"k__Bacteria|p__Firmicutes|c__Clostridia|o__Clostridiales|f__Hungateiclostridiaceae|g__GGB3012|s__GGB3012_SGB4003|t__SGB4003",2,0.00625,0.000531849947480005,FALSE,FALSE,FALSE,NA,"HMP1-2 taxonomy skin"
"k__Bacteria|p__Firmicutes|c__Negativicutes|o__Veillonellales|f__Veillonellaceae|g__Megasphaera|s__Megasphaera_genomosp_type_1|t__SGB5867",5,0.015625,0.000224900006984003,FALSE,FALSE,FALSE,NA,"HMP1-2 taxonomy skin"
"k__Bacteria|p__Actinobacteria|c__Actinobacteria|o__Bifidobacteriales|f__Bifidobacteriaceae|g__Gardnerella|s__Gardnerella_vaginalis|t__SGB17301",2,0.00625,2.79500018750006e-05,FALSE,FALSE,FALSE,NA,"HMP1-2 taxonomy skin"
"k__Bacteria|p__Proteobacteria|c__Gammaproteobacteria|o__Pseudomonadales|f__Moraxellaceae|g__Moraxella|s__Moraxella_lincolnii|t__SGB10432",12,0.0375,0.069342863463412,FALSE,TRUE,FALSE,NA,"HMP1-2 taxonomy skin"
"k__Bacteria|p__Proteobacteria|c__Gammaproteobacteria|o__Pseudomonadales|f__Pseudomonadaceae|g__Pseudomonas|s__Pseudomonas_extremaustralis|t__SGB12135",0,0,NA,FALSE,FALSE,FALSE,NA,"HMP1-2 taxonomy skin"
"k__Bacteria|p__Bacteroidetes|c__Bacteroidia|o__Bacteroidales|f__Prevotellaceae|g__GGB1266|s__GGB1266_SGB1699|t__SGB1699",1,0.003125,0.0424410042441004,FALSE,TRUE,FALSE,NA,"HMP1-2 taxonomy skin"
"k__Bacteria|p__Firmicutes|c__Clostridia|o__Clostridiales|f__Lachnospiraceae|g__Lachnospiraceae_unclassified|s__Lachnospiraceae_bacterium|t__SGB4672",0,0,NA,FALSE,FALSE,FALSE,NA,"HMP1-2 taxonomy skin"
"k__Bacteria|p__Firmicutes|c__CFGB1281|o__OFGB1281|f__FGB1281|g__GGB3095|s__GGB3095_SGB4103|t__SGB4103",0,0,NA,FALSE,FALSE,FALSE,NA,"HMP1-2 taxonomy skin"
"k__Bacteria|p__Firmicutes|c__Clostridia|o__Clostridia_unclassified|f__Clostridia_unclassified|g__Clostridia_unclassified|s__Clostridia_bacterium|t__SGB5183",0,0,NA,FALSE,FALSE,FALSE,NA,"HMP1-2 taxonomy skin"
"k__Bacteria|p__Actinobacteria|c__Coriobacteriia|o__Eggerthellales|f__Eggerthellaceae|g__Enteroscipio|s__Enteroscipio_rubneri|t__SGB14803",0,0,NA,FALSE,FALSE,FALSE,NA,"HMP1-2 taxonomy skin"
"k__Bacteria|p__Firmicutes|c__Erysipelotrichia|o__Erysipelotrichales|f__Erysipelotrichaceae|g__Erysipelotrichaceae_unclassified|s__Erysipelotrichaceae_bacterium_3_1_53|t__SGB4036",0,0,NA,FALSE,FALSE,FALSE,NA,"HMP1-2 taxonomy skin"
"k__Bacteria|p__Firmicutes|c__Clostridia|o__Clostridiales|f__Lachnospiraceae|g__Lachnospiraceae_unclassified|s__Lachnospiraceae_bacterium|t__SGB4688",0,0,NA,FALSE,FALSE,FALSE,NA,"HMP1-2 taxonomy skin"
"k__Bacteria|p__Firmicutes|c__Clostridia|o__Clostridiales|f__Lachnospiraceae|g__Lachnoclostridium|s__Clostridium_hylemonae|t__SGB4632",0,0,NA,FALSE,FALSE,FALSE,NA,"HMP1-2 taxonomy skin"
"k__Bacteria|p__Firmicutes|c__Clostridia|o__Clostridiales|f__Eubacteriaceae|g__Intestinibacillus|s__Intestinibacillus_sp_Marseille_P6563|t__SGB29313",0,0,NA,FALSE,FALSE,FALSE,NA,"HMP1-2 taxonomy skin"
"k__Bacteria|p__Firmicutes|c__Clostridia|o__Clostridiales|f__Lachnospiraceae|g__Lachnospiraceae_unclassified|s__Lachnospiraceae_bacterium_NSJ_38|t__SGB82502",0,0,NA,FALSE,FALSE,FALSE,NA,"HMP1-2 taxonomy skin"
"k__Bacteria|p__Firmicutes|c__Clostridia|o__Clostridiales|f__Clostridiales_Family_XIII_Incertae_Sedis|g__Clostridiales_Family_XIII_Incertae_Sedis_unclassified|s__Eubacterium_nodatum|t__SGB6627",1,0.003125,0.000163899967220007,FALSE,FALSE,FALSE,NA,"HMP1-2 taxonomy skin"
"k__Bacteria|p__Firmicutes|c__Clostridia|o__Clostridiales|f__Clostridiales_Family_XIII_Incertae_Sedis|g__Mogibacterium|s__Mogibacterium_timidum|t__SGB3920",1,0.003125,6e-06,FALSE,FALSE,FALSE,NA,"HMP1-2 taxonomy skin"
"k__Bacteria|p__Actinobacteria|c__Coriobacteriia|o__Coriobacteriales|f__Atopobiaceae|g__Olsenella|s__Olsenella_uli|t__SGB14386",0,0,NA,FALSE,FALSE,FALSE,NA,"HMP1-2 taxonomy skin"
"k__Bacteria|p__Firmicutes|c__Bacilli|o__Bacilli_unclassified|f__Bacilli_unclassified|g__Bacilli_unclassified|s__Bacilli_bacterium|t__SGB1021",0,0,NA,FALSE,FALSE,FALSE,NA,"HMP1-2 taxonomy skin"
"k__Bacteria|p__Bacteroidetes|c__Bacteroidia|o__Bacteroidales|f__Bacteroidaceae|g__Bacteroidaceae_unclassified|s__Bacteroidaceae_bacterium|t__SGB1472",1,0.003125,0.000284,FALSE,FALSE,FALSE,NA,"HMP1-2 taxonomy skin"
"k__Bacteria|p__Bacteroidetes|c__Bacteroidia|o__Bacteroidales|f__Prevotellaceae|g__Prevotella|s__Prevotella_sp_885|t__SGB1677",0,0,NA,FALSE,FALSE,FALSE,NA,"HMP1-2 taxonomy skin"
"k__Bacteria|p__Firmicutes|c__Clostridia|o__Clostridiales|f__Lachnospiraceae|g__GGB3733|s__GGB3733_SGB5066|t__SGB5066",1,0.003125,0.00183560073424029,FALSE,TRUE,FALSE,NA,"HMP1-2 taxonomy skin"
"k__Bacteria|p__Bacteroidetes|c__Bacteroidia|o__Bacteroidales|f__Bacteroidales_unclassified|g__Phocaeicola|s__Phocaeicola_sartorii|t__SGB1813",0,0,NA,FALSE,FALSE,FALSE,NA,"HMP1-2 taxonomy skin"
"k__Bacteria|p__Firmicutes|c__Clostridia|o__Clostridia_unclassified|f__Clostridia_unclassified|g__GGB4610|s__GGB4610_SGB6384|t__SGB6384",0,0,NA,FALSE,FALSE,FALSE,NA,"HMP1-2 taxonomy skin"
"k__Bacteria|p__Firmicutes|c__Clostridia|o__Clostridiales|f__Ruminococcaceae|g__GGB9674|s__GGB9674_SGB15173|t__SGB15173",0,0,NA,FALSE,FALSE,FALSE,NA,"HMP1-2 taxonomy skin"
"k__Bacteria|p__Firmicutes|c__Clostridia|o__Clostridia_unclassified|f__Clostridia_unclassified|g__Clostridia_unclassified|s__Clostridia_unclassified_SGB4373|t__SGB4373",0,0,NA,FALSE,FALSE,FALSE,NA,"HMP1-2 taxonomy skin"
"k__Bacteria|p__Firmicutes|c__Clostridia|o__Clostridia_unclassified|f__Clostridia_unclassified|g__GGB9348|s__GGB9348_SGB14315|t__SGB14315",0,0,NA,FALSE,FALSE,FALSE,NA,"HMP1-2 taxonomy skin"
"k__Bacteria|p__Firmicutes|c__Clostridia|o__Clostridia_unclassified|f__Clostridia_unclassified|g__Clostridia_unclassified|s__Clostridia_bacterium|t__SGB3951",0,0,NA,FALSE,FALSE,FALSE,NA,"HMP1-2 taxonomy skin"
"k__Bacteria|p__Firmicutes|c__Clostridia|o__Clostridiales|f__Oscillospiraceae|g__Oscillibacter|s__Oscillibacter_ruminantium|t__SGB28985",0,0,NA,FALSE,FALSE,FALSE,NA,"HMP1-2 taxonomy skin"
"k__Bacteria|p__Firmicutes|c__Clostridia|o__Clostridiales|f__Lachnospiraceae|g__Lachnospiraceae_unclassified|s__Lachnospiraceae_unclassified_SGB5104|t__SGB5104",0,0,NA,FALSE,FALSE,FALSE,NA,"HMP1-2 taxonomy skin"
"k__Bacteria|p__Firmicutes|c__Clostridia|o__Clostridiales|f__Peptococcaceae|g__Peptococcaceae_unclassified|s__Peptococcaceae_bacterium|t__SGB4060",0,0,NA,FALSE,FALSE,FALSE,NA,"HMP1-2 taxonomy skin"
"k__Bacteria|p__Firmicutes|c__Clostridia|o__Clostridiales|f__Ruminococcaceae|g__GGB9583|s__GGB9583_SGB15004|t__SGB15004",0,0,NA,FALSE,FALSE,FALSE,NA,"HMP1-2 taxonomy skin"
"k__Bacteria|p__Firmicutes|c__Clostridia|o__Clostridiales|f__Lachnospiraceae|g__Lachnospiraceae_unclassified|s__Lachnospiraceae_bacterium_BX3|t__SGB4651",0,0,NA,FALSE,FALSE,FALSE,NA,"HMP1-2 taxonomy skin"
"k__Bacteria|p__Firmicutes|c__Clostridia|o__Clostridiales|f__Ruminococcaceae|g__Negativibacillus|s__Negativibacillus_massiliensis|t__SGB14912",1,0.003125,0.00164880082440041,FALSE,TRUE,FALSE,NA,"HMP1-2 taxonomy skin"
"k__Bacteria|p__Firmicutes|c__Clostridia|o__Clostridiales|f__Ruminococcaceae|g__GGB9452|s__GGB9452_SGB14843|t__SGB14843",0,0,NA,FALSE,FALSE,FALSE,NA,"HMP1-2 taxonomy skin"
"k__Bacteria|p__Firmicutes|c__Clostridia|o__Clostridiales|f__Lachnospiraceae|g__GGB3737|s__GGB3737_SGB5071|t__SGB5071",0,0,NA,FALSE,FALSE,FALSE,NA,"HMP1-2 taxonomy skin"
"k__Bacteria|p__Firmicutes|c__Clostridia|o__Clostridiales|f__Lachnospiraceae|g__Lachnospiraceae_unclassified|s__Lachnospiraceae_bacterium|t__SGB4834",0,0,NA,FALSE,FALSE,FALSE,NA,"HMP1-2 taxonomy skin"
"k__Bacteria|p__Firmicutes|c__Clostridia|o__Clostridiales|f__Clostridiales_unclassified|g__Clostridiales_unclassified|s__Clostridiales_bacterium_CHKCI006|t__SGB7261",0,0,NA,FALSE,FALSE,FALSE,NA,"HMP1-2 taxonomy skin"
"k__Bacteria|p__Firmicutes|c__Clostridia|o__Clostridia_unclassified|f__Clostridia_unclassified|g__Clostridia_unclassified|s__Clostridia_bacterium|t__SGB19227",0,0,NA,FALSE,FALSE,FALSE,NA,"HMP1-2 taxonomy skin"
"k__Bacteria|p__Firmicutes|c__Clostridia|o__Clostridia_unclassified|f__Clostridia_unclassified|g__Clostridia_unclassified|s__Clostridia_bacterium|t__SGB54333",0,0,NA,FALSE,FALSE,FALSE,NA,"HMP1-2 taxonomy skin"
"k__Bacteria|p__Firmicutes|c__Clostridia|o__Clostridiales|f__Clostridiaceae|g__Clostridium|s__Clostridium_sp_chh4_2|t__SGB4743",0,0,NA,FALSE,FALSE,FALSE,NA,"HMP1-2 taxonomy skin"
"k__Bacteria|p__Actinobacteria|c__Coriobacteriia|o__Coriobacteriales|f__Coriobacteriaceae|g__Senegalimassilia|s__Senegalimassilia_faecalis|t__SGB14822",0,0,NA,FALSE,FALSE,FALSE,NA,"HMP1-2 taxonomy skin"
"k__Archaea|p__Euryarchaeota|c__Methanobacteria|o__Methanobacteriales|f__Methanobacteriaceae|g__Methanosphaera|s__Methanosphaera_stadtmanae|t__SGB698",0,0,NA,FALSE,FALSE,FALSE,NA,"HMP1-2 taxonomy skin"
"k__Bacteria|p__Actinobacteria|c__Coriobacteriia|o__Eggerthellales|f__Eggerthellaceae|g__Adlercreutzia|s__Adlercreutzia_mucosicola|t__SGB33554",0,0,NA,FALSE,FALSE,FALSE,NA,"HMP1-2 taxonomy skin"
"k__Bacteria|p__Actinobacteria|c__Coriobacteriia|o__Coriobacteriales|f__Coriobacteriales_unclassified|g__Coriobacteriales_unclassified|s__Coriobacteriales_unclassified_SGB72475|t__SGB72475_group",0,0,NA,FALSE,FALSE,FALSE,NA,"HMP1-2 taxonomy skin"
"k__Bacteria|p__Firmicutes|c__Clostridia|o__Clostridia_unclassified|f__Clostridia_unclassified|g__Candidatus_Metaruminococcus|s__Candidatus_Metaruminococcus_gallistercoris|t__SGB14870",0,0,NA,FALSE,FALSE,FALSE,NA,"HMP1-2 taxonomy skin"
"k__Bacteria|p__Firmicutes|c__Clostridia|o__Clostridia_unclassified|f__Clostridia_unclassified|g__Clostridia_unclassified|s__Clostridia_bacterium|t__SGB4438",0,0,NA,FALSE,FALSE,FALSE,NA,"HMP1-2 taxonomy skin"
"k__Bacteria|p__Firmicutes|c__Clostridia|o__Clostridiales|f__Clostridiaceae|g__Lactonifactor|s__Lactonifactor_sp_BIOML_A6|t__SGB48013",0,0,NA,FALSE,FALSE,FALSE,NA,"HMP1-2 taxonomy skin"
"k__Bacteria|p__Proteobacteria|c__Gammaproteobacteria|o__Pseudomonadales|f__Pseudomonadaceae|g__Pseudomonas|s__Pseudomonas_monteilii|t__SGB12291",1,0.003125,0.0011261,FALSE,TRUE,FALSE,NA,"HMP1-2 taxonomy skin"
"k__Bacteria|p__Firmicutes|c__Clostridia|o__Clostridiales|f__Lachnospiraceae|g__Blautia|s__Blautia_producta|t__SGB4786",0,0,NA,FALSE,FALSE,FALSE,NA,"HMP1-2 taxonomy skin"
"k__Bacteria|p__Firmicutes|c__Clostridia|o__Clostridiales|f__Ruminococcaceae|g__Ruminococcaceae_unclassified|s__Ruminococcaceae_bacterium|t__SGB14925",0,0,NA,FALSE,FALSE,FALSE,NA,"HMP1-2 taxonomy skin"
"k__Bacteria|p__Proteobacteria|c__Betaproteobacteria|o__Neisseriales|f__Neisseriaceae|g__Simonsiella|s__Simonsiella_muelleri|t__SGB9474",0,0,NA,FALSE,FALSE,FALSE,NA,"HMP1-2 taxonomy skin"
"k__Bacteria|p__Proteobacteria|c__Betaproteobacteria|o__Neisseriales|f__Neisseriaceae|g__Kingella|s__Kingella_kingae|t__SGB9475",0,0,NA,FALSE,FALSE,FALSE,NA,"HMP1-2 taxonomy skin"
"k__Bacteria|p__Candidatus_Saccharibacteria|c__CFGB4354|o__OFGB4354|f__FGB4354|g__GGB12787|s__GGB12787_SGB19830|t__SGB19830",1,0.003125,0.00157670031534006,FALSE,TRUE,FALSE,NA,"HMP1-2 taxonomy skin"
"k__Bacteria|p__Actinobacteria|c__Actinobacteria|o__Corynebacteriales|f__Corynebacteriaceae|g__Corynebacterium|s__Corynebacterium_kroppenstedtii|t__SGB17004",13,0.040625,0.00678733100310248,FALSE,TRUE,FALSE,NA,"HMP1-2 taxonomy skin"
"k__Bacteria|p__Actinobacteria|c__Actinobacteria|o__Corynebacteriales|f__Corynebacteriaceae|g__Corynebacterium|s__Corynebacterium_kroppenstedtii|t__SGB17000",11,0.034375,0.00168090905036185,FALSE,TRUE,FALSE,NA,"HMP1-2 taxonomy skin"
"k__Bacteria|p__Actinobacteria|c__Actinobacteria|o__Micrococcales|f__Brevibacteriaceae|g__Brevibacterium|s__Brevibacterium_casei|t__SGB16643",2,0.00625,0.00067089984018004,FALSE,FALSE,FALSE,NA,"HMP1-2 taxonomy skin"
"k__Bacteria|p__Bacteroidetes|c__Flavobacteriia|o__Flavobacteriales|f__Weeksellaceae|g__Chryseobacterium|s__Chryseobacterium_arthrosphaerae|t__SGB2574",1,0.003125,0.000492699852190044,FALSE,FALSE,FALSE,NA,"HMP1-2 taxonomy skin"
"k__Bacteria|p__Actinobacteria|c__Actinobacteria|o__Corynebacteriales|f__Corynebacteriaceae|g__Corynebacterium|s__Corynebacterium_variabile|t__SGB17034",1,0.003125,0.000366199890140033,FALSE,FALSE,FALSE,NA,"HMP1-2 taxonomy skin"
"k__Bacteria|p__Actinobacteria|c__Actinobacteria|o__Micrococcales|f__Micrococcaceae|g__Kocuria|s__Kocuria_rhizophila|t__SGB16671",1,0.003125,0.000260099921970023,FALSE,FALSE,FALSE,NA,"HMP1-2 taxonomy skin"
"k__Bacteria|p__Proteobacteria|c__Gammaproteobacteria|o__Xanthomonadales|f__Xanthomonadaceae|g__Xanthomonas|s__Xanthomonas_campestris|t__SGB12430",3,0.009375,0.000178133311960006,FALSE,FALSE,FALSE,NA,"HMP1-2 taxonomy skin"
"k__Bacteria|p__Proteobacteria|c__Alphaproteobacteria|o__Rhizobiales|f__Rhizobiales_unclassified|g__Rhizobiales_unclassified|s__Rhizobiales_bacterium|t__SGB11087",3,0.009375,0.000296166778296733,FALSE,FALSE,FALSE,NA,"HMP1-2 taxonomy skin"
"k__Bacteria|p__Actinobacteria|c__Actinobacteria|o__Corynebacteriales|f__Corynebacteriaceae|g__Corynebacterium|s__Corynebacterium_hadale|t__SGB17059",12,0.0375,0.000838608384912517,FALSE,FALSE,FALSE,NA,"HMP1-2 taxonomy skin"
"k__Bacteria|p__Firmicutes|c__Bacilli|o__Bacillales|f__Staphylococcaceae|g__Staphylococcus|s__Staphylococcus_warneri|t__SGB7857_group",16,0.05,0.000248206275686882,FALSE,FALSE,FALSE,NA,"HMP1-2 taxonomy skin"
"k__Bacteria|p__Actinobacteria|c__Actinobacteria|o__Corynebacteriales|f__Corynebacteriaceae|g__Corynebacterium|s__Corynebacterium_jeikeium|t__SGB17043",5,0.015625,7.55800055260015e-05,FALSE,FALSE,FALSE,NA,"HMP1-2 taxonomy skin"
"k__Bacteria|p__Bacteroidetes|c__CFGB12541|o__OFGB12541|f__FGB12541|g__GGB35550|s__GGB35550_SGB48439|t__SGB48439",0,0,NA,FALSE,FALSE,FALSE,NA,"HMP1-2 taxonomy skin"
"k__Bacteria|p__Bacteroidetes|c__Bacteroidia|o__Bacteroidales|f__Bacteroidaceae|g__GGB1379|s__GGB1379_SGB1880|t__SGB1880",0,0,NA,FALSE,FALSE,FALSE,NA,"HMP1-2 taxonomy skin"
"k__Bacteria|p__Proteobacteria|c__Betaproteobacteria|o__Burkholderiales|f__Sutterellaceae|g__Sutterella|s__Sutterella_SGB9281|t__SGB9281",2,0.00625,0.0173422465884157,FALSE,TRUE,FALSE,NA,"HMP1-2 taxonomy skin"
"k__Bacteria|p__Candidatus_Melainabacteria|c__Candidatus_Melainabacteria_unclassified|o__Candidatus_Gastranaerophilales|f__Candidatus_Gastranaerophilales_unclassified|g__GGB5980|s__GGB5980_SGB8599|t__SGB8599",1,0.003125,0.00258680129340065,FALSE,TRUE,FALSE,NA,"HMP1-2 taxonomy skin"
"k__Bacteria|p__Firmicutes|c__Clostridia|o__Clostridiales|f__Ruminococcaceae|g__Ruminococcaceae_unclassified|s__Ruminococcaceae_bacterium|t__SGB15196",0,0,NA,FALSE,FALSE,FALSE,NA,"HMP1-2 taxonomy skin"
"k__Bacteria|p__Proteobacteria|c__Deltaproteobacteria|o__Desulfovibrionales|f__Desulfovibrionaceae|g__GGB28319|s__GGB28319_SGB40892|t__SGB40892",0,0,NA,FALSE,FALSE,FALSE,NA,"HMP1-2 taxonomy skin"
"k__Bacteria|p__Bacteroidetes|c__Bacteroidia|o__Bacteroidales|f__Bacteroidaceae|g__Bacteroides|s__Bacteroides_gallinarum|t__SGB1828",0,0,NA,FALSE,FALSE,FALSE,NA,"HMP1-2 taxonomy skin"
"k__Bacteria|p__Bacteroidetes|c__Bacteroidia|o__Bacteroidales|f__Prevotellaceae|g__Prevotella|s__Prevotella_multiformis|t__SGB1539",0,0,NA,FALSE,FALSE,FALSE,NA,"HMP1-2 taxonomy skin"
"k__Bacteria|p__Bacteroidetes|c__Bacteroidia|o__Bacteroidales|f__Porphyromonadaceae|g__Porphyromonas|s__Porphyromonas_gingivalis|t__SGB2057",1,0.003125,0.00393689921262016,FALSE,TRUE,FALSE,NA,"HMP1-2 taxonomy skin"
"k__Bacteria|p__Spirochaetes|c__Spirochaetia|o__Spirochaetales|f__Spirochaetaceae|g__GGB2676|s__GGB2676_SGB3611|t__SGB3611",0,0,NA,FALSE,FALSE,FALSE,NA,"HMP1-2 taxonomy skin"
"k__Bacteria|p__Fusobacteria|c__Fusobacteriia|o__Fusobacteriales|f__Leptotrichiaceae|g__Leptotrichia|s__Leptotrichia_sp_oral_taxon_847|t__SGB24832",0,0,NA,FALSE,FALSE,FALSE,NA,"HMP1-2 taxonomy skin"
"k__Bacteria|p__Bacteroidetes|c__Bacteroidia|o__Bacteroidales|f__Prevotellaceae|g__GGB1188|s__GGB1188_SGB1538|t__SGB1538",0,0,NA,FALSE,FALSE,FALSE,NA,"HMP1-2 taxonomy skin"
"k__Bacteria|p__Bacteroidetes|c__Bacteroidia|o__Bacteroidales|f__Prevotellaceae|g__Prevotella|s__Prevotella_sp_oral_taxon_376|t__SGB21554",0,0,NA,FALSE,FALSE,FALSE,NA,"HMP1-2 taxonomy skin"
"k__Bacteria|p__Firmicutes|c__Clostridia|o__Clostridiales|f__Lachnospiraceae|g__Oribacterium|s__Oribacterium_sp_oral_taxon_102|t__SGB71397",0,0,NA,FALSE,FALSE,FALSE,NA,"HMP1-2 taxonomy skin"
"k__Bacteria|p__Firmicutes|c__Erysipelotrichia|o__Erysipelotrichales|f__Erysipelotrichaceae|g__Eggerthia|s__Eggerthia_catenaformis|t__SGB6630",0,0,NA,FALSE,FALSE,FALSE,NA,"HMP1-2 taxonomy skin"
"k__Bacteria|p__Bacteroidetes|c__Bacteroidia|o__Bacteroidales|f__Prevotellaceae|g__Prevotella|s__Prevotella_baroniae|t__SGB1533",0,0,NA,FALSE,FALSE,FALSE,NA,"HMP1-2 taxonomy skin"
"k__Bacteria|p__Proteobacteria|c__Deltaproteobacteria|o__Desulfobacterales|f__Desulfobulbaceae|g__Desulfobulbus|s__Desulfobulbus_oralis|t__SGB8831",0,0,NA,FALSE,FALSE,FALSE,NA,"HMP1-2 taxonomy skin"
"k__Bacteria|p__Firmicutes|c__Clostridia|o__Clostridiales|f__Peptostreptococcaceae|g__Peptostreptococcaceae_unclassified|s__Peptostreptococcaceae_bacterium_oral_taxon_113|t__SGB6626",0,0,NA,FALSE,FALSE,FALSE,NA,"HMP1-2 taxonomy skin"
"k__Bacteria|p__Actinobacteria|c__Coriobacteriia|o__Coriobacteriales|f__Atopobiaceae|g__Olsenella|s__Olsenella_phocaeensis|t__SGB14384",0,0,NA,FALSE,FALSE,FALSE,NA,"HMP1-2 taxonomy skin"
"k__Bacteria|p__Bacteroidetes|c__CFGB2427|o__OFGB2427|f__FGB2427|g__GGB6645|s__GGB6645_SGB9382|t__SGB9382",34,0.10625,0.0260173847789259,TRUE,TRUE,TRUE,0.0960533862478137,"HMP1-2 taxonomy skin"
"k__Bacteria|p__Candidatus_Absconditabacteria|c__Candidatus_Absconditabacteria_unclassified|o__Candidatus_Absconditabacteria_unclassified|f__Candidatus_Absconditabacteria_unclassified|g__GGB4936|s__GGB4936_SGB6888|t__SGB6888",1,0.003125,0.000163300016330002,FALSE,FALSE,FALSE,NA,"HMP1-2 taxonomy skin"
"k__Bacteria|p__Firmicutes|c__Clostridia|o__Clostridia_unclassified|f__Clostridia_unclassified|g__Clostridia_unclassified|s__Clostridia_unclassified_SGB4317|t__SGB4317",0,0,NA,FALSE,FALSE,FALSE,NA,"HMP1-2 taxonomy skin"
"k__Bacteria|p__Firmicutes|c__Erysipelotrichia|o__Erysipelotrichales|f__Erysipelotrichaceae|g__Erysipelatoclostridium|s__Erysipelatoclostridium_sp_An15|t__SGB6746",0,0,NA,FALSE,FALSE,FALSE,NA,"HMP1-2 taxonomy skin"
"k__Bacteria|p__Firmicutes|c__Clostridia|o__Clostridiales|f__Lachnospiraceae|g__Lachnospiraceae_unclassified|s__Lachnospiraceae_bacterium|t__SGB48024",0,0,NA,FALSE,FALSE,FALSE,NA,"HMP1-2 taxonomy skin"
"k__Bacteria|p__Firmicutes|c__CFGB24517|o__OFGB24517|f__FGB24517|g__GGB45620|s__GGB45620_SGB63333|t__SGB63333",0,0,NA,FALSE,FALSE,FALSE,NA,"HMP1-2 taxonomy skin"
"k__Bacteria|p__Firmicutes|c__Clostridia|o__Clostridiales|f__Clostridiaceae|g__Clostridium|s__Clostridium_sp_AM58_1XD|t__SGB25539",0,0,NA,FALSE,FALSE,FALSE,NA,"HMP1-2 taxonomy skin"
"k__Bacteria|p__Firmicutes|c__Clostridia|o__Clostridiales|f__Lachnospiraceae|g__Marvinbryantia|s__Marvinbryantia_formatexigens|t__SGB4690",0,0,NA,FALSE,FALSE,FALSE,NA,"HMP1-2 taxonomy skin"
"k__Bacteria|p__Candidatus_Gracilibacteria|c__Candidatus_Gracilibacteria_unclassified|o__Candidatus_Gracilibacteria_unclassified|f__Candidatus_Gracilibacteria_unclassified|g__Candidatus_Gracilibacteria_unclassified|s__Candidatus_Gracilibacteria_bacterium_HOT_871|t__SGB5977",0,0,NA,FALSE,FALSE,FALSE,NA,"HMP1-2 taxonomy skin"
"k__Bacteria|p__Firmicutes|c__Negativicutes|o__Veillonellales|f__Veillonellaceae|g__Veillonellaceae_unclassified|s__Veillonellaceae_bacterium|t__SGB6930",1,0.003125,1.64000016400002e-05,FALSE,FALSE,FALSE,NA,"HMP1-2 taxonomy skin"
"k__Bacteria|p__Firmicutes|c__Negativicutes|o__Veillonellales|f__Veillonellaceae|g__Veillonellaceae_unclassified|s__Veillonellaceae_bacterium|t__SGB6932",0,0,NA,FALSE,FALSE,FALSE,NA,"HMP1-2 taxonomy skin"
"k__Bacteria|p__Actinobacteria|c__Actinobacteria|o__Propionibacteriales|f__Propionibacteriaceae|g__Propionibacterium|s__Propionibacterium_acidifaciens|t__SGB15903",0,0,NA,FALSE,FALSE,FALSE,NA,"HMP1-2 taxonomy skin"
"k__Bacteria|p__Proteobacteria|c__Betaproteobacteria|o__Neisseriales|f__Neisseriaceae|g__Neisseria|s__Neisseria_chenwenguii|t__SGB9471",0,0,NA,FALSE,FALSE,FALSE,NA,"HMP1-2 taxonomy skin"
"k__Bacteria|p__Firmicutes|c__Clostridia|o__Clostridia_unclassified|f__Clostridia_unclassified|g__GGB4554|s__GGB4554_SGB6285|t__SGB6285",0,0,NA,FALSE,FALSE,FALSE,NA,"HMP1-2 taxonomy skin"
"k__Bacteria|p__Firmicutes|c__Bacilli|o__Bacilli_unclassified|f__Bacilli_unclassified|g__Bacilli_unclassified|s__Bacilli_bacterium|t__SGB6392",0,0,NA,FALSE,FALSE,FALSE,NA,"HMP1-2 taxonomy skin"
"k__Bacteria|p__Firmicutes|c__Clostridia|o__Clostridiales|f__Lachnospiraceae|g__Roseburia|s__Roseburia_SGB4958|t__SGB4958",0,0,NA,FALSE,FALSE,FALSE,NA,"HMP1-2 taxonomy skin"
"k__Bacteria|p__Firmicutes|c__Erysipelotrichia|o__Erysipelotrichales|f__Erysipelotrichaceae|g__Faecalicoccus|s__Faecalicoccus_pleomorphus|t__SGB6791_group",0,0,NA,FALSE,FALSE,FALSE,NA,"HMP1-2 taxonomy skin"
"k__Bacteria|p__Actinobacteria|c__Coriobacteriia|o__Coriobacteriales|f__Coriobacteriaceae|g__Collinsella|s__Collinsella_sp_AF08_23|t__SGB14739",0,0,NA,FALSE,FALSE,FALSE,NA,"HMP1-2 taxonomy skin"
"k__Bacteria|p__Bacteroidetes|c__Bacteroidia|o__Bacteroidales|f__Rikenellaceae|g__Alistipes|s__Alistipes_dispar|t__SGB2311",0,0,NA,FALSE,FALSE,FALSE,NA,"HMP1-2 taxonomy skin"
"k__Bacteria|p__Firmicutes|c__Clostridia|o__Clostridiales|f__Clostridiaceae|g__Clostridium|s__Clostridium_sp_AM42_4|t__SGB4709",0,0,NA,FALSE,FALSE,FALSE,NA,"HMP1-2 taxonomy skin"
"k__Bacteria|p__Bacteroidetes|c__Bacteroidia|o__Bacteroidales|f__Bacteroidaceae|g__Bacteroides|s__Bacteroides_congonensis|t__SGB1878",0,0,NA,FALSE,FALSE,FALSE,NA,"HMP1-2 taxonomy skin"
"k__Bacteria|p__Firmicutes|c__Clostridia|o__Clostridiales|f__Lachnospiraceae|g__Lachnospiraceae_unclassified|s__Lachnospiraceae_bacterium|t__SGB4728",0,0,NA,FALSE,FALSE,FALSE,NA,"HMP1-2 taxonomy skin"
"k__Bacteria|p__Firmicutes|c__Clostridia|o__Clostridia_unclassified|f__Clostridia_unclassified|g__Clostridia_unclassified|s__Clostridia_bacterium|t__SGB3992",0,0,NA,FALSE,FALSE,FALSE,NA,"HMP1-2 taxonomy skin"
"k__Bacteria|p__Firmicutes|c__Bacilli|o__Bacilli_unclassified|f__Bacilli_unclassified|g__Bacilli_unclassified|s__Bacilli_bacterium|t__SGB6532",0,0,NA,FALSE,FALSE,FALSE,NA,"HMP1-2 taxonomy skin"
"k__Bacteria|p__Bacteroidetes|c__Bacteroidia|o__Bacteroidales|f__Bacteroidales_unclassified|g__Bacteroidales_unclassified|s__Bacteroidales_bacterium|t__SGB1961",0,0,NA,FALSE,FALSE,FALSE,NA,"HMP1-2 taxonomy skin"
"k__Bacteria|p__Firmicutes|c__Clostridia|o__Clostridia_unclassified|f__Clostridia_unclassified|g__Clostridia_unclassified|s__Clostridia_bacterium_UC5_1_1E11|t__SGB14895",1,0.003125,0.000679500067950006,FALSE,FALSE,FALSE,NA,"HMP1-2 taxonomy skin"
"k__Bacteria|p__Firmicutes|c__Clostridia|o__Clostridiales|f__Lachnospiraceae|g__GGB3678|s__GGB3678_SGB4991|t__SGB4991",0,0,NA,FALSE,FALSE,FALSE,NA,"HMP1-2 taxonomy skin"
"k__Bacteria|p__Firmicutes|c__Clostridia|o__Clostridia_unclassified|f__Clostridia_unclassified|g__Clostridia_unclassified|s__Clostridia_bacterium|t__SGB15405",0,0,NA,FALSE,FALSE,FALSE,NA,"HMP1-2 taxonomy skin"
"k__Bacteria|p__Firmicutes|c__CFGB1218|o__OFGB1218|f__FGB1218|g__GGB2983|s__GGB2983_SGB3965|t__SGB3965",0,0,NA,FALSE,FALSE,FALSE,NA,"HMP1-2 taxonomy skin"
"k__Bacteria|p__Firmicutes|c__Clostridia|o__Clostridia_unclassified|f__Clostridia_unclassified|g__Clostridia_unclassified|s__Clostridia_bacterium|t__SGB15401",0,0,NA,FALSE,FALSE,FALSE,NA,"HMP1-2 taxonomy skin"
"k__Bacteria|p__Firmicutes|c__Clostridia|o__Clostridiales|f__Lachnospiraceae|g__Enterocloster|s__Enterocloster_asparagiformis|t__SGB4724",0,0,NA,FALSE,FALSE,FALSE,NA,"HMP1-2 taxonomy skin"
"k__Bacteria|p__Proteobacteria|c__Betaproteobacteria|o__Burkholderiales|f__Comamonadaceae|g__Acidovorax|s__Acidovorax_ebreus|t__SGB12715",30,0.09375,0.00162793326503503,FALSE,TRUE,FALSE,NA,"HMP1-2 taxonomy skin"
"k__Bacteria|p__Proteobacteria|c__Betaproteobacteria|o__Rhodocyclales|f__Azonexaceae|g__Dechloromonas|s__Dechloromonas_agitata|t__SGB32903",1,0.003125,0.0010959,FALSE,TRUE,FALSE,NA,"HMP1-2 taxonomy skin"
"k__Bacteria|p__Proteobacteria|c__Betaproteobacteria|o__Burkholderiales|f__Comamonadaceae|g__Acidovorax|s__Acidovorax_temperans|t__SGB12690",7,0.021875,0.00357521419723288,FALSE,TRUE,FALSE,NA,"HMP1-2 taxonomy skin"
"k__Bacteria|p__Proteobacteria|c__Betaproteobacteria|o__Burkholderiales|f__Alcaligenaceae|g__Paracandidimonas|s__Paracandidimonas_soli|t__SGB32666",0,0,NA,FALSE,FALSE,FALSE,NA,"HMP1-2 taxonomy skin"
"k__Bacteria|p__Proteobacteria|c__Betaproteobacteria|o__Burkholderiales|f__Comamonadaceae|g__Acidovorax|s__Acidovorax_caeni|t__SGB12718",2,0.00625,0.00059920000102,FALSE,FALSE,FALSE,NA,"HMP1-2 taxonomy skin"
"k__Bacteria|p__Firmicutes|c__Clostridia|o__Clostridiales|f__Ruminococcaceae|g__GGB9635|s__GGB9635_SGB15102|t__SGB15102",0,0,NA,FALSE,FALSE,FALSE,NA,"HMP1-2 taxonomy skin"
"k__Bacteria|p__Firmicutes|c__Clostridia|o__Clostridia_unclassified|f__Clostridia_unclassified|g__Clostridia_unclassified|s__Clostridia_bacterium|t__SGB4325",0,0,NA,FALSE,FALSE,FALSE,NA,"HMP1-2 taxonomy skin"
"k__Bacteria|p__Firmicutes|c__Clostridia|o__Clostridia_unclassified|f__Clostridia_unclassified|g__Clostridia_unclassified|s__Clostridia_unclassified_SGB6307|t__SGB6307",0,0,NA,FALSE,FALSE,FALSE,NA,"HMP1-2 taxonomy skin"
"k__Bacteria|p__Firmicutes|c__Negativicutes|o__Acidaminococcales|f__Acidaminococcaceae|g__Phascolarctobacterium|s__Phascolarctobacterium_succinatutens|t__SGB5765_group",0,0,NA,FALSE,FALSE,FALSE,NA,"HMP1-2 taxonomy skin"
"k__Bacteria|p__Firmicutes|c__Clostridia|o__Clostridiales|f__Ruminococcaceae|g__Ruminococcaceae_unclassified|s__Ruminococcaceae_bacterium|t__SGB15353",0,0,NA,FALSE,FALSE,FALSE,NA,"HMP1-2 taxonomy skin"
"k__Bacteria|p__Proteobacteria|c__Betaproteobacteria|o__Burkholderiales|f__Sutterellaceae|g__GGB6572|s__GGB6572_SGB9284|t__SGB9284",0,0,NA,FALSE,FALSE,FALSE,NA,"HMP1-2 taxonomy skin"
"k__Bacteria|p__Firmicutes|c__Clostridia|o__Clostridiales|f__Ruminococcaceae|g__GGB9677|s__GGB9677_SGB15179|t__SGB15179",0,0,NA,FALSE,FALSE,FALSE,NA,"HMP1-2 taxonomy skin"
"k__Bacteria|p__Firmicutes|c__Clostridia|o__Clostridiales|f__Lachnospiraceae|g__Lachnospiraceae_unclassified|s__Lachnospiraceae_bacterium|t__SGB4697",0,0,NA,FALSE,FALSE,FALSE,NA,"HMP1-2 taxonomy skin"
"k__Bacteria|p__Firmicutes|c__Clostridia|o__Clostridiales|f__Ruminococcaceae|g__GGB41366|s__GGB41366_SGB58424|t__SGB58424",0,0,NA,FALSE,FALSE,FALSE,NA,"HMP1-2 taxonomy skin"
"k__Bacteria|p__Firmicutes|c__Clostridia|o__Clostridiales|f__Ruminococcaceae|g__Ruminococcaceae_unclassified|s__Ruminococcaceae_unclassified_SGB14835|t__SGB14835",0,0,NA,FALSE,FALSE,FALSE,NA,"HMP1-2 taxonomy skin"
"k__Bacteria|p__Firmicutes|c__Clostridia|o__Clostridia_unclassified|f__Clostridia_unclassified|g__Candidatus_Gallimonas|s__Candidatus_Gallimonas_intestinalis|t__SGB54318",0,0,NA,FALSE,FALSE,FALSE,NA,"HMP1-2 taxonomy skin"
"k__Bacteria|p__Firmicutes|c__Clostridia|o__Clostridia_unclassified|f__Clostridia_unclassified|g__Clostridia_unclassified|s__Clostridia_bacterium|t__SGB4146",0,0,NA,FALSE,FALSE,FALSE,NA,"HMP1-2 taxonomy skin"
"k__Bacteria|p__Firmicutes|c__Clostridia|o__Clostridiales|f__Lachnospiraceae|g__GGB3474|s__GGB3474_SGB4637|t__SGB4637",1,0.003125,0.000817600327040131,FALSE,FALSE,FALSE,NA,"HMP1-2 taxonomy skin"
"k__Bacteria|p__Firmicutes|c__Clostridia|o__Clostridiales|f__Lachnospiraceae|g__Faecalicatena|s__Faecalicatena_fissicatena|t__SGB4615",0,0,NA,FALSE,FALSE,FALSE,NA,"HMP1-2 taxonomy skin"
"k__Bacteria|p__Firmicutes|c__Clostridia|o__Clostridia_unclassified|f__Clostridia_unclassified|g__Clostridia_unclassified|s__Clostridia_bacterium|t__SGB14046",0,0,NA,FALSE,FALSE,FALSE,NA,"HMP1-2 taxonomy skin"
"k__Bacteria|p__Firmicutes|c__Clostridia|o__Clostridiales|f__Eubacteriaceae|g__GGB9778|s__GGB9778_SGB15398|t__SGB15398",0,0,NA,FALSE,FALSE,FALSE,NA,"HMP1-2 taxonomy skin"
"k__Bacteria|p__Firmicutes|c__Clostridia|o__Clostridiales|f__Lachnospiraceae|g__Mediterraneibacter|s__Mediterraneibacter_massiliensis|t__SGB4595",0,0,NA,FALSE,FALSE,FALSE,NA,"HMP1-2 taxonomy skin"
"k__Bacteria|p__Firmicutes|c__Clostridia|o__Clostridiales|f__Christensenellaceae|g__Christensenella|s__Christensenella_timonensis|t__SGB29340",0,0,NA,FALSE,FALSE,FALSE,NA,"HMP1-2 taxonomy skin"
"k__Bacteria|p__Firmicutes|c__Clostridia|o__Clostridiales|f__Ruminococcaceae|g__GGB3171|s__GGB3171_SGB4185|t__SGB4185",0,0,NA,FALSE,FALSE,FALSE,NA,"HMP1-2 taxonomy skin"
"k__Bacteria|p__Firmicutes|c__Clostridia|o__Clostridiales|f__Peptococcaceae|g__Peptococcaceae_unclassified|s__Peptococcaceae_bacterium|t__SGB4059",1,0.003125,0.000633800316900158,FALSE,FALSE,FALSE,NA,"HMP1-2 taxonomy skin"
"k__Bacteria|p__Firmicutes|c__Tissierellia|o__Tissierellales|f__Peptoniphilaceae|g__Peptoniphilus|s__Peptoniphilus_grossensis|t__SGB6701",1,0.003125,0.0088913026673908,FALSE,TRUE,FALSE,NA,"HMP1-2 taxonomy skin"
"k__Bacteria|p__Firmicutes|c__Clostridia|o__Clostridia_unclassified|f__Clostridia_unclassified|g__Clostridia_unclassified|s__Clostridia_unclassified_SGB71368|t__SGB71368",0,0,NA,FALSE,FALSE,FALSE,NA,"HMP1-2 taxonomy skin"
"k__Bacteria|p__Proteobacteria|c__Gammaproteobacteria|o__Pseudomonadales|f__Pseudomonadaceae|g__Pseudomonas|s__Pseudomonas_saxonica|t__SGB89059",0,0,NA,FALSE,FALSE,FALSE,NA,"HMP1-2 taxonomy skin"
"k__Bacteria|p__Firmicutes|c__Clostridia|o__Clostridiales|f__Eubacteriaceae|g__Eubacterium|s__Eubacterium_sp_ER2|t__SGB4624",0,0,NA,FALSE,FALSE,FALSE,NA,"HMP1-2 taxonomy skin"
"k__Bacteria|p__Firmicutes|c__Clostridia|o__Clostridiales|f__Lachnospiraceae|g__Lachnospiraceae_unclassified|s__Lachnospiraceae_bacterium|t__SGB4602",0,0,NA,FALSE,FALSE,FALSE,NA,"HMP1-2 taxonomy skin"
"k__Bacteria|p__Firmicutes|c__Erysipelotrichia|o__Erysipelotrichales|f__Erysipelotrichaceae|g__Coprobacillus|s__Coprobacillus_sp_AF33_1AC|t__SGB6765",0,0,NA,FALSE,FALSE,FALSE,NA,"HMP1-2 taxonomy skin"
"k__Bacteria|p__Firmicutes|c__Clostridia|o__Clostridia_unclassified|f__Clostridia_unclassified|g__Candidatus_Neoanaerotignum|s__Candidatus_Neoanaerotignum_tabaqchaliae|t__SGB59528",0,0,NA,FALSE,FALSE,FALSE,NA,"HMP1-2 taxonomy skin"
"k__Bacteria|p__Actinobacteria|c__Coriobacteriia|o__Coriobacteriales|f__Coriobacteriaceae|g__Collinsella|s__Collinsella_tanakaei|t__SGB14737",0,0,NA,FALSE,FALSE,FALSE,NA,"HMP1-2 taxonomy skin"
"k__Bacteria|p__Firmicutes|c__Clostridia|o__Clostridiales|f__Peptostreptococcaceae|g__Terrisporobacter|s__Terrisporobacter_othiniensis|t__SGB6142",0,0,NA,FALSE,FALSE,FALSE,NA,"HMP1-2 taxonomy skin"
"k__Bacteria|p__Firmicutes|c__Clostridia|o__Clostridiales|f__Clostridiaceae|g__Clostridium|s__Clostridium_sp_CL_2|t__SGB29097",0,0,NA,FALSE,FALSE,FALSE,NA,"HMP1-2 taxonomy skin"
"k__Bacteria|p__Firmicutes|c__Clostridia|o__Clostridiales|f__Clostridiaceae|g__Clostridium|s__Clostridium_SGB6179|t__SGB6179",0,0,NA,FALSE,FALSE,FALSE,NA,"HMP1-2 taxonomy skin"
"k__Bacteria|p__Firmicutes|c__Clostridia|o__Clostridiales|f__Lachnospiraceae|g__Lachnospiraceae_unclassified|s__Lachnospiraceae_bacterium|t__SGB4967",0,0,NA,FALSE,FALSE,FALSE,NA,"HMP1-2 taxonomy skin"
"k__Bacteria|p__Firmicutes|c__Negativicutes|o__Veillonellales|f__Veillonellaceae|g__Dialister|s__Dialister_succinatiphilus|t__SGB5818",2,0.00625,0.0376528040275555,FALSE,TRUE,FALSE,NA,"HMP1-2 taxonomy skin"
"k__Bacteria|p__Candidatus_Melainabacteria|c__Candidatus_Melainabacteria_unclassified|o__Candidatus_Gastranaerophilales|f__Candidatus_Gastranaerophilales_unclassified|g__GGB5997|s__GGB5997_SGB8620|t__SGB8620",0,0,NA,FALSE,FALSE,FALSE,NA,"HMP1-2 taxonomy skin"
"k__Bacteria|p__Firmicutes|c__Clostridia|o__Clostridiales|f__Lachnospiraceae|g__Lachnospiraceae_unclassified|s__Lachnospiraceae_bacterium|t__SGB5050",1,0.003125,0.000110599977880004,FALSE,FALSE,FALSE,NA,"HMP1-2 taxonomy skin"
"k__Bacteria|p__Firmicutes|c__Clostridia|o__Clostridia_unclassified|f__Clostridia_unclassified|g__Clostridia_unclassified|s__Clostridia_bacterium|t__SGB6370",0,0,NA,FALSE,FALSE,FALSE,NA,"HMP1-2 taxonomy skin"
"k__Bacteria|p__Actinobacteria|c__Actinobacteria|o__Corynebacteriales|f__Mycobacteriaceae|g__Mycobacteroides|s__Mycobacteroides_chelonae|t__SGB15648_group",0,0,NA,FALSE,FALSE,FALSE,NA,"HMP1-2 taxonomy skin"
"k__Bacteria|p__Firmicutes|c__CFGB1872|o__OFGB1872|f__FGB1872|g__GGB4964|s__GGB4964_SGB6927|t__SGB6927",1,0.003125,0.0017122,FALSE,TRUE,FALSE,NA,"HMP1-2 taxonomy skin"
"k__Bacteria|p__Actinobacteria|c__Actinobacteria|o__Actinomycetales|f__Actinomycetaceae|g__Actinomyces|s__Actinomyces_SGB15893|t__SGB15893",0,0,NA,FALSE,FALSE,FALSE,NA,"HMP1-2 taxonomy skin"
"k__Bacteria|p__Actinobacteria|c__Actinobacteria|o__Micrococcales|f__Micrococcaceae|g__Rothia|s__Rothia_SGB16985|t__SGB16985",0,0,NA,FALSE,FALSE,FALSE,NA,"HMP1-2 taxonomy skin"
"k__Bacteria|p__Proteobacteria|c__Gammaproteobacteria|o__Pseudomonadales|f__Pseudomonadaceae|g__Thiopseudomonas|s__Thiopseudomonas_denitrificans|t__SGB33034",0,0,NA,FALSE,FALSE,FALSE,NA,"HMP1-2 taxonomy skin"
"k__Bacteria|p__Proteobacteria|c__Betaproteobacteria|o__Neisseriales|f__Neisseriaceae|g__Neisseria|s__Neisseria_meningitidis|t__SGB9461",1,0.003125,0.2372559,FALSE,TRUE,FALSE,NA,"HMP1-2 taxonomy skin"
"k__Bacteria|p__Actinobacteria|c__Actinobacteria|o__Corynebacteriales|f__Corynebacteriaceae|g__Corynebacterium|s__Corynebacterium_argentoratense|t__SGB17009",0,0,NA,FALSE,FALSE,FALSE,NA,"HMP1-2 taxonomy skin"
"k__Bacteria|p__Proteobacteria|c__Alphaproteobacteria|o__Sphingomonadales|f__Sphingomonadaceae|g__Sphingomonas|s__Sphingomonas_sp_3F27F9|t__SGB31711",1,0.003125,0.00346120034612004,FALSE,TRUE,FALSE,NA,"HMP1-2 taxonomy skin"
"k__Bacteria|p__Proteobacteria|c__Alphaproteobacteria|o__Rhodobacterales|f__Rhodobacteraceae|g__Paracoccus|s__Paracoccus_versutus|t__SGB10719",0,0,NA,FALSE,FALSE,FALSE,NA,"HMP1-2 taxonomy skin"
"k__Bacteria|p__Actinobacteria|c__Actinobacteria|o__Corynebacteriales|f__Corynebacteriaceae|g__Corynebacterium|s__Corynebacterium_SGB17105|t__SGB17105",12,0.0375,0.0233930785999624,FALSE,TRUE,FALSE,NA,"HMP1-2 taxonomy skin"
"k__Bacteria|p__Actinobacteria|c__Actinobacteria|o__Bifidobacteriales|f__Bifidobacteriaceae|g__Bifidobacterium|s__Bifidobacterium_angulatum|t__SGB17231",0,0,NA,FALSE,FALSE,FALSE,NA,"HMP1-2 taxonomy skin"
"k__Bacteria|p__Firmicutes|c__Negativicutes|o__Veillonellales|f__Veillonellaceae|g__Megasphaera|s__Megasphaera_sp_BL7|t__SGB5858",0,0,NA,FALSE,FALSE,FALSE,NA,"HMP1-2 taxonomy skin"
"k__Bacteria|p__Firmicutes|c__Negativicutes|o__Selenomonadales|f__Selenomonadaceae|g__Mitsuokella|s__Mitsuokella_multacida|t__SGB5906_group",0,0,NA,FALSE,FALSE,FALSE,NA,"HMP1-2 taxonomy skin"
"k__Bacteria|p__Firmicutes|c__Negativicutes|o__Veillonellales|f__Veillonellaceae|g__Megasphaera|s__Megasphaera_sp_AM44_1BH|t__SGB5853",0,0,NA,FALSE,FALSE,FALSE,NA,"HMP1-2 taxonomy skin"
"k__Bacteria|p__Firmicutes|c__Clostridia|o__Clostridiales|f__Clostridiales_unclassified|g__Clostridiales_unclassified|s__Clostridiales_bacterium_KA00274|t__SGB7884",0,0,NA,FALSE,FALSE,FALSE,NA,"HMP1-2 taxonomy skin"
"k__Bacteria|p__Actinobacteria|c__Actinobacteria|o__Bifidobacteriales|f__Bifidobacteriaceae|g__Bifidobacterium|s__Bifidobacterium_catenulatum|t__SGB17241",1,0.003125,2.76999944600011e-05,FALSE,FALSE,FALSE,NA,"HMP1-2 taxonomy skin"
"k__Bacteria|p__Firmicutes|c__Clostridia|o__Clostridiales|f__Clostridiaceae|g__Butyricicoccus|s__Butyricicoccus_SGB14990|t__SGB14990",0,0,NA,FALSE,FALSE,FALSE,NA,"HMP1-2 taxonomy skin"
"k__Bacteria|p__Bacteroidetes|c__Bacteroidia|o__Bacteroidales|f__Porphyromonadaceae|g__Porphyromonas|s__Porphyromonas_SGB1980|t__SGB1980",0,0,NA,FALSE,FALSE,FALSE,NA,"HMP1-2 taxonomy skin"
"k__Bacteria|p__Firmicutes|c__Clostridia|o__Clostridiales|f__Lachnospiraceae|g__Lachnospiraceae_unclassified|s__Lachnospiraceae_bacterium|t__SGB4808",0,0,NA,FALSE,FALSE,FALSE,NA,"HMP1-2 taxonomy skin"
"k__Bacteria|p__Firmicutes|c__Negativicutes|o__Veillonellales|f__Veillonellaceae|g__Megasphaera|s__Megasphaera_genomosp_type_2|t__SGB5866",1,0.003125,0.00336999966300003,FALSE,TRUE,FALSE,NA,"HMP1-2 taxonomy skin"
"k__Bacteria|p__Firmicutes|c__Clostridia|o__Clostridiales|f__Clostridiaceae|g__Clostridium|s__Clostridium_ventriculi|t__SGB6190",0,0,NA,FALSE,FALSE,FALSE,NA,"HMP1-2 taxonomy skin"
"k__Bacteria|p__Bacteroidetes|c__Bacteroidia|o__Bacteroidales|f__Porphyromonadaceae|g__Porphyromonas|s__Porphyromonas_sp_HMSC065F10|t__SGB1990",1,0.003125,0.0240027072008122,FALSE,TRUE,FALSE,NA,"HMP1-2 taxonomy skin"
"k__Bacteria|p__Firmicutes|c__Negativicutes|o__Selenomonadales|f__Selenomonadaceae|g__Mitsuokella|s__Mitsuokella_jalaludinii|t__SGB5904",0,0,NA,FALSE,FALSE,FALSE,NA,"HMP1-2 taxonomy skin"
"k__Bacteria|p__Spirochaetes|c__CFGB1017|o__OFGB1017|f__FGB1017|g__GGB2665|s__GGB2665_SGB3591|t__SGB3591",0,0,NA,FALSE,FALSE,FALSE,NA,"HMP1-2 taxonomy skin"
"k__Bacteria|p__Actinobacteria|c__Coriobacteriia|o__Coriobacteriales|f__Atopobiaceae|g__Atopobium|s__Atopobium_sp_oral_taxon_199|t__SGB984",0,0,NA,FALSE,FALSE,FALSE,NA,"HMP1-2 taxonomy skin"
"k__Bacteria|p__Proteobacteria|c__Alphaproteobacteria|o__Holosporales|f__Caedimonadaceae|g__Candidatus_Nucleicultrix|s__Candidatus_Nucleicultrix_amoebiphila|t__SGB28929",0,0,NA,FALSE,FALSE,FALSE,NA,"HMP1-2 taxonomy skin"
"k__Bacteria|p__Firmicutes|c__Tissierellia|o__Tissierellales|f__Peptoniphilaceae|g__Parvimonas|s__Parvimonas_sp_oral_taxon_393|t__SGB6652",0,0,NA,FALSE,FALSE,FALSE,NA,"HMP1-2 taxonomy skin"
"k__Bacteria|p__Actinobacteria|c__Actinobacteria|o__Actinomycetales|f__Actinomycetaceae|g__Schaalia|s__Schaalia_cardiffensis|t__SGB17147",0,0,NA,FALSE,FALSE,FALSE,NA,"HMP1-2 taxonomy skin"
"k__Bacteria|p__Bacteroidetes|c__CFGB618|o__OFGB618|f__FGB618|g__GGB1455|s__GGB1455_SGB2018|t__SGB2018",0,0,NA,FALSE,FALSE,FALSE,NA,"HMP1-2 taxonomy skin"
"k__Bacteria|p__Firmicutes|c__Tissierellia|o__Tissierellales|f__Peptoniphilaceae|g__Parvimonas|s__Parvimonas_sp_KA00067|t__SGB6648",0,0,NA,FALSE,FALSE,FALSE,NA,"HMP1-2 taxonomy skin"
"k__Bacteria|p__Firmicutes|c__Clostridia|o__Clostridiales|f__Lachnospiraceae|g__Blautia|s__Blautia_producta|t__SGB4791",0,0,NA,FALSE,FALSE,FALSE,NA,"HMP1-2 taxonomy skin"
"k__Bacteria|p__Firmicutes|c__Tissierellia|o__Tissierellales|f__Peptoniphilaceae|g__Peptoniphilus|s__Peptoniphilus_SGB6699|t__SGB6699",3,0.009375,0.00141753363264007,FALSE,TRUE,FALSE,NA,"HMP1-2 taxonomy skin"
"k__Bacteria|p__Firmicutes|c__Negativicutes|o__Veillonellales|f__Veillonellaceae|g__Negativicoccus|s__Negativicoccus_succinicivorans|t__SGB5794_group",13,0.040625,0.00175968458682005,FALSE,TRUE,FALSE,NA,"HMP1-2 taxonomy skin"
"k__Bacteria|p__Firmicutes|c__Clostridia|o__Clostridiales|f__Lachnospiraceae|g__GGB3606|s__GGB3606_SGB4870|t__SGB4870",0,0,NA,FALSE,FALSE,FALSE,NA,"HMP1-2 taxonomy skin"
"k__Bacteria|p__Firmicutes|c__CFGB3048|o__OFGB3048|f__FGB3048|g__GGB9560|s__GGB9560_SGB69175|t__SGB69175",0,0,NA,FALSE,FALSE,FALSE,NA,"HMP1-2 taxonomy skin"
"k__Bacteria|p__Firmicutes|c__CFGB12277|o__OFGB12277|f__FGB12277|g__GGB35068|s__GGB35068_SGB47850|t__SGB47850",0,0,NA,FALSE,FALSE,FALSE,NA,"HMP1-2 taxonomy skin"
"k__Bacteria|p__Proteobacteria|c__Gammaproteobacteria|o__Pseudomonadales|f__Moraxellaceae|g__GGB7107|s__GGB7107_SGB10420|t__SGB10420",2,0.00625,0.0115785015394352,FALSE,TRUE,FALSE,NA,"HMP1-2 taxonomy skin"
"k__Bacteria|p__Firmicutes|c__Clostridia|o__Clostridiales|f__Lachnospiraceae|g__Lachnospiraceae_unclassified|s__Lachnospiraceae_bacterium|t__SGB47543",0,0,NA,FALSE,FALSE,FALSE,NA,"HMP1-2 taxonomy skin"
"k__Bacteria|p__Firmicutes|c__Clostridia|o__Clostridiales|f__Christensenellaceae|g__Christensenellaceae_unclassified|s__Christensenellaceae_bacterium_NSJ_53|t__SGB82545",0,0,NA,FALSE,FALSE,FALSE,NA,"HMP1-2 taxonomy skin"
"k__Bacteria|p__Proteobacteria|c__Alphaproteobacteria|o__Rhodobacterales|f__Rhodobacteraceae|g__Rhodobacteraceae_unclassified|s__Rhodobacteraceae_unclassified_SGB53807|t__SGB53807",0,0,NA,FALSE,FALSE,FALSE,NA,"HMP1-2 taxonomy skin"
"k__Bacteria|p__Firmicutes|c__Clostridia|o__Clostridiales|f__Ruminococcaceae|g__Pseudoflavonifractor|s__Pseudoflavonifractor_sp_Marseille_P3106|t__SGB15142",0,0,NA,FALSE,FALSE,FALSE,NA,"HMP1-2 taxonomy skin"
"k__Bacteria|p__Firmicutes|c__Negativicutes|o__Veillonellales|f__Veillonellaceae|g__Megasphaera|s__Megasphaera_massiliensis|t__SGB5857_group",1,0.003125,0.00242770121385061,FALSE,TRUE,FALSE,NA,"HMP1-2 taxonomy skin"
"k__Bacteria|p__Firmicutes|c__Clostridia|o__Clostridiales|f__Lachnospiraceae|g__Frisingicoccus|s__Frisingicoccus_caecimuris|t__SGB4675",0,0,NA,FALSE,FALSE,FALSE,NA,"HMP1-2 taxonomy skin"
"k__Bacteria|p__Firmicutes|c__Clostridia|o__Clostridiales|f__Ruminococcaceae|g__GGB9694|s__GGB9694_SGB15202|t__SGB15202",0,0,NA,FALSE,FALSE,FALSE,NA,"HMP1-2 taxonomy skin"
"k__Bacteria|p__Firmicutes|c__Clostridia|o__Clostridia_unclassified|f__Clostridia_unclassified|g__Candidatus_Aristotella|s__Candidatus_Aristotella_avistercoris|t__SGB63343",0,0,NA,FALSE,FALSE,FALSE,NA,"HMP1-2 taxonomy skin"
"k__Bacteria|p__Proteobacteria|c__CFGB2428|o__OFGB2428|f__FGB2428|g__GGB6646|s__GGB6646_SGB9383|t__SGB9383",17,0.053125,0.157893581994447,FALSE,TRUE,FALSE,NA,"HMP1-2 taxonomy skin"
"k__Bacteria|p__Proteobacteria|c__Gammaproteobacteria|o__Pseudomonadales|f__Pseudomonadaceae|g__Pseudomonas|s__Pseudomonas_fluorescens|t__SGB12127",2,0.00625,0.0012660499985,FALSE,TRUE,FALSE,NA,"HMP1-2 taxonomy skin"
"k__Bacteria|p__Proteobacteria|c__Gammaproteobacteria|o__Enterobacterales|f__Yersiniaceae|g__Serratia|s__Serratia_proteamaculans|t__SGB10258",0,0,NA,FALSE,FALSE,FALSE,NA,"HMP1-2 taxonomy skin"
"k__Bacteria|p__Firmicutes|c__Bacilli|o__Bacillales|f__Listeriaceae|g__Brochothrix|s__Brochothrix_thermosphacta|t__SGB7517",0,0,NA,FALSE,FALSE,FALSE,NA,"HMP1-2 taxonomy skin"
"k__Bacteria|p__Firmicutes|c__Bacilli|o__Lactobacillales|f__Carnobacteriaceae|g__Carnobacterium|s__Carnobacterium_divergens|t__SGB7903",0,0,NA,FALSE,FALSE,FALSE,NA,"HMP1-2 taxonomy skin"
"k__Bacteria|p__Proteobacteria|c__Gammaproteobacteria|o__Pseudomonadales|f__Pseudomonadaceae|g__Pseudomonas|s__Pseudomonas_fragi|t__SGB12106",0,0,NA,FALSE,FALSE,FALSE,NA,"HMP1-2 taxonomy skin"
"k__Bacteria|p__Proteobacteria|c__Gammaproteobacteria|o__Pseudomonadales|f__Moraxellaceae|g__Psychrobacter|s__Psychrobacter_sp_1501_2011|t__SGB10442",0,0,NA,FALSE,FALSE,FALSE,NA,"HMP1-2 taxonomy skin"
"k__Bacteria|p__Proteobacteria|c__Gammaproteobacteria|o__Pseudomonadales|f__Moraxellaceae|g__Psychrobacter|s__Psychrobacter_cibarius|t__SGB10459",0,0,NA,FALSE,FALSE,FALSE,NA,"HMP1-2 taxonomy skin"
"k__Bacteria|p__Proteobacteria|c__Gammaproteobacteria|o__Pseudomonadales|f__Moraxellaceae|g__Psychrobacter|s__Psychrobacter_okhotskensis|t__SGB10460",0,0,NA,FALSE,FALSE,FALSE,NA,"HMP1-2 taxonomy skin"
"k__Bacteria|p__Firmicutes|c__Bacilli|o__Lactobacillales|f__Leuconostocaceae|g__Leuconostoc|s__Leuconostoc_carnosum|t__SGB7129",0,0,NA,FALSE,FALSE,FALSE,NA,"HMP1-2 taxonomy skin"
"k__Bacteria|p__Firmicutes|c__Bacilli|o__Lactobacillales|f__Carnobacteriaceae|g__Carnobacterium|s__Carnobacterium_maltaromaticum|t__SGB7902",0,0,NA,FALSE,FALSE,FALSE,NA,"HMP1-2 taxonomy skin"
"k__Bacteria|p__Firmicutes|c__Bacilli|o__Lactobacillales|f__Leuconostocaceae|g__Leuconostoc|s__Leuconostoc_gelidum|t__SGB7127",0,0,NA,FALSE,FALSE,FALSE,NA,"HMP1-2 taxonomy skin"
"k__Bacteria|p__Proteobacteria|c__Betaproteobacteria|o__Burkholderiales|f__Oxalobacteraceae|g__Oxalobacter|s__Oxalobacter_SGB9385|t__SGB9385",0,0,NA,FALSE,FALSE,FALSE,NA,"HMP1-2 taxonomy skin"
"k__Bacteria|p__Proteobacteria|c__Betaproteobacteria|o__Burkholderiales|f__Oxalobacteraceae|g__Herbaspirillum|s__Herbaspirillum_huttiense|t__SGB12894",1,0.003125,0.0014661,FALSE,TRUE,FALSE,NA,"HMP1-2 taxonomy skin"
"k__Bacteria|p__Firmicutes|c__Clostridia|o__Clostridiales|f__Eubacteriaceae|g__Eubacteriaceae_unclassified|s__Eubacteriaceae_bacterium_CHKCI004|t__SGB4682",0,0,NA,FALSE,FALSE,FALSE,NA,"HMP1-2 taxonomy skin"
"k__Bacteria|p__Firmicutes|c__Clostridia|o__Clostridia_unclassified|f__Clostridia_unclassified|g__Clostridia_unclassified|s__Clostridia_bacterium|t__SGB13977",0,0,NA,FALSE,FALSE,FALSE,NA,"HMP1-2 taxonomy skin"
"k__Bacteria|p__Actinobacteria|c__Coriobacteriia|o__Eggerthellales|f__Eggerthellaceae|g__Eggerthellaceae_unclassified|s__Eggerthellaceae_bacterium|t__SGB86230",0,0,NA,FALSE,FALSE,FALSE,NA,"HMP1-2 taxonomy skin"
"k__Bacteria|p__Bacteroidetes|c__Bacteroidia|o__Bacteroidales|f__Bacteroidaceae|g__GGB1387|s__GGB1387_SGB1894|t__SGB1894",0,0,NA,FALSE,FALSE,FALSE,NA,"HMP1-2 taxonomy skin"
"k__Bacteria|p__Firmicutes|c__Clostridia|o__Clostridiales|f__Ruminococcaceae|g__GGB9729|s__GGB9729_SGB15288|t__SGB15288_group",0,0,NA,FALSE,FALSE,FALSE,NA,"HMP1-2 taxonomy skin"
"k__Bacteria|p__Proteobacteria|c__Alphaproteobacteria|o__Rhizobiales|f__Bradyrhizobiaceae|g__Afipia|s__Afipia_birgiae|t__SGB31944",0,0,NA,FALSE,FALSE,FALSE,NA,"HMP1-2 taxonomy skin"
"k__Bacteria|p__Proteobacteria|c__Alphaproteobacteria|o__Sphingomonadales|f__Sphingomonadaceae|g__Sphingomonas|s__Sphingomonas_koreensis|t__SGB11633",0,0,NA,FALSE,FALSE,FALSE,NA,"HMP1-2 taxonomy skin"
"k__Bacteria|p__Firmicutes|c__Clostridia|o__Clostridiales|f__Ruminococcaceae|g__Ruminococcaceae_unclassified|s__Ruminococcaceae_bacterium|t__SGB4181",0,0,NA,FALSE,FALSE,FALSE,NA,"HMP1-2 taxonomy skin"
"k__Bacteria|p__Tenericutes|c__Mollicutes|o__Acholeplasmatales|f__Acholeplasmatales_unclassified|g__Acholeplasmatales_unclassified|s__Acholeplasmatales_unclassified_SGB6584|t__SGB6584",0,0,NA,FALSE,FALSE,FALSE,NA,"HMP1-2 taxonomy skin"
"k__Bacteria|p__Bacteroidetes|c__Bacteroidia|o__Bacteroidales|f__Prevotellaceae|g__Prevotella|s__Prevotella_marseillensis|t__SGB1588",0,0,NA,FALSE,FALSE,FALSE,NA,"HMP1-2 taxonomy skin"
"k__Bacteria|p__Firmicutes|c__Clostridia|o__Clostridiales|f__Lachnospiraceae|g__Marvinbryantia|s__Marvinbryantia_SGB4691|t__SGB4691",0,0,NA,FALSE,FALSE,FALSE,NA,"HMP1-2 taxonomy skin"
"k__Bacteria|p__Actinobacteria|c__CFGB9370|o__OFGB9370|f__FGB9370|g__GGB51959|s__GGB51959_SGB72479|t__SGB72479",0,0,NA,FALSE,FALSE,FALSE,NA,"HMP1-2 taxonomy skin"
"k__Bacteria|p__Actinobacteria|c__Actinobacteria|o__Actinomycetales|f__Actinomycetaceae|g__Varibaculum|s__Varibaculum_SGB15480|t__SGB15480",1,0.003125,0.00167800050340015,FALSE,TRUE,FALSE,NA,"HMP1-2 taxonomy skin"
"k__Bacteria|p__Firmicutes|c__Tissierellia|o__Tissierellia_unclassified|f__Tissierellia_unclassified|g__Ezakiella|s__Ezakiella_massiliensis|t__SGB6731",1,0.003125,1.12000011200001e-05,FALSE,FALSE,FALSE,NA,"HMP1-2 taxonomy skin"
"k__Bacteria|p__Firmicutes|c__Clostridia|o__Clostridiales|f__Clostridiales_Family_XIII_Incertae_Sedis|g__Clostridiales_Family_XIII_Incertae_Sedis_unclassified|s__Clostridiales_bacterium_S5_A14a|t__SGB3977",0,0,NA,FALSE,FALSE,FALSE,NA,"HMP1-2 taxonomy skin"
"k__Bacteria|p__Fusobacteria|c__Fusobacteriia|o__Fusobacteriales|f__Fusobacteriaceae|g__Fusobacterium|s__Fusobacterium_naviforme|t__SGB5268",0,0,NA,FALSE,FALSE,FALSE,NA,"HMP1-2 taxonomy skin"
"k__Bacteria|p__Firmicutes|c__Clostridia|o__Clostridiales|f__Lachnospiraceae|g__Faecalicatena|s__Faecalicatena_orotica|t__SGB4616",0,0,NA,FALSE,FALSE,FALSE,NA,"HMP1-2 taxonomy skin"
"k__Bacteria|p__Actinobacteria|c__Coriobacteriia|o__Coriobacteriales|f__Coriobacteriaceae|g__Collinsella|s__Collinsella_stercoris|t__SGB14740",1,0.003125,0.00138180069090035,FALSE,TRUE,FALSE,NA,"HMP1-2 taxonomy skin"
"k__Bacteria|p__Firmicutes|c__Clostridia|o__Clostridiales|f__Clostridiaceae|g__Clostridium|s__Clostridium_SGB4751|t__SGB4751",1,0.003125,0.000105900052950026,FALSE,FALSE,FALSE,NA,"HMP1-2 taxonomy skin"
"k__Bacteria|p__Firmicutes|c__Clostridia|o__Clostridiales|f__Lachnospiraceae|g__Bariatricus|s__Bariatricus_massiliensis|t__SGB4006",0,0,NA,FALSE,FALSE,FALSE,NA,"HMP1-2 taxonomy skin"
"k__Bacteria|p__Proteobacteria|c__Gammaproteobacteria|o__Pseudomonadales|f__Moraxellaceae|g__Moraxella|s__Moraxella_catarrhalis|t__SGB10429",15,0.046875,0.257281274799338,FALSE,TRUE,FALSE,NA,"HMP1-2 taxonomy skin"
"k__Bacteria|p__Proteobacteria|c__Gammaproteobacteria|o__Enterobacterales|f__Morganellaceae|g__Proteus|s__Proteus_mirabilis|t__SGB9992",4,0.0125,0.00634960019846511,FALSE,TRUE,FALSE,NA,"HMP1-2 taxonomy skin"
"k__Bacteria|p__Proteobacteria|c__Gammaproteobacteria|o__Enterobacterales|f__Enterobacteriaceae|g__Klebsiella|s__Klebsiella_aerogenes|t__SGB10116",22,0.06875,0.00841097274142655,FALSE,TRUE,FALSE,NA,"HMP1-2 taxonomy skin"
"k__Bacteria|p__Proteobacteria|c__Betaproteobacteria|o__Burkholderiales|f__Sutterellaceae|g__Parasutterella|s__Parasutterella_sp_NM82_D38|t__SGB9265",0,0,NA,FALSE,FALSE,FALSE,NA,"HMP1-2 taxonomy skin"
"k__Bacteria|p__Bacteroidetes|c__Flavobacteriia|o__Flavobacteriales|f__Flavobacteriales_unclassified|g__Flavobacteriales_unclassified|s__Flavobacteriales_bacterium|t__SGB2275",0,0,NA,FALSE,FALSE,FALSE,NA,"HMP1-2 taxonomy skin"
"k__Eukaryota|p__Basidiomycota|c__Malasseziomycetes|o__Malasseziales|f__Malasseziaceae|g__Malassezia|s__Malassezia_sympodialis|t__EUK76777",9,0.028125,4.18444441166672e-05,FALSE,FALSE,FALSE,NA,"HMP1-2 taxonomy skin"
"k__Bacteria|p__Bacteroidetes|c__Bacteroidia|o__Bacteroidales|f__Bacteroidales_unclassified|g__GGB27872|s__GGB27872_SGB40306|t__SGB40306",0,0,NA,FALSE,FALSE,FALSE,NA,"HMP1-2 taxonomy skin"
"k__Bacteria|p__Firmicutes|c__Clostridia|o__Clostridiales|f__Clostridiaceae|g__Butyricicoccus|s__Butyricicoccus_SGB14985|t__SGB14985_group",0,0,NA,FALSE,FALSE,FALSE,NA,"HMP1-2 taxonomy skin"
"k__Bacteria|p__Bacteroidetes|c__Bacteroidia|o__Bacteroidales|f__Barnesiellaceae|g__Barnesiella|s__Barnesiella_sp_An22|t__SGB1967",0,0,NA,FALSE,FALSE,FALSE,NA,"HMP1-2 taxonomy skin"
"k__Bacteria|p__Firmicutes|c__Erysipelotrichia|o__Erysipelotrichales|f__Erysipelotrichaceae|g__Holdemanella|s__Holdemanella_biformis|t__SGB6806_group",1,0.003125,0.00024579995084001,FALSE,FALSE,FALSE,NA,"HMP1-2 taxonomy skin"
"k__Bacteria|p__Firmicutes|c__Clostridia|o__Clostridiales|f__Ruminococcaceae|g__GGB9691|s__GGB9691_SGB15198|t__SGB15198",0,0,NA,FALSE,FALSE,FALSE,NA,"HMP1-2 taxonomy skin"
"k__Bacteria|p__Firmicutes|c__Clostridia|o__Clostridia_unclassified|f__Clostridia_unclassified|g__Clostridia_unclassified|s__Clostridia_bacterium|t__SGB15409",0,0,NA,FALSE,FALSE,FALSE,NA,"HMP1-2 taxonomy skin"
"k__Bacteria|p__Firmicutes|c__Clostridia|o__Clostridiales|f__Lachnospiraceae|g__Lachnospiraceae_unclassified|s__Lachnospiraceae_bacterium_OF09_6|t__SGB4966",0,0,NA,FALSE,FALSE,FALSE,NA,"HMP1-2 taxonomy skin"
"k__Bacteria|p__Firmicutes|c__Clostridia|o__Clostridiales|f__Lachnospiraceae|g__Lachnospiraceae_unclassified|s__Lachnospiraceae_bacterium|t__SGB5061",0,0,NA,FALSE,FALSE,FALSE,NA,"HMP1-2 taxonomy skin"
"k__Bacteria|p__Firmicutes|c__Bacilli|o__Bacillales|f__Bacillales_unclassified|g__Gemella|s__Gemella_bergeri|t__SGB7283",0,0,NA,FALSE,FALSE,FALSE,NA,"HMP1-2 taxonomy skin"
"k__Bacteria|p__Verrucomicrobia|c__Verrucomicrobiae|o__Verrucomicrobiales|f__Akkermansiaceae|g__Akkermansia|s__Akkermansia_sp_BIOML_A40|t__SGB9223",0,0,NA,FALSE,FALSE,FALSE,NA,"HMP1-2 taxonomy skin"
"k__Bacteria|p__Firmicutes|c__Clostridia|o__Clostridiales|f__Ruminococcaceae|g__Ruminococcaceae_unclassified|s__Ruminococcaceae_bacterium|t__SGB14867",0,0,NA,FALSE,FALSE,FALSE,NA,"HMP1-2 taxonomy skin"
"k__Bacteria|p__Bacteroidetes|c__Bacteroidia|o__Bacteroidales|f__Dysgonomonadaceae|g__Dysgonomonas|s__Dysgonomonas_mossii|t__SGB1772",0,0,NA,FALSE,FALSE,FALSE,NA,"HMP1-2 taxonomy skin"
"k__Bacteria|p__Firmicutes|c__Clostridia|o__Clostridia_unclassified|f__Clostridia_unclassified|g__Clostridia_unclassified|s__Clostridia_bacterium|t__SGB54312",0,0,NA,FALSE,FALSE,FALSE,NA,"HMP1-2 taxonomy skin"
"k__Bacteria|p__Firmicutes|c__Bacilli|o__Lactobacillales|f__Leuconostocaceae|g__Leuconostoc|s__Leuconostoc_mesenteroides|t__SGB7126",0,0,NA,FALSE,FALSE,FALSE,NA,"HMP1-2 taxonomy skin"
"k__Bacteria|p__Firmicutes|c__Clostridia|o__Clostridia_unclassified|f__Clostridia_unclassified|g__Clostridia_unclassified|s__Clostridia_bacterium|t__SGB54313",0,0,NA,FALSE,FALSE,FALSE,NA,"HMP1-2 taxonomy skin"
"k__Bacteria|p__Firmicutes|c__Clostridia|o__Clostridia_unclassified|f__Clostridia_unclassified|g__Candidatus_Metalachnospira|s__Candidatus_Metalachnospira_gallinarum|t__SGB5181",0,0,NA,FALSE,FALSE,FALSE,NA,"HMP1-2 taxonomy skin"
"k__Bacteria|p__Firmicutes|c__Clostridia|o__Clostridiales|f__Eubacteriaceae|g__Eubacterium|s__Eubacterium_coprostanoligenes|t__SGB4330",0,0,NA,FALSE,FALSE,FALSE,NA,"HMP1-2 taxonomy skin"
"k__Bacteria|p__Firmicutes|c__Clostridia|o__Clostridiales|f__Ruminococcaceae|g__Ruminococcus|s__Ruminococcus_sp_JE7A12|t__SGB4272",0,0,NA,FALSE,FALSE,FALSE,NA,"HMP1-2 taxonomy skin"
"k__Bacteria|p__Actinobacteria|c__Coriobacteriia|o__Eggerthellales|f__Eggerthellaceae|g__Raoultibacter|s__Raoultibacter_massiliensis|t__SGB33551",0,0,NA,FALSE,FALSE,FALSE,NA,"HMP1-2 taxonomy skin"
"k__Bacteria|p__Bacteroidetes|c__Bacteroidia|o__Bacteroidales|f__Tannerellaceae|g__Tannerella|s__Tannerella_forsythia|t__SGB27842",0,0,NA,FALSE,FALSE,FALSE,NA,"HMP1-2 taxonomy skin"
"k__Bacteria|p__Actinobacteria|c__Actinobacteria|o__Propionibacteriales|f__Propionibacteriaceae|g__Propionibacterium|s__Propionibacterium_sp_oral_taxon_192|t__SGB16999",0,0,NA,FALSE,FALSE,FALSE,NA,"HMP1-2 taxonomy skin"
"k__Bacteria|p__Bacteroidetes|c__CFGB540|o__OFGB540|f__FGB540|g__GGB1109|s__GGB1109_SGB1423|t__SGB1423",0,0,NA,FALSE,FALSE,FALSE,NA,"HMP1-2 taxonomy skin"
"k__Bacteria|p__Firmicutes|c__Bacilli|o__Bacilli_unclassified|f__Bacilli_unclassified|g__Bacilli_unclassified|s__Bacilli_bacterium|t__SGB6445",0,0,NA,FALSE,FALSE,FALSE,NA,"HMP1-2 taxonomy skin"
"k__Bacteria|p__Firmicutes|c__Clostridia|o__Clostridiales|f__Ruminococcaceae|g__GGB9595|s__GGB9595_SGB15019|t__SGB15019",0,0,NA,FALSE,FALSE,FALSE,NA,"HMP1-2 taxonomy skin"
"k__Bacteria|p__Firmicutes|c__Clostridia|o__Clostridia_unclassified|f__Clostridia_unclassified|g__Clostridia_unclassified|s__Clostridia_unclassified_SGB14196|t__SGB14196",0,0,NA,FALSE,FALSE,FALSE,NA,"HMP1-2 taxonomy skin"
"k__Bacteria|p__Firmicutes|c__Firmicutes_unclassified|o__Firmicutes_unclassified|f__Firmicutes_unclassified|g__Firmicutes_unclassified|s__Firmicutes_bacterium_AM41_11|t__SGB6817",0,0,NA,FALSE,FALSE,FALSE,NA,"HMP1-2 taxonomy skin"
"k__Bacteria|p__Bacteroidetes|c__Bacteroidia|o__Bacteroidales|f__Bacteroidaceae|g__Bacteroides|s__Bacteroides_faecalis|t__SGB27808",0,0,NA,FALSE,FALSE,FALSE,NA,"HMP1-2 taxonomy skin"
"k__Bacteria|p__Actinobacteria|c__Coriobacteriia|o__Eggerthellales|f__Eggerthellaceae|g__Slackia|s__Slackia_piriformis|t__SGB14779",0,0,NA,FALSE,FALSE,FALSE,NA,"HMP1-2 taxonomy skin"
"k__Bacteria|p__Bacteroidetes|c__Bacteroidia|o__Bacteroidales|f__Bacteroidaceae|g__Bacteroides|s__Bacteroides_timonensis|t__SGB1842",0,0,NA,FALSE,FALSE,FALSE,NA,"HMP1-2 taxonomy skin"
"k__Bacteria|p__Firmicutes|c__Clostridia|o__Clostridia_unclassified|f__Clostridia_unclassified|g__Clostridia_unclassified|s__Clostridia_bacterium|t__SGB6374",0,0,NA,FALSE,FALSE,FALSE,NA,"HMP1-2 taxonomy skin"
"k__Bacteria|p__Bacteroidetes|c__Bacteroidia|o__Bacteroidales|f__Odoribacteraceae|g__Butyricimonas|s__Butyricimonas_SGB1783|t__SGB1783",0,0,NA,FALSE,FALSE,FALSE,NA,"HMP1-2 taxonomy skin"
"k__Bacteria|p__Bacteroidetes|c__Bacteroidia|o__Bacteroidales|f__Barnesiellaceae|g__Barnesiella|s__Barnesiella_sp_WM24|t__SGB2084",0,0,NA,FALSE,FALSE,FALSE,NA,"HMP1-2 taxonomy skin"
"k__Bacteria|p__Firmicutes|c__Bacilli|o__Bacilli_unclassified|f__Bacilli_unclassified|g__Bacilli_unclassified|s__Bacilli_bacterium|t__SGB6570",0,0,NA,FALSE,FALSE,FALSE,NA,"HMP1-2 taxonomy skin"
"k__Bacteria|p__Actinobacteria|c__Actinobacteria|o__Corynebacteriales|f__Corynebacteriaceae|g__Corynebacterium|s__Corynebacterium_propinquum|t__SGB17012",36,0.1125,0.115169310736398,TRUE,TRUE,TRUE,0.169912810121336,"HMP1-2 taxonomy skin"
"k__Bacteria|p__Actinobacteria|c__Actinobacteria|o__Corynebacteriales|f__Lawsonellaceae|g__Lawsonella|s__Lawsonella_SGB3665|t__SGB3665",29,0.090625,0.0326858861813166,FALSE,TRUE,FALSE,NA,"HMP1-2 taxonomy skin"
"k__Bacteria|p__Firmicutes|c__Clostridia|o__Clostridia_unclassified|f__Clostridia_unclassified|g__Clostridia_unclassified|s__Clostridia_bacterium|t__SGB6298",0,0,NA,FALSE,FALSE,FALSE,NA,"HMP1-2 taxonomy skin"
"k__Bacteria|p__Firmicutes|c__Clostridia|o__Clostridiales|f__Clostridiales_Family_XIII_Incertae_Sedis|g__Clostridiales_Family_XIII_Incertae_Sedis_unclassified|s__Clostridiales_Family_XIII_bacterium_WCA_MUC_591_APC_4B|t__SGB3926_group",0,0,NA,FALSE,FALSE,FALSE,NA,"HMP1-2 taxonomy skin"
"k__Bacteria|p__Firmicutes|c__Clostridia|o__Clostridia_unclassified|f__Clostridia_unclassified|g__Candidatus_Heteroscilispira|s__Candidatus_Heteroscilispira_lomanii|t__SGB63278",0,0,NA,FALSE,FALSE,FALSE,NA,"HMP1-2 taxonomy skin"
"k__Bacteria|p__Firmicutes|c__Bacilli|o__Bacillales|f__Bacillaceae|g__Psychrobacillus|s__Psychrobacillus_sp_BL_248_WT_3|t__SGB7511",0,0,NA,FALSE,FALSE,FALSE,NA,"HMP1-2 taxonomy skin"
"k__Bacteria|p__Proteobacteria|c__Gammaproteobacteria|o__Enterobacterales|f__Enterobacteriaceae|g__Citrobacter|s__Citrobacter_freundii|t__SGB10083_group",0,0,NA,FALSE,FALSE,FALSE,NA,"HMP1-2 taxonomy skin"
"k__Bacteria|p__Firmicutes|c__Clostridia|o__Clostridiales|f__Clostridiaceae|g__Clostridium|s__Clostridium_tertium|t__SGB6183",0,0,NA,FALSE,FALSE,FALSE,NA,"HMP1-2 taxonomy skin"
"k__Bacteria|p__Firmicutes|c__Clostridia|o__Clostridiales|f__Lachnospiraceae|g__Roseburia|s__Roseburia_SGB4949|t__SGB4949",0,0,NA,FALSE,FALSE,FALSE,NA,"HMP1-2 taxonomy skin"
"k__Bacteria|p__Firmicutes|c__Clostridia|o__Clostridiales|f__Clostridiaceae|g__Clostridiaceae_unclassified|s__Clostridiaceae_bacterium|t__SGB6153",0,0,NA,FALSE,FALSE,FALSE,NA,"HMP1-2 taxonomy skin"
"k__Bacteria|p__Firmicutes|c__Bacilli|o__Bacillales|f__Staphylococcaceae|g__Staphylococcus|s__Staphylococcus_pseudintermedius|t__SGB7827",1,0.003125,0.0015061,FALSE,TRUE,FALSE,NA,"HMP1-2 taxonomy skin"
"k__Bacteria|p__Aquificae|c__CFGB12224|o__OFGB12224|f__FGB12224|g__GGB41261|s__GGB41261_SGB64010|t__SGB64010",1,0.003125,0.0009213,FALSE,FALSE,FALSE,NA,"HMP1-2 taxonomy skin"
"k__Bacteria|p__Proteobacteria|c__Alphaproteobacteria|o__Rhodobacterales|f__Rhodobacteraceae|g__Paracoccus|s__Paracoccus_solventivorans|t__SGB10725",1,0.003125,6.19e-05,FALSE,FALSE,FALSE,NA,"HMP1-2 taxonomy skin"
"k__Bacteria|p__Proteobacteria|c__Hydrogenophilalia|o__Hydrogenophilales|f__Hydrogenophilaceae|g__Tepidiphilus|s__Tepidiphilus_succinatimandens|t__SGB12605",2,0.00625,1.63500002600001e-05,FALSE,FALSE,FALSE,NA,"HMP1-2 taxonomy skin"
"k__Bacteria|p__Fusobacteria|c__Fusobacteriia|o__Fusobacteriales|f__Fusobacteriaceae|g__Fusobacterium|s__Fusobacterium_necrophorum|t__SGB5986",1,0.003125,0.00537990161397049,FALSE,TRUE,FALSE,NA,"HMP1-2 taxonomy skin"
"k__Bacteria|p__Spirochaetes|c__Spirochaetia|o__Brachyspirales|f__Brachyspiraceae|g__Brachyspira|s__Brachyspira_aalborgi|t__SGB5967",0,0,NA,FALSE,FALSE,FALSE,NA,"HMP1-2 taxonomy skin"
"k__Bacteria|p__Bacteroidetes|c__Bacteroidia|o__Bacteroidales|f__Muribaculaceae|g__Muribaculum|s__Muribaculum_gordoncarteri|t__SGB2087",3,0.009375,0.000508133393506678,FALSE,FALSE,FALSE,NA,"HMP1-2 taxonomy skin"
"k__Bacteria|p__Firmicutes|c__Clostridia|o__Clostridiales|f__Christensenellaceae|g__Christensenella|s__Christensenella_sp_AF73_05CM02|t__SGB29341",0,0,NA,FALSE,FALSE,FALSE,NA,"HMP1-2 taxonomy skin"
"k__Bacteria|p__Firmicutes|c__CFGB9501|o__OFGB9501|f__FGB9501|g__GGB28369|s__GGB28369_SGB40949|t__SGB40949",0,0,NA,FALSE,FALSE,FALSE,NA,"HMP1-2 taxonomy skin"
"k__Bacteria|p__Bacteroidetes|c__Bacteroidia|o__Bacteroidales|f__Rikenellaceae|g__Rikenellaceae_unclassified|s__Rikenellaceae_bacterium|t__SGB2247",0,0,NA,FALSE,FALSE,FALSE,NA,"HMP1-2 taxonomy skin"
"k__Bacteria|p__Firmicutes|c__Clostridia|o__Clostridia_unclassified|f__Clostridia_unclassified|g__Clostridia_unclassified|s__Clostridia_bacterium|t__SGB4453",0,0,NA,FALSE,FALSE,FALSE,NA,"HMP1-2 taxonomy skin"
"k__Bacteria|p__Bacteroidetes|c__Bacteroidia|o__Bacteroidales|f__Bacteroidales_unclassified|g__GGB1536|s__GGB1536_SGB2119|t__SGB2119",0,0,NA,FALSE,FALSE,FALSE,NA,"HMP1-2 taxonomy skin"
"k__Bacteria|p__Firmicutes|c__Clostridia|o__Clostridiales|f__Clostridiales_Family_XIII_Incertae_Sedis|g__Bacilliculturomica|s__Bacilliculturomica_massiliensis|t__SGB28982",0,0,NA,FALSE,FALSE,FALSE,NA,"HMP1-2 taxonomy skin"
"k__Bacteria|p__Firmicutes|c__Clostridia|o__Clostridiales|f__Clostridiaceae|g__GGB4482|s__GGB4482_SGB6176|t__SGB6176",0,0,NA,FALSE,FALSE,FALSE,NA,"HMP1-2 taxonomy skin"
"k__Bacteria|p__Firmicutes|c__CFGB3035|o__OFGB3035|f__FGB3035|g__GGB9523|s__GGB9523_SGB14922|t__SGB14922",0,0,NA,FALSE,FALSE,FALSE,NA,"HMP1-2 taxonomy skin"
"k__Bacteria|p__Firmicutes|c__Clostridia|o__Clostridiales|f__Lachnospiraceae|g__Lachnospiraceae_unclassified|s__Lachnospiraceae_bacterium|t__SGB47610",0,0,NA,FALSE,FALSE,FALSE,NA,"HMP1-2 taxonomy skin"
"k__Bacteria|p__Firmicutes|c__Clostridia|o__Clostridiales|f__Ruminococcaceae|g__GGB9732|s__GGB9732_SGB15302|t__SGB15302",0,0,NA,FALSE,FALSE,FALSE,NA,"HMP1-2 taxonomy skin"
"k__Bacteria|p__Firmicutes|c__Clostridia|o__Clostridiales|f__Lachnospiraceae|g__Lachnospiraceae_unclassified|s__Lachnospiraceae_bacterium|t__SGB4673",0,0,NA,FALSE,FALSE,FALSE,NA,"HMP1-2 taxonomy skin"
"k__Bacteria|p__Firmicutes|c__Clostridia|o__Clostridiales|f__Clostridiaceae|g__GGB9580|s__GGB9580_SGB14998|t__SGB14998",0,0,NA,FALSE,FALSE,FALSE,NA,"HMP1-2 taxonomy skin"
"k__Bacteria|p__Firmicutes|c__Clostridia|o__Clostridiales|f__Lachnospiraceae|g__GGB3569|s__GGB3569_SGB4776|t__SGB4776",0,0,NA,FALSE,FALSE,FALSE,NA,"HMP1-2 taxonomy skin"
"k__Bacteria|p__Firmicutes|c__Clostridia|o__Clostridia_unclassified|f__Clostridia_unclassified|g__Clostridia_unclassified|s__Clostridia_bacterium|t__SGB53496",0,0,NA,FALSE,FALSE,FALSE,NA,"HMP1-2 taxonomy skin"
"k__Bacteria|p__Firmicutes|c__Clostridia|o__Clostridiales|f__Lachnospiraceae|g__Lachnospiraceae_unclassified|s__Lachnospiraceae_bacterium|t__SGB4605",0,0,NA,FALSE,FALSE,FALSE,NA,"HMP1-2 taxonomy skin"
"k__Bacteria|p__Firmicutes|c__CFGB3606|o__OFGB3606|f__FGB3606|g__GGB42689|s__GGB42689_SGB59892|t__SGB59892",0,0,NA,FALSE,FALSE,FALSE,NA,"HMP1-2 taxonomy skin"
"k__Bacteria|p__Firmicutes|c__Clostridia|o__Clostridia_unclassified|f__Clostridia_unclassified|g__Clostridia_unclassified|s__Clostridia_bacterium|t__SGB14021",0,0,NA,FALSE,FALSE,FALSE,NA,"HMP1-2 taxonomy skin"
"k__Bacteria|p__Firmicutes|c__Clostridia|o__Clostridiales|f__Lachnospiraceae|g__GGB3678|s__GGB3678_SGB4992|t__SGB4992",0,0,NA,FALSE,FALSE,FALSE,NA,"HMP1-2 taxonomy skin"
"k__Bacteria|p__Firmicutes|c__Bacilli|o__Bacilli_unclassified|f__Bacilli_unclassified|g__GGB4739|s__GGB4739_SGB6564|t__SGB6564",0,0,NA,FALSE,FALSE,FALSE,NA,"HMP1-2 taxonomy skin"
"k__Bacteria|p__Bacteroidetes|c__CFGB636|o__OFGB636|f__FGB636|g__GGB14001|s__GGB14001_SGB21428|t__SGB21428",0,0,NA,FALSE,FALSE,FALSE,NA,"HMP1-2 taxonomy skin"
"k__Bacteria|p__Firmicutes|c__Clostridia|o__Clostridiales|f__Lachnospiraceae|g__Lachnospiraceae_unclassified|s__Lachnospiraceae_bacterium|t__SGB4607",0,0,NA,FALSE,FALSE,FALSE,NA,"HMP1-2 taxonomy skin"
"k__Bacteria|p__Bacteroidetes|c__Bacteroidia|o__Bacteroidales|f__Tannerellaceae|g__Parabacteroides|s__Parabacteroides_gordonii|t__SGB1942",0,0,NA,FALSE,FALSE,FALSE,NA,"HMP1-2 taxonomy skin"
"k__Bacteria|p__Firmicutes|c__Clostridia|o__Clostridiales|f__Lachnospiraceae|g__Lachnospiraceae_unclassified|s__Lachnospiraceae_bacterium|t__SGB4994",0,0,NA,FALSE,FALSE,FALSE,NA,"HMP1-2 taxonomy skin"
"k__Bacteria|p__Firmicutes|c__Bacilli|o__Bacillales|f__Staphylococcaceae|g__Staphylococcus|s__Staphylococcus_auricularis|t__SGB7816",9,0.028125,0.00243982222039667,FALSE,TRUE,FALSE,NA,"HMP1-2 taxonomy skin"
"k__Bacteria|p__Firmicutes|c__Bacilli|o__Lactobacillales|f__Carnobacteriaceae|g__Alloiococcus|s__Alloiococcus_otitis|t__SGB7016",4,0.0125,0.00193125005151501,FALSE,TRUE,FALSE,NA,"HMP1-2 taxonomy skin"
"k__Bacteria|p__Firmicutes|c__CFGB1798|o__OFGB1798|f__FGB1798|g__GGB4769|s__GGB4769_SGB6602|t__SGB6602",0,0,NA,FALSE,FALSE,FALSE,NA,"HMP1-2 taxonomy skin"
"k__Bacteria|p__Firmicutes|c__Negativicutes|o__Acidaminococcales|f__Acidaminococcaceae|g__Acidaminococcaceae_unclassified|s__Acidaminococcaceae_unclassified_SGB5785|t__SGB5785",0,0,NA,FALSE,FALSE,FALSE,NA,"HMP1-2 taxonomy skin"
"k__Bacteria|p__Bacteroidetes|c__Bacteroidia|o__Bacteroidales|f__Porphyromonadaceae|g__Sanguibacteroides|s__Sanguibacteroides_justesenii|t__SGB1776",0,0,NA,FALSE,FALSE,FALSE,NA,"HMP1-2 taxonomy skin"
"k__Bacteria|p__Firmicutes|c__Clostridia|o__Clostridia_unclassified|f__Clostridia_unclassified|g__Candidatus_Neoanaerotignum|s__Candidatus_Neoanaerotignum_galli|t__SGB59530",0,0,NA,FALSE,FALSE,FALSE,NA,"HMP1-2 taxonomy skin"
"k__Bacteria|p__Bacteroidetes|c__Bacteroidia|o__Bacteroidales|f__Bacteroidaceae|g__Bacteroides|s__Bacteroides_sp_AF16_49|t__SGB1840",0,0,NA,FALSE,FALSE,FALSE,NA,"HMP1-2 taxonomy skin"
"k__Bacteria|p__Firmicutes|c__Clostridia|o__Clostridia_unclassified|f__Clostridia_unclassified|g__Clostridia_unclassified|s__Clostridia_bacterium|t__SGB6273",0,0,NA,FALSE,FALSE,FALSE,NA,"HMP1-2 taxonomy skin"
"k__Bacteria|p__Firmicutes|c__Clostridia|o__Clostridia_unclassified|f__Clostridia_unclassified|g__GGB9530|s__GGB9530_SGB14930|t__SGB14930",0,0,NA,FALSE,FALSE,FALSE,NA,"HMP1-2 taxonomy skin"
"k__Bacteria|p__Firmicutes|c__Clostridia|o__Clostridiales|f__Lachnospiraceae|g__Lachnospiraceae_unclassified|s__Lachnospiraceae_bacterium|t__SGB4877",0,0,NA,FALSE,FALSE,FALSE,NA,"HMP1-2 taxonomy skin"
"k__Bacteria|p__Firmicutes|c__Clostridia|o__Clostridiales|f__Ruminococcaceae|g__Drancourtella|s__Drancourtella_sp_An57|t__SGB4619",0,0,NA,FALSE,FALSE,FALSE,NA,"HMP1-2 taxonomy skin"
"k__Bacteria|p__Firmicutes|c__Bacilli|o__Lactobacillales|f__Streptococcaceae|g__Streptococcus|s__Streptococcus_equinus|t__SGB8022",0,0,NA,FALSE,FALSE,FALSE,NA,"HMP1-2 taxonomy skin"
"k__Bacteria|p__Firmicutes|c__Bacilli|o__Lactobacillales|f__Enterococcaceae|g__Enterococcus|s__Enterococcus_gallinarum|t__SGB7951",0,0,NA,FALSE,FALSE,FALSE,NA,"HMP1-2 taxonomy skin"
"k__Bacteria|p__Firmicutes|c__Clostridia|o__Clostridiales|f__Lachnospiraceae|g__Lachnospiraceae_unclassified|s__Lachnospiraceae_bacterium|t__SGB4755",0,0,NA,FALSE,FALSE,FALSE,NA,"HMP1-2 taxonomy skin"
"k__Bacteria|p__Firmicutes|c__Clostridia|o__Clostridia_unclassified|f__Clostridia_unclassified|g__Clostridia_unclassified|s__Clostridia_bacterium|t__SGB4316",0,0,NA,FALSE,FALSE,FALSE,NA,"HMP1-2 taxonomy skin"
"k__Bacteria|p__Proteobacteria|c__Betaproteobacteria|o__Neisseriales|f__Neisseriaceae|g__Kingella|s__Kingella_potus|t__SGB23375",0,0,NA,FALSE,FALSE,FALSE,NA,"HMP1-2 taxonomy skin"
"k__Bacteria|p__Proteobacteria|c__Betaproteobacteria|o__Neisseriales|f__Neisseriaceae|g__Neisseria|s__Neisseria_shayeganii|t__SGB9446",1,0.003125,0.00108920021784004,FALSE,TRUE,FALSE,NA,"HMP1-2 taxonomy skin"
"k__Bacteria|p__Firmicutes|c__Clostridia|o__Clostridiales|f__Lachnospiraceae|g__Lachnospiraceae_unclassified|s__Lachnospiraceae_unclassified_SGB5063|t__SGB5063",0,0,NA,FALSE,FALSE,FALSE,NA,"HMP1-2 taxonomy skin"
"k__Bacteria|p__Bacteroidetes|c__Bacteroidia|o__Bacteroidales|f__Bacteroidales_unclassified|g__Bacteroidales_unclassified|s__Bacteroidales_bacterium|t__SGB2085",0,0,NA,FALSE,FALSE,FALSE,NA,"HMP1-2 taxonomy skin"
"k__Bacteria|p__Firmicutes|c__Clostridia|o__Clostridiales|f__Lachnospiraceae|g__GGB3664|s__GGB3664_SGB4976|t__SGB4976",0,0,NA,FALSE,FALSE,FALSE,NA,"HMP1-2 taxonomy skin"
"k__Bacteria|p__Bacteroidetes|c__Bacteroidia|o__Bacteroidales|f__Bacteroidales_unclassified|g__Bacteroidales_unclassified|s__Bacteroidales_bacterium|t__SGB48233",0,0,NA,FALSE,FALSE,FALSE,NA,"HMP1-2 taxonomy skin"
"k__Bacteria|p__Proteobacteria|c__Gammaproteobacteria|o__Enterobacterales|f__Enterobacteriaceae|g__Escherichia|s__Escherichia_marmotae|t__SGB10064",0,0,NA,FALSE,FALSE,FALSE,NA,"HMP1-2 taxonomy skin"
"k__Bacteria|p__Firmicutes|c__Clostridia|o__Clostridiales|f__Lachnospiraceae|g__GGB3617|s__GGB3617_SGB4891|t__SGB4891",0,0,NA,FALSE,FALSE,FALSE,NA,"HMP1-2 taxonomy skin"
"k__Bacteria|p__Firmicutes|c__Clostridia|o__Clostridiales|f__Lachnospiraceae|g__Lachnospiraceae_unclassified|s__Lachnospiraceae_bacterium|t__SGB4888",0,0,NA,FALSE,FALSE,FALSE,NA,"HMP1-2 taxonomy skin"
"k__Bacteria|p__Firmicutes|c__Negativicutes|o__Veillonellales|f__Veillonellaceae|g__Veillonella|s__Veillonella_ratti|t__SGB6922",0,0,NA,FALSE,FALSE,FALSE,NA,"HMP1-2 taxonomy skin"
"k__Bacteria|p__Firmicutes|c__Clostridia|o__Clostridia_unclassified|f__Clostridia_unclassified|g__Clostridia_unclassified|s__Clostridia_bacterium|t__SGB4333",0,0,NA,FALSE,FALSE,FALSE,NA,"HMP1-2 taxonomy skin"
"k__Bacteria|p__Actinobacteria|c__Actinobacteria|o__Corynebacteriales|f__Lawsonellaceae|g__Lawsonella|s__Lawsonella_clevelandensis|t__SGB3664",3,0.009375,0.00119236675288334,FALSE,TRUE,FALSE,NA,"HMP1-2 taxonomy skin"
"k__Bacteria|p__Actinobacteria|c__Actinobacteria|o__Corynebacteriales|f__Corynebacteriaceae|g__Corynebacterium|s__Corynebacterium_singulare|t__SGB17118",11,0.034375,0.00370476394393096,FALSE,TRUE,FALSE,NA,"HMP1-2 taxonomy skin"
"k__Bacteria|p__Actinobacteria|c__Coriobacteriia|o__Coriobacteriales|f__Coriobacteriaceae|g__Enorma|s__Enorma_massiliensis|t__SGB14749",0,0,NA,FALSE,FALSE,FALSE,NA,"HMP1-2 taxonomy skin"
"k__Bacteria|p__Bacteroidetes|c__Bacteroidia|o__Bacteroidales|f__Bacteroidaceae|g__Bacteroides|s__Bacteroides_fluxus|t__SGB1835",0,0,NA,FALSE,FALSE,FALSE,NA,"HMP1-2 taxonomy skin"
"k__Bacteria|p__Firmicutes|c__Negativicutes|o__Veillonellales|f__Veillonellaceae|g__GGB4263|s__GGB4263_SGB5801|t__SGB5801",0,0,NA,FALSE,FALSE,FALSE,NA,"HMP1-2 taxonomy skin"
"k__Bacteria|p__Firmicutes|c__CFGB12855|o__OFGB12855|f__FGB12855|g__GGB36331|s__GGB36331_SGB53806|t__SGB53806",0,0,NA,FALSE,FALSE,FALSE,NA,"HMP1-2 taxonomy skin"
"k__Bacteria|p__Actinobacteria|c__Actinobacteria|o__Bifidobacteriales|f__Bifidobacteriaceae|g__Bifidobacterium|s__Bifidobacterium_animalis|t__SGB17278",0,0,NA,FALSE,FALSE,FALSE,NA,"HMP1-2 taxonomy skin"
"k__Bacteria|p__Firmicutes|c__Clostridia|o__Clostridia_unclassified|f__Clostridia_unclassified|g__Clostridia_unclassified|s__Clostridia_bacterium|t__SGB14139",0,0,NA,FALSE,FALSE,FALSE,NA,"HMP1-2 taxonomy skin"
"k__Bacteria|p__Bacteroidetes|c__Flavobacteriia|o__Flavobacteriales|f__Weeksellaceae|g__Bergeyella|s__Bergeyella_cardium|t__SGB28230",0,0,NA,FALSE,FALSE,FALSE,NA,"HMP1-2 taxonomy skin"
"k__Bacteria|p__Firmicutes|c__Bacilli|o__Bacillales|f__Staphylococcaceae|g__Staphylococcus|s__Staphylococcus_saprophyticus|t__SGB7848",1,0.003125,0.0162792,FALSE,TRUE,FALSE,NA,"HMP1-2 taxonomy skin"
"k__Bacteria|p__Firmicutes|c__Clostridia|o__Clostridia_unclassified|f__Clostridia_unclassified|g__Clostridia_unclassified|s__Clostridia_bacterium|t__SGB6077",0,0,NA,FALSE,FALSE,FALSE,NA,"HMP1-2 taxonomy skin"
"k__Bacteria|p__Actinobacteria|c__Actinobacteria|o__Actinomycetales|f__Actinomycetaceae|g__Actinomyces|s__Actinomyces_sp_ZJ1629|t__SGB86826",0,0,NA,FALSE,FALSE,FALSE,NA,"HMP1-2 taxonomy skin"
"k__Bacteria|p__Proteobacteria|c__Gammaproteobacteria|o__Pasteurellales|f__Pasteurellaceae|g__Aggregatibacter|s__Aggregatibacter_kilianii|t__SGB31002",0,0,NA,FALSE,FALSE,FALSE,NA,"HMP1-2 taxonomy skin"
"k__Bacteria|p__Candidatus_Melainabacteria|c__Candidatus_Melainabacteria_unclassified|o__Candidatus_Gastranaerophilales|f__Candidatus_Gastranaerophilales_unclassified|g__GGB6012|s__GGB6012_SGB8640|t__SGB8640",0,0,NA,FALSE,FALSE,FALSE,NA,"HMP1-2 taxonomy skin"
"k__Bacteria|p__Bacteroidetes|c__Bacteroidia|o__Bacteroidales|f__Bacteroidaceae|g__Bacteroidaceae_unclassified|s__Bacteroidaceae_bacterium|t__SGB1474",0,0,NA,FALSE,FALSE,FALSE,NA,"HMP1-2 taxonomy skin"
"k__Bacteria|p__Proteobacteria|c__CFGB1062|o__OFGB1062|f__FGB1062|g__GGB2734|s__GGB2734_SGB3677|t__SGB3677",0,0,NA,FALSE,FALSE,FALSE,NA,"HMP1-2 taxonomy skin"
"k__Bacteria|p__Firmicutes|c__Clostridia|o__Clostridiales|f__Lachnospiraceae|g__GGB3637|s__GGB3637_SGB4930|t__SGB4930",0,0,NA,FALSE,FALSE,FALSE,NA,"HMP1-2 taxonomy skin"
"k__Bacteria|p__Verrucomicrobia|c__Opitutae|o__Opitutales|f__Opitutales_unclassified|g__Opitutales_unclassified|s__Opitutales_bacterium|t__SGB8769",0,0,NA,FALSE,FALSE,FALSE,NA,"HMP1-2 taxonomy skin"
"k__Bacteria|p__Firmicutes|c__Clostridia|o__Clostridiales|f__Ruminococcaceae|g__GGB9635|s__GGB9635_SGB15101|t__SGB15101",0,0,NA,FALSE,FALSE,FALSE,NA,"HMP1-2 taxonomy skin"
"k__Bacteria|p__Firmicutes|c__Bacilli|o__Bacilli_unclassified|f__Bacilli_unclassified|g__GGB4693|s__GGB4693_SGB6491|t__SGB6491",0,0,NA,FALSE,FALSE,FALSE,NA,"HMP1-2 taxonomy skin"
"k__Bacteria|p__Firmicutes|c__Clostridia|o__Clostridia_unclassified|f__Clostridia_unclassified|g__Clostridia_unclassified|s__Clostridia_bacterium|t__SGB6346",0,0,NA,FALSE,FALSE,FALSE,NA,"HMP1-2 taxonomy skin"
"k__Bacteria|p__Actinobacteria|c__Coriobacteriia|o__Coriobacteriales|f__Atopobiaceae|g__Olsenella|s__Olsenella_sp_GAM18|t__SGB14370_group",0,0,NA,FALSE,FALSE,FALSE,NA,"HMP1-2 taxonomy skin"
"k__Bacteria|p__Firmicutes|c__Clostridia|o__Clostridiales|f__Ruminococcaceae|g__GGB13472|s__GGB13472_SGB20758|t__SGB20758",0,0,NA,FALSE,FALSE,FALSE,NA,"HMP1-2 taxonomy skin"
"k__Bacteria|p__Actinobacteria|c__Actinobacteria|o__Corynebacteriales|f__Corynebacteriaceae|g__Corynebacterium|s__Corynebacterium_fournieri|t__SGB33706",1,0.003125,0.000105,FALSE,FALSE,FALSE,NA,"HMP1-2 taxonomy skin"
"k__Bacteria|p__Firmicutes|c__Negativicutes|o__Acidaminococcales|f__Acidaminococcaceae|g__GGB4250|s__GGB4250_SGB5751|t__SGB5751",1,0.003125,4.32999913400017e-05,FALSE,FALSE,FALSE,NA,"HMP1-2 taxonomy skin"
"k__Bacteria|p__Proteobacteria|c__Epsilonproteobacteria|o__Campylobacterales|f__Helicobacteraceae|g__Helicobacter|s__Helicobacter_pylori|t__SGB19376",2,0.00625,0.00813120136614052,FALSE,TRUE,FALSE,NA,"HMP1-2 taxonomy skin"
"k__Bacteria|p__Firmicutes|c__Clostridia|o__Clostridiales|f__Peptostreptococcaceae|g__Peptacetobacter|s__Peptacetobacter_hiranonis|t__SGB6131",0,0,NA,FALSE,FALSE,FALSE,NA,"HMP1-2 taxonomy skin"
"k__Bacteria|p__Firmicutes|c__Bacilli|o__Lactobacillales|f__Streptococcaceae|g__Streptococcus|s__Streptococcus_dysgalactiae|t__SGB8219",0,0,NA,FALSE,FALSE,FALSE,NA,"HMP1-2 taxonomy skin"
"k__Bacteria|p__Firmicutes|c__Negativicutes|o__Veillonellales|f__Veillonellaceae|g__Veillonella|s__Veillonella_denticariosi|t__SGB6938",0,0,NA,FALSE,FALSE,FALSE,NA,"HMP1-2 taxonomy skin"
"k__Bacteria|p__Actinobacteria|c__Actinobacteria|o__Actinomycetales|f__Actinomycetaceae|g__Actinomyces|s__Actinomyces_ihuae|t__SGB17194",0,0,NA,FALSE,FALSE,FALSE,NA,"HMP1-2 taxonomy skin"
"k__Bacteria|p__Firmicutes|c__Clostridia|o__Clostridiales|f__Hungateiclostridiaceae|g__Fastidiosipila|s__Fastidiosipila_sanguinis|t__SGB29515",0,0,NA,FALSE,FALSE,FALSE,NA,"HMP1-2 taxonomy skin"
"k__Bacteria|p__Firmicutes|c__Tissierellia|o__Tissierellales|f__Peptoniphilaceae|g__Anaerococcus|s__Anaerococcus_prevotii|t__SGB6679",3,0.009375,0.00433879956914671,FALSE,TRUE,FALSE,NA,"HMP1-2 taxonomy skin"
"k__Bacteria|p__Firmicutes|c__Tissierellia|o__Tissierellales|f__Peptoniphilaceae|g__Peptoniphilus|s__Peptoniphilus_harei|t__SGB6693",7,0.021875,0.0118045003061101,FALSE,TRUE,FALSE,NA,"HMP1-2 taxonomy skin"
"k__Bacteria|p__Firmicutes|c__Tissierellia|o__Tissierellales|f__Peptoniphilaceae|g__Anaerococcus|s__Anaerococcus_senegalensis|t__SGB6664",3,0.009375,0.00354919995226343,FALSE,TRUE,FALSE,NA,"HMP1-2 taxonomy skin"
"k__Bacteria|p__Actinobacteria|c__Actinobacteria|o__Actinomycetales|f__Actinomycetaceae|g__GGB753|s__GGB753_SGB989|t__SGB989",3,0.009375,6.62333416433347e-05,FALSE,FALSE,FALSE,NA,"HMP1-2 taxonomy skin"
"k__Bacteria|p__Firmicutes|c__Clostridia|o__Clostridiales|f__Lachnospiraceae|g__Lachnospiraceae_unclassified|s__Lachnospiraceae_bacterium|t__SGB5267",0,0,NA,FALSE,FALSE,FALSE,NA,"HMP1-2 taxonomy skin"
"k__Bacteria|p__Firmicutes|c__Clostridia|o__Clostridiales|f__Peptostreptococcaceae|g__Peptostreptococcus|s__Peptostreptococcus_anaerobius|t__SGB746",0,0,NA,FALSE,FALSE,FALSE,NA,"HMP1-2 taxonomy skin"
"k__Bacteria|p__Firmicutes|c__Clostridia|o__Clostridiales|f__Peptostreptococcaceae|g__Peptostreptococcus|s__Peptostreptococcus_sp_MV1|t__SGB747",0,0,NA,FALSE,FALSE,FALSE,NA,"HMP1-2 taxonomy skin"
"k__Bacteria|p__Firmicutes|c__Clostridia|o__Clostridiales|f__Peptostreptococcaceae|g__Criibacterium|s__Criibacterium_bergeronii|t__SGB6645",0,0,NA,FALSE,FALSE,FALSE,NA,"HMP1-2 taxonomy skin"
"k__Bacteria|p__Firmicutes|c__Bacilli|o__Lactobacillales|f__Streptococcaceae|g__Streptococcus|s__Streptococcus_sp_DD11|t__SGB8055",0,0,NA,FALSE,FALSE,FALSE,NA,"HMP1-2 taxonomy skin"
"k__Bacteria|p__Firmicutes|c__Tissierellia|o__Tissierellales|f__Peptoniphilaceae|g__Anaerococcus|s__Anaerococcus_prevotii|t__SGB6676",2,0.00625,0.00370565111105033,FALSE,TRUE,FALSE,NA,"HMP1-2 taxonomy skin"
"k__Bacteria|p__Firmicutes|c__Tissierellia|o__Tissierellales|f__Peptoniphilaceae|g__Peptoniphilus|s__Peptoniphilus_sp_Marseille_P3761|t__SGB29485",3,0.009375,0.00106533349039343,FALSE,TRUE,FALSE,NA,"HMP1-2 taxonomy skin"
"k__Bacteria|p__Actinobacteria|c__Actinobacteria|o__Actinomycetales|f__Actinomycetaceae|g__Mobiluncus|s__Mobiluncus_SGB15488|t__SGB15488",1,0.003125,0.0022108006632402,FALSE,TRUE,FALSE,NA,"HMP1-2 taxonomy skin"
"k__Bacteria|p__Actinobacteria|c__Actinobacteria|o__Corynebacteriales|f__Corynebacteriaceae|g__Corynebacterium|s__Corynebacterium_amycolatum|t__SGB17036",12,0.0375,0.000161816699114177,FALSE,FALSE,FALSE,NA,"HMP1-2 taxonomy skin"
"k__Bacteria|p__Firmicutes|c__Tissierellia|o__Tissierellales|f__Peptoniphilaceae|g__Peptoniphilus|s__Peptoniphilus_pacaensis|t__SGB29484",1,0.003125,0.00011030003309001,FALSE,FALSE,FALSE,NA,"HMP1-2 taxonomy skin"
"k__Bacteria|p__Firmicutes|c__Tissierellia|o__Tissierellales|f__Peptoniphilaceae|g__Anaerococcus|s__Anaerococcus_marasmi|t__SGB29494",1,0.003125,0.000104700031410009,FALSE,FALSE,FALSE,NA,"HMP1-2 taxonomy skin"
"k__Bacteria|p__Proteobacteria|c__Betaproteobacteria|o__Rhodocyclales|f__Rhodocyclaceae|g__Azospira|s__Dechlorosoma_suillum|t__SGB12609",1,0.003125,9.28000278400083e-05,FALSE,FALSE,FALSE,NA,"HMP1-2 taxonomy skin"
"k__Bacteria|p__Proteobacteria|c__Gammaproteobacteria|o__Pseudomonadales|f__Moraxellaceae|g__Acinetobacter|s__Acinetobacter_junii|t__SGB10370",7,0.021875,0.0315555254881589,FALSE,TRUE,FALSE,NA,"HMP1-2 taxonomy skin"
"k__Bacteria|p__Firmicutes|c__Tissierellia|o__Tissierellales|f__Peptoniphilaceae|g__Anaerococcus|s__Anaerococcus_mediterraneensis|t__SGB29507",1,0.003125,1.87000056100017e-05,FALSE,FALSE,FALSE,NA,"HMP1-2 taxonomy skin"
"k__Bacteria|p__Proteobacteria|c__Deltaproteobacteria|o__Desulfovibrionales|f__Desulfovibrionaceae|g__GGB9815|s__GGB9815_SGB15449|t__SGB15449",0,0,NA,FALSE,FALSE,FALSE,NA,"HMP1-2 taxonomy skin"
"k__Bacteria|p__Firmicutes|c__Clostridia|o__Clostridiales|f__Lachnospiraceae|g__Blautia|s__Blautia_producta|t__SGB4785",0,0,NA,FALSE,FALSE,FALSE,NA,"HMP1-2 taxonomy skin"
"k__Bacteria|p__Firmicutes|c__Clostridia|o__Clostridia_unclassified|f__Clostridia_unclassified|g__GGB9104|s__GGB9104_SGB14036|t__SGB14036",0,0,NA,FALSE,FALSE,FALSE,NA,"HMP1-2 taxonomy skin"
"k__Bacteria|p__Verrucomicrobia|c__CFGB2164|o__OFGB2164|f__FGB2164|g__GGB6132|s__GGB6132_SGB8779|t__SGB8779",0,0,NA,FALSE,FALSE,FALSE,NA,"HMP1-2 taxonomy skin"
"k__Bacteria|p__Firmicutes|c__Clostridia|o__Clostridiales|f__Ruminococcaceae|g__Gemmiger|s__Gemmiger_SGB15292|t__SGB15292",0,0,NA,FALSE,FALSE,FALSE,NA,"HMP1-2 taxonomy skin"
"k__Bacteria|p__Firmicutes|c__Bacilli|o__Lactobacillales|f__Streptococcaceae|g__Streptococcus|s__Streptococcus_sinensis|t__SGB8030",0,0,NA,FALSE,FALSE,FALSE,NA,"HMP1-2 taxonomy skin"
"k__Bacteria|p__Proteobacteria|c__Betaproteobacteria|o__Burkholderiales|f__Burkholderiaceae|g__Burkholderia|s__Burkholderia_cenocepacia|t__SGB13000",0,0,NA,FALSE,FALSE,FALSE,NA,"HMP1-2 taxonomy skin"
"k__Bacteria|p__Bacteroidetes|c__Bacteroidia|o__Bacteroidales|f__Rikenellaceae|g__GGB1631|s__GGB1631_SGB2239|t__SGB2239",2,0.00625,0.011556846571256,FALSE,TRUE,FALSE,NA,"HMP1-2 taxonomy skin"
"k__Bacteria|p__Bacteroidetes|c__Bacteroidia|o__Bacteroidales|f__Bacteroidaceae|g__Bacteroidaceae_unclassified|s__Bacteroidaceae_bacterium|t__SGB1404",0,0,NA,FALSE,FALSE,FALSE,NA,"HMP1-2 taxonomy skin"
"k__Bacteria|p__Firmicutes|c__Bacilli|o__Bacilli_unclassified|f__Bacilli_unclassified|g__Bacilli_unclassified|s__Bacilli_unclassified_SGB6502|t__SGB6502",1,0.003125,1.21000048400019e-05,FALSE,FALSE,FALSE,NA,"HMP1-2 taxonomy skin"
"k__Bacteria|p__Bacteroidetes|c__Bacteroidia|o__Bacteroidales|f__Rikenellaceae|g__Rikenellaceae_unclassified|s__Rikenellaceae_unclassified_SGB2230|t__SGB2230",0,0,NA,FALSE,FALSE,FALSE,NA,"HMP1-2 taxonomy skin"
"k__Bacteria|p__Proteobacteria|c__Alphaproteobacteria|o__Sphingomonadales|f__Sphingomonadaceae|g__Sphingomonas|s__Sphingomonas_ginsenosidimutans|t__SGB11685",0,0,NA,FALSE,FALSE,FALSE,NA,"HMP1-2 taxonomy skin"
"k__Bacteria|p__Proteobacteria|c__Alphaproteobacteria|o__Rhizobiales|f__Bradyrhizobiaceae|g__Bradyrhizobium|s__Bradyrhizobium_elkanii|t__SGB11334",1,0.003125,0.0006734,FALSE,FALSE,FALSE,NA,"HMP1-2 taxonomy skin"
"k__Bacteria|p__Firmicutes|c__Clostridia|o__Clostridia_unclassified|f__Clostridia_unclassified|g__Clostridia_unclassified|s__Clostridia_bacterium|t__SGB14017",0,0,NA,FALSE,FALSE,FALSE,NA,"HMP1-2 taxonomy skin"
"k__Eukaryota|p__Eukaryota_unclassified|c__Eukaryota_unclassified|o__Eukaryota_unclassified|f__Eukaryota_unclassified|g__Blastocystis|s__Blastocystis_sp_subtype_1|t__EUK944036",0,0,NA,FALSE,FALSE,FALSE,NA,"HMP1-2 taxonomy skin"
"k__Bacteria|p__Firmicutes|c__Clostridia|o__Clostridia_unclassified|f__Clostridia_unclassified|g__Clostridia_unclassified|s__Clostridia_bacterium|t__SGB53819",0,0,NA,FALSE,FALSE,FALSE,NA,"HMP1-2 taxonomy skin"
"k__Bacteria|p__Bacteroidetes|c__Bacteroidia|o__Bacteroidales|f__Odoribacteraceae|g__GGB1332|s__GGB1332_SGB1789|t__SGB1789",0,0,NA,FALSE,FALSE,FALSE,NA,"HMP1-2 taxonomy skin"
"k__Bacteria|p__Proteobacteria|c__Gammaproteobacteria|o__Aeromonadales|f__Aeromonadaceae|g__GGB41458|s__GGB41458_SGB58520|t__SGB58520",0,0,NA,FALSE,FALSE,FALSE,NA,"HMP1-2 taxonomy skin"
"k__Bacteria|p__Bacteroidetes|c__Bacteroidia|o__Bacteroidales|f__Rikenellaceae|g__GGB1681|s__GGB1681_SGB2313|t__SGB2313",0,0,NA,FALSE,FALSE,FALSE,NA,"HMP1-2 taxonomy skin"
"k__Bacteria|p__Firmicutes|c__Clostridia|o__Clostridiales|f__Lachnospiraceae|g__Lachnospiraceae_unclassified|s__Lachnospiraceae_bacterium|t__SGB4668",0,0,NA,FALSE,FALSE,FALSE,NA,"HMP1-2 taxonomy skin"
"k__Bacteria|p__Firmicutes|c__Clostridia|o__Clostridia_unclassified|f__Clostridia_unclassified|g__Clostridia_unclassified|s__Clostridia_bacterium|t__SGB6264",0,0,NA,FALSE,FALSE,FALSE,NA,"HMP1-2 taxonomy skin"
"k__Bacteria|p__Firmicutes|c__Clostridia|o__Clostridia_unclassified|f__Clostridia_unclassified|g__GGB31790|s__GGB31790_SGB45159|t__SGB45159",0,0,NA,FALSE,FALSE,FALSE,NA,"HMP1-2 taxonomy skin"
"k__Bacteria|p__Bacteroidetes|c__Bacteroidia|o__Bacteroidales|f__Bacteroidaceae|g__Bacteroidaceae_unclassified|s__Bacteroidaceae_bacterium|t__SGB1408",0,0,NA,FALSE,FALSE,FALSE,NA,"HMP1-2 taxonomy skin"
"k__Bacteria|p__Firmicutes|c__Clostridia|o__Clostridia_unclassified|f__Clostridia_unclassified|g__Clostridia_unclassified|s__Clostridia_bacterium|t__SGB14862",0,0,NA,FALSE,FALSE,FALSE,NA,"HMP1-2 taxonomy skin"
"k__Bacteria|p__Firmicutes|c__Clostridia|o__Clostridia_unclassified|f__Clostridia_unclassified|g__Clostridia_unclassified|s__Clostridia_unclassified_SGB6344|t__SGB6344",0,0,NA,FALSE,FALSE,FALSE,NA,"HMP1-2 taxonomy skin"
"k__Bacteria|p__Candidatus_Melainabacteria|c__Candidatus_Melainabacteria_unclassified|o__Candidatus_Gastranaerophilales|f__Candidatus_Gastranaerophilales_unclassified|g__Candidatus_Gastranaerophilales_unclassified|s__Candidatus_Gastranaerophilales_bacterium|t__SGB8625",0,0,NA,FALSE,FALSE,FALSE,NA,"HMP1-2 taxonomy skin"
"k__Bacteria|p__Proteobacteria|c__Gammaproteobacteria|o__Enterobacterales|f__Erwiniaceae|g__Pantoea|s__Pantoea_agglomerans|t__SGB10187",0,0,NA,FALSE,FALSE,FALSE,NA,"HMP1-2 taxonomy skin"
"k__Bacteria|p__Candidatus_Melainabacteria|c__Candidatus_Melainabacteria_unclassified|o__Candidatus_Gastranaerophilales|f__Candidatus_Gastranaerophilales_unclassified|g__Candidatus_Gastranaerophilales_unclassified|s__Candidatus_Gastranaerophilales_unclassified_SGB8630|t__SGB8630",0,0,NA,FALSE,FALSE,FALSE,NA,"HMP1-2 taxonomy skin"
"k__Bacteria|p__Actinobacteria|c__Coriobacteriia|o__Eggerthellales|f__Eggerthellaceae|g__Eggerthellaceae_unclassified|s__Eggerthellaceae_bacterium|t__SGB14327",0,0,NA,FALSE,FALSE,FALSE,NA,"HMP1-2 taxonomy skin"
"k__Bacteria|p__Firmicutes|c__Bacilli|o__Bacillales|f__Bacillales_unclassified|g__Gemella|s__Gemella_cuniculi|t__SGB29652",0,0,NA,FALSE,FALSE,FALSE,NA,"HMP1-2 taxonomy skin"
"k__Bacteria|p__Firmicutes|c__Clostridia|o__Clostridiales|f__Ruminococcaceae|g__Ruminococcaceae_unclassified|s__Ruminococcaceae_bacterium_UBA1375|t__SGB14840",1,0.003125,0.00407210040721004,FALSE,TRUE,FALSE,NA,"HMP1-2 taxonomy skin"
"k__Bacteria|p__Bacteroidetes|c__Bacteroidia|o__Bacteroidales|f__Bacteroidales_unclassified|g__GGB1515|s__GGB1515_SGB2095|t__SGB2095",0,0,NA,FALSE,FALSE,FALSE,NA,"HMP1-2 taxonomy skin"
"k__Bacteria|p__Firmicutes|c__CFGB12541|o__OFGB12541|f__FGB12541|g__GGB35551|s__GGB35551_SGB53794|t__SGB53794",0,0,NA,FALSE,FALSE,FALSE,NA,"HMP1-2 taxonomy skin"
"k__Bacteria|p__Firmicutes|c__Bacilli|o__Lactobacillales|f__Lactobacillaceae|g__Lactobacillus|s__Lactobacillus_delbrueckii|t__SGB7020",1,0.003125,2.2200006660002e-05,FALSE,FALSE,FALSE,NA,"HMP1-2 taxonomy skin"
"k__Bacteria|p__Proteobacteria|c__Gammaproteobacteria|o__Enterobacterales|f__Enterobacteriaceae|g__Klebsiella|s__Klebsiella_sp_WP3_S18_ESBL_05|t__SGB23240",0,0,NA,FALSE,FALSE,FALSE,NA,"HMP1-2 taxonomy skin"
"k__Bacteria|p__Firmicutes|c__Clostridia|o__Clostridiales|f__Lachnospiraceae|g__Lachnospiraceae_unclassified|s__Lachnospiraceae_bacterium_UBA1818|t__SGB4604",0,0,NA,FALSE,FALSE,FALSE,NA,"HMP1-2 taxonomy skin"
"k__Bacteria|p__Actinobacteria|c__Coriobacteriia|o__Eggerthellales|f__Eggerthellaceae|g__GGB9434|s__GGB9434_SGB14812|t__SGB14812",0,0,NA,FALSE,FALSE,FALSE,NA,"HMP1-2 taxonomy skin"
"k__Bacteria|p__Firmicutes|c__Clostridia|o__Clostridiales|f__Clostridiales_unclassified|g__Intestinimonas|s__Intestinimonas_massiliensis|t__SGB29331",0,0,NA,FALSE,FALSE,FALSE,NA,"HMP1-2 taxonomy skin"
"k__Bacteria|p__Actinobacteria|c__Actinobacteria|o__Actinomycetales|f__Actinomycetaceae|g__Schaalia|s__Schaalia_turicensis|t__SGB17195",0,0,NA,FALSE,FALSE,FALSE,NA,"HMP1-2 taxonomy skin"
"k__Bacteria|p__Firmicutes|c__Clostridia|o__Clostridiales|f__Lachnospiraceae|g__Lachnospira|s__Lachnospira_SGB5076|t__SGB5076",0,0,NA,FALSE,FALSE,FALSE,NA,"HMP1-2 taxonomy skin"
"k__Bacteria|p__Firmicutes|c__Clostridia|o__Clostridiales|f__Peptococcaceae|g__Peptococcaceae_unclassified|s__Peptococcaceae_bacterium|t__SGB4053",0,0,NA,FALSE,FALSE,FALSE,NA,"HMP1-2 taxonomy skin"
"k__Bacteria|p__Actinobacteria|c__Coriobacteriia|o__Coriobacteriia_unclassified|f__Coriobacteriia_unclassified|g__Coriobacteriia_unclassified|s__Coriobacteriia_unclassified_SGB14764|t__SGB14764",0,0,NA,FALSE,FALSE,FALSE,NA,"HMP1-2 taxonomy skin"
"k__Bacteria|p__Firmicutes|c__Erysipelotrichia|o__Erysipelotrichales|f__Erysipelotrichaceae|g__Erysipelotrichaceae_unclassified|s__Erysipelotrichaceae_bacterium|t__SGB4028",0,0,NA,FALSE,FALSE,FALSE,NA,"HMP1-2 taxonomy skin"
"k__Bacteria|p__Bacteroidetes|c__Bacteroidia|o__Bacteroidales|f__Bacteroidaceae|g__Bacteroides|s__Bacteroides_acidifaciens|t__SGB27814",0,0,NA,FALSE,FALSE,FALSE,NA,"HMP1-2 taxonomy skin"
"k__Bacteria|p__Bacteroidetes|c__Bacteroidia|o__Bacteroidales|f__Dysgonomonadaceae|g__Dysgonomonas|s__Dysgonomonas_capnocytophagoides|t__SGB1769",0,0,NA,FALSE,FALSE,FALSE,NA,"HMP1-2 taxonomy skin"
"k__Bacteria|p__Firmicutes|c__Bacilli|o__Lactobacillales|f__Lactobacillaceae|g__Ligilactobacillus|s__Ligilactobacillus_salivarius|t__SGB7082",0,0,NA,FALSE,FALSE,FALSE,NA,"HMP1-2 taxonomy skin"
"k__Bacteria|p__Firmicutes|c__Clostridia|o__Clostridiales|f__Ruminococcaceae|g__Ruminococcaceae_unclassified|s__Ruminococcaceae_bacterium|t__SGB4252",0,0,NA,FALSE,FALSE,FALSE,NA,"HMP1-2 taxonomy skin"
"k__Bacteria|p__Firmicutes|c__Clostridia|o__Clostridia_unclassified|f__Clostridia_unclassified|g__Clostridia_unclassified|s__Clostridia_bacterium|t__SGB14203",0,0,NA,FALSE,FALSE,FALSE,NA,"HMP1-2 taxonomy skin"
"k__Bacteria|p__Proteobacteria|c__Deltaproteobacteria|o__Desulfovibrionales|f__Desulfovibrionaceae|g__Desulfovibrionaceae_unclassified|s__Desulfovibrionaceae_unclassified_SGB40890|t__SGB40890",0,0,NA,FALSE,FALSE,FALSE,NA,"HMP1-2 taxonomy skin"
"k__Bacteria|p__Firmicutes|c__Clostridia|o__Clostridia_unclassified|f__Clostridia_unclassified|g__Candidatus_Cryptoclostridium|s__Candidatus_Cryptoclostridium_obscurum|t__SGB61016",0,0,NA,FALSE,FALSE,FALSE,NA,"HMP1-2 taxonomy skin"
"k__Bacteria|p__Firmicutes|c__Clostridia|o__Clostridiales|f__Ruminococcaceae|g__GGB9730|s__GGB9730_SGB15290|t__SGB15290",0,0,NA,FALSE,FALSE,FALSE,NA,"HMP1-2 taxonomy skin"
"k__Bacteria|p__Firmicutes|c__Clostridia|o__Clostridia_unclassified|f__Clostridia_unclassified|g__Clostridia_unclassified|s__Clostridia_bacterium|t__SGB4151",0,0,NA,FALSE,FALSE,FALSE,NA,"HMP1-2 taxonomy skin"
"k__Bacteria|p__Firmicutes|c__Tissierellia|o__Tissierellales|f__Peptoniphilaceae|g__Anaerococcus|s__Anaerococcus_nagyae|t__SGB24935",17,0.053125,0.00736518822837497,FALSE,TRUE,FALSE,NA,"HMP1-2 taxonomy skin"
"k__Bacteria|p__Proteobacteria|c__Gammaproteobacteria|o__Pseudomonadales|f__Moraxellaceae|g__Acinetobacter|s__Acinetobacter_baumannii|t__SGB10343",4,0.0125,0.00114300000132,FALSE,TRUE,FALSE,NA,"HMP1-2 taxonomy skin"
"k__Bacteria|p__Actinobacteria|c__Actinobacteria|o__Micrococcales|f__Dermabacteraceae|g__Dermabacter|s__Dermabacter_hominis|t__SGB17179",1,0.003125,0.0003588,FALSE,FALSE,FALSE,NA,"HMP1-2 taxonomy skin"
"k__Bacteria|p__Proteobacteria|c__Gammaproteobacteria|o__Pseudomonadales|f__Moraxellaceae|g__Acinetobacter|s__Acinetobacter_lwoffii|t__SGB10405",2,0.00625,0.000216150019280004,FALSE,FALSE,FALSE,NA,"HMP1-2 taxonomy skin"
"k__Bacteria|p__Actinobacteria|c__Actinobacteria|o__Micrococcales|f__Micrococcaceae|g__Micrococcus|s__Micrococcus_lylae|t__SGB16675",2,0.00625,2.045e-05,FALSE,FALSE,FALSE,NA,"HMP1-2 taxonomy skin"
"k__Bacteria|p__Actinobacteria|c__Actinobacteria|o__Corynebacteriales|f__Corynebacteriaceae|g__Corynebacterium|s__Corynebacterium_phoceense|t__SGB17119",1,0.003125,2.72e-05,FALSE,FALSE,FALSE,NA,"HMP1-2 taxonomy skin"
"k__Bacteria|p__Actinobacteria|c__Actinobacteria|o__Corynebacteriales|f__Corynebacteriaceae|g__Corynebacterium|s__Corynebacterium_appendicis|t__SGB17051",3,0.009375,0.000557966693033336,FALSE,FALSE,FALSE,NA,"HMP1-2 taxonomy skin"
"k__Bacteria|p__Firmicutes|c__Tissierellia|o__Tissierellales|f__Peptoniphilaceae|g__Anaerococcus|s__Anaerococcus_urinomassiliensis|t__SGB29510",2,0.00625,1.20500009900001e-05,FALSE,FALSE,FALSE,NA,"HMP1-2 taxonomy skin"
"k__Bacteria|p__Firmicutes|c__Bacilli|o__Lactobacillales|f__Aerococcaceae|g__Facklamia|s__Facklamia_hominis|t__SGB7882",2,0.00625,0.000257800023880002,FALSE,FALSE,FALSE,NA,"HMP1-2 taxonomy skin"
"k__Bacteria|p__Fusobacteria|c__Fusobacteriia|o__Fusobacteriales|f__Fusobacteriaceae|g__Fusobacterium|s__Fusobacterium_gonidiaformans|t__SGB5985",0,0,NA,FALSE,FALSE,FALSE,NA,"HMP1-2 taxonomy skin"
"k__Bacteria|p__Synergistetes|c__Synergistia|o__Synergistales|f__Synergistaceae|g__Pyramidobacter|s__Pyramidobacter_piscolens|t__SGB15497",0,0,NA,FALSE,FALSE,FALSE,NA,"HMP1-2 taxonomy skin"
"k__Bacteria|p__Actinobacteria|c__Actinobacteria|o__Corynebacteriales|f__Corynebacteriaceae|g__Corynebacterium|s__Corynebacterium_bovis|t__SGB33717",1,0.003125,0.00442989955701004,FALSE,TRUE,FALSE,NA,"HMP1-2 taxonomy skin"
"k__Bacteria|p__Firmicutes|c__Clostridia|o__Clostridia_unclassified|f__Clostridia_unclassified|g__GGB9270|s__GGB9270_SGB14221|t__SGB14221",0,0,NA,FALSE,FALSE,FALSE,NA,"HMP1-2 taxonomy skin"
"k__Bacteria|p__Proteobacteria|c__CFGB2395|o__OFGB2395|f__FGB2395|g__GGB6547|s__GGB6547_SGB9247|t__SGB9247",0,0,NA,FALSE,FALSE,FALSE,NA,"HMP1-2 taxonomy skin"
"k__Bacteria|p__Bacteroidetes|c__Bacteroidia|o__Bacteroidales|f__Bacteroidales_unclassified|g__Bacteroidales_unclassified|s__Bacteroidales_bacterium|t__SGB2073",0,0,NA,FALSE,FALSE,FALSE,NA,"HMP1-2 taxonomy skin"
"k__Bacteria|p__Firmicutes|c__Bacilli|o__Bacilli_unclassified|f__Bacilli_unclassified|g__Bacilli_unclassified|s__Bacilli_bacterium|t__SGB6538",0,0,NA,FALSE,FALSE,FALSE,NA,"HMP1-2 taxonomy skin"
"k__Bacteria|p__Bacteroidetes|c__Bacteroidia|o__Bacteroidales|f__Rikenellaceae|g__GGB1689|s__GGB1689_SGB2321|t__SGB2321",0,0,NA,FALSE,FALSE,FALSE,NA,"HMP1-2 taxonomy skin"
"k__Bacteria|p__Firmicutes|c__Negativicutes|o__Veillonellales|f__Veillonellaceae|g__Veillonella|s__Veillonella_montpellierensis|t__SGB6960",0,0,NA,FALSE,FALSE,FALSE,NA,"HMP1-2 taxonomy skin"
"k__Bacteria|p__Firmicutes|c__Bacilli|o__Lactobacillales|f__Enterococcaceae|g__Enterococcus|s__Enterococcus_hirae|t__SGB7970",0,0,NA,FALSE,FALSE,FALSE,NA,"HMP1-2 taxonomy skin"
"k__Bacteria|p__Firmicutes|c__Tissierellia|o__Tissierellales|f__Peptoniphilaceae|g__Anaerococcus|s__Anaerococcus_jeddahensis|t__SGB6665_group",3,0.009375,0.00110116675644004,FALSE,TRUE,FALSE,NA,"HMP1-2 taxonomy skin"
"k__Bacteria|p__Actinobacteria|c__Actinobacteria|o__Micrococcales|f__Dermatophilaceae|g__Kineosphaera|s__Kineosphaera_limosa|t__SGB16013",0,0,NA,FALSE,FALSE,FALSE,NA,"HMP1-2 taxonomy skin"
"k__Bacteria|p__Firmicutes|c__Bacilli|o__Bacilli_unclassified|f__Bacilli_unclassified|g__Bacilli_unclassified|s__Bacilli_bacterium|t__SGB6511",0,0,NA,FALSE,FALSE,FALSE,NA,"HMP1-2 taxonomy skin"
"k__Bacteria|p__Firmicutes|c__Clostridia|o__Clostridia_unclassified|f__Clostridia_unclassified|g__GGB9278|s__GGB9278_SGB14230|t__SGB14230",0,0,NA,FALSE,FALSE,FALSE,NA,"HMP1-2 taxonomy skin"
"k__Bacteria|p__Firmicutes|c__Clostridia|o__Clostridia_unclassified|f__Clostridia_unclassified|g__Clostridia_unclassified|s__Clostridia_bacterium|t__SGB14193",0,0,NA,FALSE,FALSE,FALSE,NA,"HMP1-2 taxonomy skin"
"k__Bacteria|p__Firmicutes|c__Clostridia|o__Clostridia_unclassified|f__Clostridia_unclassified|g__GGB9052|s__GGB9052_SGB13957|t__SGB13957",0,0,NA,FALSE,FALSE,FALSE,NA,"HMP1-2 taxonomy skin"
"k__Bacteria|p__Firmicutes|c__Clostridia|o__Clostridia_unclassified|f__Clostridia_unclassified|g__Clostridia_unclassified|s__Clostridia_bacterium|t__SGB14113",1,0.003125,0.0239858928042322,FALSE,TRUE,FALSE,NA,"HMP1-2 taxonomy skin"
"k__Bacteria|p__Firmicutes|c__Clostridia|o__Clostridiales|f__Eubacteriaceae|g__Eubacterium|s__Eubacterium_sp_AF22_8LB|t__SGB6816",0,0,NA,FALSE,FALSE,FALSE,NA,"HMP1-2 taxonomy skin"
"k__Bacteria|p__Actinobacteria|c__Coriobacteriia|o__Eggerthellales|f__Eggerthellaceae|g__Eggerthellaceae_unclassified|s__Eggerthellaceae_bacterium|t__SGB14334",0,0,NA,FALSE,FALSE,FALSE,NA,"HMP1-2 taxonomy skin"
"k__Bacteria|p__Firmicutes|c__Negativicutes|o__Acidaminococcales|f__Acidaminococcaceae|g__GGB4237|s__GGB4237_SGB5728|t__SGB5728",0,0,NA,FALSE,FALSE,FALSE,NA,"HMP1-2 taxonomy skin"
"k__Bacteria|p__Firmicutes|c__Clostridia|o__Clostridia_unclassified|f__Clostridia_unclassified|g__Clostridia_unclassified|s__Clostridia_bacterium|t__SGB14955",0,0,NA,FALSE,FALSE,FALSE,NA,"HMP1-2 taxonomy skin"
"k__Bacteria|p__Proteobacteria|c__Betaproteobacteria|o__Burkholderiales|f__Comamonadaceae|g__Comamonas|s__Comamonas_kerstersii|t__SGB12676",0,0,NA,FALSE,FALSE,FALSE,NA,"HMP1-2 taxonomy skin"
"k__Bacteria|p__Firmicutes|c__Clostridia|o__Clostridiales|f__Ruminococcaceae|g__Ruminococcaceae_unclassified|s__Ruminococcaceae_bacterium|t__SGB53790",0,0,NA,FALSE,FALSE,FALSE,NA,"HMP1-2 taxonomy skin"
"k__Bacteria|p__Firmicutes|c__CFGB12479|o__OFGB12479|f__FGB12479|g__GGB35456|s__GGB35456_SGB47582|t__SGB47582",0,0,NA,FALSE,FALSE,FALSE,NA,"HMP1-2 taxonomy skin"
"k__Bacteria|p__Firmicutes|c__Clostridia|o__Clostridiales|f__Eubacteriaceae|g__Eubacterium|s__Eubacterium_sp_NSJ_61|t__SGB4040",0,0,NA,FALSE,FALSE,FALSE,NA,"HMP1-2 taxonomy skin"
"k__Bacteria|p__Firmicutes|c__Clostridia|o__Clostridiales|f__Ruminococcaceae|g__Ruminococcus|s__Ruminococcus_gauvreauii|t__SGB29375",0,0,NA,FALSE,FALSE,FALSE,NA,"HMP1-2 taxonomy skin"
"k__Bacteria|p__Bacteroidetes|c__Bacteroidia|o__Bacteroidales|f__Prevotellaceae|g__GGB1250|s__GGB1250_SGB1673|t__SGB1673",0,0,NA,FALSE,FALSE,FALSE,NA,"HMP1-2 taxonomy skin"
"k__Bacteria|p__Bacteroidetes|c__Bacteroidia|o__Bacteroidales|f__Prevotellaceae|g__Prevotella|s__Prevotella_sp_P4_51|t__SGB1666",0,0,NA,FALSE,FALSE,FALSE,NA,"HMP1-2 taxonomy skin"
"k__Bacteria|p__Bacteroidetes|c__Bacteroidia|o__Bacteroidales|f__Rikenellaceae|g__GGB1629|s__GGB1629_SGB2237|t__SGB2237",0,0,NA,FALSE,FALSE,FALSE,NA,"HMP1-2 taxonomy skin"
"k__Bacteria|p__Bacteroidetes|c__Bacteroidia|o__Bacteroidales|f__Bacteroidaceae|g__Bacteroidaceae_unclassified|s__Bacteroidaceae_bacterium|t__SGB1475",0,0,NA,FALSE,FALSE,FALSE,NA,"HMP1-2 taxonomy skin"
"k__Bacteria|p__Bacteroidetes|c__Bacteroidia|o__Bacteroidales|f__Rikenellaceae|g__GGB1672|s__GGB1672_SGB2289|t__SGB2289",2,0.00625,1.97500074800029e-05,FALSE,FALSE,FALSE,NA,"HMP1-2 taxonomy skin"
"k__Bacteria|p__Bacteroidetes|c__CFGB544|o__OFGB544|f__FGB544|g__GGB1123|s__GGB1123_SGB1437|t__SGB1437",0,0,NA,FALSE,FALSE,FALSE,NA,"HMP1-2 taxonomy skin"
"k__Bacteria|p__Bacteroidetes|c__Bacteroidia|o__Bacteroidales|f__Prevotellaceae|g__GGB1247|s__GGB1247_SGB1668|t__SGB1668",0,0,NA,FALSE,FALSE,FALSE,NA,"HMP1-2 taxonomy skin"
"k__Bacteria|p__Firmicutes|c__Clostridia|o__Clostridia_unclassified|f__Clostridia_unclassified|g__Clostridia_unclassified|s__Clostridia_bacterium|t__SGB47307",0,0,NA,FALSE,FALSE,FALSE,NA,"HMP1-2 taxonomy skin"
"k__Bacteria|p__Bacteroidetes|c__Bacteroidia|o__Bacteroidales|f__Prevotellaceae|g__GGB1246|s__GGB1246_SGB1667|t__SGB1667",0,0,NA,FALSE,FALSE,FALSE,NA,"HMP1-2 taxonomy skin"
"k__Bacteria|p__Bacteroidetes|c__Bacteroidia|o__Bacteroidales|f__Bacteroidaceae|g__Bacteroides|s__Bacteroides_cutis|t__SGB1827",0,0,NA,FALSE,FALSE,FALSE,NA,"HMP1-2 taxonomy skin"
"k__Bacteria|p__Lentisphaerae|c__Lentisphaeria|o__Lentisphaeria_unclassified|f__Lentisphaeria_unclassified|g__Lentisphaeria_unclassified|s__Lentisphaeria_bacterium|t__SGB48040",0,0,NA,FALSE,FALSE,FALSE,NA,"HMP1-2 taxonomy skin"
"k__Bacteria|p__Bacteroidetes|c__Bacteroidia|o__Bacteroidales|f__Prevotellaceae|g__Prevotella|s__Prevotella_SGB1680|t__SGB1680",0,0,NA,FALSE,FALSE,FALSE,NA,"HMP1-2 taxonomy skin"
"k__Bacteria|p__Lentisphaerae|c__Lentisphaeria|o__Lentisphaeria_unclassified|f__Lentisphaeria_unclassified|g__Lentisphaeria_unclassified|s__Lentisphaeria_bacterium|t__SGB9210",0,0,NA,FALSE,FALSE,FALSE,NA,"HMP1-2 taxonomy skin"
"k__Bacteria|p__Proteobacteria|c__Alphaproteobacteria|o__Rhizobiales|f__Phyllobacteriaceae|g__GGB38171|s__GGB38171_SGB72433|t__SGB72433_group",0,0,NA,FALSE,FALSE,FALSE,NA,"HMP1-2 taxonomy skin"
"k__Bacteria|p__Bacteroidetes|c__Bacteroidia|o__Bacteroidales|f__Prevotellaceae|g__GGB1235|s__GGB1235_SGB1614|t__SGB1614",0,0,NA,FALSE,FALSE,FALSE,NA,"HMP1-2 taxonomy skin"
"k__Bacteria|p__Firmicutes|c__Bacilli|o__Bacillales|f__Staphylococcaceae|g__Staphylococcus|s__Staphylococcus_haemolyticus|t__SGB7861",5,0.015625,0.00599678009232602,FALSE,TRUE,FALSE,NA,"HMP1-2 taxonomy skin"
"k__Bacteria|p__Synergistetes|c__Synergistia|o__Synergistales|f__Synergistaceae|g__Jonquetella|s__Jonquetella_anthropi|t__SGB15495",1,0.003125,4.79999904000019e-05,FALSE,FALSE,FALSE,NA,"HMP1-2 taxonomy skin"
"k__Bacteria|p__Lentisphaerae|c__Lentisphaeria|o__Lentisphaeria_unclassified|f__Lentisphaeria_unclassified|g__Lentisphaeria_unclassified|s__Lentisphaeria_bacterium|t__SGB9207",0,0,NA,FALSE,FALSE,FALSE,NA,"HMP1-2 taxonomy skin"
"k__Bacteria|p__Bacteroidetes|c__Bacteroidia|o__Bacteroidales|f__Bacteroidaceae|g__Bacteroides|s__Bacteroides_stercorirosoris|t__SGB1848",0,0,NA,FALSE,FALSE,FALSE,NA,"HMP1-2 taxonomy skin"
"k__Bacteria|p__Bacteroidetes|c__Bacteroidia|o__Bacteroidales|f__Rikenellaceae|g__GGB27776|s__GGB27776_SGB40190|t__SGB40190",0,0,NA,FALSE,FALSE,FALSE,NA,"HMP1-2 taxonomy skin"
"k__Bacteria|p__Bacteroidetes|c__Bacteroidia|o__Bacteroidales|f__Porphyromonadaceae|g__Sanguibacteroides|s__Sanguibacteroides_SGB1777|t__SGB1777",0,0,NA,FALSE,FALSE,FALSE,NA,"HMP1-2 taxonomy skin"
"k__Bacteria|p__Firmicutes|c__CFGB2801|o__OFGB2801|f__FGB2801|g__GGB8965|s__GGB8965_SGB13825|t__SGB13825",0,0,NA,FALSE,FALSE,FALSE,NA,"HMP1-2 taxonomy skin"
"k__Bacteria|p__Firmicutes|c__Bacilli|o__Lactobacillales|f__Lactobacillaceae|g__Lacticaseibacillus|s__Lacticaseibacillus_paracasei|t__SGB7142",0,0,NA,FALSE,FALSE,FALSE,NA,"HMP1-2 taxonomy skin"
"k__Bacteria|p__Actinobacteria|c__Coriobacteriia|o__Coriobacteriales|f__Coriobacteriaceae|g__Enorma|s__Enorma_phocaeensis|t__SGB33571",0,0,NA,FALSE,FALSE,FALSE,NA,"HMP1-2 taxonomy skin"
"k__Bacteria|p__Bacteroidetes|c__Bacteroidia|o__Bacteroidales|f__Bacteroidaceae|g__Bacteroides|s__Bacteroides_sp_AM10_21B|t__SGB1831",0,0,NA,FALSE,FALSE,FALSE,NA,"HMP1-2 taxonomy skin"
"k__Bacteria|p__Lentisphaerae|c__Lentisphaeria|o__Lentisphaeria_unclassified|f__Lentisphaeria_unclassified|g__Lentisphaeria_unclassified|s__Lentisphaeria_bacterium|t__SGB9193",0,0,NA,FALSE,FALSE,FALSE,NA,"HMP1-2 taxonomy skin"
"k__Bacteria|p__Actinobacteria|c__Actinobacteria|o__Corynebacteriales|f__Corynebacteriaceae|g__Corynebacterium|s__Corynebacterium_afermentans|t__SGB17067",4,0.0125,0.00234895046818009,FALSE,TRUE,FALSE,NA,"HMP1-2 taxonomy skin"
"k__Bacteria|p__Actinobacteria|c__Actinobacteria|o__Micrococcales|f__Dermabacteraceae|g__Dermabacter|s__Dermabacter_vaginalis|t__SGB17180",3,0.009375,0.00033743339078668,FALSE,FALSE,FALSE,NA,"HMP1-2 taxonomy skin"
"k__Bacteria|p__Actinobacteria|c__Actinobacteria|o__Corynebacteriales|f__Corynebacteriaceae|g__Corynebacterium|s__Corynebacterium_genitalium|t__SGB17050",4,0.0125,0.000174924949462515,FALSE,FALSE,FALSE,NA,"HMP1-2 taxonomy skin"
"k__Bacteria|p__Firmicutes|c__Bacilli|o__Lactobacillales|f__Lactobacillaceae|g__Latilactobacillus|s__Latilactobacillus_curvatus|t__SGB7249",4,0.0125,8.80999930225023e-05,FALSE,FALSE,FALSE,NA,"HMP1-2 taxonomy skin"
"k__Bacteria|p__Firmicutes|c__Negativicutes|o__Veillonellales|f__Veillonellaceae|g__Megasphaera|s__Megasphaera_sp_MJR8396C|t__SGB5855",0,0,NA,FALSE,FALSE,FALSE,NA,"HMP1-2 taxonomy skin"
"k__Bacteria|p__Firmicutes|c__Clostridia|o__Clostridiales|f__Clostridiaceae|g__Clostridiaceae_unclassified|s__Clostridiaceae_bacterium_DONG20_135|t__SGB4034",0,0,NA,FALSE,FALSE,FALSE,NA,"HMP1-2 taxonomy skin"
"k__Bacteria|p__Bacteroidetes|c__Bacteroidia|o__Bacteroidales|f__Bacteroidaceae|g__Bacteroides|s__Bacteroides_acidifaciens|t__SGB48548",0,0,NA,FALSE,FALSE,FALSE,NA,"HMP1-2 taxonomy skin"
"k__Bacteria|p__Firmicutes|c__Clostridia|o__Clostridia_unclassified|f__Clostridia_unclassified|g__Clostridia_unclassified|s__Clostridia_bacterium|t__SGB15400",0,0,NA,FALSE,FALSE,FALSE,NA,"HMP1-2 taxonomy skin"
"k__Bacteria|p__Firmicutes|c__Clostridia|o__Clostridiales|f__Peptostreptococcaceae|g__Clostridioides|s__Clostridioides_difficile|t__SGB6136",0,0,NA,FALSE,FALSE,FALSE,NA,"HMP1-2 taxonomy skin"
"k__Bacteria|p__Firmicutes|c__Bacilli|o__Lactobacillales|f__Lactobacillaceae|g__Lactiplantibacillus|s__Lactiplantibacillus_plantarum|t__SGB7202",0,0,NA,FALSE,FALSE,FALSE,NA,"HMP1-2 taxonomy skin"
"k__Eukaryota|p__Ascomycota|c__Saccharomycetes|o__Saccharomycetales|f__Debaryomycetaceae|g__Candida|s__Candida_dubliniensis|t__EUK42374",0,0,NA,FALSE,FALSE,FALSE,NA,"HMP1-2 taxonomy skin"
"k__Bacteria|p__Firmicutes|c__Clostridia|o__Clostridia_unclassified|f__Clostridia_unclassified|g__Clostridia_unclassified|s__Clostridia_bacterium|t__SGB4111",0,0,NA,FALSE,FALSE,FALSE,NA,"HMP1-2 taxonomy skin"
"k__Bacteria|p__Firmicutes|c__Bacilli|o__Bacilli_unclassified|f__Bacilli_unclassified|g__GGB4652|s__GGB4652_SGB6439|t__SGB6439",0,0,NA,FALSE,FALSE,FALSE,NA,"HMP1-2 taxonomy skin"
"k__Bacteria|p__Firmicutes|c__Clostridia|o__Clostridia_unclassified|f__Clostridia_unclassified|g__Clostridia_unclassified|s__Clostridia_bacterium|t__SGB14945",0,0,NA,FALSE,FALSE,FALSE,NA,"HMP1-2 taxonomy skin"
"k__Bacteria|p__Firmicutes|c__Clostridia|o__Clostridiales|f__Ruminococcaceae|g__GGB3189|s__GGB3189_SGB4212|t__SGB4212",0,0,NA,FALSE,FALSE,FALSE,NA,"HMP1-2 taxonomy skin"
"k__Bacteria|p__Firmicutes|c__Clostridia|o__Clostridia_unclassified|f__Clostridia_unclassified|g__Clostridia_unclassified|s__Clostridia_bacterium|t__SGB14202",0,0,NA,FALSE,FALSE,FALSE,NA,"HMP1-2 taxonomy skin"
"k__Bacteria|p__Firmicutes|c__Bacilli|o__Bacilli_unclassified|f__Bacilli_unclassified|g__Bacilli_unclassified|s__Bacilli_bacterium|t__SGB6578",0,0,NA,FALSE,FALSE,FALSE,NA,"HMP1-2 taxonomy skin"
"k__Bacteria|p__Bacteroidetes|c__Bacteroidia|o__Bacteroidales|f__Tannerellaceae|g__GGB1410|s__GGB1410_SGB1935|t__SGB1935",0,0,NA,FALSE,FALSE,FALSE,NA,"HMP1-2 taxonomy skin"
"k__Bacteria|p__Firmicutes|c__Negativicutes|o__Acidaminococcales|f__Acidaminococcaceae|g__Acidaminococcaceae_unclassified|s__Acidaminococcaceae_bacterium|t__SGB5789",0,0,NA,FALSE,FALSE,FALSE,NA,"HMP1-2 taxonomy skin"
"k__Bacteria|p__Proteobacteria|c__Gammaproteobacteria|o__Enterobacterales|f__Hafniaceae|g__Hafnia|s__Hafnia_paralvei|t__SGB10207",0,0,NA,FALSE,FALSE,FALSE,NA,"HMP1-2 taxonomy skin"
"k__Bacteria|p__Firmicutes|c__Clostridia|o__Clostridia_unclassified|f__Clostridia_unclassified|g__Candidatus_Flemingibacterium|s__Candidatus_Flemingibacterium_merdigallinarum|t__SGB59451",0,0,NA,FALSE,FALSE,FALSE,NA,"HMP1-2 taxonomy skin"
"k__Bacteria|p__Firmicutes|c__Clostridia|o__Clostridiales|f__Ruminococcaceae|g__GGB9695|s__GGB9695_SGB15211|t__SGB15211",0,0,NA,FALSE,FALSE,FALSE,NA,"HMP1-2 taxonomy skin"
"k__Bacteria|p__Firmicutes|c__Clostridia|o__Clostridia_unclassified|f__Clostridia_unclassified|g__Candidatus_Alangreenwoodia|s__Candidatus_Alangreenwoodia_gallinarii|t__SGB60876",0,0,NA,FALSE,FALSE,FALSE,NA,"HMP1-2 taxonomy skin"
"k__Bacteria|p__Bacteroidetes|c__Bacteroidia|o__Bacteroidales|f__Bacteroidaceae|g__Bacteroidaceae_unclassified|s__Bacteroidaceae_bacterium|t__SGB48432",0,0,NA,FALSE,FALSE,FALSE,NA,"HMP1-2 taxonomy skin"
"k__Bacteria|p__Firmicutes|c__CFGB12952|o__OFGB12952|f__FGB12952|g__GGB36472|s__GGB36472_SGB47660|t__SGB47660",0,0,NA,FALSE,FALSE,FALSE,NA,"HMP1-2 taxonomy skin"
"k__Bacteria|p__Firmicutes|c__Clostridia|o__Clostridiales|f__Lachnospiraceae|g__Blautia|s__Blautia_hominis|t__SGB29381",0,0,NA,FALSE,FALSE,FALSE,NA,"HMP1-2 taxonomy skin"
"k__Bacteria|p__Firmicutes|c__Clostridia|o__Clostridia_unclassified|f__Clostridia_unclassified|g__GGB3264|s__GGB3264_SGB4312|t__SGB4312",0,0,NA,FALSE,FALSE,FALSE,NA,"HMP1-2 taxonomy skin"
"k__Bacteria|p__Firmicutes|c__Bacilli|o__Bacilli_unclassified|f__Bacilli_unclassified|g__Bacilli_unclassified|s__Bacilli_bacterium|t__SGB6521",0,0,NA,FALSE,FALSE,FALSE,NA,"HMP1-2 taxonomy skin"
"k__Bacteria|p__Firmicutes|c__Bacilli|o__Bacilli_unclassified|f__Bacilli_unclassified|g__GGB4661|s__GGB4661_SGB6449|t__SGB6449",0,0,NA,FALSE,FALSE,FALSE,NA,"HMP1-2 taxonomy skin"
"k__Bacteria|p__Firmicutes|c__Clostridia|o__Clostridia_unclassified|f__Clostridia_unclassified|g__GGB3271|s__GGB3271_SGB4321|t__SGB4321",0,0,NA,FALSE,FALSE,FALSE,NA,"HMP1-2 taxonomy skin"
"k__Bacteria|p__Firmicutes|c__Clostridia|o__Clostridiales|f__Ruminococcaceae|g__GGB3204|s__GGB3204_SGB4228|t__SGB4228",0,0,NA,FALSE,FALSE,FALSE,NA,"HMP1-2 taxonomy skin"
"k__Bacteria|p__Firmicutes|c__Clostridia|o__Clostridiales|f__Lachnospiraceae|g__Lachnospiraceae_unclassified|s__Lachnospiraceae_bacterium|t__SGB4704",0,0,NA,FALSE,FALSE,FALSE,NA,"HMP1-2 taxonomy skin"
"k__Bacteria|p__Bacteroidetes|c__Bacteroidia|o__Bacteroidales|f__Bacteroidaceae|g__GGB33839|s__GGB33839_SGB48227|t__SGB48227",0,0,NA,FALSE,FALSE,FALSE,NA,"HMP1-2 taxonomy skin"
"k__Bacteria|p__Bacteroidetes|c__Bacteroidia|o__Bacteroidales|f__Bacteroidales_unclassified|g__GGB1514|s__GGB1514_SGB2094|t__SGB2094",0,0,NA,FALSE,FALSE,FALSE,NA,"HMP1-2 taxonomy skin"
"k__Bacteria|p__Actinobacteria|c__Actinobacteria|o__Micrococcales|f__Micrococcaceae|g__Kocuria|s__Kocuria_indica|t__SGB16668",1,0.003125,0.00142759985724001,FALSE,TRUE,FALSE,NA,"HMP1-2 taxonomy skin"
"k__Bacteria|p__Firmicutes|c__Clostridia|o__Clostridia_unclassified|f__Clostridia_unclassified|g__Clostridia_unclassified|s__Clostridia_bacterium|t__SGB4154",0,0,NA,FALSE,FALSE,FALSE,NA,"HMP1-2 taxonomy skin"
"k__Bacteria|p__Firmicutes|c__Clostridia|o__Clostridia_unclassified|f__Clostridia_unclassified|g__Clostridia_unclassified|s__Clostridia_bacterium|t__SGB6364",0,0,NA,FALSE,FALSE,FALSE,NA,"HMP1-2 taxonomy skin"
"k__Bacteria|p__Firmicutes|c__Clostridia|o__Clostridiales|f__Lachnospiraceae|g__Lachnospiraceae_unclassified|s__Lachnospiraceae_bacterium|t__SGB4913",0,0,NA,FALSE,FALSE,FALSE,NA,"HMP1-2 taxonomy skin"
"k__Bacteria|p__Firmicutes|c__Clostridia|o__Clostridiales|f__Lachnospiraceae|g__Lachnospiraceae_unclassified|s__Lachnospiraceae_bacterium|t__SGB4907",0,0,NA,FALSE,FALSE,FALSE,NA,"HMP1-2 taxonomy skin"
"k__Bacteria|p__Firmicutes|c__Clostridia|o__Clostridiales|f__Lachnospiraceae|g__Lachnospiraceae_unclassified|s__Lachnospiraceae_bacterium|t__SGB4915",0,0,NA,FALSE,FALSE,FALSE,NA,"HMP1-2 taxonomy skin"
"k__Bacteria|p__Firmicutes|c__Bacilli|o__Lactobacillales|f__Enterococcaceae|g__Enterococcus|s__Enterococcus_dispar|t__SGB7957",0,0,NA,FALSE,FALSE,FALSE,NA,"HMP1-2 taxonomy skin"
"k__Bacteria|p__Firmicutes|c__Clostridia|o__Clostridiales|f__Clostridiales_unclassified|g__Clostridiales_unclassified|s__Clostridiales_bacterium_Marseille_P5551|t__SGB4592",0,0,NA,FALSE,FALSE,FALSE,NA,"HMP1-2 taxonomy skin"
"k__Bacteria|p__Actinobacteria|c__Coriobacteriia|o__Eggerthellales|f__Eggerthellaceae|g__Eggerthella|s__Eggerthella_sinensis|t__SGB14810",0,0,NA,FALSE,FALSE,FALSE,NA,"HMP1-2 taxonomy skin"
"k__Bacteria|p__Firmicutes|c__Clostridia|o__Clostridiales|f__Ruminococcaceae|g__Gemmiger|s__Gemmiger_sp_An194|t__SGB15283",0,0,NA,FALSE,FALSE,FALSE,NA,"HMP1-2 taxonomy skin"
"k__Bacteria|p__Actinobacteria|c__Actinobacteria|o__Micrococcales|f__Micrococcaceae|g__Rothia|s__Rothia_amarae|t__SGB34818",0,0,NA,FALSE,FALSE,FALSE,NA,"HMP1-2 taxonomy skin"
"k__Bacteria|p__Firmicutes|c__Tissierellia|o__Tissierellales|f__Peptoniphilaceae|g__Peptoniphilus|s__Peptoniphilus_vaginalis|t__SGB6696",0,0,NA,FALSE,FALSE,FALSE,NA,"HMP1-2 taxonomy skin"
"k__Bacteria|p__Actinobacteria|c__Actinobacteria|o__Actinomycetales|f__Actinomycetaceae|g__Arcanobacterium|s__Arcanobacterium_sp_S3PF19|t__SGB17200",0,0,NA,FALSE,FALSE,FALSE,NA,"HMP1-2 taxonomy skin"
"k__Bacteria|p__Bacteroidetes|c__Bacteroidia|o__Bacteroidales|f__Bacteroidales_unclassified|g__Bacteroidales_unclassified|s__Bacteroidales_bacterium_KA00251|t__SGB3324",0,0,NA,FALSE,FALSE,FALSE,NA,"HMP1-2 taxonomy skin"
"k__Bacteria|p__Tenericutes|c__Mollicutes|o__Mycoplasmatales|f__Mycoplasmataceae|g__Ureaplasma|s__Ureaplasma_urealyticum|t__SGB5567",0,0,NA,FALSE,FALSE,FALSE,NA,"HMP1-2 taxonomy skin"
"k__Bacteria|p__Actinobacteria|c__Actinobacteria|o__Bifidobacteriales|f__Bifidobacteriaceae|g__Bifidobacteriaceae_unclassified|s__Bifidobacteriaceae_bacterium_NR047|t__SGB33639",0,0,NA,FALSE,FALSE,FALSE,NA,"HMP1-2 taxonomy skin"
"k__Bacteria|p__Firmicutes|c__Bacilli|o__Bacilli_unclassified|f__Bacilli_unclassified|g__Bacilli_unclassified|s__Bacilli_bacterium|t__SGB6486",1,0.003125,2.38000095200038e-05,FALSE,FALSE,FALSE,NA,"HMP1-2 taxonomy skin"
"k__Bacteria|p__Firmicutes|c__Erysipelotrichia|o__Erysipelotrichales|f__Erysipelotrichaceae|g__Candidatus_Stoquefichus|s__Candidatus_Stoquefichus_sp_SB1|t__SGB6772",0,0,NA,FALSE,FALSE,FALSE,NA,"HMP1-2 taxonomy skin"
"k__Bacteria|p__Firmicutes|c__Tissierellia|o__Tissierellales|f__Peptoniphilaceae|g__Peptoniphilus|s__Peptoniphilus_obesi|t__SGB29505",0,0,NA,FALSE,FALSE,FALSE,NA,"HMP1-2 taxonomy skin"
"k__Bacteria|p__Actinobacteria|c__Actinobacteria|o__Actinomycetales|f__Actinomycetaceae|g__Actinomyces|s__Actinomyces_urogenitalis|t__SGB15868",0,0,NA,FALSE,FALSE,FALSE,NA,"HMP1-2 taxonomy skin"
"k__Bacteria|p__Actinobacteria|c__Coriobacteriia|o__Coriobacteriales|f__Atopobiaceae|g__Olsenella|s__Olsenella_sp_HMSC062G07|t__SGB14385",0,0,NA,FALSE,FALSE,FALSE,NA,"HMP1-2 taxonomy skin"
"k__Bacteria|p__Firmicutes|c__Negativicutes|o__Veillonellales|f__Veillonellaceae|g__Megasphaera|s__Megasphaera_vaginalis|t__SGB5848",0,0,NA,FALSE,FALSE,FALSE,NA,"HMP1-2 taxonomy skin"
"k__Bacteria|p__Firmicutes|c__Negativicutes|o__Veillonellales|f__Veillonellaceae|g__Veillonella|s__Veillonella_caviae|t__SGB30380",0,0,NA,FALSE,FALSE,FALSE,NA,"HMP1-2 taxonomy skin"
"k__Bacteria|p__Bacteroidetes|c__Bacteroidia|o__Bacteroidales|f__Bacteroidaceae|g__Bacteroidaceae_unclassified|s__Bacteroidaceae_bacterium|t__SGB1890",0,0,NA,FALSE,FALSE,FALSE,NA,"HMP1-2 taxonomy skin"
"k__Bacteria|p__Fusobacteria|c__Fusobacteriia|o__Fusobacteriales|f__Fusobacteriaceae|g__Fusobacterium|s__Fusobacterium_ulcerans|t__SGB6039_group",0,0,NA,FALSE,FALSE,FALSE,NA,"HMP1-2 taxonomy skin"
"k__Bacteria|p__Firmicutes|c__Bacilli|o__Lactobacillales|f__Streptococcaceae|g__Streptococcus|s__Streptococcus_lutetiensis|t__SGB8021",0,0,NA,FALSE,FALSE,FALSE,NA,"HMP1-2 taxonomy skin"
"k__Bacteria|p__Firmicutes|c__Clostridia|o__Clostridia_unclassified|f__Clostridia_unclassified|g__Clostridia_unclassified|s__Clostridia_bacterium|t__SGB14013",0,0,NA,FALSE,FALSE,FALSE,NA,"HMP1-2 taxonomy skin"
"k__Bacteria|p__Firmicutes|c__Clostridia|o__Clostridia_unclassified|f__Clostridia_unclassified|g__Clostridia_unclassified|s__Clostridia_bacterium|t__SGB14019",0,0,NA,FALSE,FALSE,FALSE,NA,"HMP1-2 taxonomy skin"
"k__Bacteria|p__Firmicutes|c__Clostridia|o__Clostridiales|f__Ruminococcaceae|g__GGB9608|s__GGB9608_SGB15042|t__SGB15042_group",0,0,NA,FALSE,FALSE,FALSE,NA,"HMP1-2 taxonomy skin"
"k__Bacteria|p__Firmicutes|c__Clostridia|o__Clostridia_unclassified|f__Clostridia_unclassified|g__Clostridia_unclassified|s__Clostridia_bacterium|t__SGB54336",0,0,NA,FALSE,FALSE,FALSE,NA,"HMP1-2 taxonomy skin"
"k__Bacteria|p__Firmicutes|c__Clostridia|o__Clostridia_unclassified|f__Clostridia_unclassified|g__Clostridia_unclassified|s__Clostridia_bacterium|t__SGB13952",0,0,NA,FALSE,FALSE,FALSE,NA,"HMP1-2 taxonomy skin"
"k__Bacteria|p__Firmicutes|c__Clostridia|o__Clostridiales|f__Oscillospiraceae|g__Oscillospiraceae_unclassified|s__Oscillospiraceae_bacterium_N12|t__SGB1802",0,0,NA,FALSE,FALSE,FALSE,NA,"HMP1-2 taxonomy skin"
"k__Bacteria|p__Firmicutes|c__Clostridia|o__Clostridia_unclassified|f__Clostridia_unclassified|g__Candidatus_Pseudoscilispira|s__Candidatus_Pseudoscilispira_falkowii|t__SGB63238",0,0,NA,FALSE,FALSE,FALSE,NA,"HMP1-2 taxonomy skin"
"k__Bacteria|p__Proteobacteria|c__Gammaproteobacteria|o__Enterobacterales|f__Enterobacteriaceae|g__Klebsiella|s__Klebsiella_michiganensis|t__SGB10119",2,0.00625,0.000458550045855005,FALSE,FALSE,FALSE,NA,"HMP1-2 taxonomy skin"
"k__Bacteria|p__Firmicutes|c__Clostridia|o__Clostridia_unclassified|f__Clostridia_unclassified|g__Clostridia_unclassified|s__Clostridia_bacterium|t__SGB14235",0,0,NA,FALSE,FALSE,FALSE,NA,"HMP1-2 taxonomy skin"
"k__Bacteria|p__Firmicutes|c__Clostridia|o__Clostridiales|f__Lachnospiraceae|g__GGB3738|s__GGB3738_SGB5072|t__SGB5072",0,0,NA,FALSE,FALSE,FALSE,NA,"HMP1-2 taxonomy skin"
"k__Bacteria|p__Firmicutes|c__Clostridia|o__Clostridia_unclassified|f__Clostridia_unclassified|g__Clostridia_unclassified|s__Clostridia_bacterium|t__SGB15408",0,0,NA,FALSE,FALSE,FALSE,NA,"HMP1-2 taxonomy skin"
"k__Bacteria|p__Verrucomicrobia|c__Opitutae|o__Opitutales|f__Opitutales_unclassified|g__Opitutales_unclassified|s__Opitutales_bacterium|t__SGB8767_group",0,0,NA,FALSE,FALSE,FALSE,NA,"HMP1-2 taxonomy skin"
"k__Bacteria|p__Bacteroidetes|c__Bacteroidia|o__Bacteroidales|f__Rikenellaceae|g__Rikenellaceae_unclassified|s__Rikenellaceae_bacterium_DSM_108975|t__SGB2329",0,0,NA,FALSE,FALSE,FALSE,NA,"HMP1-2 taxonomy skin"
"k__Bacteria|p__Firmicutes|c__CFGB4614|o__OFGB4614|f__FGB4614|g__GGB13418|s__GGB13418_SGB20686|t__SGB20686",0,0,NA,FALSE,FALSE,FALSE,NA,"HMP1-2 taxonomy skin"
"k__Bacteria|p__Proteobacteria|c__Gammaproteobacteria|o__Pseudomonadales|f__Moraxellaceae|g__Acinetobacter|s__Acinetobacter_johnsonii|t__SGB10398",8,0.025,0.000161337533015011,FALSE,FALSE,FALSE,NA,"HMP1-2 taxonomy skin"
"k__Bacteria|p__Proteobacteria|c__Gammaproteobacteria|o__Enterobacterales|f__Enterobacteriaceae|g__Citrobacter|s__Citrobacter_koseri|t__SGB10079",3,0.009375,0.0340756276301679,FALSE,TRUE,FALSE,NA,"HMP1-2 taxonomy skin"
"k__Bacteria|p__Bacteroidetes|c__Bacteroidia|o__Bacteroidales|f__Tannerellaceae|g__Parabacteroides|s__Parabacteroides_bouchesdurhonensis|t__SGB21587",0,0,NA,FALSE,FALSE,FALSE,NA,"HMP1-2 taxonomy skin"
"k__Bacteria|p__Fusobacteria|c__Fusobacteriia|o__Fusobacteriales|f__Leptotrichiaceae|g__Streptobacillus|s__Streptobacillus_hongkongensis|t__SGB29040",0,0,NA,FALSE,FALSE,FALSE,NA,"HMP1-2 taxonomy skin"
"k__Bacteria|p__Planctomycetes|c__Planctomycetia|o__Pirellulales|f__Pirellulaceae|g__GGB6565|s__GGB6565_SGB9274|t__SGB9274",0,0,NA,FALSE,FALSE,FALSE,NA,"HMP1-2 taxonomy skin"
"k__Bacteria|p__Firmicutes|c__Clostridia|o__Clostridia_unclassified|f__Clostridia_unclassified|g__Clostridia_unclassified|s__Clostridia_bacterium|t__SGB14004",0,0,NA,FALSE,FALSE,FALSE,NA,"HMP1-2 taxonomy skin"
"k__Bacteria|p__Firmicutes|c__CFGB1379|o__OFGB1379|f__FGB1379|g__GGB3360|s__GGB3360_SGB4444|t__SGB4444",0,0,NA,FALSE,FALSE,FALSE,NA,"HMP1-2 taxonomy skin"
"k__Bacteria|p__Firmicutes|c__Clostridia|o__Clostridiales|f__Lachnospiraceae|g__Lachnospiraceae_unclassified|s__Lachnospiraceae_bacterium_2_1_46FAA|t__SGB4549",0,0,NA,FALSE,FALSE,FALSE,NA,"HMP1-2 taxonomy skin"
"k__Bacteria|p__Fusobacteria|c__Fusobacteriia|o__Fusobacteriales|f__Fusobacteriaceae|g__Fusobacteriaceae_unclassified|s__Fusobacteriaceae_unclassified_SGB6035|t__SGB6035_group",0,0,NA,FALSE,FALSE,FALSE,NA,"HMP1-2 taxonomy skin"
"k__Bacteria|p__Firmicutes|c__Bacilli|o__Lactobacillales|f__Lactobacillaceae|g__Dellaglioa|s__Dellaglioa_algida|t__SGB7252",0,0,NA,FALSE,FALSE,FALSE,NA,"HMP1-2 taxonomy skin"
"k__Bacteria|p__Firmicutes|c__Clostridia|o__Clostridia_unclassified|f__Clostridia_unclassified|g__Clostridia_unclassified|s__Clostridia_bacterium|t__SGB58484",0,0,NA,FALSE,FALSE,FALSE,NA,"HMP1-2 taxonomy skin"
"k__Bacteria|p__Proteobacteria|c__Betaproteobacteria|o__Neisseriales|f__Neisseriaceae|g__Conchiformibius|s__Conchiformibius_steedae|t__SGB30651",3,0.009375,0.0100858686586271,FALSE,TRUE,FALSE,NA,"HMP1-2 taxonomy skin"
"k__Bacteria|p__Actinobacteria|c__Actinobacteria|o__Corynebacteriales|f__Corynebacteriaceae|g__Corynebacterium|s__Corynebacterium_sp_HMSC08D02|t__SGB17071",3,0.009375,8.54666750266677e-05,FALSE,FALSE,FALSE,NA,"HMP1-2 taxonomy skin"
"k__Bacteria|p__Actinobacteria|c__Actinobacteria|o__Corynebacteriales|f__Corynebacteriaceae|g__Corynebacterium|s__Corynebacterium_atypicum|t__SGB17094",2,0.00625,8.06000065500007e-05,FALSE,FALSE,FALSE,NA,"HMP1-2 taxonomy skin"
"k__Bacteria|p__Proteobacteria|c__Gammaproteobacteria|o__Pseudomonadales|f__Moraxellaceae|g__Acinetobacter|s__Acinetobacter_ursingii|t__SGB10372",6,0.01875,5.31666782250046e-05,FALSE,FALSE,FALSE,NA,"HMP1-2 taxonomy skin"
"k__Bacteria|p__Firmicutes|c__Clostridia|o__Clostridiales|f__Ruminococcaceae|g__GGB9716|s__GGB9716_SGB15269|t__SGB15269",0,0,NA,FALSE,FALSE,FALSE,NA,"HMP1-2 taxonomy skin"
"k__Bacteria|p__Proteobacteria|c__Gammaproteobacteria|o__Pseudomonadales|f__Moraxellaceae|g__Acinetobacter|s__Acinetobacter_venetianus|t__SGB10365",3,0.009375,0.000228233346356671,FALSE,FALSE,FALSE,NA,"HMP1-2 taxonomy skin"
"k__Bacteria|p__Proteobacteria|c__Alphaproteobacteria|o__Rhizobiales|f__Bradyrhizobiaceae|g__Afipia|s__Afipia_broomeae|t__SGB11355",3,0.009375,2.15666673666669e-05,FALSE,FALSE,FALSE,NA,"HMP1-2 taxonomy skin"
"k__Bacteria|p__Firmicutes|c__Bacilli|o__Lactobacillales|f__Lactobacillaceae|g__Limosilactobacillus|s__Limosilactobacillus_reuteri|t__SGB7095",0,0,NA,FALSE,FALSE,FALSE,NA,"HMP1-2 taxonomy skin"
"k__Bacteria|p__Firmicutes|c__CFGB3546|o__OFGB3546|f__FGB3546|g__GGB58071|s__GGB58071_SGB79702|t__SGB79702",0,0,NA,FALSE,FALSE,FALSE,NA,"HMP1-2 taxonomy skin"
"k__Bacteria|p__Firmicutes|c__Erysipelotrichia|o__Erysipelotrichales|f__Erysipelotrichaceae|g__GGB31184|s__GGB31184_SGB44478|t__SGB44478",0,0,NA,FALSE,FALSE,FALSE,NA,"HMP1-2 taxonomy skin"
"k__Bacteria|p__Firmicutes|c__Bacilli|o__Lactobacillales|f__Lactobacillaceae|g__Limosilactobacillus|s__Lactobacillus_pontis|t__SGB7090",0,0,NA,FALSE,FALSE,FALSE,NA,"HMP1-2 taxonomy skin"
"k__Bacteria|p__Proteobacteria|c__Gammaproteobacteria|o__Pseudomonadales|f__Moraxellaceae|g__Moraxella|s__Moraxella_lacunata|t__SGB10428",3,0.009375,0.216458829178974,FALSE,TRUE,FALSE,NA,"HMP1-2 taxonomy skin"
"k__Bacteria|p__Actinobacteria|c__Actinobacteria|o__Corynebacteriales|f__Dietziaceae|g__Dietzia|s__Dietzia_timorensis|t__SGB15768",1,0.003125,9.9599990040001e-05,FALSE,FALSE,FALSE,NA,"HMP1-2 taxonomy skin"
"k__Bacteria|p__Proteobacteria|c__Gammaproteobacteria|o__Enterobacterales|f__Erwiniaceae|g__Pantoea|s__Pantoea_ananatis|t__SGB10194",2,0.00625,0.08697360042758,FALSE,TRUE,FALSE,NA,"HMP1-2 taxonomy skin"
"k__Bacteria|p__Bacteroidetes|c__Bacteroidia|o__Bacteroidales|f__Bacteroidaceae|g__GGB1153|s__GGB1153_SGB1481|t__SGB1481",0,0,NA,FALSE,FALSE,FALSE,NA,"HMP1-2 taxonomy skin"
"k__Bacteria|p__Bacteroidetes|c__Bacteroidia|o__Bacteroidales|f__Prevotellaceae|g__Paraprevotella|s__Paraprevotella_xylaniphila|t__SGB1797",0,0,NA,FALSE,FALSE,FALSE,NA,"HMP1-2 taxonomy skin"
"k__Bacteria|p__Bacteroidetes|c__Bacteroidia|o__Bacteroidales|f__Bacteroidales_unclassified|g__Bacteroidales_unclassified|s__Bacteroidales_bacterium|t__SGB2067",0,0,NA,FALSE,FALSE,FALSE,NA,"HMP1-2 taxonomy skin"
"k__Bacteria|p__Bacteroidetes|c__Bacteroidia|o__Bacteroidales|f__Bacteroidaceae|g__GGB1350|s__GGB1350_SGB1808|t__SGB1808",0,0,NA,FALSE,FALSE,FALSE,NA,"HMP1-2 taxonomy skin"
"k__Bacteria|p__Actinobacteria|c__Coriobacteriia|o__Eggerthellales|f__Eggerthellaceae|g__GGB9423|s__GGB9423_SGB14792|t__SGB14792",0,0,NA,FALSE,FALSE,FALSE,NA,"HMP1-2 taxonomy skin"
"k__Bacteria|p__Proteobacteria|c__Alphaproteobacteria|o__Caulobacterales|f__Caulobacteraceae|g__Caulobacteraceae_unclassified|s__Caulobacteraceae_bacterium|t__SGB56795",0,0,NA,FALSE,FALSE,FALSE,NA,"HMP1-2 taxonomy skin"
"k__Bacteria|p__Proteobacteria|c__Alphaproteobacteria|o__Rhizobiales|f__Bradyrhizobiaceae|g__Bradyrhizobium|s__Bradyrhizobium_sp_17_4|t__SGB11337",0,0,NA,FALSE,FALSE,FALSE,NA,"HMP1-2 taxonomy skin"
"k__Bacteria|p__Proteobacteria|c__Betaproteobacteria|o__Burkholderiales|f__Burkholderiaceae|g__Ralstonia|s__Ralstonia_pickettii|t__SGB12924",0,0,NA,FALSE,FALSE,FALSE,NA,"HMP1-2 taxonomy skin"
"k__Bacteria|p__Firmicutes|c__Bacilli|o__Bacilli_unclassified|f__Bacilli_unclassified|g__Bacilli_unclassified|s__Bacilli_bacterium|t__SGB6766",0,0,NA,FALSE,FALSE,FALSE,NA,"HMP1-2 taxonomy skin"
"k__Bacteria|p__Firmicutes|c__Bacilli|o__Bacilli_unclassified|f__Bacilli_unclassified|g__Bacilli_unclassified|s__Bacilli_unclassified_SGB6428|t__SGB6428",0,0,NA,FALSE,FALSE,FALSE,NA,"HMP1-2 taxonomy skin"
"k__Bacteria|p__Firmicutes|c__Clostridia|o__Clostridia_unclassified|f__Clostridia_unclassified|g__Clostridia_unclassified|s__Clostridia_bacterium|t__SGB14216",0,0,NA,FALSE,FALSE,FALSE,NA,"HMP1-2 taxonomy skin"
"k__Bacteria|p__Firmicutes|c__Clostridia|o__Clostridiales|f__Ruminococcaceae|g__GGB9701|s__GGB9701_SGB15218|t__SGB15218",0,0,NA,FALSE,FALSE,FALSE,NA,"HMP1-2 taxonomy skin"
"k__Bacteria|p__Firmicutes|c__Clostridia|o__Clostridia_unclassified|f__Clostridia_unclassified|g__GGB3266|s__GGB3266_SGB4315|t__SGB4315",0,0,NA,FALSE,FALSE,FALSE,NA,"HMP1-2 taxonomy skin"
"k__Bacteria|p__Firmicutes|c__Clostridia|o__Clostridiales|f__Ruminococcaceae|g__Flavonifractor|s__Flavonifractor_sp_An112|t__SGB15138",0,0,NA,FALSE,FALSE,FALSE,NA,"HMP1-2 taxonomy skin"
"k__Bacteria|p__Firmicutes|c__Clostridia|o__Clostridiales|f__Eubacteriaceae|g__Intestinibacillus|s__Intestinibacillus_massiliensis|t__SGB29304",0,0,NA,FALSE,FALSE,FALSE,NA,"HMP1-2 taxonomy skin"
"k__Bacteria|p__Actinobacteria|c__Actinobacteria|o__Corynebacteriales|f__Corynebacteriaceae|g__Corynebacterium|s__Corynebacterium_imitans|t__SGB17060",2,0.00625,4.65000025950008e-05,FALSE,FALSE,FALSE,NA,"HMP1-2 taxonomy skin"
"k__Bacteria|p__Proteobacteria|c__Alphaproteobacteria|o__Caulobacterales|f__Caulobacteraceae|g__Brevundimonas|s__Brevundimonas_diminuta|t__SGB11729_group",2,0.00625,0.000710299998090021,FALSE,FALSE,FALSE,NA,"HMP1-2 taxonomy skin"
"k__Bacteria|p__Bacteroidetes|c__Flavobacteriia|o__Flavobacteriales|f__Weeksellaceae|g__Kaistella|s__Chryseobacterium_haifense|t__SGB2641",1,0.003125,0.000704000070400007,FALSE,FALSE,FALSE,NA,"HMP1-2 taxonomy skin"
"k__Bacteria|p__Proteobacteria|c__Alphaproteobacteria|o__Caulobacterales|f__Caulobacteraceae|g__GGB7899|s__GGB7899_SGB11736|t__SGB11736",5,0.015625,0.000448939976540016,FALSE,FALSE,FALSE,NA,"HMP1-2 taxonomy skin"
"k__Bacteria|p__Proteobacteria|c__Alphaproteobacteria|o__Caulobacterales|f__Caulobacteraceae|g__Brevundimonas|s__Brevundimonas_SGB38300|t__SGB38300",1,0.003125,0.000367900036790003,FALSE,FALSE,FALSE,NA,"HMP1-2 taxonomy skin"
"k__Bacteria|p__Proteobacteria|c__Gammaproteobacteria|o__Enterobacterales|f__Erwiniaceae|g__Mixta|s__Mixta_calida|t__SGB10159",1,0.003125,0.000354400035440003,FALSE,FALSE,FALSE,NA,"HMP1-2 taxonomy skin"
"k__Bacteria|p__Proteobacteria|c__Gammaproteobacteria|o__Pseudomonadales|f__Moraxellaceae|g__Acinetobacter|s__Acinetobacter_parvus|t__SGB10366",1,0.003125,7.90000079000008e-05,FALSE,FALSE,FALSE,NA,"HMP1-2 taxonomy skin"
"k__Bacteria|p__Proteobacteria|c__Alphaproteobacteria|o__Caulobacterales|f__Caulobacteraceae|g__Brevundimonas|s__Brevundimonas_SGB38301|t__SGB38301",1,0.003125,7.02000070200007e-05,FALSE,FALSE,FALSE,NA,"HMP1-2 taxonomy skin"
"k__Bacteria|p__Proteobacteria|c__Alphaproteobacteria|o__Rhodobacterales|f__Rhodobacteraceae|g__Paracoccus|s__Paracoccus_sanguinis|t__SGB10730",1,0.003125,6.41000064100006e-05,FALSE,FALSE,FALSE,NA,"HMP1-2 taxonomy skin"
"k__Bacteria|p__Proteobacteria|c__Gammaproteobacteria|o__Pseudomonadales|f__Moraxellaceae|g__Acinetobacter|s__Acinetobacter_bereziniae|t__SGB10379",1,0.003125,5.10000051000005e-05,FALSE,FALSE,FALSE,NA,"HMP1-2 taxonomy skin"
"k__Bacteria|p__Firmicutes|c__Bacilli|o__Bacillales|f__Staphylococcaceae|g__Mammaliicoccus|s__Mammaliicoccus_sciuri|t__SGB7818",1,0.003125,7.70000077000007e-06,FALSE,FALSE,FALSE,NA,"HMP1-2 taxonomy skin"
"k__Bacteria|p__Firmicutes|c__Negativicutes|o__Selenomonadales|f__Selenomonadaceae|g__Mitsuokella|s__Mitsuokella_sp_oral_taxon_131|t__SGB5901",0,0,NA,FALSE,FALSE,FALSE,NA,"HMP1-2 taxonomy skin"
"k__Bacteria|p__Firmicutes|c__Clostridia|o__Clostridiales|f__Lachnospiraceae|g__Lachnospiraceae_unclassified|s__Lachnospiraceae_bacterium|t__SGB4591",0,0,NA,FALSE,FALSE,FALSE,NA,"HMP1-2 taxonomy skin"
"k__Bacteria|p__Bacteroidetes|c__Bacteroidia|o__Bacteroidales|f__Rikenellaceae|g__Alistipes|s__Alistipes_sp_An66|t__SGB2306",0,0,NA,FALSE,FALSE,FALSE,NA,"HMP1-2 taxonomy skin"
"k__Bacteria|p__Proteobacteria|c__Gammaproteobacteria|o__Pseudomonadales|f__Moraxellaceae|g__Moraxella|s__Moraxella_canis|t__SGB10431",2,0.00625,0.000327050039595006,FALSE,FALSE,FALSE,NA,"HMP1-2 taxonomy skin"
"k__Bacteria|p__Candidatus_Melainabacteria|c__Candidatus_Melainabacteria_unclassified|o__Candidatus_Gastranaerophilales|f__Candidatus_Gastranaerophilales_unclassified|g__GGB6007|s__GGB6007_SGB8634|t__SGB8634",0,0,NA,FALSE,FALSE,FALSE,NA,"HMP1-2 taxonomy skin"
"k__Bacteria|p__Bacteroidetes|c__Flavobacteriia|o__Flavobacteriales|f__Weeksellaceae|g__Algoriella|s__Algoriella_xinjiangensis|t__SGB3057",0,0,NA,FALSE,FALSE,FALSE,NA,"HMP1-2 taxonomy skin"
"k__Bacteria|p__Actinobacteria|c__Coriobacteriia|o__Coriobacteriales|f__Coriobacteriaceae|g__Collinsella|s__Collinsella_sp_AK_207A|t__SGB14762",0,0,NA,FALSE,FALSE,FALSE,NA,"HMP1-2 taxonomy skin"
"k__Bacteria|p__Firmicutes|c__Bacilli|o__Bacilli_unclassified|f__Bacilli_unclassified|g__Bacilli_unclassified|s__Bacilli_bacterium|t__SGB47354",0,0,NA,FALSE,FALSE,FALSE,NA,"HMP1-2 taxonomy skin"
"k__Bacteria|p__Bacteroidetes|c__Bacteroidia|o__Bacteroidales|f__Porphyromonadaceae|g__Porphyromonas|s__Porphyromonas_sp_COT_290_OH3588|t__SGB2058",2,0.00625,0.00298420048605011,FALSE,TRUE,FALSE,NA,"HMP1-2 taxonomy skin"
"k__Bacteria|p__Bacteroidetes|c__Bacteroidia|o__Bacteroidales|f__Porphyromonadaceae|g__Porphyromonas|s__Porphyromonas_canoris|t__SGB2061",4,0.0125,0.000812650125485029,FALSE,FALSE,FALSE,NA,"HMP1-2 taxonomy skin"
"k__Bacteria|p__Bacteroidetes|c__Bacteroidia|o__Bacteroidales|f__Porphyromonadaceae|g__Porphyromonas|s__Porphyromonas_cangingivalis|t__SGB2060",4,0.0125,0.00399782576957266,FALSE,TRUE,FALSE,NA,"HMP1-2 taxonomy skin"
"k__Bacteria|p__Bacteroidetes|c__Bacteroidia|o__Bacteroidales|f__Porphyromonadaceae|g__Porphyromonas|s__Porphyromonas_gulae|t__SGB2056",3,0.009375,0.00184363367532007,FALSE,TRUE,FALSE,NA,"HMP1-2 taxonomy skin"
"k__Bacteria|p__Bacteroidetes|c__Bacteroidia|o__Bacteroidales|f__Porphyromonadaceae|g__Porphyromonas|s__Porphyromonas_gingivicanis|t__SGB2063",3,0.009375,0.00206010039517008,FALSE,TRUE,FALSE,NA,"HMP1-2 taxonomy skin"
"k__Bacteria|p__Bacteroidetes|c__Flavobacteriia|o__Flavobacteriales|f__Weeksellaceae|g__Bergeyella|s__Bergeyella_zoohelcum|t__SGB2924",3,0.009375,0.00410253414512016,FALSE,TRUE,FALSE,NA,"HMP1-2 taxonomy skin"
"k__Bacteria|p__Proteobacteria|c__Epsilonproteobacteria|o__Campylobacterales|f__Campylobacteraceae|g__Campylobacter|s__Campylobacter_sp_CCUG_57310|t__SGB77311",1,0.003125,5.12999948700005e-05,FALSE,FALSE,FALSE,NA,"HMP1-2 taxonomy skin"
"k__Bacteria|p__Proteobacteria|c__Gammaproteobacteria|o__Pseudomonadales|f__Moraxellaceae|g__Moraxella|s__Moraxella_sp_VT_16_12|t__SGB10433",3,0.009375,0.00207473372602008,FALSE,TRUE,FALSE,NA,"HMP1-2 taxonomy skin"
"k__Bacteria|p__Proteobacteria|c__Betaproteobacteria|o__Neisseriales|f__Neisseriaceae|g__Neisseria|s__Neisseria_dumasiana|t__SGB9444",2,0.00625,0.00688540137369028,FALSE,TRUE,FALSE,NA,"HMP1-2 taxonomy skin"
"k__Bacteria|p__Proteobacteria|c__Betaproteobacteria|o__Neisseriales|f__Neisseriaceae|g__Neisseria|s__Neisseria_weaveri|t__SGB9442",1,0.003125,2.05999979400002e-05,FALSE,FALSE,FALSE,NA,"HMP1-2 taxonomy skin"
"k__Bacteria|p__Bacteroidetes|c__Bacteroidia|o__Bacteroidales|f__Porphyromonadaceae|g__Porphyromonas|s__Porphyromonas_sp_COT_239_OH1446|t__SGB2059",1,0.003125,1.61999983800002e-05,FALSE,FALSE,FALSE,NA,"HMP1-2 taxonomy skin"
"k__Bacteria|p__Firmicutes|c__Clostridia|o__Clostridiales|f__Lachnospiraceae|g__Murimonas|s__Murimonas_intestini|t__SGB25538",0,0,NA,FALSE,FALSE,FALSE,NA,"HMP1-2 taxonomy skin"
"k__Bacteria|p__Firmicutes|c__Clostridia|o__Clostridia_unclassified|f__Clostridia_unclassified|g__Clostridia_unclassified|s__Clostridia_bacterium|t__SGB4304",0,0,NA,FALSE,FALSE,FALSE,NA,"HMP1-2 taxonomy skin"
"k__Bacteria|p__Firmicutes|c__Bacilli|o__Lactobacillales|f__Streptococcaceae|g__Streptococcus|s__Streptococcus_sobrinus|t__SGB7995",0,0,NA,FALSE,FALSE,FALSE,NA,"HMP1-2 taxonomy skin"
"k__Bacteria|p__Proteobacteria|c__Alphaproteobacteria|o__Rhodobacterales|f__Rhodobacteraceae|g__Paracoccus|s__Paracoccus_haeundaensis|t__SGB10707",3,0.009375,0.000629800121273357,FALSE,FALSE,FALSE,NA,"HMP1-2 taxonomy skin"
"k__Bacteria|p__Proteobacteria|c__Alphaproteobacteria|o__Sphingomonadales|f__Sphingomonadaceae|g__Sphingobium|s__Sphingobium_yanoikuyae|t__SGB11614_group",3,0.009375,0.00156373334693334,FALSE,TRUE,FALSE,NA,"HMP1-2 taxonomy skin"
"k__Bacteria|p__Proteobacteria|c__Hydrogenophilalia|o__Hydrogenophilales|f__Hydrogenophilaceae|g__Hydrogenophilus|s__Hydrogenophilus_thermoluteolus|t__SGB23500",0,0,NA,FALSE,FALSE,FALSE,NA,"HMP1-2 taxonomy skin"
"k__Bacteria|p__Candidatus_Melainabacteria|c__Candidatus_Melainabacteria_unclassified|o__Candidatus_Gastranaerophilales|f__Candidatus_Gastranaerophilales_unclassified|g__Candidatus_Gastranaerophilales_unclassified|s__Candidatus_Gastranaerophilales_bacterium|t__SGB8597",0,0,NA,FALSE,FALSE,FALSE,NA,"HMP1-2 taxonomy skin"
"k__Bacteria|p__Firmicutes|c__Clostridia|o__Clostridiales|f__Ruminococcaceae|g__GGB3247|s__GGB3247_SGB4294|t__SGB4294",0,0,NA,FALSE,FALSE,FALSE,NA,"HMP1-2 taxonomy skin"
"k__Bacteria|p__Firmicutes|c__Clostridia|o__Clostridia_unclassified|f__Clostridia_unclassified|g__Clostridia_unclassified|s__Clostridia_bacterium|t__SGB14873",0,0,NA,FALSE,FALSE,FALSE,NA,"HMP1-2 taxonomy skin"
"k__Bacteria|p__Bacteroidetes|c__Bacteroidia|o__Bacteroidales|f__Rikenellaceae|g__Rikenellaceae_unclassified|s__Rikenellaceae_unclassified_SGB2227|t__SGB2227",0,0,NA,FALSE,FALSE,FALSE,NA,"HMP1-2 taxonomy skin"
"k__Bacteria|p__Proteobacteria|c__CFGB2394|o__OFGB2394|f__FGB2394|g__GGB6544|s__GGB6544_SGB9243|t__SGB9243",1,0.003125,0.00543379836986049,FALSE,TRUE,FALSE,NA,"HMP1-2 taxonomy skin"
"k__Bacteria|p__Firmicutes|c__Clostridia|o__Clostridiales|f__Ruminococcaceae|g__Ruminococcaceae_unclassified|s__Ruminococcaceae_bacterium|t__SGB42516",0,0,NA,FALSE,FALSE,FALSE,NA,"HMP1-2 taxonomy skin"
"k__Bacteria|p__Bacteroidetes|c__Flavobacteriia|o__Flavobacteriales|f__Weeksellaceae|g__Epilithonimonas|s__Chryseobacterium_hominis|t__SGB2549",2,0.00625,2.09999988700002e-05,FALSE,FALSE,FALSE,NA,"HMP1-2 taxonomy skin"
"k__Bacteria|p__Bacteroidetes|c__Bacteroidia|o__Bacteroidales|f__Bacteroidaceae|g__Bacteroides|s__Bacteroides_zoogleoformans|t__SGB21590",0,0,NA,FALSE,FALSE,FALSE,NA,"HMP1-2 taxonomy skin"
"k__Bacteria|p__Firmicutes|c__Tissierellia|o__Tissierellales|f__Peptoniphilaceae|g__Anaerococcus|s__Anaerococcus_hydrogenalis|t__SGB6663",1,0.003125,7.53e-05,FALSE,FALSE,FALSE,NA,"HMP1-2 taxonomy skin"
"k__Bacteria|p__Actinobacteria|c__Actinobacteria|o__Actinomycetales|f__Actinomycetaceae|g__Winkia|s__Winkia_neuii|t__SGB17192",1,0.003125,0.00184680036936007,FALSE,TRUE,FALSE,NA,"HMP1-2 taxonomy skin"
"k__Bacteria|p__Actinobacteria|c__Actinobacteria|o__Actinomycetales|f__Actinomycetaceae|g__Actinomyces|s__Actinomyces_culturomici|t__SGB17171",0,0,NA,FALSE,FALSE,FALSE,NA,"HMP1-2 taxonomy skin"
"k__Bacteria|p__Actinobacteria|c__Coriobacteriia|o__Coriobacteriales|f__Coriobacteriaceae|g__Coriobacteriaceae_unclassified|s__Coriobacteriaceae_bacterium_68_1_3|t__SGB14791",0,0,NA,FALSE,FALSE,FALSE,NA,"HMP1-2 taxonomy skin"
"k__Bacteria|p__Actinobacteria|c__Coriobacteriia|o__Coriobacteriales|f__Atopobiaceae|g__Olsenella|s__Olsenella_sp_KGMB02461|t__SGB72466",0,0,NA,FALSE,FALSE,FALSE,NA,"HMP1-2 taxonomy skin"
"k__Bacteria|p__Firmicutes|c__Clostridia|o__Clostridiales|f__Ruminococcaceae|g__Agathobaculum|s__Agathobaculum_desmolans|t__SGB14989",0,0,NA,FALSE,FALSE,FALSE,NA,"HMP1-2 taxonomy skin"
"k__Bacteria|p__Firmicutes|c__Erysipelotrichia|o__Erysipelotrichales|f__Erysipelotrichaceae|g__Erysipelotrichaceae_unclassified|s__Erysipelotrichaceae_bacterium|t__SGB6823",0,0,NA,FALSE,FALSE,FALSE,NA,"HMP1-2 taxonomy skin"
"k__Bacteria|p__Firmicutes|c__Clostridia|o__Clostridiales|f__Ruminococcaceae|g__GGB9637|s__GGB9637_SGB15111|t__SGB15111",0,0,NA,FALSE,FALSE,FALSE,NA,"HMP1-2 taxonomy skin"
"k__Bacteria|p__Firmicutes|c__Clostridia|o__Clostridiales|f__Ruminococcaceae|g__Ruminococcaceae_unclassified|s__Ruminococcaceae_bacterium|t__SGB14908",0,0,NA,FALSE,FALSE,FALSE,NA,"HMP1-2 taxonomy skin"
"k__Bacteria|p__Firmicutes|c__Clostridia|o__Clostridiales|f__Clostridiaceae|g__GGB3528|s__GGB3528_SGB4713|t__SGB4713",0,0,NA,FALSE,FALSE,FALSE,NA,"HMP1-2 taxonomy skin"
"k__Bacteria|p__Firmicutes|c__Clostridia|o__Clostridiales|f__Ruminococcaceae|g__Ruminococcaceae_unclassified|s__Ruminococcaceae_bacterium|t__SGB15355",0,0,NA,FALSE,FALSE,FALSE,NA,"HMP1-2 taxonomy skin"
"k__Bacteria|p__Actinobacteria|c__Actinobacteria|o__Corynebacteriales|f__Corynebacteriaceae|g__Corynebacterium|s__Corynebacterium_timonense|t__SGB17057",1,0.003125,9.30000186000037e-06,FALSE,FALSE,FALSE,NA,"HMP1-2 taxonomy skin"
"k__Bacteria|p__Actinobacteria|c__Coriobacteriia|o__Eggerthellales|f__Eggerthellaceae|g__Eggerthellaceae_unclassified|s__Eggerthellaceae_bacterium|t__SGB53822",0,0,NA,FALSE,FALSE,FALSE,NA,"HMP1-2 taxonomy skin"
"k__Bacteria|p__Firmicutes|c__Clostridia|o__Clostridiales|f__Clostridiaceae|g__Clostridium|s__Clostridium_celatum|t__SGB6180",0,0,NA,FALSE,FALSE,FALSE,NA,"HMP1-2 taxonomy skin"
"k__Bacteria|p__Firmicutes|c__Clostridia|o__Clostridiales|f__Ruminococcaceae|g__Ruminococcaceae_unclassified|s__Ruminococcaceae_bacterium|t__SGB14911",0,0,NA,FALSE,FALSE,FALSE,NA,"HMP1-2 taxonomy skin"
"k__Bacteria|p__Proteobacteria|c__Alphaproteobacteria|o__Alphaproteobacteria_unclassified|f__Alphaproteobacteria_unclassified|g__Alphaproteobacteria_unclassified|s__Alphaproteobacteria_bacterium|t__SGB57593",1,0.003125,0.0289384,FALSE,TRUE,FALSE,NA,"HMP1-2 taxonomy skin"
"k__Bacteria|p__Proteobacteria|c__Alphaproteobacteria|o__Sphingomonadales|f__Sphingomonadaceae|g__Novosphingobium|s__Novosphingobium_sp_SG900|t__SGB24585",0,0,NA,FALSE,FALSE,FALSE,NA,"HMP1-2 taxonomy skin"
"k__Bacteria|p__Proteobacteria|c__Gammaproteobacteria|o__Pseudomonadales|f__Pseudomonadaceae|g__Pseudomonas|s__Pseudomonas_aeruginosa|t__SGB12320",2,0.00625,5.67000117300042e-05,FALSE,FALSE,FALSE,NA,"HMP1-2 taxonomy skin"
"k__Bacteria|p__Proteobacteria|c__Gammaproteobacteria|o__Pseudomonadales|f__Pseudomonadaceae|g__Pseudomonas|s__Pseudomonas_guariconensis|t__SGB12273",1,0.003125,6.76000067600007e-05,FALSE,FALSE,FALSE,NA,"HMP1-2 taxonomy skin"
"k__Bacteria|p__Proteobacteria|c__Betaproteobacteria|o__Burkholderiales|f__Comamonadaceae|g__Comamonas|s__Comamonas_thiooxydans|t__SGB12682_group",1,0.003125,3.60000036000004e-05,FALSE,FALSE,FALSE,NA,"HMP1-2 taxonomy skin"
"k__Bacteria|p__Proteobacteria|c__Gammaproteobacteria|o__Pseudomonadales|f__Moraxellaceae|g__Acinetobacter|s__Acinetobacter_parvus|t__SGB10367",1,0.003125,2.95000029500003e-05,FALSE,FALSE,FALSE,NA,"HMP1-2 taxonomy skin"
"k__Bacteria|p__Proteobacteria|c__Betaproteobacteria|o__Burkholderiales|f__Comamonadaceae|g__Comamonas|s__Comamonas_aquatica|t__SGB12677",1,0.003125,1.78000017800002e-05,FALSE,FALSE,FALSE,NA,"HMP1-2 taxonomy skin"
"k__Bacteria|p__Proteobacteria|c__Alphaproteobacteria|o__Rhizobiales|f__Methylobacteriaceae|g__Methylobacterium|s__Methylobacterium_sp_CLZ|t__SGB24428",1,0.003125,3.80000038000004e-06,FALSE,FALSE,FALSE,NA,"HMP1-2 taxonomy skin"
"k__Bacteria|p__Actinobacteria|c__Actinobacteria|o__Actinomycetales|f__Actinomycetaceae|g__Actinomyces|s__Actinomyces_oricola|t__SGB33758",0,0,NA,FALSE,FALSE,FALSE,NA,"HMP1-2 taxonomy skin"
"k__Bacteria|p__Firmicutes|c__Clostridia|o__Clostridiales|f__Ruminococcaceae|g__GGB9635|s__GGB9635_SGB15100|t__SGB15100",0,0,NA,FALSE,FALSE,FALSE,NA,"HMP1-2 taxonomy skin"
"k__Bacteria|p__Firmicutes|c__Clostridia|o__Clostridiales|f__Ruminococcaceae|g__GGB9687|s__GGB9687_SGB15191|t__SGB15191",0,0,NA,FALSE,FALSE,FALSE,NA,"HMP1-2 taxonomy skin"
"k__Bacteria|p__Firmicutes|c__Clostridia|o__Clostridiales|f__Ruminococcaceae|g__GGB9636|s__GGB9636_SGB15108|t__SGB15108",0,0,NA,FALSE,FALSE,FALSE,NA,"HMP1-2 taxonomy skin"
"k__Bacteria|p__Firmicutes|c__Clostridia|o__Clostridia_unclassified|f__Clostridia_unclassified|g__Clostridia_unclassified|s__Clostridia_bacterium|t__SGB15384",0,0,NA,FALSE,FALSE,FALSE,NA,"HMP1-2 taxonomy skin"
"k__Bacteria|p__Firmicutes|c__Clostridia|o__Clostridiales|f__Ruminococcaceae|g__Ruminococcaceae_unclassified|s__Ruminococcaceae_bacterium|t__SGB15084",0,0,NA,FALSE,FALSE,FALSE,NA,"HMP1-2 taxonomy skin"
"k__Bacteria|p__Synergistetes|c__Synergistia|o__Synergistales|f__Synergistaceae|g__Cloacibacillus|s__Cloacibacillus_porcorum|t__SGB15507",0,0,NA,FALSE,FALSE,FALSE,NA,"HMP1-2 taxonomy skin"
"k__Bacteria|p__Firmicutes|c__Clostridia|o__Clostridia_unclassified|f__Clostridia_unclassified|g__Clostridia_unclassified|s__Clostridia_bacterium|t__SGB13997",0,0,NA,FALSE,FALSE,FALSE,NA,"HMP1-2 taxonomy skin"
"k__Bacteria|p__Firmicutes|c__Bacilli|o__Bacillales|f__Bacillaceae|g__Salicibibacter|s__Salicibibacter_halophilus|t__SGB82671",1,0.003125,6.44999935500006e-05,FALSE,FALSE,FALSE,NA,"HMP1-2 taxonomy skin"
"k__Bacteria|p__Actinobacteria|c__Actinobacteria|o__Corynebacteriales|f__Corynebacteriaceae|g__Corynebacterium|s__Corynebacterium_pyruviciproducens|t__SGB17029",3,0.009375,6.2200003113334e-05,FALSE,FALSE,FALSE,NA,"HMP1-2 taxonomy skin"
"k__Bacteria|p__Actinobacteria|c__Actinobacteria|o__Micrococcales|f__Sanguibacteraceae|g__Sanguibacter|s__Sanguibacter_inulinus|t__SGB16047",0,0,NA,FALSE,FALSE,FALSE,NA,"HMP1-2 taxonomy skin"
"k__Bacteria|p__Actinobacteria|c__Actinobacteria|o__Micrococcales|f__Microbacteriaceae|g__Plantibacter|s__Plantibacter_flavus|t__SGB16794",0,0,NA,FALSE,FALSE,FALSE,NA,"HMP1-2 taxonomy skin"
"k__Bacteria|p__Proteobacteria|c__CFGB2395|o__OFGB2395|f__FGB2395|g__GGB6554|s__GGB6554_SGB9256|t__SGB9256",0,0,NA,FALSE,FALSE,FALSE,NA,"HMP1-2 taxonomy skin"
"k__Bacteria|p__Firmicutes|c__Clostridia|o__Clostridia_unclassified|f__Clostridia_unclassified|g__Clostridia_unclassified|s__Clostridia_bacterium|t__SGB14081",0,0,NA,FALSE,FALSE,FALSE,NA,"HMP1-2 taxonomy skin"
"k__Bacteria|p__Verrucomicrobia|c__Opitutae|o__Opitutales|f__Opitutales_unclassified|g__GGB6128|s__GGB6128_SGB8774|t__SGB8774",0,0,NA,FALSE,FALSE,FALSE,NA,"HMP1-2 taxonomy skin"
"k__Bacteria|p__Firmicutes|c__Bacilli|o__Bacilli_unclassified|f__Bacilli_unclassified|g__GGB4702|s__GGB4702_SGB6509|t__SGB6509",0,0,NA,FALSE,FALSE,FALSE,NA,"HMP1-2 taxonomy skin"
"k__Bacteria|p__Candidatus_Melainabacteria|c__Candidatus_Melainabacteria_unclassified|o__Candidatus_Gastranaerophilales|f__Candidatus_Gastranaerophilales_unclassified|g__Candidatus_Gastranaerophilales_unclassified|s__Candidatus_Gastranaerophilales_bacterium|t__SGB8590",0,0,NA,FALSE,FALSE,FALSE,NA,"HMP1-2 taxonomy skin"
"k__Bacteria|p__Firmicutes|c__Clostridia|o__Clostridia_unclassified|f__Clostridia_unclassified|g__Clostridia_unclassified|s__Clostridia_bacterium|t__SGB14025",0,0,NA,FALSE,FALSE,FALSE,NA,"HMP1-2 taxonomy skin"
"k__Bacteria|p__Firmicutes|c__Clostridia|o__Clostridia_unclassified|f__Clostridia_unclassified|g__Clostridia_unclassified|s__Clostridia_bacterium|t__SGB14213",0,0,NA,FALSE,FALSE,FALSE,NA,"HMP1-2 taxonomy skin"
"k__Bacteria|p__Firmicutes|c__Clostridia|o__Clostridiales|f__Ruminococcaceae|g__GGB9636|s__GGB9636_SGB15109|t__SGB15109",0,0,NA,FALSE,FALSE,FALSE,NA,"HMP1-2 taxonomy skin"
"k__Bacteria|p__Firmicutes|c__Clostridia|o__Clostridiales|f__Ruminococcaceae|g__GGB9595|s__GGB9595_SGB15017|t__SGB15017",0,0,NA,FALSE,FALSE,FALSE,NA,"HMP1-2 taxonomy skin"
"k__Bacteria|p__Firmicutes|c__CFGB2950|o__OFGB2950|f__FGB2950|g__GGB9291|s__GGB9291_SGB14248|t__SGB14248",0,0,NA,FALSE,FALSE,FALSE,NA,"HMP1-2 taxonomy skin"
"k__Bacteria|p__Firmicutes|c__Clostridia|o__Clostridia_unclassified|f__Clostridia_unclassified|g__Clostridia_unclassified|s__Clostridia_bacterium|t__SGB14950",0,0,NA,FALSE,FALSE,FALSE,NA,"HMP1-2 taxonomy skin"
"k__Bacteria|p__Firmicutes|c__Clostridia|o__Clostridia_unclassified|f__Clostridia_unclassified|g__Clostridia_unclassified|s__Clostridia_bacterium|t__SGB13978",0,0,NA,FALSE,FALSE,FALSE,NA,"HMP1-2 taxonomy skin"
"k__Bacteria|p__Firmicutes|c__Clostridia|o__Clostridiales|f__Lachnospiraceae|g__Coprococcus|s__Coprococcus_SGB5116|t__SGB5116",0,0,NA,FALSE,FALSE,FALSE,NA,"HMP1-2 taxonomy skin"
"k__Bacteria|p__Firmicutes|c__Clostridia|o__Clostridia_unclassified|f__Clostridia_unclassified|g__GGB9768|s__GGB9768_SGB15386|t__SGB15386",0,0,NA,FALSE,FALSE,FALSE,NA,"HMP1-2 taxonomy skin"
"k__Bacteria|p__Firmicutes|c__Clostridia|o__Clostridia_unclassified|f__Clostridia_unclassified|g__Candidatus_Avimonas|s__Candidatus_Avimonas_intestinalis|t__SGB53519",0,0,NA,FALSE,FALSE,FALSE,NA,"HMP1-2 taxonomy skin"
"k__Bacteria|p__Firmicutes|c__Clostridia|o__Clostridiales|f__Ruminococcaceae|g__GGB9696|s__GGB9696_SGB15212|t__SGB15212",0,0,NA,FALSE,FALSE,FALSE,NA,"HMP1-2 taxonomy skin"
"k__Bacteria|p__Actinobacteria|c__Coriobacteriia|o__Coriobacteriales|f__Atopobiaceae|g__Parolsenella|s__Parolsenella_catena|t__SGB14379",0,0,NA,FALSE,FALSE,FALSE,NA,"HMP1-2 taxonomy skin"
"k__Bacteria|p__Firmicutes|c__Negativicutes|o__Acidaminococcales|f__Acidaminococcaceae|g__Acidaminococcus|s__Acidaminococcus_fermentans|t__SGB5743",0,0,NA,FALSE,FALSE,FALSE,NA,"HMP1-2 taxonomy skin"
"k__Bacteria|p__Firmicutes|c__Clostridia|o__Clostridiales|f__Ruminococcaceae|g__Flavonifractor|s__Flavonifractor_SGB15137|t__SGB15137",0,0,NA,FALSE,FALSE,FALSE,NA,"HMP1-2 taxonomy skin"
"k__Bacteria|p__Firmicutes|c__CFGB1470|o__OFGB1470|f__FGB1470|g__GGB3717|s__GGB3717_SGB5040|t__SGB5040",0,0,NA,FALSE,FALSE,FALSE,NA,"HMP1-2 taxonomy skin"
"k__Bacteria|p__Firmicutes|c__Negativicutes|o__Acidaminococcales|f__Acidaminococcaceae|g__GGB4249|s__GGB4249_SGB5749|t__SGB5749",0,0,NA,FALSE,FALSE,FALSE,NA,"HMP1-2 taxonomy skin"
"k__Bacteria|p__Actinobacteria|c__Actinobacteria|o__Corynebacteriales|f__Mycobacteriaceae|g__Mycobacterium|s__Mycobacterium_grossiae|t__SGB15683",2,0.00625,0.0026137005213001,FALSE,TRUE,FALSE,NA,"HMP1-2 taxonomy skin"
"k__Bacteria|p__Proteobacteria|c__Alphaproteobacteria|o__Rhizobiales|f__Methylobacteriaceae|g__Methylobacterium|s__Methylobacterium_brachiatum|t__SGB11381",0,0,NA,FALSE,FALSE,FALSE,NA,"HMP1-2 taxonomy skin"
"k__Bacteria|p__Firmicutes|c__Clostridia|o__Clostridia_unclassified|f__Clostridia_unclassified|g__Clostridia_unclassified|s__Clostridia_bacterium|t__SGB6270",0,0,NA,FALSE,FALSE,FALSE,NA,"HMP1-2 taxonomy skin"
"k__Bacteria|p__Firmicutes|c__Bacilli|o__Bacilli_unclassified|f__Bacilli_unclassified|g__GGB4701|s__GGB4701_SGB6508|t__SGB6508",0,0,NA,FALSE,FALSE,FALSE,NA,"HMP1-2 taxonomy skin"
"k__Bacteria|p__Firmicutes|c__Bacilli|o__Bacilli_unclassified|f__Bacilli_unclassified|g__GGB4667|s__GGB4667_SGB6456|t__SGB6456",0,0,NA,FALSE,FALSE,FALSE,NA,"HMP1-2 taxonomy skin"
"k__Bacteria|p__Firmicutes|c__Bacilli|o__Bacilli_unclassified|f__Bacilli_unclassified|g__GGB4678|s__GGB4678_SGB6468|t__SGB6468",0,0,NA,FALSE,FALSE,FALSE,NA,"HMP1-2 taxonomy skin"
"k__Bacteria|p__Actinobacteria|c__Actinobacteria|o__Corynebacteriales|f__Corynebacteriaceae|g__Corynebacterium|s__Corynebacterium_striatum|t__SGB17121",1,0.003125,0.00850799744760077,FALSE,TRUE,FALSE,NA,"HMP1-2 taxonomy skin"
"k__Bacteria|p__Firmicutes|c__Bacilli|o__Bacilli_unclassified|f__Bacilli_unclassified|g__Bacilli_unclassified|s__Bacilli_bacterium|t__SGB6494",0,0,NA,FALSE,FALSE,FALSE,NA,"HMP1-2 taxonomy skin"
"k__Bacteria|p__Firmicutes|c__Clostridia|o__Clostridia_unclassified|f__Clostridia_unclassified|g__GGB4608|s__GGB4608_SGB6382|t__SGB6382",0,0,NA,FALSE,FALSE,FALSE,NA,"HMP1-2 taxonomy skin"
"k__Bacteria|p__Firmicutes|c__Clostridia|o__Clostridia_unclassified|f__Clostridia_unclassified|g__Clostridia_unclassified|s__Clostridia_unclassified_SGB14016|t__SGB14016",0,0,NA,FALSE,FALSE,FALSE,NA,"HMP1-2 taxonomy skin"
"k__Bacteria|p__Firmicutes|c__Clostridia|o__Clostridia_unclassified|f__Clostridia_unclassified|g__Clostridia_unclassified|s__Clostridia_bacterium|t__SGB4143",0,0,NA,FALSE,FALSE,FALSE,NA,"HMP1-2 taxonomy skin"
"k__Bacteria|p__Firmicutes|c__Clostridia|o__Clostridia_unclassified|f__Clostridia_unclassified|g__Clostridia_unclassified|s__Clostridia_bacterium|t__SGB13984",0,0,NA,FALSE,FALSE,FALSE,NA,"HMP1-2 taxonomy skin"
"k__Bacteria|p__Firmicutes|c__Clostridia|o__Clostridia_unclassified|f__Clostridia_unclassified|g__Clostridia_unclassified|s__Clostridia_bacterium|t__SGB14011",0,0,NA,FALSE,FALSE,FALSE,NA,"HMP1-2 taxonomy skin"
"k__Bacteria|p__Firmicutes|c__Clostridia|o__Clostridia_unclassified|f__Clostridia_unclassified|g__GGB9540|s__GGB9540_SGB14943|t__SGB14943",0,0,NA,FALSE,FALSE,FALSE,NA,"HMP1-2 taxonomy skin"
"k__Bacteria|p__Firmicutes|c__Bacilli|o__Lactobacillales|f__Leuconostocaceae|g__Leuconostoc|s__Leuconostoc_lactis|t__SGB7121",0,0,NA,FALSE,FALSE,FALSE,NA,"HMP1-2 taxonomy skin"
"k__Bacteria|p__Firmicutes|c__Bacilli|o__Bacillales|f__Staphylococcaceae|g__Staphylococcus|s__Staphylococcus_pasteuri|t__SGB7855",2,0.00625,4.07000162250081e-05,FALSE,FALSE,FALSE,NA,"HMP1-2 taxonomy skin"
"k__Bacteria|p__Firmicutes|c__Bacilli|o__Bacilli_unclassified|f__Bacilli_unclassified|g__GGB4713|s__GGB4713_SGB6526|t__SGB6526",0,0,NA,FALSE,FALSE,FALSE,NA,"HMP1-2 taxonomy skin"
"k__Bacteria|p__Firmicutes|c__Clostridia|o__Clostridia_unclassified|f__Clostridia_unclassified|g__GGB9074|s__GGB9074_SGB13995|t__SGB13995",0,0,NA,FALSE,FALSE,FALSE,NA,"HMP1-2 taxonomy skin"
"k__Archaea|p__Candidatus_Thermoplasmatota|c__Thermoplasmata|o__Methanomassiliicoccales|f__Methanomassiliicoccaceae|g__Methanomassiliicoccaceae_unclassified|s__Methanomassiliicoccaceae_unclassified_SGB380|t__SGB380",0,0,NA,FALSE,FALSE,FALSE,NA,"HMP1-2 taxonomy skin"
"k__Bacteria|p__Firmicutes|c__Negativicutes|o__Veillonellales|f__Veillonellaceae|g__Dialister|s__Dialister_SGB5817|t__SGB5817",0,0,NA,FALSE,FALSE,FALSE,NA,"HMP1-2 taxonomy skin"
"k__Bacteria|p__Bacteroidetes|c__Bacteroidia|o__Bacteroidales|f__Bacteroidales_unclassified|g__Bacteroidales_unclassified|s__Bacteroidales_bacterium|t__SGB2021",0,0,NA,FALSE,FALSE,FALSE,NA,"HMP1-2 taxonomy skin"
"k__Bacteria|p__Firmicutes|c__Bacilli|o__Bacilli_unclassified|f__Bacilli_unclassified|g__GGB4687|s__GGB4687_SGB6484|t__SGB6484",0,0,NA,FALSE,FALSE,FALSE,NA,"HMP1-2 taxonomy skin"
"k__Bacteria|p__Lentisphaerae|c__Lentisphaeria|o__Lentisphaeria_unclassified|f__Lentisphaeria_unclassified|g__GGB6522|s__GGB6522_SGB9214|t__SGB9214",0,0,NA,FALSE,FALSE,FALSE,NA,"HMP1-2 taxonomy skin"
"k__Bacteria|p__Lentisphaerae|c__Lentisphaeria|o__Lentisphaeria_unclassified|f__Lentisphaeria_unclassified|g__Lentisphaeria_unclassified|s__Lentisphaeria_bacterium|t__SGB9153",0,0,NA,FALSE,FALSE,FALSE,NA,"HMP1-2 taxonomy skin"
"k__Bacteria|p__Lentisphaerae|c__Lentisphaeria|o__Lentisphaeria_unclassified|f__Lentisphaeria_unclassified|g__Lentisphaeria_unclassified|s__Lentisphaeria_bacterium|t__SGB9192",0,0,NA,FALSE,FALSE,FALSE,NA,"HMP1-2 taxonomy skin"
"k__Bacteria|p__Proteobacteria|c__Betaproteobacteria|o__Burkholderiales|f__Sutterellaceae|g__Sutterella|s__Sutterella_sp_AM11_39|t__SGB9280",0,0,NA,FALSE,FALSE,FALSE,NA,"HMP1-2 taxonomy skin"
"k__Archaea|p__Candidatus_Thermoplasmatota|c__Thermoplasmata|o__Methanomassiliicoccales|f__Methanomassiliicoccaceae|g__GGB260|s__GGB260_SGB362|t__SGB362",0,0,NA,FALSE,FALSE,FALSE,NA,"HMP1-2 taxonomy skin"
"k__Bacteria|p__Firmicutes|c__Clostridia|o__Clostridia_unclassified|f__Clostridia_unclassified|g__Clostridia_unclassified|s__Clostridia_bacterium|t__SGB14291",0,0,NA,FALSE,FALSE,FALSE,NA,"HMP1-2 taxonomy skin"
"k__Bacteria|p__Synergistetes|c__Synergistia|o__Synergistales|f__Synergistaceae|g__Pyramidobacter|s__Pyramidobacter_sp_C12_8|t__SGB15498",0,0,NA,FALSE,FALSE,FALSE,NA,"HMP1-2 taxonomy skin"
"k__Bacteria|p__Firmicutes|c__Clostridia|o__Clostridia_unclassified|f__Clostridia_unclassified|g__Clostridia_unclassified|s__Clostridia_bacterium|t__SGB14949",0,0,NA,FALSE,FALSE,FALSE,NA,"HMP1-2 taxonomy skin"
"k__Bacteria|p__Bacteroidetes|c__Bacteroidia|o__Bacteroidales|f__Rikenellaceae|g__Millionella|s__Millionella_massiliensis|t__SGB27758",0,0,NA,FALSE,FALSE,FALSE,NA,"HMP1-2 taxonomy skin"
"k__Bacteria|p__Firmicutes|c__Clostridia|o__Clostridiales|f__Ruminococcaceae|g__Gemmiger|s__Gemmiger_sp_An50|t__SGB15282",0,0,NA,FALSE,FALSE,FALSE,NA,"HMP1-2 taxonomy skin"
"k__Bacteria|p__Actinobacteria|c__Actinobacteria|o__Corynebacteriales|f__Corynebacteriaceae|g__Corynebacterium|s__Corynebacterium_mucifaciens|t__SGB17064",4,0.0125,5.30250078750023e-05,FALSE,FALSE,FALSE,NA,"HMP1-2 taxonomy skin"
"k__Bacteria|p__Actinobacteria|c__Actinobacteria|o__Corynebacteriales|f__Corynebacteriaceae|g__Corynebacterium|s__Corynebacterium_aurimucosum|t__SGB17109",2,0.00625,0.00233105024983003,FALSE,TRUE,FALSE,NA,"HMP1-2 taxonomy skin"
"k__Bacteria|p__Firmicutes|c__Bacilli|o__Lactobacillales|f__Lactobacillaceae|g__Latilactobacillus|s__Latilactobacillus_sakei|t__SGB7248",2,0.00625,0.000783249920855008,FALSE,FALSE,FALSE,NA,"HMP1-2 taxonomy skin"
"k__Bacteria|p__Bacteroidetes|c__Bacteroidia|o__Bacteroidales|f__Porphyromonadaceae|g__Porphyromonas|s__Porphyromonas_crevioricanis|t__SGB2062",1,0.003125,2.55999974400003e-05,FALSE,FALSE,FALSE,NA,"HMP1-2 taxonomy skin"
"k__Bacteria|p__Bacteroidetes|c__Bacteroidia|o__Bacteroidales|f__Prevotellaceae|g__Alloprevotella|s__Alloprevotella_sp_OH1205_COT_284|t__SGB27854",1,0.003125,1.15999988400001e-05,FALSE,FALSE,FALSE,NA,"HMP1-2 taxonomy skin"
"k__Bacteria|p__Actinobacteria|c__Actinobacteria|o__Corynebacteriales|f__Corynebacteriaceae|g__Corynebacterium|s__Corynebacterium_canis|t__SGB86814",2,0.00625,1.09499973750007e-05,FALSE,FALSE,FALSE,NA,"HMP1-2 taxonomy skin"
"k__Bacteria|p__Actinobacteria|c__Actinobacteria|o__Corynebacteriales|f__Mycobacteriaceae|g__Mycolicibacterium|s__Mycolicibacterium_mucogenicum|t__SGB15716",1,0.003125,4.31999870400039e-05,FALSE,FALSE,FALSE,NA,"HMP1-2 taxonomy skin"
"k__Bacteria|p__Proteobacteria|c__Alphaproteobacteria|o__Sphingomonadales|f__Sphingomonadaceae|g__Sphingomonas|s__Sphingomonas_dokdonensis|t__SGB11645",1,0.003125,2.45999926200022e-05,FALSE,FALSE,FALSE,NA,"HMP1-2 taxonomy skin"
"k__Bacteria|p__Proteobacteria|c__Alphaproteobacteria|o__Sphingomonadales|f__Sphingomonadaceae|g__Sphingomonas|s__Sphingomonas_sp_CCH5_D11|t__SGB11646",1,0.003125,4.99999850000045e-06,FALSE,FALSE,FALSE,NA,"HMP1-2 taxonomy skin"
"k__Bacteria|p__Bacteroidetes|c__Flavobacteriia|o__Flavobacteriales|f__Weeksellaceae|g__Empedobacter|s__Empedobacter_falsenii|t__SGB3056",1,0.003125,0.000899899910010009,FALSE,FALSE,FALSE,NA,"HMP1-2 taxonomy skin"
"k__Bacteria|p__Firmicutes|c__Bacilli|o__Bacillales|f__Staphylococcaceae|g__Nosocomiicoccus|s__Nosocomiicoccus_ampullae|t__SGB82656",1,0.003125,5.55e-05,FALSE,FALSE,FALSE,NA,"HMP1-2 taxonomy skin"
"k__Bacteria|p__Actinobacteria|c__Actinobacteria|o__Corynebacteriales|f__Corynebacteriaceae|g__Corynebacterium|s__Corynebacterium_urealyticum|t__SGB17041",1,0.003125,2.88e-05,FALSE,FALSE,FALSE,NA,"HMP1-2 taxonomy skin"
"k__Bacteria|p__Proteobacteria|c__Alphaproteobacteria|o__Rhodobacterales|f__Rhodobacteraceae|g__Paracoccus|s__Paracoccus_yeei|t__SGB10717",1,0.003125,1.6e-06,FALSE,FALSE,FALSE,NA,"HMP1-2 taxonomy skin"
"k__Bacteria|p__Firmicutes|c__Clostridia|o__Clostridiales|f__Lachnospiraceae|g__Lachnospiraceae_unclassified|s__Lachnospiraceae_bacterium|t__SGB4754",0,0,NA,FALSE,FALSE,FALSE,NA,"HMP1-2 taxonomy skin"
"k__Bacteria|p__Bacteroidetes|c__Bacteroidia|o__Bacteroidales|f__Muribaculaceae|g__GGB24127|s__GGB24127_SGB35930|t__SGB35930",0,0,NA,FALSE,FALSE,FALSE,NA,"HMP1-2 taxonomy skin"
"k__Bacteria|p__Firmicutes|c__Clostridia|o__Clostridia_unclassified|f__Clostridia_unclassified|g__Candidatus_Heritagella|s__Candidatus_Heritagella_intestinalis|t__SGB63346",0,0,NA,FALSE,FALSE,FALSE,NA,"HMP1-2 taxonomy skin"
"k__Bacteria|p__Actinobacteria|c__Coriobacteriia|o__Eggerthellales|f__Eggerthellaceae|g__Paraeggerthella|s__Paraeggerthella_hongkongensis|t__SGB33559",0,0,NA,FALSE,FALSE,FALSE,NA,"HMP1-2 taxonomy skin"
"k__Bacteria|p__Bacteroidetes|c__Bacteroidia|o__Bacteroidales|f__Dysgonomonadaceae|g__Dysgonomonas|s__Dysgonomonas_gadei|t__SGB1774",0,0,NA,FALSE,FALSE,FALSE,NA,"HMP1-2 taxonomy skin"
"k__Bacteria|p__Firmicutes|c__Clostridia|o__Clostridiales|f__Lachnospiraceae|g__Lachnospiraceae_unclassified|s__Lachnospiraceae_unclassified_SGB4550|t__SGB4550",0,0,NA,FALSE,FALSE,FALSE,NA,"HMP1-2 taxonomy skin"
"k__Bacteria|p__Firmicutes|c__Bacilli|o__Lactobacillales|f__Leuconostocaceae|g__Weissella|s__Weissella_confusa|t__SGB7115",0,0,NA,FALSE,FALSE,FALSE,NA,"HMP1-2 taxonomy skin"
"k__Bacteria|p__Firmicutes|c__Clostridia|o__Clostridia_unclassified|f__Clostridia_unclassified|g__Candidatus_Gallimonas|s__Candidatus_Gallimonas_caecicola|t__SGB14041",0,0,NA,FALSE,FALSE,FALSE,NA,"HMP1-2 taxonomy skin"
"k__Bacteria|p__Firmicutes|c__Clostridia|o__Clostridiales|f__Ruminococcaceae|g__GGB9742|s__GGB9742_SGB15348|t__SGB15348",0,0,NA,FALSE,FALSE,FALSE,NA,"HMP1-2 taxonomy skin"
"k__Bacteria|p__Proteobacteria|c__Betaproteobacteria|o__Neisseriales|f__Neisseriaceae|g__Kingella|s__Kingella_negevensis|t__SGB9476",0,0,NA,FALSE,FALSE,FALSE,NA,"HMP1-2 taxonomy skin"
"k__Bacteria|p__Firmicutes|c__Clostridia|o__Clostridiales|f__Ruminococcaceae|g__Candidatus_Soleaferrea|s__Candidatus_Soleaferrea_massiliensis|t__SGB29379",0,0,NA,FALSE,FALSE,FALSE,NA,"HMP1-2 taxonomy skin"
"k__Bacteria|p__Firmicutes|c__Clostridia|o__Clostridia_unclassified|f__Clostridia_unclassified|g__GGB4590|s__GGB4590_SGB6349|t__SGB6349",0,0,NA,FALSE,FALSE,FALSE,NA,"HMP1-2 taxonomy skin"
"k__Bacteria|p__Chloroflexi|c__Chloroflexia|o__Chloroflexales|f__Roseiflexaceae|g__Roseiflexus|s__Roseiflexus_sp_RS_1|t__SGB17336",0,0,NA,FALSE,FALSE,FALSE,NA,"HMP1-2 taxonomy skin"
"k__Bacteria|p__Cyanobacteria|c__Cyanobacteria_unclassified|o__Synechococcales|f__Synechococcaceae|g__Synechococcus|s__Synechococcus_sp_JA_2_3B_a_2_13|t__SGB13383",0,0,NA,FALSE,FALSE,FALSE,NA,"HMP1-2 taxonomy skin"
"k__Bacteria|p__Firmicutes|c__CFGB53340|o__OFGB53340|f__FGB53340|g__GGB55179|s__GGB55179_SGB76443|t__SGB76443",0,0,NA,FALSE,FALSE,FALSE,NA,"HMP1-2 taxonomy skin"
"k__Bacteria|p__Cyanobacteria|c__CFGB2413|o__OFGB2413|f__FGB2413|g__GGB43425|s__GGB43425_SGB60738|t__SGB60738",0,0,NA,FALSE,FALSE,FALSE,NA,"HMP1-2 taxonomy skin"
"k__Bacteria|p__Cyanobacteria|c__Cyanobacteria_unclassified|o__Synechococcales|f__Synechococcaceae|g__Synechococcus|s__Synechococcus_sp_60AY4M2|t__SGB13382",0,0,NA,FALSE,FALSE,FALSE,NA,"HMP1-2 taxonomy skin"
"k__Bacteria|p__Acidobacteria|c__Blastocatellia|o__Blastocatellia_unclassified|f__Blastocatellia_unclassified|g__Chloracidobacterium|s__Chloracidobacterium_SGB76761|t__SGB76761",0,0,NA,FALSE,FALSE,FALSE,NA,"HMP1-2 taxonomy skin"
"k__Bacteria|p__Firmicutes|c__Clostridia|o__Clostridia_unclassified|f__Clostridia_unclassified|g__Clostridia_unclassified|s__Clostridia_bacterium|t__SGB6301",0,0,NA,FALSE,FALSE,FALSE,NA,"HMP1-2 taxonomy skin"
"k__Bacteria|p__Actinobacteria|c__Actinobacteria|o__Corynebacteriales|f__Dietziaceae|g__Dietzia|s__Dietzia_cercidiphylli|t__SGB86977",1,0.003125,0.000490400049040005,FALSE,FALSE,FALSE,NA,"HMP1-2 taxonomy skin"
"k__Bacteria|p__Actinobacteria|c__Actinobacteria|o__Corynebacteriales|f__Dietziaceae|g__Dietzia|s__Dietzia_kunjamensis|t__SGB15765",1,0.003125,0.000225900022590002,FALSE,FALSE,FALSE,NA,"HMP1-2 taxonomy skin"
"k__Bacteria|p__Actinobacteria|c__Actinobacteria|o__Corynebacteriales|f__Mycobacteriaceae|g__Mycolicibacterium|s__Mycolicibacterium_neoaurum|t__SGB15710",1,0.003125,8.85000088500009e-05,FALSE,FALSE,FALSE,NA,"HMP1-2 taxonomy skin"
"k__Bacteria|p__Actinobacteria|c__Actinobacteria|o__Corynebacteriales|f__Nocardiaceae|g__Rhodococcus|s__Rhodococcus_kroppenstedtii|t__SGB15803",1,0.003125,2.48000024800002e-05,FALSE,FALSE,FALSE,NA,"HMP1-2 taxonomy skin"
"k__Bacteria|p__Proteobacteria|c__Alphaproteobacteria|o__Rhodospirillales|f__Rhodospirillaceae|g__Skermanella|s__Skermanella_aerolata|t__SGB11248",1,0.003125,3.80000114000034e-06,FALSE,FALSE,FALSE,NA,"HMP1-2 taxonomy skin"
"k__Bacteria|p__Actinobacteria|c__Actinobacteria|o__Corynebacteriales|f__Nocardiaceae|g__Rhodococcus|s__Rhodococcus_fascians|t__SGB15814",2,0.00625,0.000357300057740014,FALSE,FALSE,FALSE,NA,"HMP1-2 taxonomy skin"
"k__Bacteria|p__Proteobacteria|c__Gammaproteobacteria|o__Pseudomonadales|f__Pseudomonadaceae|g__Pseudomonas|s__Pseudomonas_helleri|t__SGB12098",1,0.003125,1.51999969600006e-05,FALSE,FALSE,FALSE,NA,"HMP1-2 taxonomy skin"
"k__Bacteria|p__Proteobacteria|c__Gammaproteobacteria|o__Pseudomonadales|f__Pseudomonadaceae|g__Pseudomonas|s__Pseudomonas_taetrolens|t__SGB12103",1,0.003125,4.9999990000002e-07,FALSE,FALSE,FALSE,NA,"HMP1-2 taxonomy skin"
"k__Bacteria|p__Firmicutes|c__Clostridia|o__Clostridiales|f__Lachnospiraceae|g__Roseburia|s__Roseburia_sp_MUC_MUC_530_WT_4D|t__SGB66053",0,0,NA,FALSE,FALSE,FALSE,NA,"HMP1-2 taxonomy skin"
"k__Bacteria|p__Firmicutes|c__Clostridia|o__Clostridia_unclassified|f__Clostridia_unclassified|g__Clostridia_unclassified|s__Clostridia_bacterium|t__SGB14242",0,0,NA,FALSE,FALSE,FALSE,NA,"HMP1-2 taxonomy skin"
"k__Bacteria|p__Firmicutes|c__Clostridia|o__Clostridia_unclassified|f__Clostridia_unclassified|g__Clostridia_unclassified|s__Clostridia_bacterium|t__SGB14023",0,0,NA,FALSE,FALSE,FALSE,NA,"HMP1-2 taxonomy skin"
"k__Bacteria|p__Firmicutes|c__Clostridia|o__Clostridia_unclassified|f__Clostridia_unclassified|g__Clostridia_unclassified|s__Clostridia_unclassified_SGB14297|t__SGB14297",0,0,NA,FALSE,FALSE,FALSE,NA,"HMP1-2 taxonomy skin"
"k__Bacteria|p__Proteobacteria|c__Gammaproteobacteria|o__Enterobacterales|f__Enterobacteriaceae|g__Klebsiella|s__Klebsiella_oxytoca|t__SGB10118",3,0.009375,0.0188764990851602,FALSE,TRUE,FALSE,NA,"HMP1-2 taxonomy skin"
"k__Bacteria|p__Proteobacteria|c__Gammaproteobacteria|o__Enterobacterales|f__Enterobacteriaceae|g__Klebsiella|s__Klebsiella_grimontii|t__SGB10120",2,0.00625,0.0080977500037,FALSE,TRUE,FALSE,NA,"HMP1-2 taxonomy skin"
"k__Bacteria|p__Actinobacteria|c__Actinobacteria|o__Corynebacteriales|f__Corynebacteriaceae|g__Corynebacterium|s__Corynebacterium_jeikeium|t__SGB17045",1,0.003125,0.00294830058966012,FALSE,TRUE,FALSE,NA,"HMP1-2 taxonomy skin"
"k__Bacteria|p__Actinobacteria|c__Actinobacteria|o__Corynebacteriales|f__Corynebacteriaceae|g__Corynebacterium|s__Corynebacterium_simulans|t__SGB17120",1,0.003125,0.00108780021756004,FALSE,TRUE,FALSE,NA,"HMP1-2 taxonomy skin"
"k__Bacteria|p__Proteobacteria|c__Alphaproteobacteria|o__Rhizobiales|f__Phyllobacteriaceae|g__Mesorhizobium|s__Mesorhizobium_amorphae|t__SGB32228",0,0,NA,FALSE,FALSE,FALSE,NA,"HMP1-2 taxonomy skin"
"k__Bacteria|p__Proteobacteria|c__Alphaproteobacteria|o__Sphingomonadales|f__Sphingomonadaceae|g__Sphingomonas|s__Sphingomonas_leidyi|t__SGB24634",0,0,NA,FALSE,FALSE,FALSE,NA,"HMP1-2 taxonomy skin"
"k__Bacteria|p__Bacteroidetes|c__Bacteroidia|o__Bacteroidales|f__Prevotellaceae|g__Prevotella|s__Prevotella_lascolaii|t__SGB1585",0,0,NA,FALSE,FALSE,FALSE,NA,"HMP1-2 taxonomy skin"
"k__Bacteria|p__Bacteria_unclassified|c__Bacteria_unclassified|o__Bacteria_unclassified|f__Bacteria_unclassified|g__Bacteria_unclassified|s__bacterium_J10_2018|t__SGB27771",0,0,NA,FALSE,FALSE,FALSE,NA,"HMP1-2 taxonomy skin"
"k__Bacteria|p__Candidatus_Melainabacteria|c__Candidatus_Melainabacteria_unclassified|o__Candidatus_Gastranaerophilales|f__Candidatus_Gastranaerophilales_unclassified|g__Candidatus_Gastranaerophilales_unclassified|s__Candidatus_Gastranaerophilales_unclassified_SGB8631|t__SGB8631",0,0,NA,FALSE,FALSE,FALSE,NA,"HMP1-2 taxonomy skin"
"k__Bacteria|p__Bacteroidetes|c__Bacteroidia|o__Bacteroidales|f__Bacteroidales_unclassified|g__Bacteroidales_unclassified|s__Bacteroidales_bacterium|t__SGB58508",0,0,NA,FALSE,FALSE,FALSE,NA,"HMP1-2 taxonomy skin"
"k__Bacteria|p__Bacteroidetes|c__Bacteroidia|o__Bacteroidales|f__Muribaculaceae|g__Muribaculaceae_unclassified|s__Muribaculaceae_bacterium|t__SGB35903",0,0,NA,FALSE,FALSE,FALSE,NA,"HMP1-2 taxonomy skin"
"k__Bacteria|p__Bacteroidetes|c__Bacteroidia|o__Bacteroidales|f__Bacteroidales_unclassified|g__GGB27873|s__GGB27873_SGB40307|t__SGB40307",0,0,NA,FALSE,FALSE,FALSE,NA,"HMP1-2 taxonomy skin"
"k__Bacteria|p__Firmicutes|c__Clostridia|o__Clostridia_unclassified|f__Clostridia_unclassified|g__Clostridia_unclassified|s__Clostridia_bacterium|t__SGB14301",0,0,NA,FALSE,FALSE,FALSE,NA,"HMP1-2 taxonomy skin"
"k__Bacteria|p__Firmicutes|c__Clostridia|o__Clostridiales|f__Ruminococcaceae|g__Fournierella|s__Fournierella_massiliensis|t__SGB15280",0,0,NA,FALSE,FALSE,FALSE,NA,"HMP1-2 taxonomy skin"
"k__Bacteria|p__Firmicutes|c__Clostridia|o__Clostridiales|f__Lachnospiraceae|g__Lachnospiraceae_unclassified|s__Lachnospiraceae_unclassified_SGB66069|t__SGB66069",0,0,NA,FALSE,FALSE,FALSE,NA,"HMP1-2 taxonomy skin"
"k__Bacteria|p__Proteobacteria|c__Gammaproteobacteria|o__Pseudomonadales|f__Pseudomonadaceae|g__Pseudomonas|s__Pseudomonas_agarici|t__SGB12111",1,0.003125,0.0001264,FALSE,FALSE,FALSE,NA,"HMP1-2 taxonomy skin"
"k__Bacteria|p__Firmicutes|c__Clostridia|o__Clostridiales|f__Clostridiaceae|g__Clostridium|s__Clostridium_thermobutyricum|t__SGB6193",0,0,NA,FALSE,FALSE,FALSE,NA,"HMP1-2 taxonomy skin"
"k__Bacteria|p__Firmicutes|c__Clostridia|o__Clostridia_unclassified|f__Clostridia_unclassified|g__Clostridia_unclassified|s__Clostridia_bacterium|t__SGB47453",0,0,NA,FALSE,FALSE,FALSE,NA,"HMP1-2 taxonomy skin"
"k__Bacteria|p__Firmicutes|c__CFGB2829|o__OFGB2829|f__FGB2829|g__GGB9045|s__GGB9045_SGB13947|t__SGB13947",0,0,NA,FALSE,FALSE,FALSE,NA,"HMP1-2 taxonomy skin"
"k__Bacteria|p__Actinobacteria|c__Actinobacteria|o__Bifidobacteriales|f__Bifidobacteriaceae|g__Gardnerella|s__Gardnerella_vaginalis|t__SGB17310",0,0,NA,FALSE,FALSE,FALSE,NA,"HMP1-2 taxonomy skin"
"k__Bacteria|p__Actinobacteria|c__Actinobacteria|o__Bifidobacteriales|f__Bifidobacteriaceae|g__Gardnerella|s__Gardnerella_vaginalis|t__SGB17308",1,0.003125,3.77000113100034e-05,FALSE,FALSE,FALSE,NA,"HMP1-2 taxonomy skin"
"k__Bacteria|p__Firmicutes|c__Clostridia|o__Clostridia_unclassified|f__Clostridia_unclassified|g__GGB29685|s__GGB29685_SGB42494|t__SGB42494",0,0,NA,FALSE,FALSE,FALSE,NA,"HMP1-2 taxonomy skin"
"k__Bacteria|p__Firmicutes|c__Clostridia|o__Clostridiales|f__Clostridiaceae|g__Clostridium|s__Clostridium_sp_AF32_12BH|t__SGB4710",0,0,NA,FALSE,FALSE,FALSE,NA,"HMP1-2 taxonomy skin"
"k__Bacteria|p__Firmicutes|c__Bacilli|o__Bacilli_unclassified|f__Bacilli_unclassified|g__Bacilli_unclassified|s__Bacilli_bacterium|t__SGB6492",0,0,NA,FALSE,FALSE,FALSE,NA,"HMP1-2 taxonomy skin"
"k__Bacteria|p__Firmicutes|c__Bacilli|o__Lactobacillales|f__Streptococcaceae|g__Lactococcus|s__Lactococcus_piscium|t__SGB7987",0,0,NA,FALSE,FALSE,FALSE,NA,"HMP1-2 taxonomy skin"
"k__Bacteria|p__Candidatus_Melainabacteria|c__Candidatus_Melainabacteria_unclassified|o__Candidatus_Gastranaerophilales|f__Candidatus_Gastranaerophilales_unclassified|g__Candidatus_Gastranaerophilales_unclassified|s__Candidatus_Gastranaerophilales_bacterium|t__SGB8589",0,0,NA,FALSE,FALSE,FALSE,NA,"HMP1-2 taxonomy skin"
"k__Bacteria|p__Firmicutes|c__CFGB1799|o__OFGB1799|f__FGB1799|g__GGB4770|s__GGB4770_SGB6604|t__SGB6604",1,0.003125,0.0187663943700817,FALSE,TRUE,FALSE,NA,"HMP1-2 taxonomy skin"
"k__Bacteria|p__Firmicutes|c__Clostridia|o__Clostridia_unclassified|f__Clostridia_unclassified|g__Clostridia_unclassified|s__Clostridia_bacterium|t__SGB4110",0,0,NA,FALSE,FALSE,FALSE,NA,"HMP1-2 taxonomy skin"
"k__Bacteria|p__Firmicutes|c__Clostridia|o__Clostridiales|f__Lachnospiraceae|g__GGB3636|s__GGB3636_SGB4929|t__SGB4929",0,0,NA,FALSE,FALSE,FALSE,NA,"HMP1-2 taxonomy skin"
"k__Bacteria|p__Firmicutes|c__Clostridia|o__Clostridia_unclassified|f__Clostridia_unclassified|g__Clostridia_unclassified|s__Clostridia_bacterium|t__SGB15406",0,0,NA,FALSE,FALSE,FALSE,NA,"HMP1-2 taxonomy skin"
"k__Bacteria|p__Actinobacteria|c__Coriobacteriia|o__Coriobacteriales|f__Coriobacteriaceae|g__Collinsella|s__Collinsella_SGB14747|t__SGB14747",0,0,NA,FALSE,FALSE,FALSE,NA,"HMP1-2 taxonomy skin"
"k__Bacteria|p__Actinobacteria|c__Coriobacteriia|o__Eggerthellales|f__Eggerthellaceae|g__Gordonibacter|s__Gordonibacter_massiliensis|t__SGB33566",0,0,NA,FALSE,FALSE,FALSE,NA,"HMP1-2 taxonomy skin"
"k__Bacteria|p__Firmicutes|c__Clostridia|o__Clostridiales|f__Lachnospiraceae|g__Lachnospiraceae_unclassified|s__Lachnospiraceae_bacterium|t__SGB4995",0,0,NA,FALSE,FALSE,FALSE,NA,"HMP1-2 taxonomy skin"
"k__Bacteria|p__Firmicutes|c__Clostridia|o__Clostridiales|f__Lachnospiraceae|g__Lachnospiraceae_unclassified|s__Lachnospiraceae_bacterium|t__SGB4596",0,0,NA,FALSE,FALSE,FALSE,NA,"HMP1-2 taxonomy skin"
"k__Bacteria|p__Tenericutes|c__Mollicutes|o__Mycoplasmatales|f__Mycoplasmataceae|g__Mycoplasma|s__Mycoplasma_amphoriforme|t__SGB58372",0,0,NA,FALSE,FALSE,FALSE,NA,"HMP1-2 taxonomy skin"
"k__Bacteria|p__Firmicutes|c__Bacilli|o__Bacilli_unclassified|f__Bacilli_unclassified|g__Bacilli_unclassified|s__Bacilli_bacterium|t__SGB6517",0,0,NA,FALSE,FALSE,FALSE,NA,"HMP1-2 taxonomy skin"
"k__Bacteria|p__Proteobacteria|c__CFGB1062|o__OFGB1062|f__FGB1062|g__GGB2732|s__GGB2732_SGB58358|t__SGB58358",0,0,NA,FALSE,FALSE,FALSE,NA,"HMP1-2 taxonomy skin"
"k__Bacteria|p__Firmicutes|c__Clostridia|o__Clostridia_unclassified|f__Clostridia_unclassified|g__Clostridia_unclassified|s__Clostridia_bacterium|t__SGB4329",0,0,NA,FALSE,FALSE,FALSE,NA,"HMP1-2 taxonomy skin"
"k__Bacteria|p__Bacteroidetes|c__Flavobacteriia|o__Flavobacteriales|f__Weeksellaceae|g__Planobacterium|s__Chryseobacterium_taklimakanense|t__SGB2643",1,0.003125,6.23000062300006e-05,FALSE,FALSE,FALSE,NA,"HMP1-2 taxonomy skin"
"k__Bacteria|p__Proteobacteria|c__Gammaproteobacteria|o__Pseudomonadales|f__Moraxellaceae|g__Acinetobacter|s__Acinetobacter_indicus|t__SGB10410",2,0.00625,2.79000134300067e-05,FALSE,FALSE,FALSE,NA,"HMP1-2 taxonomy skin"
"k__Bacteria|p__Bacteroidetes|c__Sphingobacteriia|o__Sphingobacteriales|f__Sphingobacteriaceae|g__Sphingobacterium|s__Sphingobacterium_sp_DN04309|t__SGB78603",1,0.003125,5.6000028000014e-06,FALSE,FALSE,FALSE,NA,"HMP1-2 taxonomy skin"
"k__Bacteria|p__Proteobacteria|c__Gammaproteobacteria|o__Alteromonadales|f__Alteromonadaceae|g__Alishewanella|s__Alishewanella_agri|t__SGB9784",1,0.003125,5.00000250000125e-06,FALSE,FALSE,FALSE,NA,"HMP1-2 taxonomy skin"
"k__Bacteria|p__Firmicutes|c__Clostridia|o__Clostridiales|f__Clostridiaceae|g__GGB9580|s__GGB9580_SGB14996|t__SGB14996",0,0,NA,FALSE,FALSE,FALSE,NA,"HMP1-2 taxonomy skin"
"k__Bacteria|p__Firmicutes|c__Clostridia|o__Clostridia_unclassified|f__Clostridia_unclassified|g__Clostridia_unclassified|s__Clostridia_bacterium|t__SGB4145",0,0,NA,FALSE,FALSE,FALSE,NA,"HMP1-2 taxonomy skin"
"k__Bacteria|p__Proteobacteria|c__Gammaproteobacteria|o__Pseudomonadales|f__Pseudomonadaceae|g__Pseudomonas|s__Pseudomonas_thermotolerans|t__SGB33286",1,0.003125,0.000164400065760026,FALSE,FALSE,FALSE,NA,"HMP1-2 taxonomy skin"
"k__Bacteria|p__Proteobacteria|c__Betaproteobacteria|o__Neisseriales|f__Chromobacteriaceae|g__Gulbenkiania|s__Gulbenkiania_indica|t__SGB22519",1,0.003125,4.94000197600079e-05,FALSE,FALSE,FALSE,NA,"HMP1-2 taxonomy skin"
"k__Bacteria|p__Proteobacteria|c__Betaproteobacteria|o__Rhodocyclales|f__Zoogloeaceae|g__Thauera|s__Thauera_hydrothermalis|t__SGB12606",1,0.003125,4.00000160000064e-07,FALSE,FALSE,FALSE,NA,"HMP1-2 taxonomy skin"
"k__Bacteria|p__Proteobacteria|c__Gammaproteobacteria|o__Pseudomonadales|f__Pseudomonadaceae|g__Pseudomonas|s__Pseudomonas_yamanorum|t__SGB89072",1,0.003125,4.6e-06,FALSE,FALSE,FALSE,NA,"HMP1-2 taxonomy skin"
"k__Bacteria|p__Proteobacteria|c__Alphaproteobacteria|o__Sphingomonadales|f__Sphingomonadaceae|g__Sphingomonas|s__Sphingomonas_zeae|t__SGB90167",1,0.003125,0.000145499927250036,FALSE,FALSE,FALSE,NA,"HMP1-2 taxonomy skin"
"k__Bacteria|p__Proteobacteria|c__Gammaproteobacteria|o__Enterobacterales|f__Erwiniaceae|g__Buchnera|s__Buchnera_aphidicola|t__SGB50669",1,0.003125,9.03999548000226e-05,FALSE,FALSE,FALSE,NA,"HMP1-2 taxonomy skin"
"k__Bacteria|p__Proteobacteria|c__Alphaproteobacteria|o__Rhodospirillales|f__Acetobacteraceae|g__Roseomonas|s__Roseomonas_mucosa|t__SGB11236",1,0.003125,5.85999707000146e-05,FALSE,FALSE,FALSE,NA,"HMP1-2 taxonomy skin"
"k__Bacteria|p__Firmicutes|c__Bacilli|o__Bacillales|f__Staphylococcaceae|g__Staphylococcus|s__Staphylococcus_arlettae|t__SGB7838",1,0.003125,1.78999964200007e-05,FALSE,FALSE,FALSE,NA,"HMP1-2 taxonomy skin"
"k__Bacteria|p__Firmicutes|c__Clostridia|o__Clostridia_unclassified|f__Clostridia_unclassified|g__Clostridia_unclassified|s__Clostridia_bacterium|t__SGB14229",0,0,NA,FALSE,FALSE,FALSE,NA,"HMP1-2 taxonomy skin"
"k__Bacteria|p__Actinobacteria|c__CFGB25442|o__OFGB25442|f__FGB25442|g__GGB51960|s__GGB51960_SGB72480|t__SGB72480",0,0,NA,FALSE,FALSE,FALSE,NA,"HMP1-2 taxonomy skin"
"k__Bacteria|p__Actinobacteria|c__Actinobacteria|o__Micrococcales|f__Intrasporangiaceae|g__Janibacter|s__Janibacter_indicus|t__SGB16017",1,0.003125,5.06000050600005e-05,FALSE,FALSE,FALSE,NA,"HMP1-2 taxonomy skin"
"k__Bacteria|p__Actinobacteria|c__Actinobacteria|o__Micrococcales|f__Intrasporangiaceae|g__Janibacter|s__Janibacter_hoylei|t__SGB16018",1,0.003125,6.30000063000006e-06,FALSE,FALSE,FALSE,NA,"HMP1-2 taxonomy skin"
"k__Bacteria|p__Proteobacteria|c__Alphaproteobacteria|o__Rhodospirillales|f__Acetobacteraceae|g__Gluconobacter|s__Gluconobacter_sp_Gdi|t__SGB69210",1,0.003125,4.83999951600005e-05,FALSE,FALSE,FALSE,NA,"HMP1-2 taxonomy skin"
"k__Bacteria|p__Proteobacteria|c__Gammaproteobacteria|o__Enterobacterales|f__Yersiniaceae|g__Rahnella|s__Rahnella_aquatilis|t__SGB10239",1,0.003125,2.08999979100002e-05,FALSE,FALSE,FALSE,NA,"HMP1-2 taxonomy skin"
"k__Bacteria|p__Firmicutes|c__Clostridia|o__Clostridiales|f__Lachnospiraceae|g__Blautia|s__Blautia_sp_An81|t__SGB4800",0,0,NA,FALSE,FALSE,FALSE,NA,"HMP1-2 taxonomy skin"
"k__Bacteria|p__Firmicutes|c__Clostridia|o__Clostridia_unclassified|f__Clostridia_unclassified|g__Candidatus_Howiella|s__Candidatus_Howiella_intestinavium|t__SGB63345",0,0,NA,FALSE,FALSE,FALSE,NA,"HMP1-2 taxonomy skin"
"k__Bacteria|p__Proteobacteria|c__Alphaproteobacteria|o__Alphaproteobacteria_unclassified|f__Alphaproteobacteria_unclassified|g__Alphaproteobacteria_unclassified|s__Alphaproteobacteria_bacterium|t__SGB57596",0,0,NA,FALSE,FALSE,FALSE,NA,"HMP1-2 taxonomy skin"
"k__Bacteria|p__Firmicutes|c__Bacilli|o__Bacilli_unclassified|f__Bacilli_unclassified|g__Bacilli_unclassified|s__Bacilli_bacterium|t__SGB6566",0,0,NA,FALSE,FALSE,FALSE,NA,"HMP1-2 taxonomy skin"
"k__Bacteria|p__Firmicutes|c__Clostridia|o__Clostridia_unclassified|f__Clostridia_unclassified|g__GGB4609|s__GGB4609_SGB6383|t__SGB6383",0,0,NA,FALSE,FALSE,FALSE,NA,"HMP1-2 taxonomy skin"
"k__Bacteria|p__Actinobacteria|c__Actinobacteria|o__Actinomycetales|f__Actinomycetaceae|g__Neoactinobaculum|s__Neoactinobaculum_massilliense|t__SGB33733",1,0.003125,0.0001114,FALSE,FALSE,FALSE,NA,"HMP1-2 taxonomy skin"
"k__Bacteria|p__Firmicutes|c__Clostridia|o__Clostridiales|f__Ruminococcaceae|g__GGB9668|s__GGB9668_SGB15165|t__SGB15165",0,0,NA,FALSE,FALSE,FALSE,NA,"HMP1-2 taxonomy skin"
"k__Bacteria|p__Firmicutes|c__Clostridia|o__Clostridiales|f__Clostridiaceae|g__Clostridium|s__Clostridium_disporicum|t__SGB6172",0,0,NA,FALSE,FALSE,FALSE,NA,"HMP1-2 taxonomy skin"
"k__Bacteria|p__Firmicutes|c__Clostridia|o__Clostridiales|f__Lachnospiraceae|g__Extibacter|s__Extibacter_muris|t__SGB4633",0,0,NA,FALSE,FALSE,FALSE,NA,"HMP1-2 taxonomy skin"
"k__Bacteria|p__Bacteroidetes|c__Bacteroidia|o__Bacteroidales|f__Bacteroidaceae|g__Bacteroides|s__Bacteroides_sp_CBA7301|t__SGB77863",0,0,NA,FALSE,FALSE,FALSE,NA,"HMP1-2 taxonomy skin"
"k__Bacteria|p__Actinobacteria|c__Actinobacteria|o__Corynebacteriales|f__Corynebacteriaceae|g__Corynebacterium|s__Corynebacterium_otitidis|t__SGB17081",9,0.028125,0.00237214453810335,FALSE,TRUE,FALSE,NA,"HMP1-2 taxonomy skin"
"k__Bacteria|p__Lentisphaerae|c__Lentisphaeria|o__Lentisphaeria_unclassified|f__Lentisphaeria_unclassified|g__Lentisphaeria_unclassified|s__Lentisphaeria_bacterium|t__SGB9197",1,0.003125,0.00430649870805039,FALSE,TRUE,FALSE,NA,"HMP1-2 taxonomy skin"
"k__Bacteria|p__Bacteroidetes|c__Bacteroidia|o__Bacteroidales|f__Bacteroidaceae|g__Bacteroides|s__Bacteroides_heparinolyticus|t__SGB21589",0,0,NA,FALSE,FALSE,FALSE,NA,"HMP1-2 taxonomy skin"
"k__Bacteria|p__Actinobacteria|c__Actinobacteria|o__Micrococcales|f__Cellulomonadaceae|g__Actinotalea|s__Actinotalea_caeni|t__SGB87560",1,0.003125,0.000150199984980002,FALSE,FALSE,FALSE,NA,"HMP1-2 taxonomy skin"
"k__Bacteria|p__Actinobacteria|c__Actinobacteria|o__Corynebacteriales|f__Mycobacteriaceae|g__Mycolicibacterium|s__Mycolicibacterium_smegmatis|t__SGB15721",1,0.003125,9.5799990420001e-05,FALSE,FALSE,FALSE,NA,"HMP1-2 taxonomy skin"
"k__Bacteria|p__Actinobacteria|c__Actinobacteria|o__Corynebacteriales|f__Mycobacteriaceae|g__Mycolicibacterium|s__Mycolicibacterium_phlei|t__SGB15687",1,0.003125,6.34999936500007e-05,FALSE,FALSE,FALSE,NA,"HMP1-2 taxonomy skin"
"k__Bacteria|p__Proteobacteria|c__Gammaproteobacteria|o__Xanthomonadales|f__Xanthomonadaceae|g__Pseudoxanthomonas|s__Pseudoxanthomonas_suwonensis|t__SGB32972",1,0.003125,4.85999951400005e-05,FALSE,FALSE,FALSE,NA,"HMP1-2 taxonomy skin"
"k__Bacteria|p__Actinobacteria|c__Actinobacteria|o__Micrococcales|f__Promicromonosporaceae|g__Cellulosimicrobium|s__Cellulosimicrobium_cellulans|t__SGB16056",1,0.003125,3.06999969300003e-05,FALSE,FALSE,FALSE,NA,"HMP1-2 taxonomy skin"
"k__Bacteria|p__Actinobacteria|c__Actinobacteria|o__Corynebacteriales|f__Corynebacteriaceae|g__Corynebacterium|s__Corynebacterium_sanguinis|t__SGB86809_group",3,0.009375,0.00357766639368345,FALSE,TRUE,FALSE,NA,"HMP1-2 taxonomy skin"
"k__Bacteria|p__Proteobacteria|c__Alphaproteobacteria|o__Rhodobacterales|f__Rhodobacteraceae|g__Paracoccus|s__Paracoccus_salipaludis|t__SGB10728",3,0.009375,0.000293733327480002,FALSE,FALSE,FALSE,NA,"HMP1-2 taxonomy skin"
"k__Bacteria|p__Proteobacteria|c__Gammaproteobacteria|o__Enterobacterales|f__Yersiniaceae|g__Ewingella|s__Ewingella_americana|t__SGB10238",1,0.003125,3.25999837000082e-05,FALSE,FALSE,FALSE,NA,"HMP1-2 taxonomy skin"
"k__Bacteria|p__Proteobacteria|c__Gammaproteobacteria|o__Pseudomonadales|f__Pseudomonadaceae|g__Pseudomonas|s__Pseudomonas_oryzihabitans|t__SGB12308",1,0.003125,4.49999775000113e-06,FALSE,FALSE,FALSE,NA,"HMP1-2 taxonomy skin"
"k__Bacteria|p__Proteobacteria|c__Alphaproteobacteria|o__Sphingomonadales|f__Sphingomonadaceae|g__Sphingomonas|s__Sphingomonas_sp_ABOLF|t__SGB31686",1,0.003125,1.33e-05,FALSE,FALSE,FALSE,NA,"HMP1-2 taxonomy skin"
"k__Bacteria|p__Proteobacteria|c__Gammaproteobacteria|o__Enterobacterales|f__Enterobacteriaceae|g__Raoultella|s__Raoultella_ornithinolytica|t__SGB10124",0,0,NA,FALSE,FALSE,FALSE,NA,"HMP1-2 taxonomy skin"
"k__Bacteria|p__Firmicutes|c__Clostridia|o__Clostridiales|f__Ruminococcaceae|g__GGB9702|s__GGB9702_SGB15220|t__SGB15220",0,0,NA,FALSE,FALSE,FALSE,NA,"HMP1-2 taxonomy skin"
"k__Bacteria|p__Firmicutes|c__Clostridia|o__Clostridia_unclassified|f__Clostridia_unclassified|g__Clostridia_unclassified|s__Clostridia_bacterium|t__SGB4368",0,0,NA,FALSE,FALSE,FALSE,NA,"HMP1-2 taxonomy skin"
"k__Bacteria|p__Bacteroidetes|c__Bacteroidia|o__Bacteroidales|f__Bacteroidaceae|g__Bacteroidaceae_unclassified|s__Bacteroidaceae_bacterium|t__SGB48196",0,0,NA,FALSE,FALSE,FALSE,NA,"HMP1-2 taxonomy skin"
"k__Bacteria|p__Bacteroidetes|c__Bacteroidia|o__Bacteroidales|f__Tannerellaceae|g__Parabacteroides|s__Parabacteroides_goldsteinii|t__SGB1937",0,0,NA,FALSE,FALSE,FALSE,NA,"HMP1-2 taxonomy skin"
"k__Bacteria|p__Firmicutes|c__Clostridia|o__Clostridia_unclassified|f__Clostridia_unclassified|g__GGB9284|s__GGB9284_SGB14237|t__SGB14237",0,0,NA,FALSE,FALSE,FALSE,NA,"HMP1-2 taxonomy skin"
"k__Bacteria|p__Candidatus_Melainabacteria|c__Candidatus_Melainabacteria_unclassified|o__Candidatus_Gastranaerophilales|f__Candidatus_Gastranaerophilales_unclassified|g__Candidatus_Gastranaerophilales_unclassified|s__Candidatus_Gastranaerophilales_bacterium|t__SGB8608",0,0,NA,FALSE,FALSE,FALSE,NA,"HMP1-2 taxonomy skin"
"k__Bacteria|p__Firmicutes|c__Bacilli|o__Bacilli_unclassified|f__Bacilli_unclassified|g__GGB4640|s__GGB4640_SGB6419|t__SGB6419",0,0,NA,FALSE,FALSE,FALSE,NA,"HMP1-2 taxonomy skin"
"k__Bacteria|p__Firmicutes|c__Clostridia|o__Clostridia_unclassified|f__Clostridia_unclassified|g__Clostridia_unclassified|s__Clostridia_bacterium|t__SGB4311",0,0,NA,FALSE,FALSE,FALSE,NA,"HMP1-2 taxonomy skin"
"k__Bacteria|p__Actinobacteria|c__Coriobacteriia|o__Eggerthellales|f__Eggerthellaceae|g__Raoultibacter|s__Raoultibacter_sp_Marseille_P8396|t__SGB86224",0,0,NA,FALSE,FALSE,FALSE,NA,"HMP1-2 taxonomy skin"
"k__Bacteria|p__Firmicutes|c__Bacilli|o__Lactobacillales|f__Streptococcaceae|g__Lactococcus|s__Lactococcus_petauri|t__SGB7980_group",0,0,NA,FALSE,FALSE,FALSE,NA,"HMP1-2 taxonomy skin"
"k__Archaea|p__Crenarchaeota|c__Thermoprotei|o__Thermoproteales|f__Thermofilaceae|g__GGB1567|s__GGB1567_SGB2154|t__SGB2154",0,0,NA,FALSE,FALSE,FALSE,NA,"HMP1-2 taxonomy skin"
"k__Bacteria|p__Actinobacteria|c__Coriobacteriia|o__Eggerthellales|f__Eggerthellaceae|g__Phoenicibacter|s__Phoenicibacter_congonensis|t__SGB957",0,0,NA,FALSE,FALSE,FALSE,NA,"HMP1-2 taxonomy skin"
"k__Bacteria|p__Firmicutes|c__Clostridia|o__Clostridia_unclassified|f__Clostridia_unclassified|g__Clostridia_unclassified|s__Clostridia_bacterium|t__SGB4307",0,0,NA,FALSE,FALSE,FALSE,NA,"HMP1-2 taxonomy skin"
"k__Bacteria|p__Firmicutes|c__Clostridia|o__Clostridiales|f__Ruminococcaceae|g__GGB9582|s__GGB9582_SGB15000|t__SGB15000",0,0,NA,FALSE,FALSE,FALSE,NA,"HMP1-2 taxonomy skin"
"k__Bacteria|p__Actinobacteria|c__Coriobacteriia|o__Coriobacteriales|f__Coriobacteriaceae|g__Collinsella|s__Collinsella_phocaeensis|t__SGB14745",0,0,NA,FALSE,FALSE,FALSE,NA,"HMP1-2 taxonomy skin"
"k__Bacteria|p__Bacteroidetes|c__Bacteroidia|o__Bacteroidales|f__Muribaculaceae|g__GGB14014|s__GGB14014_SGB21441|t__SGB21441",0,0,NA,FALSE,FALSE,FALSE,NA,"HMP1-2 taxonomy skin"
"k__Bacteria|p__Firmicutes|c__Clostridia|o__Clostridiales|f__Lachnospiraceae|g__Coprococcus|s__Coprococcus_sp_OM04_5BH|t__SGB5115",0,0,NA,FALSE,FALSE,FALSE,NA,"HMP1-2 taxonomy skin"
"k__Bacteria|p__Bacteroidetes|c__Bacteroidia|o__Bacteroidales|f__Odoribacteraceae|g__Culturomica|s__Culturomica_massiliensis|t__SGB1791",0,0,NA,FALSE,FALSE,FALSE,NA,"HMP1-2 taxonomy skin"
"k__Bacteria|p__Firmicutes|c__Clostridia|o__Clostridia_unclassified|f__Clostridia_unclassified|g__Clostridia_unclassified|s__Clostridia_bacterium|t__SGB14067",0,0,NA,FALSE,FALSE,FALSE,NA,"HMP1-2 taxonomy skin"
"k__Bacteria|p__Bacteroidetes|c__Bacteroidia|o__Bacteroidales|f__Bacteroidaceae|g__Bacteroidaceae_unclassified|s__Bacteroidaceae_bacterium|t__SGB48437",0,0,NA,FALSE,FALSE,FALSE,NA,"HMP1-2 taxonomy skin"
"k__Bacteria|p__Firmicutes|c__Negativicutes|o__Acidaminococcales|f__Acidaminococcaceae|g__GGB4238|s__GGB4238_SGB5730|t__SGB5730",0,0,NA,FALSE,FALSE,FALSE,NA,"HMP1-2 taxonomy skin"
"k__Bacteria|p__Firmicutes|c__Clostridia|o__Clostridia_unclassified|f__Clostridia_unclassified|g__Clostridia_unclassified|s__Clostridia_bacterium|t__SGB14848",0,0,NA,FALSE,FALSE,FALSE,NA,"HMP1-2 taxonomy skin"
"k__Bacteria|p__Proteobacteria|c__Alphaproteobacteria|o__Alphaproteobacteria_unclassified|f__Alphaproteobacteria_unclassified|g__Alphaproteobacteria_unclassified|s__Alphaproteobacteria_bacterium|t__SGB9345",0,0,NA,FALSE,FALSE,FALSE,NA,"HMP1-2 taxonomy skin"
"k__Bacteria|p__Firmicutes|c__Clostridia|o__Clostridiales|f__Lachnospiraceae|g__GGB3623|s__GGB3623_SGB4900|t__SGB4900",0,0,NA,FALSE,FALSE,FALSE,NA,"HMP1-2 taxonomy skin"
"k__Bacteria|p__Bacteroidetes|c__Bacteroidia|o__Bacteroidales|f__Muribaculaceae|g__GGB14009|s__GGB14009_SGB21436|t__SGB21436",0,0,NA,FALSE,FALSE,FALSE,NA,"HMP1-2 taxonomy skin"
"k__Bacteria|p__Fusobacteria|c__Fusobacteriia|o__Fusobacteriales|f__Fusobacteriaceae|g__Fusobacteriaceae_unclassified|s__Fusobacteriaceae_unclassified_SGB59307|t__SGB59307_group",0,0,NA,FALSE,FALSE,FALSE,NA,"HMP1-2 taxonomy skin"
"k__Bacteria|p__Firmicutes|c__CFGB25373|o__OFGB25373|f__FGB25373|g__GGB45597|s__GGB45597_SGB72777|t__SGB72777",0,0,NA,FALSE,FALSE,FALSE,NA,"HMP1-2 taxonomy skin"
"k__Bacteria|p__Bacteroidetes|c__Flavobacteriia|o__Flavobacteriales|f__Weeksellaceae|g__Chryseobacterium|s__Chryseobacterium_indologenes|t__SGB2570",1,0.003125,0.0068624,FALSE,TRUE,FALSE,NA,"HMP1-2 taxonomy skin"
"k__Bacteria|p__Actinobacteria|c__Actinobacteria|o__Bifidobacteriales|f__Bifidobacteriaceae|g__Parascardovia|s__Parascardovia_denticolens|t__SGB17291",0,0,NA,FALSE,FALSE,FALSE,NA,"HMP1-2 taxonomy skin"
"k__Bacteria|p__Proteobacteria|c__Alphaproteobacteria|o__Alphaproteobacteria_unclassified|f__Alphaproteobacteria_unclassified|g__Alphaproteobacteria_unclassified|s__Alphaproteobacteria_bacterium|t__SGB9323",0,0,NA,FALSE,FALSE,FALSE,NA,"HMP1-2 taxonomy skin"
"k__Bacteria|p__Firmicutes|c__Clostridia|o__Clostridia_unclassified|f__Clostridia_unclassified|g__Clostridia_unclassified|s__Clostridia_bacterium|t__SGB14131",0,0,NA,FALSE,FALSE,FALSE,NA,"HMP1-2 taxonomy skin"
"k__Bacteria|p__Proteobacteria|c__Alphaproteobacteria|o__Alphaproteobacteria_unclassified|f__Alphaproteobacteria_unclassified|g__Alphaproteobacteria_unclassified|s__Alphaproteobacteria_bacterium|t__SGB57594",0,0,NA,FALSE,FALSE,FALSE,NA,"HMP1-2 taxonomy skin"
"k__Bacteria|p__Proteobacteria|c__Alphaproteobacteria|o__Rhizobiales|f__Phyllobacteriaceae|g__Phyllobacterium|s__Phyllobacterium_myrsinacearum|t__SGB24484",1,0.003125,0.000102600010260001,FALSE,FALSE,FALSE,NA,"HMP1-2 taxonomy skin"
"k__Bacteria|p__Proteobacteria|c__Alphaproteobacteria|o__Sphingomonadales|f__Sphingomonadaceae|g__Sphingomonas|s__Sphingomonas_sp_3F27E9_B|t__SGB11639",1,0.003125,0.00106650010665001,FALSE,TRUE,FALSE,NA,"HMP1-2 taxonomy skin"
"k__Bacteria|p__Proteobacteria|c__Alphaproteobacteria|o__Rhizobiales|f__Bradyrhizobiaceae|g__GGB7699|s__GGB7699_SGB11380|t__SGB11380",0,0,NA,FALSE,FALSE,FALSE,NA,"HMP1-2 taxonomy skin"
"k__Bacteria|p__Firmicutes|c__Clostridia|o__Clostridiales|f__Ruminococcaceae|g__GGB29848|s__GGB29848_SGB42690|t__SGB42690",0,0,NA,FALSE,FALSE,FALSE,NA,"HMP1-2 taxonomy skin"
"k__Bacteria|p__Bacteroidetes|c__Bacteroidia|o__Bacteroidales|f__Tannerellaceae|g__Parabacteroides|s__Parabacteroides_acidifaciens|t__SGB1943",0,0,NA,FALSE,FALSE,FALSE,NA,"HMP1-2 taxonomy skin"
"k__Bacteria|p__Proteobacteria|c__Gammaproteobacteria|o__Enterobacterales|f__Enterobacteriaceae|g__Enterobacter|s__Enterobacter_mori|t__SGB10132",1,0.003125,0.2911496,FALSE,TRUE,FALSE,NA,"HMP1-2 taxonomy skin"
"k__Bacteria|p__Proteobacteria|c__Betaproteobacteria|o__Burkholderiales|f__Alcaligenaceae|g__Oligella|s__Oligella_urethralis|t__SGB9505",1,0.003125,6.35000063500007e-05,FALSE,FALSE,FALSE,NA,"HMP1-2 taxonomy skin"
"k__Bacteria|p__Firmicutes|c__Clostridia|o__Clostridiales|f__Ruminococcaceae|g__GGB9695|s__GGB9695_SGB15210|t__SGB15210",0,0,NA,FALSE,FALSE,FALSE,NA,"HMP1-2 taxonomy skin"
"k__Bacteria|p__Proteobacteria|c__Gammaproteobacteria|o__Xanthomonadales|f__Xanthomonadaceae|g__Stenotrophomonas|s__Stenotrophomonas_maltophilia|t__SGB12459_group",0,0,NA,FALSE,FALSE,FALSE,NA,"HMP1-2 taxonomy skin"
"k__Bacteria|p__Proteobacteria|c__Betaproteobacteria|o__Burkholderiales|f__Alcaligenaceae|g__Achromobacter|s__Achromobacter_deleyi|t__SGB32683",0,0,NA,FALSE,FALSE,FALSE,NA,"HMP1-2 taxonomy skin"
"k__Bacteria|p__Actinobacteria|c__Actinobacteria|o__Corynebacteriales|f__Corynebacteriaceae|g__Corynebacterium|s__Corynebacterium_massiliense|t__SGB17124",1,0.003125,0.00673140067314007,FALSE,TRUE,FALSE,NA,"HMP1-2 taxonomy skin"
"k__Bacteria|p__Proteobacteria|c__Gammaproteobacteria|o__Enterobacterales|f__Yersiniaceae|g__Serratia|s__Serratia_sp_M24T3|t__SGB10237",1,0.003125,0.000201600020160002,FALSE,FALSE,FALSE,NA,"HMP1-2 taxonomy skin"
"k__Bacteria|p__Firmicutes|c__Clostridia|o__Clostridiales|f__Ruminococcaceae|g__GGB9673|s__GGB9673_SGB15172|t__SGB15172",0,0,NA,FALSE,FALSE,FALSE,NA,"HMP1-2 taxonomy skin"
"k__Bacteria|p__Firmicutes|c__CFGB14246|o__OFGB14246|f__FGB14246|g__GGB38987|s__GGB38987_SGB63305|t__SGB63305",0,0,NA,FALSE,FALSE,FALSE,NA,"HMP1-2 taxonomy skin"
"k__Bacteria|p__Firmicutes|c__Clostridia|o__Clostridia_unclassified|f__Clostridia_unclassified|g__Candidatus_Heritagella|s__Candidatus_Heritagella_gallinarum|t__SGB63347",0,0,NA,FALSE,FALSE,FALSE,NA,"HMP1-2 taxonomy skin"
"k__Bacteria|p__Firmicutes|c__Clostridia|o__Clostridiales|f__Oscillospiraceae|g__Oscillospiraceae_unclassified|s__Oscillospiraceae_bacterium_NSJ_54|t__SGB79871",0,0,NA,FALSE,FALSE,FALSE,NA,"HMP1-2 taxonomy skin"
"k__Bacteria|p__Proteobacteria|c__Betaproteobacteria|o__Burkholderiales|f__Comamonadaceae|g__Brachymonas|s__Brachymonas_chironomi|t__SGB32580",0,0,NA,FALSE,FALSE,FALSE,NA,"HMP1-2 taxonomy skin"
"k__Bacteria|p__Bacteroidetes|c__Bacteroidia|o__Bacteroidales|f__Prevotellaceae|g__Prevotella|s__Prevotella_sp_DNF00663|t__SGB3322",0,0,NA,FALSE,FALSE,FALSE,NA,"HMP1-2 taxonomy skin"
"k__Bacteria|p__Fusobacteria|c__Fusobacteriia|o__Fusobacteriales|f__Fusobacteriaceae|g__Fusobacterium|s__Fusobacterium_varium|t__SGB6038",0,0,NA,FALSE,FALSE,FALSE,NA,"HMP1-2 taxonomy skin"
"k__Bacteria|p__Proteobacteria|c__Alphaproteobacteria|o__Sphingomonadales|f__Sphingomonadaceae|g__Sphingomonas|s__Sphingomonas_sp_ZLT_5|t__SGB56335",0,0,NA,FALSE,FALSE,FALSE,NA,"HMP1-2 taxonomy skin"
"k__Bacteria|p__Proteobacteria|c__Gammaproteobacteria|o__Pseudomonadales|f__Pseudomonadaceae|g__Pseudomonas|s__Pseudomonas_helleri|t__SGB89058",0,0,NA,FALSE,FALSE,FALSE,NA,"HMP1-2 taxonomy skin"
"k__Bacteria|p__Firmicutes|c__Clostridia|o__Clostridia_unclassified|f__Clostridia_unclassified|g__Clostridia_unclassified|s__Clostridia_bacterium|t__SGB14099",1,0.003125,0.00032859990142003,FALSE,FALSE,FALSE,NA,"HMP1-2 taxonomy skin"
"k__Bacteria|p__Firmicutes|c__Clostridia|o__Clostridia_unclassified|f__Clostridia_unclassified|g__Clostridia_unclassified|s__Clostridia_bacterium|t__SGB14855",0,0,NA,FALSE,FALSE,FALSE,NA,"HMP1-2 taxonomy skin"
"k__Bacteria|p__Proteobacteria|c__Alphaproteobacteria|o__Rhodobacterales|f__Rhodobacteraceae|g__Paracoccus|s__Paracoccus_pantotrophus|t__SGB10720",1,0.003125,0.0126319025263805,FALSE,TRUE,FALSE,NA,"HMP1-2 taxonomy skin"
"k__Bacteria|p__Actinobacteria|c__Actinobacteria|o__Actinomycetales|f__Actinomycetaceae|g__Schaalia|s__Schaalia_canis|t__SGB33774",1,0.003125,0.0102068020413604,FALSE,TRUE,FALSE,NA,"HMP1-2 taxonomy skin"
"k__Bacteria|p__Proteobacteria|c__Gammaproteobacteria|o__Pseudomonadales|f__Pseudomonadaceae|g__Pseudomonas|s__Pseudomonas_luteola|t__SGB12056",1,0.003125,0.00952130190426038,FALSE,TRUE,FALSE,NA,"HMP1-2 taxonomy skin"
"k__Bacteria|p__Bacteroidetes|c__Flavobacteriia|o__Flavobacteriales|f__Flavobacteriaceae|g__Capnocytophaga|s__Capnocytophaga_cynodegmi|t__SGB2927",1,0.003125,0.00467560093512019,FALSE,TRUE,FALSE,NA,"HMP1-2 taxonomy skin"
"k__Bacteria|p__Proteobacteria|c__Gammaproteobacteria|o__Pseudomonadales|f__Pseudomonadaceae|g__Pseudomonas|s__Pseudomonas_stutzeri|t__SGB12382",1,0.003125,0.00423710084742017,FALSE,TRUE,FALSE,NA,"HMP1-2 taxonomy skin"
"k__Bacteria|p__Proteobacteria|c__Gammaproteobacteria|o__Enterobacterales|f__Erwiniaceae|g__Pantoea|s__Pantoea_sp_PSNIH1|t__SGB10168_group",1,0.003125,0.00318000063600013,FALSE,TRUE,FALSE,NA,"HMP1-2 taxonomy skin"
"k__Bacteria|p__Firmicutes|c__Bacilli|o__Bacillales|f__Bacillaceae|g__Priestia|s__Priestia_megaterium|t__SGB7678",1,0.003125,0.00213110042622009,FALSE,TRUE,FALSE,NA,"HMP1-2 taxonomy skin"
"k__Bacteria|p__Proteobacteria|c__Gammaproteobacteria|o__Pasteurellales|f__Pasteurellaceae|g__Pasteurella|s__Pasteurella_dagmatis|t__SGB9763",1,0.003125,0.00208930041786008,FALSE,TRUE,FALSE,NA,"HMP1-2 taxonomy skin"
"k__Bacteria|p__Actinobacteria|c__Actinobacteria|o__Corynebacteriales|f__Nocardiaceae|g__Rhodococcus|s__Rhodococcus_sp_Leaf225|t__SGB15804",1,0.003125,0.00175710035142007,FALSE,TRUE,FALSE,NA,"HMP1-2 taxonomy skin"
"k__Bacteria|p__Proteobacteria|c__Gammaproteobacteria|o__Legionellales|f__Coxiellaceae|g__Rickettsiella|s__Rickettsiella_grylli|t__SGB9368",1,0.003125,0.00134280026856005,FALSE,TRUE,FALSE,NA,"HMP1-2 taxonomy skin"
"k__Bacteria|p__Actinobacteria|c__Actinobacteria|o__Micrococcales|f__Microbacteriaceae|g__Canibacter|s__Canibacter_oris|t__SGB33649",1,0.003125,0.00098720019744004,FALSE,FALSE,FALSE,NA,"HMP1-2 taxonomy skin"
"k__Bacteria|p__Proteobacteria|c__Betaproteobacteria|o__Burkholderiales|f__Comamonadaceae|g__Comamonadaceae_unclassified|s__Comamonadaceae_bacterium_NML161473|t__SGB32532",1,0.003125,0.000921400184280037,FALSE,FALSE,FALSE,NA,"HMP1-2 taxonomy skin"
"k__Bacteria|p__Proteobacteria|c__Gammaproteobacteria|o__Pasteurellales|f__Pasteurellaceae|g__Frederiksenia|s__Frederiksenia_canicola|t__SGB30988",1,0.003125,0.000806100161220032,FALSE,FALSE,FALSE,NA,"HMP1-2 taxonomy skin"
"k__Bacteria|p__Bacteroidetes|c__Flavobacteriia|o__Flavobacteriales|f__Flavobacteriaceae|g__Capnocytophaga|s__Capnocytophaga_canis|t__SGB2925",1,0.003125,0.000792000158400032,FALSE,FALSE,FALSE,NA,"HMP1-2 taxonomy skin"
"k__Bacteria|p__Firmicutes|c__Bacilli|o__Lactobacillales|f__Streptococcaceae|g__Streptococcus|s__Streptococcus_minor|t__SGB29817",1,0.003125,0.000411000082200016,FALSE,FALSE,FALSE,NA,"HMP1-2 taxonomy skin"
"k__Bacteria|p__Firmicutes|c__Erysipelotrichia|o__Erysipelotrichales|f__Erysipelotrichaceae|g__Erysipelotrichaceae_unclassified|s__Erysipelotrichaceae_bacterium_OH741_COT_311|t__SGB28718",1,0.003125,0.000294300058860012,FALSE,FALSE,FALSE,NA,"HMP1-2 taxonomy skin"
"k__Bacteria|p__Proteobacteria|c__Gammaproteobacteria|o__Enterobacterales|f__Enterobacteriaceae|g__Enterobacter|s__Enterobacter_cloacae|t__SGB10152",1,0.003125,0.000159100031820006,FALSE,FALSE,FALSE,NA,"HMP1-2 taxonomy skin"
"k__Bacteria|p__Actinobacteria|c__Actinobacteria|o__Micrococcales|f__Micrococcaceae|g__Micrococcus|s__Micrococcus_terreus|t__SGB16678",1,0.003125,0.000151000030200006,FALSE,FALSE,FALSE,NA,"HMP1-2 taxonomy skin"
"k__Bacteria|p__Bacteroidetes|c__Flavobacteriia|o__Flavobacteriales|f__Flavobacteriaceae|g__Capnocytophaga|s__Capnocytophaga_canimorsus|t__SGB2926",1,0.003125,0.000127500025500005,FALSE,FALSE,FALSE,NA,"HMP1-2 taxonomy skin"
"k__Bacteria|p__Actinobacteria|c__Actinobacteria|o__Bifidobacteriales|f__Bifidobacteriaceae|g__Bifidobacterium|s__Bifidobacterium_pseudolongum|t__SGB17279",0,0,NA,FALSE,FALSE,FALSE,NA,"HMP1-2 taxonomy skin"
"k__Bacteria|p__Proteobacteria|c__Alphaproteobacteria|o__Sphingomonadales|f__Sphingomonadaceae|g__Sphingobium|s__Sphingobium_limneticum|t__SGB31652",0,0,NA,FALSE,FALSE,FALSE,NA,"HMP1-2 taxonomy skin"
"k__Bacteria|p__Firmicutes|c__Clostridia|o__Clostridia_unclassified|f__Clostridia_unclassified|g__Candidatus_Paralachnospira|s__Candidatus_Paralachnospira_sangeri|t__SGB59820",0,0,NA,FALSE,FALSE,FALSE,NA,"HMP1-2 taxonomy skin"
"k__Bacteria|p__Actinobacteria|c__Actinobacteria|o__Corynebacteriales|f__Corynebacteriaceae|g__Corynebacterium|s__Corynebacterium_sp_HMSC034A01|t__SGB17065",1,0.003125,0.000105800010580001,FALSE,FALSE,FALSE,NA,"HMP1-2 taxonomy skin"
"k__Bacteria|p__Bacteroidetes|c__Flavobacteriia|o__Flavobacteriales|f__Weeksellaceae|g__Cruoricaptor|s__Cruoricaptor_ignavus|t__SGB2539",1,0.003125,7.20000072000007e-06,FALSE,FALSE,FALSE,NA,"HMP1-2 taxonomy skin"
"k__Bacteria|p__Tenericutes|c__Mollicutes|o__Acholeplasmatales|f__Acholeplasmataceae|g__Candidatus_Phytoplasma|s__Catharanthus_roseus_aster_yellows_phytoplasma|t__SGB6860",0,0,NA,FALSE,FALSE,FALSE,NA,"HMP1-2 taxonomy skin"
"k__Bacteria|p__Firmicutes|c__Clostridia|o__Clostridiales|f__Lachnospiraceae|g__Lachnospiraceae_unclassified|s__Lachnospiraceae_bacterium|t__SGB82501",0,0,NA,FALSE,FALSE,FALSE,NA,"HMP1-2 taxonomy skin"
"k__Bacteria|p__Firmicutes|c__Clostridia|o__Clostridiales|f__Eubacteriaceae|g__Eubacteriaceae_unclassified|s__Eubacteriaceae_bacterium|t__SGB3972",0,0,NA,FALSE,FALSE,FALSE,NA,"HMP1-2 taxonomy skin"
"k__Bacteria|p__Actinobacteria|c__Coriobacteriia|o__Eggerthellales|f__Eggerthellaceae|g__Enterorhabdus|s__Enterorhabdus_sp_P55|t__SGB42958",0,0,NA,FALSE,FALSE,FALSE,NA,"HMP1-2 taxonomy skin"
"k__Bacteria|p__Actinobacteria|c__Actinobacteria|o__Corynebacteriales|f__Corynebacteriaceae|g__Corynebacterium|s__Corynebacterium_glaucum|t__SGB17054",0,0,NA,FALSE,FALSE,FALSE,NA,"HMP1-2 taxonomy skin"
"k__Bacteria|p__Planctomycetes|c__Planctomycetia|o__Pirellulales|f__Pirellulaceae|g__GGB6567|s__GGB6567_SGB9277|t__SGB9277",0,0,NA,FALSE,FALSE,FALSE,NA,"HMP1-2 taxonomy skin"
"k__Bacteria|p__Firmicutes|c__Clostridia|o__Clostridia_unclassified|f__Clostridia_unclassified|g__Clostridia_unclassified|s__Clostridia_bacterium|t__SGB14316",0,0,NA,FALSE,FALSE,FALSE,NA,"HMP1-2 taxonomy skin"
"k__Bacteria|p__Bacteroidetes|c__Bacteroidia|o__Bacteroidales|f__Prevotellaceae|g__Prevotella|s__Prevotella_pectinovora|t__SGB1662",0,0,NA,FALSE,FALSE,FALSE,NA,"HMP1-2 taxonomy skin"
"k__Bacteria|p__Candidatus_Melainabacteria|c__Candidatus_Melainabacteria_unclassified|o__Candidatus_Gastranaerophilales|f__Candidatus_Gastranaerophilales_unclassified|g__Candidatus_Gastranaerophilales_unclassified|s__Candidatus_Gastranaerophilales_bacterium|t__SGB8624",0,0,NA,FALSE,FALSE,FALSE,NA,"HMP1-2 taxonomy skin"
"k__Bacteria|p__Bacteroidetes|c__Bacteroidia|o__Bacteroidales|f__Prevotellaceae|g__GGB1250|s__GGB1250_SGB1672|t__SGB1672_group",0,0,NA,FALSE,FALSE,FALSE,NA,"HMP1-2 taxonomy skin"
"k__Bacteria|p__Chlamydiae|c__Chlamydiia|o__Chlamydiales|f__Chlamydiaceae|g__Chlamydia|s__Chlamydia_trachomatis|t__SGB5498",0,0,NA,FALSE,FALSE,FALSE,NA,"HMP1-2 taxonomy skin"
"k__Bacteria|p__Firmicutes|c__Clostridia|o__Clostridia_unclassified|f__Clostridia_unclassified|g__GGB3003|s__GGB3003_SGB3994|t__SGB3994",0,0,NA,FALSE,FALSE,FALSE,NA,"HMP1-2 taxonomy skin"
"k__Bacteria|p__Firmicutes|c__CFGB9736|o__OFGB9736|f__FGB9736|g__GGB45599|s__GGB45599_SGB63311|t__SGB63311",0,0,NA,FALSE,FALSE,FALSE,NA,"HMP1-2 taxonomy skin"
"k__Bacteria|p__Proteobacteria|c__Gammaproteobacteria|o__Enterobacterales|f__Enterobacteriaceae|g__Citrobacter|s__Citrobacter_amalonaticus|t__SGB10074",0,0,NA,FALSE,FALSE,FALSE,NA,"HMP1-2 taxonomy skin"
"k__Bacteria|p__Actinobacteria|c__Coriobacteriia|o__Coriobacteriales|f__Atopobiaceae|g__Atopobium|s__Atopobium_minutum|t__SGB987",0,0,NA,FALSE,FALSE,FALSE,NA,"HMP1-2 taxonomy skin"
"k__Bacteria|p__Actinobacteria|c__Actinobacteria|o__Actinomycetales|f__Actinomycetaceae|g__Gleimia|s__Gleimia_europaea|t__SGB17196",0,0,NA,FALSE,FALSE,FALSE,NA,"HMP1-2 taxonomy skin"
"k__Bacteria|p__Firmicutes|c__Clostridia|o__Clostridia_unclassified|f__Clostridia_unclassified|g__Clostridia_unclassified|s__Clostridia_bacterium|t__SGB4450",0,0,NA,FALSE,FALSE,FALSE,NA,"HMP1-2 taxonomy skin"
"k__Bacteria|p__Firmicutes|c__Clostridia|o__Clostridia_unclassified|f__Clostridia_unclassified|g__Clostridia_unclassified|s__Clostridia_bacterium|t__SGB13990",0,0,NA,FALSE,FALSE,FALSE,NA,"HMP1-2 taxonomy skin"
"k__Bacteria|p__Firmicutes|c__Clostridia|o__Clostridiales|f__Ruminococcaceae|g__GGB9582|s__GGB9582_SGB15002|t__SGB15002",0,0,NA,FALSE,FALSE,FALSE,NA,"HMP1-2 taxonomy skin"
"k__Bacteria|p__Firmicutes|c__Clostridia|o__Clostridiales|f__Eubacteriaceae|g__GGB28645|s__GGB28645_SGB41268|t__SGB41268",0,0,NA,FALSE,FALSE,FALSE,NA,"HMP1-2 taxonomy skin"
"k__Bacteria|p__Firmicutes|c__Tissierellia|o__Tissierellales|f__Peptoniphilaceae|g__Peptoniphilus|s__Peptoniphilus_senegalensis|t__SGB6698",0,0,NA,FALSE,FALSE,FALSE,NA,"HMP1-2 taxonomy skin"
"k__Bacteria|p__Bacteroidetes|c__Bacteroidia|o__Bacteroidales|f__Prevotellaceae|g__Prevotella|s__Prevotella_brunnea|t__SGB1503",0,0,NA,FALSE,FALSE,FALSE,NA,"HMP1-2 taxonomy skin"
"k__Bacteria|p__Proteobacteria|c__Gammaproteobacteria|o__Enterobacterales|f__Yersiniaceae|g__Serratia|s__Serratia_marcescens|t__SGB10251",0,0,NA,FALSE,FALSE,FALSE,NA,"HMP1-2 taxonomy skin"
"k__Bacteria|p__Firmicutes|c__Bacilli|o__Lactobacillales|f__Streptococcaceae|g__Streptococcus|s__Streptococcus_equi|t__SGB8214",0,0,NA,FALSE,FALSE,FALSE,NA,"HMP1-2 taxonomy skin"
"k__Bacteria|p__Firmicutes|c__Clostridia|o__Clostridiales|f__Ruminococcaceae|g__Ruminococcaceae_unclassified|s__Ruminococcaceae_bacterium|t__SGB4253",0,0,NA,FALSE,FALSE,FALSE,NA,"HMP1-2 taxonomy skin"
"k__Bacteria|p__Proteobacteria|c__Betaproteobacteria|o__Burkholderiales|f__Burkholderiaceae|g__Cupriavidus|s__Cupriavidus_basilensis|t__SGB32711",0,0,NA,FALSE,FALSE,FALSE,NA,"HMP1-2 taxonomy skin"
"k__Bacteria|p__Proteobacteria|c__Alphaproteobacteria|o__Sphingomonadales|f__Sphingomonadaceae|g__Sphingomonas|s__Sphingomonas_echinoides|t__SGB31712",0,0,NA,FALSE,FALSE,FALSE,NA,"HMP1-2 taxonomy skin"
"k__Bacteria|p__Firmicutes|c__CFGB11875|o__OFGB11875|f__FGB11875|g__GGB34476|s__GGB34476_SGB65958|t__SGB65958",0,0,NA,FALSE,FALSE,FALSE,NA,"HMP1-2 taxonomy skin"
"k__Bacteria|p__Proteobacteria|c__Gammaproteobacteria|o__Enterobacterales|f__Enterobacteriaceae|g__Kosakonia|s__Kosakonia_cowanii|t__SGB10050",0,0,NA,FALSE,FALSE,FALSE,NA,"HMP1-2 taxonomy skin"
"k__Bacteria|p__Firmicutes|c__Clostridia|o__Clostridia_unclassified|f__Clostridia_unclassified|g__Clostridia_unclassified|s__Clostridia_bacterium|t__SGB4309",0,0,NA,FALSE,FALSE,FALSE,NA,"HMP1-2 taxonomy skin"
"k__Bacteria|p__Bacteroidetes|c__Bacteroidia|o__Bacteroidales|f__Tannerellaceae|g__GGB1407|s__GGB1407_SGB1930|t__SGB1930",0,0,NA,FALSE,FALSE,FALSE,NA,"HMP1-2 taxonomy skin"
"k__Bacteria|p__Actinobacteria|c__Actinobacteria|o__Propionibacteriales|f__Propionibacteriaceae|g__Propionibacterium|s__Propionibacterium_freudenreichii|t__SGB15904",0,0,NA,FALSE,FALSE,FALSE,NA,"HMP1-2 taxonomy skin"
"k__Bacteria|p__Actinobacteria|c__Actinobacteria|o__Corynebacteriales|f__Corynebacteriaceae|g__Corynebacterium|s__Corynebacterium_glutamicum|t__SGB17021",0,0,NA,FALSE,FALSE,FALSE,NA,"HMP1-2 taxonomy skin"
"k__Bacteria|p__Actinobacteria|c__Coriobacteriia|o__Coriobacteriales|f__Atopobiaceae|g__Olsenella|s__Olsenella_profusa|t__SGB14387",0,0,NA,FALSE,FALSE,FALSE,NA,"HMP1-2 taxonomy skin"
"k__Bacteria|p__Firmicutes|c__Clostridia|o__Clostridiales|f__Ruminococcaceae|g__GGB3226|s__GGB3226_SGB4260|t__SGB4260",0,0,NA,FALSE,FALSE,FALSE,NA,"HMP1-2 taxonomy skin"
"k__Bacteria|p__Candidatus_Melainabacteria|c__Candidatus_Melainabacteria_unclassified|o__Candidatus_Gastranaerophilales|f__Candidatus_Gastranaerophilales_unclassified|g__GGB6010|s__GGB6010_SGB8637|t__SGB8637",0,0,NA,FALSE,FALSE,FALSE,NA,"HMP1-2 taxonomy skin"
"k__Bacteria|p__Firmicutes|c__Clostridia|o__Clostridia_unclassified|f__Clostridia_unclassified|g__Clostridia_unclassified|s__Clostridia_bacterium|t__SGB14948",0,0,NA,FALSE,FALSE,FALSE,NA,"HMP1-2 taxonomy skin"
"k__Bacteria|p__Firmicutes|c__Clostridia|o__Clostridiales|f__Lachnospiraceae|g__Lachnospiraceae_unclassified|s__Lachnospiraceae_unclassified_SGB26919|t__SGB26919",0,0,NA,FALSE,FALSE,FALSE,NA,"HMP1-2 taxonomy skin"
"k__Bacteria|p__Actinobacteria|c__Coriobacteriia|o__Eggerthellales|f__Eggerthellaceae|g__Eggerthellaceae_unclassified|s__Eggerthellaceae_unclassified_SGB14332|t__SGB14332",0,0,NA,FALSE,FALSE,FALSE,NA,"HMP1-2 taxonomy skin"
"k__Bacteria|p__Firmicutes|c__Bacilli|o__Lactobacillales|f__Streptococcaceae|g__Streptococcus|s__Streptococcus_suis|t__SGB29821",0,0,NA,FALSE,FALSE,FALSE,NA,"HMP1-2 taxonomy skin"
"k__Bacteria|p__Firmicutes|c__Bacilli|o__Lactobacillales|f__Streptococcaceae|g__Streptococcus|s__Streptococcus_sobrinus|t__SGB7996",0,0,NA,FALSE,FALSE,FALSE,NA,"HMP1-2 taxonomy skin"
"k__Bacteria|p__Bacteroidetes|c__Bacteroidia|o__Bacteroidales|f__Tannerellaceae|g__GGB1405|s__GGB1405_SGB1928|t__SGB1928",0,0,NA,FALSE,FALSE,FALSE,NA,"HMP1-2 taxonomy skin"
"k__Bacteria|p__Firmicutes|c__Clostridia|o__Clostridia_unclassified|f__Clostridia_unclassified|g__Clostridia_unclassified|s__Clostridia_bacterium|t__SGB14300",0,0,NA,FALSE,FALSE,FALSE,NA,"HMP1-2 taxonomy skin"
"k__Bacteria|p__Firmicutes|c__Clostridia|o__Clostridia_unclassified|f__Clostridia_unclassified|g__GGB9047|s__GGB9047_SGB13950|t__SGB13950",0,0,NA,FALSE,FALSE,FALSE,NA,"HMP1-2 taxonomy skin"
"k__Archaea|p__Candidatus_Thermoplasmatota|c__Thermoplasmata|o__Methanomassiliicoccales|f__Methanomassiliicoccales_unclassified|g__Methanomassiliicoccales_unclassified|s__Methanomassiliicoccales_archaeon|t__SGB376",0,0,NA,FALSE,FALSE,FALSE,NA,"HMP1-2 taxonomy skin"
"k__Bacteria|p__Firmicutes|c__CFGB1289|o__OFGB1289|f__FGB1289|g__GGB3106|s__GGB3106_SGB4115|t__SGB4115",0,0,NA,FALSE,FALSE,FALSE,NA,"HMP1-2 taxonomy skin"
"k__Bacteria|p__Firmicutes|c__Clostridia|o__Clostridia_unclassified|f__Clostridia_unclassified|g__Clostridia_unclassified|s__Clostridia_bacterium|t__SGB14232",0,0,NA,FALSE,FALSE,FALSE,NA,"HMP1-2 taxonomy skin"
"k__Bacteria|p__Firmicutes|c__Clostridia|o__Clostridiales|f__Ruminococcaceae|g__GGB9727|s__GGB9727_SGB15285|t__SGB15285",0,0,NA,FALSE,FALSE,FALSE,NA,"HMP1-2 taxonomy skin"
"k__Bacteria|p__Firmicutes|c__Clostridia|o__Clostridiales|f__Ruminococcaceae|g__Ruminococcaceae_unclassified|s__Ruminococcaceae_bacterium|t__SGB15352",0,0,NA,FALSE,FALSE,FALSE,NA,"HMP1-2 taxonomy skin"
"k__Bacteria|p__Firmicutes|c__Clostridia|o__Clostridia_unclassified|f__Clostridia_unclassified|g__Clostridia_unclassified|s__Clostridia_bacterium|t__SGB14211",0,0,NA,FALSE,FALSE,FALSE,NA,"HMP1-2 taxonomy skin"
"k__Bacteria|p__Firmicutes|c__Clostridia|o__Clostridia_unclassified|f__Clostridia_unclassified|g__GGB9528|s__GGB9528_SGB14928|t__SGB14928",0,0,NA,FALSE,FALSE,FALSE,NA,"HMP1-2 taxonomy skin"
"k__Archaea|p__Euryarchaeota|c__Methanobacteria|o__Methanobacteriales|f__Methanobacteriaceae|g__Methanosphaera|s__Methanosphaera_cuniculi|t__SGB696",0,0,NA,FALSE,FALSE,FALSE,NA,"HMP1-2 taxonomy skin"
"k__Bacteria|p__Firmicutes|c__Clostridia|o__Clostridia_unclassified|f__Clostridia_unclassified|g__Clostridia_unclassified|s__Clostridia_bacterium|t__SGB15038",0,0,NA,FALSE,FALSE,FALSE,NA,"HMP1-2 taxonomy skin"
"k__Bacteria|p__Actinobacteria|c__Coriobacteriia|o__Eggerthellales|f__Eggerthellaceae|g__Eggerthellaceae_unclassified|s__Eggerthellaceae_bacterium|t__SGB14794",0,0,NA,FALSE,FALSE,FALSE,NA,"HMP1-2 taxonomy skin"
"k__Bacteria|p__Firmicutes|c__Clostridia|o__Clostridiales|f__Ruminococcaceae|g__GGB9628|s__GGB9628_SGB15082|t__SGB15082",0,0,NA,FALSE,FALSE,FALSE,NA,"HMP1-2 taxonomy skin"
"k__Bacteria|p__Firmicutes|c__Clostridia|o__Clostridia_unclassified|f__Clostridia_unclassified|g__Clostridia_unclassified|s__Clostridia_bacterium|t__SGB53511",0,0,NA,FALSE,FALSE,FALSE,NA,"HMP1-2 taxonomy skin"
"k__Bacteria|p__Firmicutes|c__Clostridia|o__Clostridia_unclassified|f__Clostridia_unclassified|g__Clostridia_unclassified|s__Clostridia_bacterium|t__SGB50367",0,0,NA,FALSE,FALSE,FALSE,NA,"HMP1-2 taxonomy skin"
"k__Bacteria|p__Proteobacteria|c__Gammaproteobacteria|o__Enterobacterales|f__Morganellaceae|g__Morganella|s__Morganella_morganii|t__SGB10028",1,0.003125,0.00173669947899016,FALSE,TRUE,FALSE,NA,"HMP1-2 taxonomy skin"
"k__Bacteria|p__Actinobacteria|c__Actinobacteria|o__Micrococcales|f__Microbacteriaceae|g__GGB33356|s__GGB33356_SGB54315|t__SGB54315",0,0,NA,FALSE,FALSE,FALSE,NA,"HMP1-2 taxonomy skin"
